{
  "temperatures": [
    {
      "temperature": 0.25,
      "matched_ids": 420,
      "accuracy": 0.9476190476190476,
      "precision_weighted": 0.9496989494486391,
      "recall_weighted": 0.9476190476190476,
      "f1_weighted": 0.9466916795617429
    },
    {
      "temperature": 0.5,
      "matched_ids": 420,
      "accuracy": 0.9404761904761905,
      "precision_weighted": 0.9409391689534782,
      "recall_weighted": 0.9404761904761905,
      "f1_weighted": 0.9401051815697552
    },
    {
      "temperature": 1.0,
      "matched_ids": 414,
      "accuracy": 0.9468599033816425,
      "precision_weighted": 0.9512275406325352,
      "recall_weighted": 0.9468599033816425,
      "f1_weighted": 0.9467319557184433
    }
  ]
}