temperature,matched_ids,accuracy,precision_weighted,recall_weighted,f1_weighted
0.25,419,0.9713603818615751,0.9713697199908868,0.9713603818615751,0.9711885646525382
0.5,420,0.9761904761904762,0.9768449493004748,0.9761904761904762,0.9761982765058559
1.0,420,0.9642857142857143,0.9650794860857754,0.9642857142857143,0.964341056066178
