{
  "temperatures": [
    {
      "temperature": 0.25,
      "matched_ids": 419,
      "accuracy": 0.9713603818615751,
      "precision_weighted": 0.9713697199908868,
      "recall_weighted": 0.9713603818615751,
      "f1_weighted": 0.9711885646525382
    },
    {
      "temperature": 0.5,
      "matched_ids": 420,
      "accuracy": 0.9761904761904762,
      "precision_weighted": 0.9768449493004748,
      "recall_weighted": 0.9761904761904762,
      "f1_weighted": 0.9761982765058559
    },
    {
      "temperature": 1.0,
      "matched_ids": 420,
      "accuracy": 0.9642857142857143,
      "precision_weighted": 0.9650794860857754,
      "recall_weighted": 0.9642857142857143,
      "f1_weighted": 0.964341056066178
    }
  ]
}