temperature,matched_ids,accuracy,precision_weighted,recall_weighted,f1_weighted
0.25,420,0.9476190476190476,0.9496989494486391,0.9476190476190476,0.9466916795617429
0.5,420,0.9404761904761905,0.9409391689534782,0.9404761904761905,0.9401051815697552
1.0,414,0.9468599033816425,0.9512275406325352,0.9468599033816425,0.9467319557184433
