id,question,direction
2830,"They are driving south-east along the middle of the south-west side of a park; in which direction is the bandstand, located in the centre of the park?",north-east
5324,"I am riding north-east along the south-east shore of an island and then turn around to head back in the direction I came from, in which direction is the sea?",south-east
2347,"They are driving south along the middle of the east side of a park; in which direction is the bandstand, located in the centre of the park?",west
5640,"We are jogging south-west along the north-west shore of an island and then turn around to head back in the direction we came from, in which direction is the sea?",north-west
2611,"He is perambulating north along the middle of the east side of a park; in which direction is the bandstand, located in the centre of the park?",west
1418,"They are hiking south-east along the north-east shore of a lake and then turn around to head back in the direction they came from, in which direction is the lake?",south-west
1354,"We are racing south-east along the north-east shore of a lake and then turn around to head back in the direction we came from, in which direction is the lake?",south-west
2969,You are walking east along the north side of a road which runs east to west. In which direction is the road?,south
4500,He is cycling north-east along the south-east shore of the island. In which direction is the sea?,south-east
2822,"They are cycling south-east along the middle of the south-west side of a park; in which direction is the bandstand, located in the centre of the park?",north-east
2950,I am unicycling north-west along the south-west side of a road which runs north-west to south-east. In which direction is the road?,north-east
865,We are unicycling west along the north shore of the lake. In which direction is the lake?,south
1991,"I am unicycling north along the middle of the west side of a park; in which direction is the bandstand, located in the centre of the park?",east
4918,"You are jogging north-west along the south-west shore of an island and then turn around to head back in the direction you came from, in which direction is the sea?",south-west
5740,"They are hiking north-east along the south-east shore of an island and then turn around to head back in the direction they came from, in which direction is the sea?",south-east
2775,"We are perambulating south along the middle of the west side of a park; in which direction is the bandstand, located in the centre of the park?",east
5210,"They are walking south-east along the north-east shore of an island and then turn around to head back in the direction they came from, in which direction is the sea?",north-east
695,He is perambulating south along the west shore of the lake. In which direction is the lake?,east
5591,"She is unicycling south along the west shore of an island and then turns around to head back in the direction she came from, in which direction is the sea?",west
5230,"They are driving north-west along the south-west shore of an island and then turn around to head back in the direction they came from, in which direction is the sea?",south-west
2931,I am perambulating south along the east side of a road which runs south to north. In which direction is the road?,west
1403,"They are riding south along the east shore of a lake and then turn around to head back in the direction they came from, in which direction is the lake?",west
1758,"She is racing south-east along the south-west shore of a lake and then turns around to head back in the direction she came from, in which direction is the lake?",north-east
1708,"She is driving north-east along the south-east shore of a lake and then turns around to head back in the direction she came from, in which direction is the lake?",north-west
4457,You are hiking west along the north shore of the island. In which direction is the sea?,north
2191,"She is driving north along the middle of the west side of a park; in which direction is the bandstand, located in the centre of the park?",east
874,We are racing north-west along the north-east shore of the lake. In which direction is the lake?,south-west
5044,"She is running south-west along the south-east shore of an island and then turns around to head back in the direction she came from, in which direction is the sea?",south-east
2345,"They are driving east along the middle of the north side of a park; in which direction is the bandstand, located in the centre of the park?",south
1642,"He is riding north-west along the north-east shore of a lake and then turns around to head back in the direction he came from, in which direction is the lake?",south-west
2713,"She is racing west along the middle of the north side of a park; in which direction is the bandstand, located in the centre of the park?",south
4176,We are walking north-east along the north-west shore of the island. In which direction is the sea?,north-west
2641,"She is running west along the middle of the north side of a park; in which direction is the bandstand, located in the centre of the park?",south
4458,You are hiking north-west along the north-east shore of the island. In which direction is the sea?,north-east
4569,She is walking west along the north shore of the island. In which direction is the sea?,north
2790,"We are unicycling south-east along the middle of the south-west side of a park; in which direction is the bandstand, located in the centre of the park?",north-east
1936,"I am walking north-east along the middle of the north-west side of a park; in which direction is the bandstand, located in the centre of the park?",south-east
1754,"She is racing north-west along the north-east shore of a lake and then turns around to head back in the direction she came from, in which direction is the lake?",south-west
1303,"We are cycling north along the west shore of a lake and then turn around to head back in the direction we came from, in which direction is the lake?",east
548,I am unicycling north-east along the south-east shore of the lake. In which direction is the lake?,north-west
1530,"You are walking north-west along the north-east shore of a lake and then turn around to head back in the direction you came from, in which direction is the lake?",south-west
4751,They are driving south along the west shore of the island. In which direction is the sea?,west
5727,"They are riding south along the west shore of an island and then turn around to head back in the direction they came from, in which direction is the sea?",west
4907,"You are driving south along the east shore of an island and then turn around to head back in the direction you came from, in which direction is the sea?",east
1574,"You are perambulating south-east along the south-west shore of a lake and then turn around to head back in the direction you came from, in which direction is the lake?",north-east
4383,I am hiking south along the west shore of the island. In which direction is the sea?,west
3247,We are riding north along the west side of a road which runs north to south. In which direction is the road?,east
2958,I am racing north-west along the south-west side of a road which runs north-west to south-east. In which direction is the road?,north-east
4079,He is racing north along the west shore of the island. In which direction is the sea?,west
4302,They are hiking north-west along the south-west shore of the island. In which direction is the sea?,south-west
53,I am perambulating west along the south shore of the lake. In which direction is the lake?,north
5345,"I am unicycling west along the north shore of an island and then turn around to head back in the direction I came from, in which direction is the sea?",north
4466,You are unicycling north-west along the north-east shore of the island. In which direction is the sea?,north-east
1595,"You are racing north along the east shore of a lake and then turn around to head back in the direction you came from, in which direction is the lake?",west
1201,"She is running east along the north shore of a lake and then turns around to head back in the direction she came from, in which direction is the lake?",south
1149,"He is driving west along the south shore of a lake and then turns around to head back in the direction he came from, in which direction is the lake?",north
3760,We are racing south-west along the north-west side of a road which runs south-west to north-east. In which direction is the road?,south-east
5009,"He is perambulating east along the north shore of an island and then turns around to head back in the direction he came from, in which direction is the sea?",north
3727,We are riding south along the west side of a road which runs south to north. In which direction is the road?,east
945,They are unicycling west along the north shore of the lake. In which direction is the lake?,south
2141,"He is hiking west along the middle of the south side of a park; in which direction is the bandstand, located in the centre of the park?",north
2540,"You are hiking north-east along the middle of the south-east side of a park; in which direction is the bandstand, located in the centre of the park?",north-west
5281,"I am running west along the north shore of an island and then turn around to head back in the direction I came from, in which direction is the sea?",north
4340,I am cycling north-east along the south-east shore of the island. In which direction is the sea?,south-east
1791,"We are driving south along the west shore of a lake and then turn around to head back in the direction we came from, in which direction is the lake?",east
5234,"They are jogging south-east along the north-east shore of an island and then turn around to head back in the direction they came from, in which direction is the sea?",north-east
5529,"She is walking west along the north shore of an island and then turns around to head back in the direction she came from, in which direction is the sea?",north
5707,"They are driving north along the east shore of an island and then turn around to head back in the direction they came from, in which direction is the sea?",east
630,You are unicycling south-east along the south-west shore of the lake. In which direction is the lake?,north-east
4513,He is jogging west along the north shore of the island. In which direction is the sea?,north
5249,"They are perambulating east along the north shore of an island and then turn around to head back in the direction they came from, in which direction is the sea?",north
4983,"He is cycling north along the west shore of an island and then turns around to head back in the direction he came from, in which direction is the sea?",west
1174,"He is perambulating north-west along the south-west shore of a lake and then turns around to head back in the direction he came from, in which direction is the lake?",north-east
725,She is running east along the south shore of the lake. In which direction is the lake?,north
3662,She is hiking south-east along the south-west side of a road which runs south-east to north-west. In which direction is the road?,north-east
4062,He is hiking north-west along the south-west shore of the island. In which direction is the sea?,south-west
4574,She is walking south-east along the south-west shore of the island. In which direction is the sea?,south-west
2163,"She is running south along the middle of the east side of a park; in which direction is the bandstand, located in the centre of the park?",west
3577,He is hiking west along the north side of a road which runs west to east. In which direction is the road?,south
335,We are walking north along the west shore of the lake. In which direction is the lake?,east
4608,She is riding south-west along the north-west shore of the island. In which direction is the sea?,north-west
3016,You are perambulating north-east along the north-west side of a road which runs north-east to south-west. In which direction is the road?,south-east
3612,She is walking north-east along the south-east side of a road which runs north-east to south-west. In which direction is the road?,north-west
800,She is racing south-west along the north-west shore of the lake. In which direction is the lake?,south-east
3338,They are hiking south-east along the north-east side of a road which runs south-east to north-west. In which direction is the road?,south-west
1721,"She is riding west along the north shore of a lake and then turns around to head back in the direction she came from, in which direction is the lake?",south
1375,"They are walking north along the west shore of a lake and then turn around to head back in the direction they came from, in which direction is the lake?",east
1338,"We are hiking south-east along the north-east shore of a lake and then turn around to head back in the direction we came from, in which direction is the lake?",south-west
3555,He is jogging north along the east side of a road which runs north to south. In which direction is the road?,west
3915,I am racing south along the east shore of the island. In which direction is the sea?,east
2007,"You are running north along the middle of the west side of a park; in which direction is the bandstand, located in the centre of the park?",east
3292,They are walking south-west along the south-east side of a road which runs south-west to north-east. In which direction is the road?,north-west
2936,I am perambulating north-east along the north-west side of a road which runs north-east to south-west. In which direction is the road?,south-east
1526,"You are running south-east along the south-west shore of a lake and then turn around to head back in the direction you came from, in which direction is the lake?",north-east
3391,I am driving south along the west side of a road which runs south to north. In which direction is the road?,east
1648,"He is riding south-west along the north-west shore of a lake and then turns around to head back in the direction he came from, in which direction is the lake?",south-east
2442,"I am riding north-west along the middle of the north-east side of a park; in which direction is the bandstand, located in the centre of the park?",south-west
395,We are racing south along the east shore of the lake. In which direction is the lake?,west
3590,He is unicycling south-east along the south-west side of a road which runs south-east to north-west. In which direction is the road?,north-east
1556,"You are jogging north-east along the south-east shore of a lake and then turn around to head back in the direction you came from, in which direction is the lake?",north-west
1053,"You are walking west along the south shore of a lake and then turn around to head back in the direction you came from, in which direction is the lake?",north
5322,"I am riding north-west along the north-east shore of an island and then turn around to head back in the direction I came from, in which direction is the sea?",north-east
5045,"She is running west along the south shore of an island and then turns around to head back in the direction she came from, in which direction is the sea?",south
2214,"She is perambulating north-west along the middle of the south-west side of a park; in which direction is the bandstand, located in the centre of the park?",north-east
1900,"They are hiking north-east along the south-east shore of a lake and then turn around to head back in the direction they came from, in which direction is the lake?",north-west
816,We are walking south-west along the north-west shore of the lake. In which direction is the lake?,south-east
861,We are hiking east along the south shore of the lake. In which direction is the lake?,north
2429,"I am driving east along the middle of the south side of a park; in which direction is the bandstand, located in the centre of the park?",north
1379,"They are cycling south along the east shore of a lake and then turn around to head back in the direction they came from, in which direction is the lake?",west
4440,You are jogging south-west along the north-west shore of the island. In which direction is the sea?,north-west
4835,"I am jogging south along the east shore of an island and then turn around to head back in the direction I came from, in which direction is the sea?",east
4101,She is cycling west along the south shore of the island. In which direction is the sea?,south
4778,They are hiking north-west along the north-east shore of the island. In which direction is the sea?,north-east
4645,We are running east along the south shore of the island. In which direction is the sea?,south
4886,"You are running north-west along the south-west shore of an island and then turn around to head back in the direction you came from, in which direction is the sea?",south-west
510,I am driving south-east along the south-west shore of the lake. In which direction is the lake?,north-east
4764,They are riding north-east along the south-east shore of the island. In which direction is the sea?,south-east
614,You are perambulating south-east along the south-west shore of the lake. In which direction is the lake?,north-east
678,He is jogging south-east along the south-west shore of the lake. In which direction is the lake?,north-east
603,You are riding north along the east shore of the lake. In which direction is the lake?,west
4098,She is cycling south-east along the north-east shore of the island. In which direction is the sea?,north-east
3059,He is cycling south along the east side of a road which runs south to north. In which direction is the road?,west
2801,"They are running west along the middle of the north side of a park; in which direction is the bandstand, located in the centre of the park?",south
2565,"He is running east along the middle of the south side of a park; in which direction is the bandstand, located in the centre of the park?",north
1245,"She is riding west along the south shore of a lake and then turns around to head back in the direction she came from, in which direction is the lake?",north
902,They are cycling south-east along the south-west shore of the lake. In which direction is the lake?,north-east
1118,"You are racing north-west along the south-west shore of a lake and then turn around to head back in the direction you came from, in which direction is the lake?",north-east
4888,"You are running north-east along the north-west shore of an island and then turn around to head back in the direction you came from, in which direction is the sea?",north-west
1185,"He is unicycling east along the north shore of a lake and then turns around to head back in the direction he came from, in which direction is the lake?",south
694,He is perambulating south-east along the south-west shore of the lake. In which direction is the lake?,north-east
759,She is jogging south along the west shore of the lake. In which direction is the lake?,east
2472,"I am unicycling south-west along the middle of the north-west side of a park; in which direction is the bandstand, located in the centre of the park?",south-east
4578,She is cycling north-west along the north-east shore of the island. In which direction is the sea?,north-east
2644,"She is running north-east along the middle of the south-east side of a park; in which direction is the bandstand, located in the centre of the park?",north-west
4141,She is hiking west along the south shore of the island. In which direction is the sea?,south
2220,"She is hiking south-west along the middle of the south-east side of a park; in which direction is the bandstand, located in the centre of the park?",north-west
3313,They are jogging east along the north side of a road which runs east to west. In which direction is the road?,south
381,We are hiking west along the south shore of the lake. In which direction is the lake?,north
242,She is running south-east along the north-east shore of the lake. In which direction is the lake?,south-west
1509,"I am unicycling east along the south shore of a lake and then turn around to head back in the direction I came from, in which direction is the lake?",north
466,They are unicycling south-east along the north-east shore of the lake. In which direction is the lake?,south-west
728,She is running south-west along the north-west shore of the lake. In which direction is the lake?,south-east
348,We are driving south-west along the south-east shore of the lake. In which direction is the lake?,north-west
2115,"He is jogging south along the middle of the east side of a park; in which direction is the bandstand, located in the centre of the park?",west
5122,"We are running south-east along the north-east shore of an island and then turn around to head back in the direction we came from, in which direction is the sea?",north-east
2869,"They are unicycling east along the middle of the south side of a park; in which direction is the bandstand, located in the centre of the park?",north
2847,"They are riding south along the middle of the west side of a park; in which direction is the bandstand, located in the centre of the park?",east
2756,"We are jogging north-east along the middle of the south-east side of a park; in which direction is the bandstand, located in the centre of the park?",north-west
3189,She is unicycling west along the south side of a road which runs west to east. In which direction is the road?,north
4003,He is running south along the east shore of the island. In which direction is the sea?,east
1304,"We are cycling north-east along the north-west shore of a lake and then turn around to head back in the direction we came from, in which direction is the lake?",south-east
1647,"He is riding south along the west shore of a lake and then turns around to head back in the direction he came from, in which direction is the lake?",east
3814,They are perambulating south-east along the south-west side of a road which runs south-east to north-west. In which direction is the road?,north-east
754,She is jogging north-west along the north-east shore of the lake. In which direction is the lake?,south-west
5617,"We are cycling west along the north shore of an island and then turn around to head back in the direction we came from, in which direction is the sea?",north
2965,You are running west along the south side of a road which runs west to east. In which direction is the road?,north
3184,She is hiking north-east along the north-west side of a road which runs north-east to south-west. In which direction is the road?,south-east
4627,She is unicycling north along the east shore of the island. In which direction is the sea?,east
3833,They are racing west along the north side of a road which runs west to east. In which direction is the road?,south
452,They are perambulating south-west along the south-east shore of the lake. In which direction is the lake?,north-west
764,She is riding north-east along the south-east shore of the lake. In which direction is the lake?,north-west
1310,"We are driving north-west along the south-west shore of a lake and then turn around to head back in the direction we came from, in which direction is the lake?",north-east
2248,"We are running north-east along the middle of the north-west side of a park; in which direction is the bandstand, located in the centre of the park?",south-east
2280,"We are jogging north-east along the middle of the north-west side of a park; in which direction is the bandstand, located in the centre of the park?",south-east
4147,She is unicycling south along the east shore of the island. In which direction is the sea?,east
4356,I am jogging north-east along the south-east shore of the island. In which direction is the sea?,south-east
4979,"He is cycling south along the east shore of an island and then turns around to head back in the direction he came from, in which direction is the sea?",east
4617,She is hiking west along the north shore of the island. In which direction is the sea?,north
2812,"They are walking north-east along the middle of the south-east side of a park; in which direction is the bandstand, located in the centre of the park?",north-west
5413,"You are perambulating east along the south shore of an island and then turn around to head back in the direction you came from, in which direction is the sea?",south
2305,"We are unicycling east along the middle of the north side of a park; in which direction is the bandstand, located in the centre of the park?",south
4681,We are riding west along the north shore of the island. In which direction is the sea?,north
3840,They are racing south-west along the north-west side of a road which runs south-west to north-east. In which direction is the road?,south-east
367,We are riding north along the west shore of the lake. In which direction is the lake?,east
527,I am riding south along the west shore of the lake. In which direction is the lake?,east
5186,"We are unicycling south-east along the north-east shore of an island and then turn around to head back in the direction we came from, in which direction is the sea?",north-east
1298,"We are cycling south-east along the north-east shore of a lake and then turn around to head back in the direction we came from, in which direction is the lake?",south-west
5477,"He is jogging east along the south shore of an island and then turns around to head back in the direction he came from, in which direction is the sea?",south
2688,"She is riding south-west along the middle of the north-west side of a park; in which direction is the bandstand, located in the centre of the park?",south-east
311,She is unicycling north along the west shore of the lake. In which direction is the lake?,east
434,They are jogging south-east along the north-east shore of the lake. In which direction is the lake?,south-west
5527,"She is running south along the west shore of an island and then turns around to head back in the direction she came from, in which direction is the sea?",west
882,They are running north-west along the north-east shore of the lake. In which direction is the lake?,south-west
5627,"We are driving north along the east shore of an island and then turn around to head back in the direction we came from, in which direction is the sea?",east
4316,They are racing south-west along the south-east shore of the island. In which direction is the sea?,south-east
2448,"I am riding south-west along the middle of the north-west side of a park; in which direction is the bandstand, located in the centre of the park?",south-east
5020,"He is hiking south-west along the south-east shore of an island and then turns around to head back in the direction he came from, in which direction is the sea?",south-east
2292,"We are perambulating south-west along the middle of the south-east side of a park; in which direction is the bandstand, located in the centre of the park?",north-west
2304,"We are hiking north-east along the middle of the north-west side of a park; in which direction is the bandstand, located in the centre of the park?",south-east
3759,We are racing south along the west side of a road which runs south to north. In which direction is the road?,east
3322,They are riding south-east along the north-east side of a road which runs south-east to north-west. In which direction is the road?,south-west
3407,I am riding south along the west side of a road which runs south to north. In which direction is the road?,east
4082,She is running south-east along the north-east shore of the island. In which direction is the sea?,north-east
2836,"They are jogging north-east along the middle of the south-east side of a park; in which direction is the bandstand, located in the centre of the park?",north-west
1452,"I am walking north-east along the south-east shore of a lake and then turn around to head back in the direction I came from, in which direction is the lake?",north-west
2427,"I am driving north along the middle of the east side of a park; in which direction is the bandstand, located in the centre of the park?",west
3643,She is riding north along the east side of a road which runs north to south. In which direction is the road?,west
2185,"She is driving east along the middle of the north side of a park; in which direction is the bandstand, located in the centre of the park?",south
4399,I am racing south along the west shore of the island. In which direction is the sea?,west
4687,We are riding south along the west shore of the island. In which direction is the sea?,west
1725,"She is riding east along the south shore of a lake and then turns around to head back in the direction she came from, in which direction is the lake?",north
3379,I am cycling north along the east side of a road which runs north to south. In which direction is the road?,west
5182,"We are hiking north-west along the south-west shore of an island and then turn around to head back in the direction we came from, in which direction is the sea?",south-west
2047,"You are riding north along the middle of the west side of a park; in which direction is the bandstand, located in the centre of the park?",east
4331,I am walking north along the east shore of the island. In which direction is the sea?,east
1063,"You are cycling north along the west shore of a lake and then turn around to head back in the direction you came from, in which direction is the lake?",east
644,He is running north-east along the south-east shore of the lake. In which direction is the lake?,north-west
2458,"I am hiking north-west along the middle of the north-east side of a park; in which direction is the bandstand, located in the centre of the park?",south-west
2383,"They are hiking north along the middle of the west side of a park; in which direction is the bandstand, located in the centre of the park?",east
786,She is unicycling north-west along the north-east shore of the lake. In which direction is the lake?,south-west
2010,"You are walking south-east along the middle of the north-east side of a park; in which direction is the bandstand, located in the centre of the park?",south-west
2499,"You are cycling north along the middle of the east side of a park; in which direction is the bandstand, located in the centre of the park?",west
1365,"They are running west along the south shore of a lake and then turn around to head back in the direction they came from, in which direction is the lake?",north
338,We are cycling south-east along the north-east shore of the lake. In which direction is the lake?,south-west
649,He is walking west along the north shore of the lake. In which direction is the lake?,south
1672,"He is unicycling south-west along the north-west shore of a lake and then turns around to head back in the direction he came from, in which direction is the lake?",south-east
1075,"You are jogging south along the east shore of a lake and then turn around to head back in the direction you came from, in which direction is the lake?",west
2153,"He is racing east along the middle of the north side of a park; in which direction is the bandstand, located in the centre of the park?",south
2496,"You are walking south-west along the middle of the north-west side of a park; in which direction is the bandstand, located in the centre of the park?",south-east
2073,"You are racing east along the middle of the north side of a park; in which direction is the bandstand, located in the centre of the park?",south
4394,I am racing north-west along the north-east shore of the island. In which direction is the sea?,north-east
3168,She is riding north-east along the north-west side of a road which runs north-east to south-west. In which direction is the road?,south-east
285,She is riding west along the south shore of the lake. In which direction is the lake?,north
3390,I am driving south-east along the south-west side of a road which runs south-east to north-west. In which direction is the road?,north-east
950,They are unicycling south-east along the south-west shore of the lake. In which direction is the lake?,north-east
4497,He is cycling west along the north shore of the island. In which direction is the sea?,north
3410,I am perambulating north-west along the north-east side of a road which runs north-west to south-east. In which direction is the road?,south-west
246,She is running north-west along the south-west shore of the lake. In which direction is the lake?,north-east
3187,She is unicycling south along the east side of a road which runs south to north. In which direction is the road?,west
4730,They are walking north-west along the north-east shore of the island. In which direction is the sea?,north-east
2391,"They are unicycling north along the middle of the west side of a park; in which direction is the bandstand, located in the centre of the park?",east
626,You are unicycling north-west along the north-east shore of the lake. In which direction is the lake?,south-west
2420,"I am cycling north-east along the middle of the south-east side of a park; in which direction is the bandstand, located in the centre of the park?",north-west
353,We are jogging east along the north shore of the lake. In which direction is the lake?,south
4243,They are running south along the east shore of the island. In which direction is the sea?,east
979,"I am cycling south along the east shore of a lake and then turn around to head back in the direction I came from, in which direction is the lake?",west
3090,He is perambulating south-east along the north-east side of a road which runs south-east to north-west. In which direction is the road?,south-west
1479,"I am jogging south along the west shore of a lake and then turn around to head back in the direction I came from, in which direction is the lake?",east
1176,"He is perambulating north-east along the north-west shore of a lake and then turns around to head back in the direction he came from, in which direction is the lake?",south-east
5235,"They are jogging south along the east shore of an island and then turn around to head back in the direction they came from, in which direction is the sea?",east
5441,"He is running west along the north shore of an island and then turns around to head back in the direction he came from, in which direction is the sea?",north
724,She is running north-east along the south-east shore of the lake. In which direction is the lake?,north-west
3144,She is cycling north-east along the north-west side of a road which runs north-east to south-west. In which direction is the road?,south-east
1550,"You are driving south-east along the south-west shore of a lake and then turn around to head back in the direction you came from, in which direction is the lake?",north-east
2312,"We are unicycling north-east along the middle of the north-west side of a park; in which direction is the bandstand, located in the centre of the park?",south-east
4532,He is perambulating north-east along the south-east shore of the island. In which direction is the sea?,south-east
5532,"She is walking north-east along the south-east shore of an island and then turns around to head back in the direction she came from, in which direction is the sea?",south-east
1208,"She is running north-east along the north-west shore of a lake and then turns around to head back in the direction she came from, in which direction is the lake?",south-east
4478,You are racing south-east along the south-west shore of the island. In which direction is the sea?,south-west
4606,She is riding south-east along the south-west shore of the island. In which direction is the sea?,south-west
122,You are riding south-east along the north-east shore of the lake. In which direction is the lake?,south-west
2308,"We are unicycling south-west along the middle of the south-east side of a park; in which direction is the bandstand, located in the centre of the park?",north-west
292,She is perambulating south-west along the south-east shore of the lake. In which direction is the lake?,north-west
1114,"You are racing south-east along the north-east shore of a lake and then turn around to head back in the direction you came from, in which direction is the lake?",south-west
2517,"You are jogging east along the middle of the south side of a park; in which direction is the bandstand, located in the centre of the park?",north
988,"I am driving south-west along the south-east shore of a lake and then turn around to head back in the direction I came from, in which direction is the lake?",north-west
1031,"I am unicycling north along the west shore of a lake and then turn around to head back in the direction I came from, in which direction is the lake?",east
5706,"They are driving north-west along the north-east shore of an island and then turn around to head back in the direction they came from, in which direction is the sea?",north-east
3947,You are driving south along the east shore of the island. In which direction is the sea?,east
4856,"I am perambulating north-east along the north-west shore of an island and then turn around to head back in the direction I came from, in which direction is the sea?",north-west
3831,They are unicycling south along the west side of a road which runs south to north. In which direction is the road?,east
2475,"I am racing north along the middle of the east side of a park; in which direction is the bandstand, located in the centre of the park?",west
3251,We are perambulating south along the east side of a road which runs south to north. In which direction is the road?,west
3320,They are jogging north-east along the north-west side of a road which runs north-east to south-west. In which direction is the road?,south-east
2046,"You are riding north-west along the middle of the south-west side of a park; in which direction is the bandstand, located in the centre of the park?",north-east
1639,"He is jogging south along the west shore of a lake and then turns around to head back in the direction he came from, in which direction is the lake?",east
3926,You are running north-west along the south-west shore of the island. In which direction is the sea?,south-west
2503,"You are cycling south along the middle of the west side of a park; in which direction is the bandstand, located in the centre of the park?",east
3648,She is riding south-west along the north-west side of a road which runs south-west to north-east. In which direction is the road?,south-east
287,She is riding north along the west shore of the lake. In which direction is the lake?,east
271,She is driving north along the west shore of the lake. In which direction is the lake?,east
3691,We are walking north along the east side of a road which runs north to south. In which direction is the road?,west
2060,"You are hiking south-west along the middle of the south-east side of a park; in which direction is the bandstand, located in the centre of the park?",north-west
1516,"I am racing north-east along the south-east shore of a lake and then turn around to head back in the direction I came from, in which direction is the lake?",north-west
5029,"He is unicycling west along the south shore of an island and then turns around to head back in the direction he came from, in which direction is the sea?",south
475,They are racing south along the east shore of the lake. In which direction is the lake?,west
1029,"I am unicycling west along the south shore of a lake and then turn around to head back in the direction I came from, in which direction is the lake?",north
5065,"She is driving east along the north shore of an island and then turns around to head back in the direction she came from, in which direction is the sea?",north
4798,They are racing south-east along the south-west shore of the island. In which direction is the sea?,south-west
2165,"She is running west along the middle of the south side of a park; in which direction is the bandstand, located in the centre of the park?",north
4387,I am unicycling north along the east shore of the island. In which direction is the sea?,east
4715,We are racing north along the east shore of the island. In which direction is the sea?,east
5657,"We are hiking west along the north shore of an island and then turn around to head back in the direction we came from, in which direction is the sea?",north
3099,He is hiking south along the east side of a road which runs south to north. In which direction is the road?,west
2594,"He is jogging north-west along the middle of the north-east side of a park; in which direction is the bandstand, located in the centre of the park?",south-west
5492,"He is perambulating north-east along the south-east shore of an island and then turns around to head back in the direction he came from, in which direction is the sea?",south-east
3357,They are racing west along the south side of a road which runs west to east. In which direction is the road?,north
5146,"We are driving south-east along the north-east shore of an island and then turn around to head back in the direction we came from, in which direction is the sea?",north-east
3361,I am running west along the north side of a road which runs west to east. In which direction is the road?,south
5682,"They are running north-west along the north-east shore of an island and then turn around to head back in the direction they came from, in which direction is the sea?",north-east
2686,"She is riding south-east along the middle of the south-west side of a park; in which direction is the bandstand, located in the centre of the park?",north-east
390,We are unicycling north-west along the south-west shore of the lake. In which direction is the lake?,north-east
773,She is perambulating east along the south shore of the lake. In which direction is the lake?,north
3994,You are racing south-east along the north-east shore of the island. In which direction is the sea?,north-east
5522,"She is running north-west along the north-east shore of an island and then turns around to head back in the direction she came from, in which direction is the sea?",north-east
1250,"She is perambulating south-east along the north-east shore of a lake and then turns around to head back in the direction she came from, in which direction is the lake?",south-west
3713,We are jogging west along the north side of a road which runs west to east. In which direction is the road?,south
211,He is perambulating south along the east shore of the lake. In which direction is the lake?,west
3962,You are riding south-east along the north-east shore of the island. In which direction is the sea?,north-east
5067,"She is driving south along the east shore of an island and then turns around to head back in the direction she came from, in which direction is the sea?",east
3150,She is driving north-west along the south-west side of a road which runs north-west to south-east. In which direction is the road?,north-east
129,You are perambulating east along the north shore of the lake. In which direction is the lake?,south
3781,They are cycling east along the south side of a road which runs east to west. In which direction is the road?,north
103,You are cycling north along the west shore of the lake. In which direction is the lake?,east
1653,"He is perambulating east along the south shore of a lake and then turns around to head back in the direction he came from, in which direction is the lake?",north
3685,We are running east along the south side of a road which runs east to west. In which direction is the road?,north
155,You are racing south along the east shore of the lake. In which direction is the lake?,west
1995,"I am racing south along the middle of the east side of a park; in which direction is the bandstand, located in the centre of the park?",west
1845,"They are running east along the south shore of a lake and then turn around to head back in the direction they came from, in which direction is the lake?",north
4765,They are riding east along the south shore of the island. In which direction is the sea?,south
1082,"You are riding south-east along the north-east shore of a lake and then turn around to head back in the direction you came from, in which direction is the lake?",south-west
1548,"You are driving north-east along the south-east shore of a lake and then turn around to head back in the direction you came from, in which direction is the lake?",north-west
1241,"She is riding east along the north shore of a lake and then turns around to head back in the direction she came from, in which direction is the lake?",south
5637,"We are jogging east along the south shore of an island and then turn around to head back in the direction we came from, in which direction is the sea?",south
4632,She is unicycling south-west along the north-west shore of the island. In which direction is the sea?,north-west
2952,I am unicycling north-east along the north-west side of a road which runs north-east to south-west. In which direction is the road?,south-east
873,We are racing west along the north shore of the lake. In which direction is the lake?,south
422,They are cycling north-west along the south-west shore of the lake. In which direction is the lake?,north-east
2473,"I am racing west along the middle of the north side of a park; in which direction is the bandstand, located in the centre of the park?",south
2982,You are cycling north-west along the south-west side of a road which runs north-west to south-east. In which direction is the road?,north-east
5221,"They are cycling west along the south shore of an island and then turn around to head back in the direction they came from, in which direction is the sea?",south
21,I am cycling west along the south shore of the lake. In which direction is the lake?,north
4541,He is hiking east along the south shore of the island. In which direction is the sea?,south
2959,I am racing north along the west side of a road which runs north to south. In which direction is the road?,east
93,You are walking west along the south shore of the lake. In which direction is the lake?,north
4211,We are perambulating south along the east shore of the island. In which direction is the sea?,east
1289,"We are walking east along the north shore of a lake and then turn around to head back in the direction we came from, in which direction is the lake?",south
2307,"We are unicycling south along the middle of the east side of a park; in which direction is the bandstand, located in the centre of the park?",west
3423,I am hiking south along the west side of a road which runs south to north. In which direction is the road?,east
197,He is jogging west along the south shore of the lake. In which direction is the lake?,north
2638,"He is racing south-east along the middle of the south-west side of a park; in which direction is the bandstand, located in the centre of the park?",north-east
461,They are hiking west along the south shore of the lake. In which direction is the lake?,north
3039,You are racing north along the west side of a road which runs north to south. In which direction is the road?,east
5658,"We are hiking north-west along the north-east shore of an island and then turn around to head back in the direction we came from, in which direction is the sea?",north-east
3465,You are driving west along the north side of a road which runs west to east. In which direction is the road?,south
2980,You are cycling south-west along the south-east side of a road which runs south-west to north-east. In which direction is the road?,north-west
3234,We are jogging south-east along the north-east side of a road which runs south-east to north-west. In which direction is the road?,south-west
5005,"He is riding west along the south shore of an island and then turns around to head back in the direction he came from, in which direction is the sea?",south
2827,"They are driving north along the middle of the east side of a park; in which direction is the bandstand, located in the centre of the park?",west
1560,"You are jogging south-west along the north-west shore of a lake and then turn around to head back in the direction you came from, in which direction is the lake?",south-east
718,He is racing south-east along the south-west shore of the lake. In which direction is the lake?,north-east
2616,"He is perambulating south-west along the middle of the north-west side of a park; in which direction is the bandstand, located in the centre of the park?",south-east
4397,I am racing east along the south shore of the island. In which direction is the sea?,south
2258,"We are cycling south-east along the middle of the north-east side of a park; in which direction is the bandstand, located in the centre of the park?",south-west
2874,"They are racing north-west along the middle of the north-east side of a park; in which direction is the bandstand, located in the centre of the park?",south-west
4049,He is perambulating east along the north shore of the island. In which direction is the sea?,north
207,He is riding north along the west shore of the lake. In which direction is the lake?,east
2554,"You are racing north-west along the middle of the north-east side of a park; in which direction is the bandstand, located in the centre of the park?",south-west
5370,"You are walking north-west along the north-east shore of an island and then turn around to head back in the direction you came from, in which direction is the sea?",north-east
1407,"They are riding north along the west shore of a lake and then turn around to head back in the direction they came from, in which direction is the lake?",east
5119,"She is racing north along the west shore of an island and then turns around to head back in the direction she came from, in which direction is the sea?",west
2398,"They are racing north-west along the middle of the south-west side of a park; in which direction is the bandstand, located in the centre of the park?",north-east
3008,You are riding north-east along the north-west side of a road which runs north-east to south-west. In which direction is the road?,south-east
5289,"I am walking west along the north shore of an island and then turn around to head back in the direction I came from, in which direction is the sea?",north
3111,He is unicycling north along the west side of a road which runs north to south. In which direction is the road?,east
1287,"We are running north along the west shore of a lake and then turn around to head back in the direction we came from, in which direction is the lake?",east
4664,We are cycling south-west along the north-west shore of the island. In which direction is the sea?,north-west
2105,"He is driving east along the middle of the north side of a park; in which direction is the bandstand, located in the centre of the park?",south
2208,"She is riding north-east along the middle of the north-west side of a park; in which direction is the bandstand, located in the centre of the park?",south-east
1784,"We are cycling south-west along the north-west shore of a lake and then turn around to head back in the direction we came from, in which direction is the lake?",south-east
2393,"They are racing east along the middle of the north side of a park; in which direction is the bandstand, located in the centre of the park?",south
1196,"He is racing south-west along the south-east shore of a lake and then turns around to head back in the direction he came from, in which direction is the lake?",north-west
1269,"She is unicycling west along the south shore of a lake and then turns around to head back in the direction she came from, in which direction is the lake?",north
2634,"He is racing north-west along the middle of the north-east side of a park; in which direction is the bandstand, located in the centre of the park?",south-west
1538,"You are cycling north-west along the north-east shore of a lake and then turn around to head back in the direction you came from, in which direction is the lake?",south-west
239,He is racing north along the west shore of the lake. In which direction is the lake?,east
5168,"We are riding north-east along the north-west shore of an island and then turn around to head back in the direction we came from, in which direction is the sea?",north-west
2992,You are driving north-east along the north-west side of a road which runs north-east to south-west. In which direction is the road?,south-east
4948,"You are unicycling south-west along the south-east shore of an island and then turn around to head back in the direction you came from, in which direction is the sea?",south-east
249,She is walking east along the north shore of the lake. In which direction is the lake?,south
5341,"I am hiking east along the south shore of an island and then turn around to head back in the direction I came from, in which direction is the sea?",south
2351,"They are driving north along the middle of the west side of a park; in which direction is the bandstand, located in the centre of the park?",east
2038,"You are jogging north-west along the middle of the south-west side of a park; in which direction is the bandstand, located in the centre of the park?",north-east
1913,"They are racing west along the north shore of a lake and then turn around to head back in the direction they came from, in which direction is the lake?",south
1762,"We are running north-west along the north-east shore of a lake and then turn around to head back in the direction we came from, in which direction is the lake?",south-west
3652,She is perambulating north-east along the south-east side of a road which runs north-east to south-west. In which direction is the road?,north-west
2209,"She is perambulating east along the middle of the north side of a park; in which direction is the bandstand, located in the centre of the park?",south
172,He is walking south-west along the south-east shore of the lake. In which direction is the lake?,north-west
3683,We are running north along the east side of a road which runs north to south. In which direction is the road?,west
5416,"You are perambulating south-west along the north-west shore of an island and then turn around to head back in the direction you came from, in which direction is the sea?",north-west
140,You are hiking south-west along the south-east shore of the lake. In which direction is the lake?,north-west
1457,"I am cycling west along the north shore of a lake and then turn around to head back in the direction I came from, in which direction is the lake?",south
5385,"You are driving west along the north shore of an island and then turn around to head back in the direction you came from, in which direction is the sea?",north
4932,"You are perambulating south-west along the south-east shore of an island and then turn around to head back in the direction you came from, in which direction is the sea?",south-east
1011,"I am perambulating south along the east shore of a lake and then turn around to head back in the direction I came from, in which direction is the lake?",west
4051,He is perambulating south along the east shore of the island. In which direction is the sea?,east
4007,He is running north along the west shore of the island. In which direction is the sea?,west
2045,"You are riding west along the middle of the south side of a park; in which direction is the bandstand, located in the centre of the park?",north
5053,"She is walking west along the south shore of an island and then turns around to head back in the direction she came from, in which direction is the sea?",south
1406,"They are riding north-west along the south-west shore of a lake and then turn around to head back in the direction they came from, in which direction is the lake?",north-east
3358,They are racing north-west along the south-west side of a road which runs north-west to south-east. In which direction is the road?,north-east
3656,She is perambulating south-west along the north-west side of a road which runs south-west to north-east. In which direction is the road?,south-east
3319,They are jogging north along the west side of a road which runs north to south. In which direction is the road?,east
3812,They are perambulating north-east along the south-east side of a road which runs north-east to south-west. In which direction is the road?,north-west
2886,I am running north-west along the south-west side of a road which runs north-west to south-east. In which direction is the road?,north-east
682,He is riding north-west along the north-east shore of the lake. In which direction is the lake?,south-west
4959,"You are racing north along the west shore of an island and then turn around to head back in the direction you came from, in which direction is the sea?",west
4067,He is unicycling south along the east shore of the island. In which direction is the sea?,east
5620,"We are cycling north-east along the south-east shore of an island and then turn around to head back in the direction we came from, in which direction is the sea?",south-east
2884,I am running south-west along the south-east side of a road which runs south-west to north-east. In which direction is the road?,north-west
4654,We are walking south-east along the south-west shore of the island. In which direction is the sea?,south-west
747,She is driving north along the east shore of the lake. In which direction is the lake?,west
5250,"They are perambulating south-east along the north-east shore of an island and then turn around to head back in the direction they came from, in which direction is the sea?",north-east
1638,"He is jogging south-east along the south-west shore of a lake and then turns around to head back in the direction he came from, in which direction is the lake?",north-east
2225,"She is unicycling east along the middle of the north side of a park; in which direction is the bandstand, located in the centre of the park?",south
4005,He is running west along the south shore of the island. In which direction is the sea?,south
5325,"I am riding east along the south shore of an island and then turn around to head back in the direction I came from, in which direction is the sea?",south
3217,We are cycling east along the north side of a road which runs east to west. In which direction is the road?,south
5321,"I am riding west along the north shore of an island and then turn around to head back in the direction I came from, in which direction is the sea?",north
3342,They are hiking north-west along the south-west side of a road which runs north-west to south-east. In which direction is the road?,north-east
3596,He is racing north-east along the south-east side of a road which runs north-east to south-west. In which direction is the road?,north-west
5077,"She is jogging west along the south shore of an island and then turns around to head back in the direction she came from, in which direction is the sea?",south
598,You are jogging south-east along the south-west shore of the lake. In which direction is the lake?,north-east
1083,"You are riding south along the east shore of a lake and then turn around to head back in the direction you came from, in which direction is the lake?",west
5520,"He is racing south-west along the north-west shore of an island and then turns around to head back in the direction he came from, in which direction is the sea?",north-west
4495,He is walking south along the west shore of the island. In which direction is the sea?,west
5079,"She is jogging north along the west shore of an island and then turns around to head back in the direction she came from, in which direction is the sea?",west
4108,She is driving south-west along the south-east shore of the island. In which direction is the sea?,south-east
4306,They are unicycling south-east along the north-east shore of the island. In which direction is the sea?,north-east
1864,"They are cycling south-west along the north-west shore of a lake and then turn around to head back in the direction they came from, in which direction is the lake?",south-east
4322,I am running north-west along the north-east shore of the island. In which direction is the sea?,north-east
2018,"You are cycling south-east along the middle of the north-east side of a park; in which direction is the bandstand, located in the centre of the park?",south-west
5248,"They are riding north-east along the north-west shore of an island and then turn around to head back in the direction they came from, in which direction is the sea?",north-west
2620,"He is hiking north-east along the middle of the south-east side of a park; in which direction is the bandstand, located in the centre of the park?",north-west
1112,"You are unicycling north-east along the north-west shore of a lake and then turn around to head back in the direction you came from, in which direction is the lake?",south-east
3072,He is driving north-east along the north-west side of a road which runs north-east to south-west. In which direction is the road?,south-east
5364,"You are running north-east along the south-east shore of an island and then turn around to head back in the direction you came from, in which direction is the sea?",south-east
1843,"They are running north along the east shore of a lake and then turn around to head back in the direction they came from, in which direction is the lake?",west
2054,"You are perambulating north-west along the middle of the south-west side of a park; in which direction is the bandstand, located in the centre of the park?",north-east
2281,"We are riding east along the middle of the north side of a park; in which direction is the bandstand, located in the centre of the park?",south
2978,You are cycling south-east along the north-east side of a road which runs south-east to north-west. In which direction is the road?,south-west
4999,"He is jogging north along the west shore of an island and then turns around to head back in the direction he came from, in which direction is the sea?",west
3076,He is jogging south-west along the south-east side of a road which runs south-west to north-east. In which direction is the road?,north-west
4964,"He is running south-west along the south-east shore of an island and then turns around to head back in the direction he came from, in which direction is the sea?",south-east
4815,"I am walking north along the west shore of an island and then turn around to head back in the direction I came from, in which direction is the sea?",west
5073,"She is jogging east along the north shore of an island and then turns around to head back in the direction she came from, in which direction is the sea?",north
668,He is driving north-east along the south-east shore of the lake. In which direction is the lake?,north-west
5448,"He is running south-west along the north-west shore of an island and then turns around to head back in the direction he came from, in which direction is the sea?",north-west
911,They are driving south along the west shore of the lake. In which direction is the lake?,east
5036,"He is racing south-west along the south-east shore of an island and then turns around to head back in the direction he came from, in which direction is the sea?",south-east
5226,"They are driving south-east along the north-east shore of an island and then turn around to head back in the direction they came from, in which direction is the sea?",north-east
2725,"We are running east along the middle of the south side of a park; in which direction is the bandstand, located in the centre of the park?",north
4145,She is unicycling east along the north shore of the island. In which direction is the sea?,north
2172,"She is walking south-west along the middle of the south-east side of a park; in which direction is the bandstand, located in the centre of the park?",north-west
2552,"You are unicycling south-west along the middle of the north-west side of a park; in which direction is the bandstand, located in the centre of the park?",south-east
1740,"She is hiking north-east along the south-east shore of a lake and then turns around to head back in the direction she came from, in which direction is the lake?",north-west
1431,"They are unicycling north along the west shore of a lake and then turn around to head back in the direction they came from, in which direction is the lake?",east
3998,You are racing north-west along the south-west shore of the island. In which direction is the sea?,south-west
875,We are racing north along the east shore of the lake. In which direction is the lake?,west
536,I am perambulating south-west along the north-west shore of the lake. In which direction is the lake?,south-east
4846,"I am riding north-west along the south-west shore of an island and then turn around to head back in the direction I came from, in which direction is the sea?",south-west
2070,"You are unicycling north-west along the middle of the south-west side of a park; in which direction is the bandstand, located in the centre of the park?",north-east
1674,"He is racing north-west along the north-east shore of a lake and then turns around to head back in the direction he came from, in which direction is the lake?",south-west
2825,"They are driving west along the middle of the north side of a park; in which direction is the bandstand, located in the centre of the park?",south
1238,"She is jogging north-west along the south-west shore of a lake and then turns around to head back in the direction she came from, in which direction is the lake?",north-east
3327,They are riding north along the west side of a road which runs north to south. In which direction is the road?,east
1546,"You are driving north-west along the north-east shore of a lake and then turn around to head back in the direction you came from, in which direction is the lake?",south-west
2934,I am perambulating north-west along the south-west side of a road which runs north-west to south-east. In which direction is the road?,north-east
3948,You are driving south-west along the south-east shore of the island. In which direction is the sea?,south-east
2876,"They are racing north-east along the middle of the south-east side of a park; in which direction is the bandstand, located in the centre of the park?",north-west
2087,"He is running north along the middle of the west side of a park; in which direction is the bandstand, located in the centre of the park?",east
1719,"She is jogging south along the west shore of a lake and then turns around to head back in the direction she came from, in which direction is the lake?",east
3842,I am running south-east along the north-east shore of the island. In which direction is the sea?,north-east
1249,"She is perambulating east along the north shore of a lake and then turns around to head back in the direction she came from, in which direction is the lake?",south
442,They are riding south-east along the north-east shore of the lake. In which direction is the lake?,south-west
294,She is perambulating north-west along the south-west shore of the lake. In which direction is the lake?,north-east
5387,"You are driving north along the east shore of an island and then turn around to head back in the direction you came from, in which direction is the sea?",east
5276,"They are racing south-west along the south-east shore of an island and then turn around to head back in the direction they came from, in which direction is the sea?",south-east
1643,"He is riding north along the east shore of a lake and then turns around to head back in the direction he came from, in which direction is the lake?",west
1504,"I am hiking south-west along the north-west shore of a lake and then turn around to head back in the direction I came from, in which direction is the lake?",south-east
4939,"You are hiking south along the east shore of an island and then turn around to head back in the direction you came from, in which direction is the sea?",east
4805,"I am running west along the south shore of an island and then turn around to head back in the direction I came from, in which direction is the sea?",south
4349,I am driving east along the south shore of the island. In which direction is the sea?,south
2766,"We are riding south-east along the middle of the south-west side of a park; in which direction is the bandstand, located in the centre of the park?",north-east
3116,He is racing south-west along the south-east side of a road which runs south-west to north-east. In which direction is the road?,north-west
1290,"We are walking south-east along the north-east shore of a lake and then turn around to head back in the direction we came from, in which direction is the lake?",south-west
3992,You are unicycling north-east along the north-west shore of the island. In which direction is the sea?,north-west
448,They are riding north-east along the north-west shore of the lake. In which direction is the lake?,south-east
2309,"We are unicycling west along the middle of the south side of a park; in which direction is the bandstand, located in the centre of the park?",north
2023,"You are cycling north along the middle of the west side of a park; in which direction is the bandstand, located in the centre of the park?",east
719,He is racing south along the west shore of the lake. In which direction is the lake?,east
3430,I am unicycling south-east along the south-west side of a road which runs south-east to north-west. In which direction is the road?,north-east
2511,"You are driving south along the middle of the west side of a park; in which direction is the bandstand, located in the centre of the park?",east
5008,"He is riding north-east along the north-west shore of an island and then turns around to head back in the direction he came from, in which direction is the sea?",north-west
4239,We are racing north along the west shore of the island. In which direction is the sea?,west
5353,"I am racing west along the north shore of an island and then turn around to head back in the direction I came from, in which direction is the sea?",north
1160,"He is jogging north-east along the north-west shore of a lake and then turns around to head back in the direction he came from, in which direction is the lake?",south-east
2664,"She is cycling south-west along the middle of the north-west side of a park; in which direction is the bandstand, located in the centre of the park?",south-east
3627,She is driving north along the east side of a road which runs north to south. In which direction is the road?,west
943,They are hiking south along the west shore of the lake. In which direction is the lake?,east
750,She is driving south-east along the south-west shore of the lake. In which direction is the lake?,north-east
1993,"I am racing east along the middle of the north side of a park; in which direction is the bandstand, located in the centre of the park?",south
1873,"They are jogging west along the north shore of a lake and then turn around to head back in the direction they came from, in which direction is the lake?",south
2568,"He is running south-west along the middle of the north-west side of a park; in which direction is the bandstand, located in the centre of the park?",south-east
4759,They are jogging south along the west shore of the island. In which direction is the sea?,west
5401,"You are riding west along the north shore of an island and then turn around to head back in the direction you came from, in which direction is the sea?",north
3569,He is perambulating west along the north side of a road which runs west to east. In which direction is the road?,south
5070,"She is driving north-west along the south-west shore of an island and then turns around to head back in the direction she came from, in which direction is the sea?",south-west
1613,"He is walking east along the south shore of a lake and then turns around to head back in the direction he came from, in which direction is the lake?",north
1041,"You are running east along the north shore of a lake and then turn around to head back in the direction you came from, in which direction is the lake?",south
4447,You are riding south along the west shore of the island. In which direction is the sea?,west
392,We are unicycling north-east along the north-west shore of the lake. In which direction is the lake?,south-east
3505,You are unicycling west along the north side of a road which runs west to east. In which direction is the road?,south
2124,"He is riding south-west along the middle of the south-east side of a park; in which direction is the bandstand, located in the centre of the park?",north-west
2266,"We are driving south-east along the middle of the north-east side of a park; in which direction is the bandstand, located in the centre of the park?",south-west
2234,"She is racing south-east along the middle of the north-east side of a park; in which direction is the bandstand, located in the centre of the park?",south-west
535,I am perambulating south along the west shore of the lake. In which direction is the lake?,east
3141,She is cycling west along the south side of a road which runs west to east. In which direction is the road?,north
2006,"You are running north-west along the middle of the south-west side of a park; in which direction is the bandstand, located in the centre of the park?",north-east
260,She is cycling south-west along the south-east shore of the lake. In which direction is the lake?,north-west
4465,You are unicycling west along the north shore of the island. In which direction is the sea?,north
76,I am racing south-west along the south-east shore of the lake. In which direction is the lake?,north-west
4442,You are riding north-west along the north-east shore of the island. In which direction is the sea?,north-east
2465,"I am unicycling west along the middle of the north side of a park; in which direction is the bandstand, located in the centre of the park?",south
399,We are racing north along the west shore of the lake. In which direction is the lake?,east
1230,"She is driving north-west along the south-west shore of a lake and then turns around to head back in the direction she came from, in which direction is the lake?",north-east
3284,They are running south-west along the south-east side of a road which runs south-west to north-east. In which direction is the road?,north-west
2477,"I am racing east along the middle of the south side of a park; in which direction is the bandstand, located in the centre of the park?",north
1284,"We are running south-west along the south-east shore of a lake and then turn around to head back in the direction we came from, in which direction is the lake?",north-west
3145,She is driving east along the north side of a road which runs east to west. In which direction is the road?,south
4536,He is perambulating south-west along the north-west shore of the island. In which direction is the sea?,north-west
4963,"He is running south along the east shore of an island and then turns around to head back in the direction he came from, in which direction is the sea?",east
3403,I am riding north along the east side of a road which runs north to south. In which direction is the road?,west
1767,"We are running south along the west shore of a lake and then turn around to head back in the direction we came from, in which direction is the lake?",east
67,I am unicycling south along the east shore of the lake. In which direction is the lake?,west
1748,"She is unicycling north-east along the south-east shore of a lake and then turns around to head back in the direction she came from, in which direction is the lake?",north-west
5000,"He is jogging north-east along the north-west shore of an island and then turns around to head back in the direction he came from, in which direction is the sea?",north-west
4978,"He is cycling south-east along the north-east shore of an island and then turns around to head back in the direction he came from, in which direction is the sea?",north-east
1074,"You are jogging south-east along the north-east shore of a lake and then turn around to head back in the direction you came from, in which direction is the lake?",south-west
3281,They are running east along the north side of a road which runs east to west. In which direction is the road?,south
3854,I am walking north-west along the south-west shore of the island. In which direction is the sea?,south-west
1583,"You are hiking south along the west shore of a lake and then turn around to head back in the direction you came from, in which direction is the lake?",east
2607,"He is riding south along the middle of the west side of a park; in which direction is the bandstand, located in the centre of the park?",east
1070,"You are driving north-west along the south-west shore of a lake and then turn around to head back in the direction you came from, in which direction is the lake?",north-east
2885,I am running west along the south side of a road which runs west to east. In which direction is the road?,north
4030,He is driving north-west along the south-west shore of the island. In which direction is the sea?,south-west
4191,We are driving north along the west shore of the island. In which direction is the sea?,west
2078,"You are racing north-west along the middle of the south-west side of a park; in which direction is the bandstand, located in the centre of the park?",north-east
521,I am riding west along the north shore of the lake. In which direction is the lake?,south
715,He is racing north along the east shore of the lake. In which direction is the lake?,west
2321,"They are running east along the middle of the north side of a park; in which direction is the bandstand, located in the centre of the park?",south
4159,She is racing north along the west shore of the island. In which direction is the sea?,west
350,We are driving north-west along the south-west shore of the lake. In which direction is the lake?,north-east
2887,I am running north along the west side of a road which runs north to south. In which direction is the road?,east
3394,I am jogging north-west along the north-east side of a road which runs north-west to south-east. In which direction is the road?,south-west
4558,He is racing south-east along the south-west shore of the island. In which direction is the sea?,south-west
983,"I am cycling north along the west shore of a lake and then turn around to head back in the direction I came from, in which direction is the lake?",east
5059,"She is cycling south along the east shore of an island and then turns around to head back in the direction she came from, in which direction is the sea?",east
1965,"I am riding west along the middle of the south side of a park; in which direction is the bandstand, located in the centre of the park?",north
4894,"You are walking north-west along the south-west shore of an island and then turn around to head back in the direction you came from, in which direction is the sea?",south-west
5556,"She is jogging north-east along the south-east shore of an island and then turns around to head back in the direction she came from, in which direction is the sea?",south-east
2903,I am cycling north along the west side of a road which runs north to south. In which direction is the road?,east
282,She is riding south-east along the north-east shore of the lake. In which direction is the lake?,south-west
2254,"We are walking north-west along the middle of the south-west side of a park; in which direction is the bandstand, located in the centre of the park?",north-east
5264,"They are hiking north-east along the north-west shore of an island and then turn around to head back in the direction they came from, in which direction is the sea?",north-west
2818,"They are cycling north-west along the middle of the north-east side of a park; in which direction is the bandstand, located in the centre of the park?",south-west
2416,"I am walking south-west along the middle of the north-west side of a park; in which direction is the bandstand, located in the centre of the park?",south-east
4752,They are driving south-west along the north-west shore of the island. In which direction is the sea?,north-west
4893,"You are walking west along the south shore of an island and then turn around to head back in the direction you came from, in which direction is the sea?",south
2848,"They are riding south-west along the middle of the north-west side of a park; in which direction is the bandstand, located in the centre of the park?",south-east
2628,"He is unicycling north-east along the middle of the south-east side of a park; in which direction is the bandstand, located in the centre of the park?",north-west
2253,"We are walking west along the middle of the south side of a park; in which direction is the bandstand, located in the centre of the park?",north
3295,They are walking north along the west side of a road which runs north to south. In which direction is the road?,east
4443,You are riding north along the east shore of the island. In which direction is the sea?,east
4157,She is racing west along the south shore of the island. In which direction is the sea?,south
4232,We are unicycling north-east along the north-west shore of the island. In which direction is the sea?,north-west
91,You are walking south along the east shore of the lake. In which direction is the lake?,west
4376,I am perambulating south-west along the north-west shore of the island. In which direction is the sea?,north-west
363,We are riding south along the east shore of the lake. In which direction is the lake?,west
1696,"She is walking south-west along the north-west shore of a lake and then turns around to head back in the direction she came from, in which direction is the lake?",south-east
467,They are unicycling south along the east shore of the lake. In which direction is the lake?,west
831,We are driving south along the west shore of the lake. In which direction is the lake?,east
5011,"He is perambulating south along the east shore of an island and then turns around to head back in the direction he came from, in which direction is the sea?",east
3097,He is hiking east along the north side of a road which runs east to west. In which direction is the road?,south
79,I am racing north along the west shore of the lake. In which direction is the lake?,east
4201,We are riding east along the north shore of the island. In which direction is the sea?,north
1897,"They are hiking west along the north shore of a lake and then turn around to head back in the direction they came from, in which direction is the lake?",south
281,She is riding east along the north shore of the lake. In which direction is the lake?,south
5466,"He is driving north-west along the north-east shore of an island and then turns around to head back in the direction he came from, in which direction is the sea?",north-east
3007,You are riding north along the west side of a road which runs north to south. In which direction is the road?,east
2719,"She is racing south along the middle of the west side of a park; in which direction is the bandstand, located in the centre of the park?",east
3164,She is riding south-west along the south-east side of a road which runs south-west to north-east. In which direction is the road?,north-west
1793,"We are jogging west along the north shore of a lake and then turn around to head back in the direction we came from, in which direction is the lake?",south
2175,"She is walking north along the middle of the west side of a park; in which direction is the bandstand, located in the centre of the park?",east
3443,You are running north along the east side of a road which runs north to south. In which direction is the road?,west
2774,"We are perambulating south-east along the middle of the south-west side of a park; in which direction is the bandstand, located in the centre of the park?",north-east
639,You are racing south along the west shore of the lake. In which direction is the lake?,east
2222,"She is hiking north-west along the middle of the south-west side of a park; in which direction is the bandstand, located in the centre of the park?",north-east
3734,We are perambulating south-east along the south-west side of a road which runs south-east to north-west. In which direction is the road?,north-east
2937,I am hiking east along the north side of a road which runs east to west. In which direction is the road?,south
4720,We are racing south-west along the north-west shore of the island. In which direction is the sea?,north-west
622,You are hiking south-east along the south-west shore of the lake. In which direction is the lake?,north-east
3265,We are unicycling east along the north side of a road which runs east to west. In which direction is the road?,south
4624,She is hiking south-west along the north-west shore of the island. In which direction is the sea?,north-west
3093,He is perambulating west along the south side of a road which runs west to east. In which direction is the road?,north
1138,"He is cycling south-east along the north-east shore of a lake and then turns around to head back in the direction he came from, in which direction is the lake?",south-west
4148,She is unicycling south-west along the south-east shore of the island. In which direction is the sea?,south-east
1785,"We are driving west along the north shore of a lake and then turn around to head back in the direction we came from, in which direction is the lake?",south
4325,I am running east along the south shore of the island. In which direction is the sea?,south
2190,"She is driving north-west along the middle of the south-west side of a park; in which direction is the bandstand, located in the centre of the park?",north-east
5417,"You are hiking west along the north shore of an island and then turn around to head back in the direction you came from, in which direction is the sea?",north
1454,"I am walking south-east along the south-west shore of a lake and then turn around to head back in the direction I came from, in which direction is the lake?",north-east
3610,She is walking north-west along the north-east side of a road which runs north-west to south-east. In which direction is the road?,south-west
3028,You are unicycling south-west along the south-east side of a road which runs south-west to north-east. In which direction is the road?,north-west
1938,"I am cycling south-east along the middle of the north-east side of a park; in which direction is the bandstand, located in the centre of the park?",south-west
3089,He is perambulating east along the north side of a road which runs east to west. In which direction is the road?,south
3822,They are hiking south-east along the south-west side of a road which runs south-east to north-west. In which direction is the road?,north-east
3159,She is jogging north along the west side of a road which runs north to south. In which direction is the road?,east
3133,She is walking west along the south side of a road which runs west to east. In which direction is the road?,north
1755,"She is racing north along the east shore of a lake and then turns around to head back in the direction she came from, in which direction is the lake?",west
371,We are perambulating south along the east shore of the lake. In which direction is the lake?,west
1084,"You are riding south-west along the south-east shore of a lake and then turn around to head back in the direction you came from, in which direction is the lake?",north-west
4921,"You are riding east along the north shore of an island and then turn around to head back in the direction you came from, in which direction is the sea?",north
1981,"I am hiking west along the middle of the south side of a park; in which direction is the bandstand, located in the centre of the park?",north
396,We are racing south-west along the south-east shore of the lake. In which direction is the lake?,north-west
3029,You are unicycling west along the south side of a road which runs west to east. In which direction is the road?,north
1658,"He is hiking north-west along the north-east shore of a lake and then turns around to head back in the direction he came from, in which direction is the lake?",south-west
2493,"You are walking east along the middle of the south side of a park; in which direction is the bandstand, located in the centre of the park?",north
4184,We are cycling north-east along the north-west shore of the island. In which direction is the sea?,north-west
2397,"They are racing west along the middle of the south side of a park; in which direction is the bandstand, located in the centre of the park?",north
4463,You are hiking south along the west shore of the island. In which direction is the sea?,west
3991,You are unicycling north along the west shore of the island. In which direction is the sea?,west
4072,He is unicycling north-east along the north-west shore of the island. In which direction is the sea?,north-west
3895,I am perambulating north along the west shore of the island. In which direction is the sea?,west
3964,You are riding south-west along the south-east shore of the island. In which direction is the sea?,south-east
18,I am cycling south-east along the north-east shore of the lake. In which direction is the lake?,south-west
3646,She is riding south-east along the south-west side of a road which runs south-east to north-west. In which direction is the road?,north-east
3748,We are unicycling north-east along the south-east side of a road which runs north-east to south-west. In which direction is the road?,north-west
2219,"She is hiking south along the middle of the east side of a park; in which direction is the bandstand, located in the centre of the park?",west
2716,"She is racing north-east along the middle of the south-east side of a park; in which direction is the bandstand, located in the centre of the park?",north-west
3095,He is perambulating north along the west side of a road which runs north to south. In which direction is the road?,east
2422,"I am cycling south-east along the middle of the south-west side of a park; in which direction is the bandstand, located in the centre of the park?",north-east
4615,She is perambulating south along the west shore of the island. In which direction is the sea?,west
5026,"He is unicycling south-east along the north-east shore of an island and then turns around to head back in the direction he came from, in which direction is the sea?",north-east
5311,"I am driving south along the west shore of an island and then turn around to head back in the direction I came from, in which direction is the sea?",west
3434,I am racing north-west along the north-east side of a road which runs north-west to south-east. In which direction is the road?,south-west
1923,"I am running south along the middle of the east side of a park; in which direction is the bandstand, located in the centre of the park?",west
3454,You are walking south-east along the south-west side of a road which runs south-east to north-west. In which direction is the road?,north-east
2022,"You are cycling north-west along the middle of the south-west side of a park; in which direction is the bandstand, located in the centre of the park?",north-east
863,We are hiking south along the west shore of the lake. In which direction is the lake?,east
4014,He is walking north-west along the south-west shore of the island. In which direction is the sea?,south-west
2906,I am driving south-east along the north-east side of a road which runs south-east to north-west. In which direction is the road?,south-west
4009,He is walking east along the north shore of the island. In which direction is the sea?,north
3985,You are unicycling east along the north shore of the island. In which direction is the sea?,north
5717,"They are jogging east along the south shore of an island and then turn around to head back in the direction they came from, in which direction is the sea?",south
3786,They are driving north-west along the north-east side of a road which runs north-west to south-east. In which direction is the road?,south-west
1735,"She is perambulating south along the west shore of a lake and then turns around to head back in the direction she came from, in which direction is the lake?",east
3832,They are unicycling south-west along the north-west side of a road which runs south-west to north-east. In which direction is the road?,south-east
3747,We are unicycling north along the east side of a road which runs north to south. In which direction is the road?,west
4405,You are running east along the south shore of the island. In which direction is the sea?,south
3697,We are cycling west along the north side of a road which runs west to east. In which direction is the road?,south
3788,They are driving north-east along the south-east side of a road which runs north-east to south-west. In which direction is the road?,north-west
2388,"They are unicycling south-west along the middle of the south-east side of a park; in which direction is the bandstand, located in the centre of the park?",north-west
4542,He is hiking south-east along the south-west shore of the island. In which direction is the sea?,south-west
852,We are perambulating north-east along the south-east shore of the lake. In which direction is the lake?,north-west
1819,"We are hiking north along the east shore of a lake and then turn around to head back in the direction we came from, in which direction is the lake?",west
856,We are perambulating south-west along the north-west shore of the lake. In which direction is the lake?,south-east
2720,"She is racing south-west along the middle of the north-west side of a park; in which direction is the bandstand, located in the centre of the park?",south-east
670,He is driving south-east along the south-west shore of the lake. In which direction is the lake?,north-east
2949,I am unicycling west along the south side of a road which runs west to east. In which direction is the road?,north
2807,"They are running south along the middle of the west side of a park; in which direction is the bandstand, located in the centre of the park?",east
5595,"She is racing north along the east shore of an island and then turns around to head back in the direction she came from, in which direction is the sea?",east
2700,"She is hiking north-east along the middle of the south-east side of a park; in which direction is the bandstand, located in the centre of the park?",north-west
4149,She is unicycling west along the south shore of the island. In which direction is the sea?,south
3665,She is unicycling west along the north side of a road which runs west to east. In which direction is the road?,south
5149,"We are driving west along the south shore of an island and then turn around to head back in the direction we came from, in which direction is the sea?",south
1846,"They are running south-east along the south-west shore of a lake and then turn around to head back in the direction they came from, in which direction is the lake?",north-east
1750,"She is unicycling south-east along the south-west shore of a lake and then turns around to head back in the direction she came from, in which direction is the lake?",north-east
193,He is jogging east along the north shore of the lake. In which direction is the lake?,south
788,She is unicycling north-east along the south-east shore of the lake. In which direction is the lake?,north-west
5125,"We are running west along the south shore of an island and then turn around to head back in the direction we came from, in which direction is the sea?",south
646,He is running south-east along the south-west shore of the lake. In which direction is the lake?,north-east
1937,"I am cycling east along the middle of the north side of a park; in which direction is the bandstand, located in the centre of the park?",south
3920,I am racing north-east along the north-west shore of the island. In which direction is the sea?,north-west
3446,You are running south-east along the south-west side of a road which runs south-east to north-west. In which direction is the road?,north-east
4686,We are riding south-east along the south-west shore of the island. In which direction is the sea?,south-west
485,I am running east along the south shore of the lake. In which direction is the lake?,north
2665,"She is driving west along the middle of the north side of a park; in which direction is the bandstand, located in the centre of the park?",south
781,She is hiking east along the south shore of the lake. In which direction is the lake?,north
3638,She is jogging south-east along the south-west side of a road which runs south-east to north-west. In which direction is the road?,north-east
729,She is walking west along the north shore of the lake. In which direction is the lake?,south
3927,You are running north along the west shore of the island. In which direction is the sea?,west
5092,"She is perambulating south-west along the south-east shore of an island and then turns around to head back in the direction she came from, in which direction is the sea?",south-east
488,I am running south-west along the north-west shore of the lake. In which direction is the lake?,south-east
4020,He is cycling south-west along the south-east shore of the island. In which direction is the sea?,south-east
2486,"You are running south-east along the middle of the south-west side of a park; in which direction is the bandstand, located in the centre of the park?",north-east
3942,You are cycling north-west along the south-west shore of the island. In which direction is the sea?,south-west
1964,"I am riding south-west along the middle of the south-east side of a park; in which direction is the bandstand, located in the centre of the park?",north-west
771,She is perambulating north along the east shore of the lake. In which direction is the lake?,west
4095,She is walking north along the west shore of the island. In which direction is the sea?,west
2997,You are jogging west along the south side of a road which runs west to east. In which direction is the road?,north
65,I am unicycling east along the north shore of the lake. In which direction is the lake?,south
1831,"We are unicycling south along the west shore of a lake and then turn around to head back in the direction we came from, in which direction is the lake?",east
4791,They are unicycling south along the west shore of the island. In which direction is the sea?,west
5171,"We are perambulating south along the east shore of an island and then turn around to head back in the direction we came from, in which direction is the sea?",east
2860,"They are hiking north-east along the middle of the south-east side of a park; in which direction is the bandstand, located in the centre of the park?",north-west
4341,I am cycling east along the south shore of the island. In which direction is the sea?,south
5660,"We are hiking north-east along the south-east shore of an island and then turn around to head back in the direction we came from, in which direction is the sea?",south-east
169,He is walking east along the north shore of the lake. In which direction is the lake?,south
2,I am running south-east along the north-east shore of the lake. In which direction is the lake?,south-west
3622,She is cycling south-east along the south-west side of a road which runs south-east to north-west. In which direction is the road?,north-east
1963,"I am riding south along the middle of the east side of a park; in which direction is the bandstand, located in the centre of the park?",west
3459,You are cycling north along the east side of a road which runs north to south. In which direction is the road?,west
3074,He is jogging south-east along the north-east side of a road which runs south-east to north-west. In which direction is the road?,south-west
881,They are running west along the north shore of the lake. In which direction is the lake?,south
191,He is driving north along the west shore of the lake. In which direction is the lake?,east
1,I am running east along the north shore of the lake. In which direction is the lake?,south
2579,"He is cycling north along the middle of the east side of a park; in which direction is the bandstand, located in the centre of the park?",west
3255,We are perambulating north along the west side of a road which runs north to south. In which direction is the road?,east
5220,"They are cycling south-west along the south-east shore of an island and then turn around to head back in the direction they came from, in which direction is the sea?",south-east
1511,"I am unicycling south along the west shore of a lake and then turn around to head back in the direction I came from, in which direction is the lake?",east
2782,"We are hiking south-east along the middle of the south-west side of a park; in which direction is the bandstand, located in the centre of the park?",north-east
1395,"They are jogging south along the east shore of a lake and then turn around to head back in the direction they came from, in which direction is the lake?",west
5438,"You are racing south-east along the south-west shore of an island and then turn around to head back in the direction you came from, in which direction is the sea?",south-west
2400,"They are racing north-east along the middle of the north-west side of a park; in which direction is the bandstand, located in the centre of the park?",south-east
917,They are jogging east along the south shore of the lake. In which direction is the lake?,north
2527,"You are riding south along the middle of the west side of a park; in which direction is the bandstand, located in the centre of the park?",east
1506,"I am unicycling north-west along the north-east shore of a lake and then turn around to head back in the direction I came from, in which direction is the lake?",south-west
4874,"I am racing south-east along the north-east shore of an island and then turn around to head back in the direction I came from, in which direction is the sea?",north-east
4375,I am perambulating south along the west shore of the island. In which direction is the sea?,west
3864,I am cycling north-east along the north-west shore of the island. In which direction is the sea?,north-west
2557,"You are racing east along the middle of the south side of a park; in which direction is the bandstand, located in the centre of the park?",north
3709,We are driving east along the south side of a road which runs east to west. In which direction is the road?,north
1363,"They are running south along the east shore of a lake and then turn around to head back in the direction they came from, in which direction is the lake?",west
1914,"They are racing north-west along the north-east shore of a lake and then turn around to head back in the direction they came from, in which direction is the lake?",south-west
3620,She is cycling north-east along the south-east side of a road which runs north-east to south-west. In which direction is the road?,north-west
5754,"They are racing north-west along the north-east shore of an island and then turn around to head back in the direction they came from, in which direction is the sea?",north-east
4592,She is driving south-west along the north-west shore of the island. In which direction is the sea?,north-west
5549,"She is driving east along the south shore of an island and then turns around to head back in the direction she came from, in which direction is the sea?",south
534,I am perambulating south-east along the south-west shore of the lake. In which direction is the lake?,north-east
3219,We are cycling south along the east side of a road which runs south to north. In which direction is the road?,west
571,You are walking north along the east shore of the lake. In which direction is the lake?,west
2106,"He is driving south-east along the middle of the north-east side of a park; in which direction is the bandstand, located in the centre of the park?",south-west
3984,You are hiking north-east along the north-west shore of the island. In which direction is the sea?,north-west
5378,"You are cycling north-west along the north-east shore of an island and then turn around to head back in the direction you came from, in which direction is the sea?",north-east
3439,I am racing south along the west side of a road which runs south to north. In which direction is the road?,east
4776,They are perambulating south-west along the north-west shore of the island. In which direction is the sea?,north-west
2642,"She is running north-west along the middle of the north-east side of a park; in which direction is the bandstand, located in the centre of the park?",south-west
1323,"We are riding south along the east shore of a lake and then turn around to head back in the direction we came from, in which direction is the lake?",west
5599,"She is racing south along the west shore of an island and then turns around to head back in the direction she came from, in which direction is the sea?",west
2100,"He is cycling south-west along the middle of the south-east side of a park; in which direction is the bandstand, located in the centre of the park?",north-west
1228,"She is driving south-west along the south-east shore of a lake and then turns around to head back in the direction she came from, in which direction is the lake?",north-west
5551,"She is driving south along the west shore of an island and then turns around to head back in the direction she came from, in which direction is the sea?",west
5292,"I am walking north-east along the south-east shore of an island and then turn around to head back in the direction I came from, in which direction is the sea?",south-east
4984,"He is cycling north-east along the north-west shore of an island and then turns around to head back in the direction he came from, in which direction is the sea?",north-west
313,She is racing east along the north shore of the lake. In which direction is the lake?,south
296,She is perambulating north-east along the north-west shore of the lake. In which direction is the lake?,south-east
1909,"They are unicycling east along the south shore of a lake and then turn around to head back in the direction they came from, in which direction is the lake?",north
4309,They are unicycling west along the south shore of the island. In which direction is the sea?,south
4420,You are cycling north-east along the south-east shore of the island. In which direction is the sea?,south-east
2749,"We are driving east along the middle of the south side of a park; in which direction is the bandstand, located in the centre of the park?",north
1501,"I am hiking east along the south shore of a lake and then turn around to head back in the direction I came from, in which direction is the lake?",north
3808,They are riding south-west along the north-west side of a road which runs south-west to north-east. In which direction is the road?,south-east
4461,You are hiking east along the south shore of the island. In which direction is the sea?,south
5610,"We are walking north-west along the north-east shore of an island and then turn around to head back in the direction we came from, in which direction is the sea?",north-east
40,I am jogging north-east along the north-west shore of the lake. In which direction is the lake?,south-east
5042,"She is running south-east along the north-east shore of an island and then turns around to head back in the direction she came from, in which direction is the sea?",north-east
504,I am cycling south-west along the north-west shore of the lake. In which direction is the lake?,south-east
2299,"We are hiking south along the middle of the east side of a park; in which direction is the bandstand, located in the centre of the park?",west
3935,You are walking north along the west shore of the island. In which direction is the sea?,west
3971,You are perambulating south along the east shore of the island. In which direction is the sea?,east
4320,They are racing north-east along the north-west shore of the island. In which direction is the sea?,north-west
3084,He is riding south-west along the south-east side of a road which runs south-west to north-east. In which direction is the road?,north-west
5506,"He is unicycling north-west along the north-east shore of an island and then turns around to head back in the direction he came from, in which direction is the sea?",north-east
4382,I am hiking south-east along the south-west shore of the island. In which direction is the sea?,south-west
1496,"I am perambulating south-west along the north-west shore of a lake and then turn around to head back in the direction I came from, in which direction is the lake?",south-east
531,I am perambulating north along the east shore of the lake. In which direction is the lake?,west
2200,"She is jogging north-east along the middle of the north-west side of a park; in which direction is the bandstand, located in the centre of the park?",south-east
19,I am cycling south along the east shore of the lake. In which direction is the lake?,west
2795,"We are racing north along the middle of the east side of a park; in which direction is the bandstand, located in the centre of the park?",west
5510,"He is unicycling south-east along the south-west shore of an island and then turns around to head back in the direction he came from, in which direction is the sea?",south-west
1088,"You are riding north-east along the north-west shore of a lake and then turn around to head back in the direction you came from, in which direction is the lake?",south-east
3538,He is cycling north-west along the north-east side of a road which runs north-west to south-east. In which direction is the road?,south-west
1987,"I am unicycling south along the middle of the east side of a park; in which direction is the bandstand, located in the centre of the park?",west
4529,He is perambulating west along the north shore of the island. In which direction is the sea?,north
2239,"She is racing north along the middle of the west side of a park; in which direction is the bandstand, located in the centre of the park?",east
1332,"We are perambulating south-west along the south-east shore of a lake and then turn around to head back in the direction we came from, in which direction is the lake?",north-west
693,He is perambulating east along the south shore of the lake. In which direction is the lake?,north
1904,"They are hiking south-west along the north-west shore of a lake and then turn around to head back in the direction they came from, in which direction is the lake?",south-east
5178,"We are hiking south-east along the north-east shore of an island and then turn around to head back in the direction we came from, in which direction is the sea?",north-east
4254,They are walking north-west along the south-west shore of the island. In which direction is the sea?,south-west
5571,"She is perambulating north along the east shore of an island and then turns around to head back in the direction she came from, in which direction is the sea?",east
3262,We are hiking north-west along the south-west side of a road which runs north-west to south-east. In which direction is the road?,north-east
1743,"She is hiking south along the west shore of a lake and then turns around to head back in the direction she came from, in which direction is the lake?",east
3169,She is perambulating east along the north side of a road which runs east to west. In which direction is the road?,south
2399,"They are racing north along the middle of the west side of a park; in which direction is the bandstand, located in the centre of the park?",east
1705,"She is driving west along the north shore of a lake and then turns around to head back in the direction she came from, in which direction is the lake?",south
2512,"You are driving south-west along the middle of the north-west side of a park; in which direction is the bandstand, located in the centre of the park?",south-east
5217,"They are cycling east along the north shore of an island and then turn around to head back in the direction they came from, in which direction is the sea?",north
3339,They are hiking south along the east side of a road which runs south to north. In which direction is the road?,west
5095,"She is perambulating north along the west shore of an island and then turns around to head back in the direction she came from, in which direction is the sea?",west
3737,We are hiking west along the north side of a road which runs west to east. In which direction is the road?,south
1129,"He is walking east along the north shore of a lake and then turns around to head back in the direction he came from, in which direction is the lake?",south
4596,She is jogging north-east along the south-east shore of the island. In which direction is the sea?,south-east
2162,"She is running south-east along the middle of the north-east side of a park; in which direction is the bandstand, located in the centre of the park?",south-west
3451,You are walking north along the east side of a road which runs north to south. In which direction is the road?,west
1288,"We are running north-east along the north-west shore of a lake and then turn around to head back in the direction we came from, in which direction is the lake?",south-east
4658,We are cycling north-west along the north-east shore of the island. In which direction is the sea?,north-east
2994,You are jogging south-east along the north-east side of a road which runs south-east to north-west. In which direction is the road?,south-west
2861,"They are hiking east along the middle of the south side of a park; in which direction is the bandstand, located in the centre of the park?",north
2962,You are running south-east along the north-east side of a road which runs south-east to north-west. In which direction is the road?,south-west
3980,You are hiking south-west along the south-east shore of the island. In which direction is the sea?,south-east
1387,"They are driving south along the east shore of a lake and then turn around to head back in the direction they came from, in which direction is the lake?",west
2155,"He is racing south along the middle of the east side of a park; in which direction is the bandstand, located in the centre of the park?",west
5484,"He is riding north-east along the south-east shore of an island and then turns around to head back in the direction he came from, in which direction is the sea?",south-east
2744,"We are cycling south-west along the middle of the north-west side of a park; in which direction is the bandstand, located in the centre of the park?",south-east
3593,He is racing west along the north side of a road which runs west to east. In which direction is the road?,south
1590,"You are unicycling south-east along the south-west shore of a lake and then turn around to head back in the direction you came from, in which direction is the lake?",north-east
5254,"They are perambulating north-west along the south-west shore of an island and then turn around to head back in the direction they came from, in which direction is the sea?",south-west
1700,"She is cycling north-east along the south-east shore of a lake and then turns around to head back in the direction she came from, in which direction is the lake?",north-west
656,He is walking south-west along the north-west shore of the lake. In which direction is the lake?,south-east
1659,"He is hiking north along the east shore of a lake and then turns around to head back in the direction he came from, in which direction is the lake?",west
789,She is unicycling east along the south shore of the lake. In which direction is the lake?,north
4313,They are racing east along the north shore of the island. In which direction is the sea?,north
1566,"You are riding south-east along the south-west shore of a lake and then turn around to head back in the direction you came from, in which direction is the lake?",north-east
2510,"You are driving south-east along the middle of the south-west side of a park; in which direction is the bandstand, located in the centre of the park?",north-east
3989,You are unicycling west along the south shore of the island. In which direction is the sea?,south
2217,"She is hiking east along the middle of the north side of a park; in which direction is the bandstand, located in the centre of the park?",south
145,You are unicycling east along the north shore of the lake. In which direction is the lake?,south
4330,I am walking north-west along the north-east shore of the island. In which direction is the sea?,north-east
543,I am hiking south along the west shore of the lake. In which direction is the lake?,east
3773,They are walking east along the south side of a road which runs east to west. In which direction is the road?,north
3468,You are driving north-east along the south-east side of a road which runs north-east to south-west. In which direction is the road?,north-west
3308,They are driving south-west along the south-east side of a road which runs south-west to north-east. In which direction is the road?,north-west
1322,"We are riding south-east along the north-east shore of a lake and then turn around to head back in the direction we came from, in which direction is the lake?",south-west
4132,She is perambulating south-west along the south-east shore of the island. In which direction is the sea?,south-east
1315,"We are jogging south along the east shore of a lake and then turn around to head back in the direction we came from, in which direction is the lake?",west
2242,"We are running south-east along the middle of the north-east side of a park; in which direction is the bandstand, located in the centre of the park?",south-west
1098,"You are hiking south-east along the north-east shore of a lake and then turn around to head back in the direction you came from, in which direction is the lake?",south-west
4616,She is perambulating south-west along the north-west shore of the island. In which direction is the sea?,north-west
2117,"He is jogging west along the middle of the south side of a park; in which direction is the bandstand, located in the centre of the park?",north
4728,They are running south-west along the north-west shore of the island. In which direction is the sea?,north-west
5718,"They are jogging south-east along the south-west shore of an island and then turn around to head back in the direction they came from, in which direction is the sea?",south-west
3908,I am unicycling south-west along the south-east shore of the island. In which direction is the sea?,south-east
2648,"She is running south-west along the middle of the north-west side of a park; in which direction is the bandstand, located in the centre of the park?",south-east
438,They are jogging north-west along the south-west shore of the lake. In which direction is the lake?,north-east
3634,She is jogging north-west along the north-east side of a road which runs north-west to south-east. In which direction is the road?,south-west
5406,"You are riding south-east along the south-west shore of an island and then turn around to head back in the direction you came from, in which direction is the sea?",south-west
2502,"You are cycling south-east along the middle of the south-west side of a park; in which direction is the bandstand, located in the centre of the park?",north-east
5103,"She is hiking north along the west shore of an island and then turns around to head back in the direction she came from, in which direction is the sea?",west
1958,"I am jogging north-west along the middle of the south-west side of a park; in which direction is the bandstand, located in the centre of the park?",north-east
5732,"They are perambulating north-east along the south-east shore of an island and then turn around to head back in the direction they came from, in which direction is the sea?",south-east
3890,I am perambulating south-east along the north-east shore of the island. In which direction is the sea?,north-east
5218,"They are cycling south-east along the north-east shore of an island and then turn around to head back in the direction they came from, in which direction is the sea?",north-east
5100,"She is hiking south-west along the south-east shore of an island and then turns around to head back in the direction she came from, in which direction is the sea?",south-east
5363,"You are running north along the east shore of an island and then turn around to head back in the direction you came from, in which direction is the sea?",east
3584,He is hiking south-west along the north-west side of a road which runs south-west to north-east. In which direction is the road?,south-east
3412,I am perambulating north-east along the south-east side of a road which runs north-east to south-west. In which direction is the road?,north-west
1225,"She is driving east along the north shore of a lake and then turns around to head back in the direction she came from, in which direction is the lake?",south
3475,You are jogging north along the east side of a road which runs north to south. In which direction is the road?,west
4312,They are unicycling north-east along the north-west shore of the island. In which direction is the sea?,north-west
219,He is hiking south along the east shore of the lake. In which direction is the lake?,west
5244,"They are riding south-west along the south-east shore of an island and then turn around to head back in the direction they came from, in which direction is the sea?",south-east
2609,"He is perambulating west along the middle of the north side of a park; in which direction is the bandstand, located in the centre of the park?",south
483,I am running north along the east shore of the lake. In which direction is the lake?,west
4663,We are cycling south along the west shore of the island. In which direction is the sea?,west
2643,"She is running north along the middle of the east side of a park; in which direction is the bandstand, located in the centre of the park?",west
3325,They are riding west along the south side of a road which runs west to east. In which direction is the road?,north
524,I am riding north-east along the south-east shore of the lake. In which direction is the lake?,north-west
4711,We are unicycling south along the west shore of the island. In which direction is the sea?,west
3258,We are hiking south-east along the north-east side of a road which runs south-east to north-west. In which direction is the road?,south-west
3782,They are cycling south-east along the south-west side of a road which runs south-east to north-west. In which direction is the road?,north-east
60,I am hiking south-west along the south-east shore of the lake. In which direction is the lake?,north-west
5651,"We are perambulating north along the east shore of an island and then turn around to head back in the direction we came from, in which direction is the sea?",east
3352,They are unicycling north-east along the north-west side of a road which runs north-east to south-west. In which direction is the road?,south-east
5698,"They are cycling north-west along the north-east shore of an island and then turn around to head back in the direction they came from, in which direction is the sea?",north-east
173,He is walking west along the south shore of the lake. In which direction is the lake?,north
274,She is jogging south-east along the north-east shore of the lake. In which direction is the lake?,south-west
361,We are riding east along the north shore of the lake. In which direction is the lake?,south
1976,"I am perambulating north-east along the middle of the north-west side of a park; in which direction is the bandstand, located in the centre of the park?",south-east
3298,They are cycling south-east along the north-east side of a road which runs south-east to north-west. In which direction is the road?,south-west
2828,"They are driving north-east along the middle of the south-east side of a park; in which direction is the bandstand, located in the centre of the park?",north-west
5548,"She is driving north-east along the south-east shore of an island and then turns around to head back in the direction she came from, in which direction is the sea?",south-east
4506,He is driving north-west along the north-east shore of the island. In which direction is the sea?,north-east
3083,He is riding south along the east side of a road which runs south to north. In which direction is the road?,west
4490,He is walking north-west along the north-east shore of the island. In which direction is the sea?,north-east
1414,"They are perambulating north-west along the south-west shore of a lake and then turn around to head back in the direction they came from, in which direction is the lake?",north-east
501,I am cycling east along the south shore of the lake. In which direction is the lake?,north
2409,"I am walking west along the middle of the north side of a park; in which direction is the bandstand, located in the centre of the park?",south
178,He is cycling south-east along the north-east shore of the lake. In which direction is the lake?,south-west
482,I am running north-west along the north-east shore of the lake. In which direction is the lake?,south-west
810,We are walking north-west along the north-east shore of the lake. In which direction is the lake?,south-west
2878,"They are racing south-east along the middle of the south-west side of a park; in which direction is the bandstand, located in the centre of the park?",north-east
3547,He is driving north along the east side of a road which runs north to south. In which direction is the road?,west
4956,"You are racing south-west along the south-east shore of an island and then turn around to head back in the direction you came from, in which direction is the sea?",south-east
829,We are driving east along the south shore of the lake. In which direction is the lake?,north
2167,"She is running north along the middle of the west side of a park; in which direction is the bandstand, located in the centre of the park?",east
553,I am racing west along the north shore of the lake. In which direction is the lake?,south
1117,"You are racing west along the south shore of a lake and then turn around to head back in the direction you came from, in which direction is the lake?",north
4981,"He is cycling west along the south shore of an island and then turns around to head back in the direction he came from, in which direction is the sea?",south
4858,"I am hiking south-east along the north-east shore of an island and then turn around to head back in the direction I came from, in which direction is the sea?",north-east
2661,"She is cycling east along the middle of the south side of a park; in which direction is the bandstand, located in the centre of the park?",north
679,He is jogging south along the west shore of the lake. In which direction is the lake?,east
5269,"They are unicycling west along the south shore of an island and then turn around to head back in the direction they came from, in which direction is the sea?",south
5285,"I am running east along the south shore of an island and then turn around to head back in the direction I came from, in which direction is the sea?",south
3498,You are hiking north-west along the north-east side of a road which runs north-west to south-east. In which direction is the road?,south-west
3774,They are walking south-east along the south-west side of a road which runs south-east to north-west. In which direction is the road?,north-east
4274,They are jogging south-east along the north-east shore of the island. In which direction is the sea?,north-east
3052,He is walking south-west along the south-east side of a road which runs south-west to north-east. In which direction is the road?,north-west
5219,"They are cycling south along the east shore of an island and then turn around to head back in the direction they came from, in which direction is the sea?",east
4001,He is running east along the north shore of the island. In which direction is the sea?,north
3248,We are riding north-east along the north-west side of a road which runs north-east to south-west. In which direction is the road?,south-east
1828,"We are unicycling north-east along the south-east shore of a lake and then turn around to head back in the direction we came from, in which direction is the lake?",north-west
3815,They are perambulating south along the west side of a road which runs south to north. In which direction is the road?,east
2269,"We are driving west along the middle of the south side of a park; in which direction is the bandstand, located in the centre of the park?",north
5055,"She is walking north along the west shore of an island and then turns around to head back in the direction she came from, in which direction is the sea?",west
3651,She is perambulating north along the east side of a road which runs north to south. In which direction is the road?,west
5266,"They are unicycling south-east along the north-east shore of an island and then turn around to head back in the direction they came from, in which direction is the sea?",north-east
1863,"They are cycling south along the west shore of a lake and then turn around to head back in the direction they came from, in which direction is the lake?",east
2177,"She is cycling east along the middle of the north side of a park; in which direction is the bandstand, located in the centre of the park?",south
1567,"You are riding south along the west shore of a lake and then turn around to head back in the direction you came from, in which direction is the lake?",east
4808,"I am running north-east along the north-west shore of an island and then turn around to head back in the direction I came from, in which direction is the sea?",north-west
2166,"She is running north-west along the middle of the south-west side of a park; in which direction is the bandstand, located in the centre of the park?",north-east
538,I am hiking north-west along the north-east shore of the lake. In which direction is the lake?,south-west
1385,"They are driving east along the north shore of a lake and then turn around to head back in the direction they came from, in which direction is the lake?",south
1147,"He is driving south along the east shore of a lake and then turns around to head back in the direction he came from, in which direction is the lake?",west
3114,He is racing south-east along the north-east side of a road which runs south-east to north-west. In which direction is the road?,south-west
3647,She is riding south along the west side of a road which runs south to north. In which direction is the road?,east
3023,You are hiking north along the west side of a road which runs north to south. In which direction is the road?,east
3561,He is riding west along the north side of a road which runs west to east. In which direction is the road?,south
2150,"He is unicycling north-west along the middle of the south-west side of a park; in which direction is the bandstand, located in the centre of the park?",north-east
2323,"They are running south along the middle of the east side of a park; in which direction is the bandstand, located in the centre of the park?",west
3836,They are racing north-east along the south-east side of a road which runs north-east to south-west. In which direction is the road?,north-west
1967,"I am riding north along the middle of the west side of a park; in which direction is the bandstand, located in the centre of the park?",east
4566,She is running south-east along the south-west shore of the island. In which direction is the sea?,south-west
3012,You are perambulating south-west along the south-east side of a road which runs south-west to north-east. In which direction is the road?,north-west
5183,"We are hiking north along the west shore of an island and then turn around to head back in the direction we came from, in which direction is the sea?",west
2581,"He is cycling east along the middle of the south side of a park; in which direction is the bandstand, located in the centre of the park?",north
5464,"He is cycling south-west along the north-west shore of an island and then turns around to head back in the direction he came from, in which direction is the sea?",north-west
1189,"He is unicycling west along the south shore of a lake and then turns around to head back in the direction he came from, in which direction is the lake?",north
5060,"She is cycling south-west along the south-east shore of an island and then turns around to head back in the direction she came from, in which direction is the sea?",south-east
850,We are perambulating north-west along the north-east shore of the lake. In which direction is the lake?,south-west
3829,They are unicycling east along the south side of a road which runs east to west. In which direction is the road?,north
3794,They are jogging north-west along the north-east side of a road which runs north-west to south-east. In which direction is the road?,south-west
662,He is cycling south-east along the south-west shore of the lake. In which direction is the lake?,north-east
4527,He is riding south along the west shore of the island. In which direction is the sea?,west
2948,I am unicycling south-west along the south-east side of a road which runs south-west to north-east. In which direction is the road?,north-west
1217,"She is cycling east along the north shore of a lake and then turns around to head back in the direction she came from, in which direction is the lake?",south
4439,You are jogging south along the west shore of the island. In which direction is the sea?,west
1886,"They are riding south-east along the south-west shore of a lake and then turn around to head back in the direction they came from, in which direction is the lake?",north-east
3827,They are unicycling north along the east side of a road which runs north to south. In which direction is the road?,west
1790,"We are driving south-east along the south-west shore of a lake and then turn around to head back in the direction we came from, in which direction is the lake?",north-east
1848,"They are running south-west along the north-west shore of a lake and then turn around to head back in the direction they came from, in which direction is the lake?",south-east
5435,"You are racing north along the east shore of an island and then turn around to head back in the direction you came from, in which direction is the sea?",east
2755,"We are jogging north along the middle of the east side of a park; in which direction is the bandstand, located in the centre of the park?",west
677,He is jogging east along the south shore of the lake. In which direction is the lake?,north
854,We are perambulating south-east along the south-west shore of the lake. In which direction is the lake?,north-east
583,You are cycling south along the west shore of the lake. In which direction is the lake?,east
4633,She is racing west along the north shore of the island. In which direction is the sea?,north
1061,"You are cycling west along the south shore of a lake and then turn around to head back in the direction you came from, in which direction is the lake?",north
4992,"He is driving north-east along the north-west shore of an island and then turns around to head back in the direction he came from, in which direction is the sea?",north-west
3981,You are hiking west along the south shore of the island. In which direction is the sea?,south
1826,"We are unicycling north-west along the north-east shore of a lake and then turn around to head back in the direction we came from, in which direction is the lake?",south-west
946,They are unicycling north-west along the north-east shore of the lake. In which direction is the lake?,south-west
3956,You are jogging south-west along the south-east shore of the island. In which direction is the sea?,south-east
4916,"You are jogging south-west along the south-east shore of an island and then turn around to head back in the direction you came from, in which direction is the sea?",south-east
5152,"We are driving north-east along the north-west shore of an island and then turn around to head back in the direction we came from, in which direction is the sea?",north-west
4871,"I am unicycling north along the west shore of an island and then turn around to head back in the direction I came from, in which direction is the sea?",west
581,You are cycling east along the south shore of the lake. In which direction is the lake?,north
1016,"I am perambulating north-east along the north-west shore of a lake and then turn around to head back in the direction I came from, in which direction is the lake?",south-east
273,She is jogging east along the north shore of the lake. In which direction is the lake?,south
1815,"We are perambulating south along the west shore of a lake and then turn around to head back in the direction we came from, in which direction is the lake?",east
2778,"We are hiking north-west along the middle of the north-east side of a park; in which direction is the bandstand, located in the centre of the park?",south-west
1013,"I am perambulating west along the south shore of a lake and then turn around to head back in the direction I came from, in which direction is the lake?",north
1026,"I am unicycling south-east along the north-east shore of a lake and then turn around to head back in the direction I came from, in which direction is the lake?",south-west
3509,You are unicycling east along the south side of a road which runs east to west. In which direction is the road?,north
5237,"They are jogging west along the south shore of an island and then turn around to head back in the direction they came from, in which direction is the sea?",south
354,We are jogging south-east along the north-east shore of the lake. In which direction is the lake?,south-west
1541,"You are cycling east along the south shore of a lake and then turn around to head back in the direction you came from, in which direction is the lake?",north
1682,"She is running north-west along the north-east shore of a lake and then turns around to head back in the direction she came from, in which direction is the lake?",south-west
2544,"You are hiking south-west along the middle of the north-west side of a park; in which direction is the bandstand, located in the centre of the park?",south-east
4335,I am walking south along the west shore of the island. In which direction is the sea?,west
1366,"They are running north-west along the south-west shore of a lake and then turn around to head back in the direction they came from, in which direction is the lake?",north-east
4412,You are walking north-east along the south-east shore of the island. In which direction is the sea?,south-east
4053,He is perambulating west along the south shore of the island. In which direction is the sea?,south
2098,"He is cycling south-east along the middle of the north-east side of a park; in which direction is the bandstand, located in the centre of the park?",south-west
407,They are running north along the west shore of the lake. In which direction is the lake?,east
1145,"He is driving east along the north shore of a lake and then turns around to head back in the direction he came from, in which direction is the lake?",south
1458,"I am cycling north-west along the north-east shore of a lake and then turn around to head back in the direction I came from, in which direction is the lake?",south-west
1707,"She is driving north along the east shore of a lake and then turns around to head back in the direction she came from, in which direction is the lake?",west
3724,We are riding north-east along the south-east side of a road which runs north-east to south-west. In which direction is the road?,north-west
3957,You are jogging west along the south shore of the island. In which direction is the sea?,south
737,She is cycling west along the north shore of the lake. In which direction is the lake?,south
2617,"He is hiking west along the middle of the north side of a park; in which direction is the bandstand, located in the centre of the park?",south
1483,"I am riding north along the east shore of a lake and then turn around to head back in the direction I came from, in which direction is the lake?",west
765,She is riding east along the south shore of the lake. In which direction is the lake?,north
277,She is jogging west along the south shore of the lake. In which direction is the lake?,north
4884,"You are running south-west along the south-east shore of an island and then turn around to head back in the direction you came from, in which direction is the sea?",south-east
2508,"You are driving north-east along the middle of the south-east side of a park; in which direction is the bandstand, located in the centre of the park?",north-west
5143,"We are cycling north along the west shore of an island and then turn around to head back in the direction we came from, in which direction is the sea?",west
1916,"They are racing north-east along the south-east shore of a lake and then turn around to head back in the direction they came from, in which direction is the lake?",north-west
4762,They are riding north-west along the north-east shore of the island. In which direction is the sea?,north-east
615,You are perambulating south along the west shore of the lake. In which direction is the lake?,east
2692,"She is perambulating north-east along the middle of the south-east side of a park; in which direction is the bandstand, located in the centre of the park?",north-west
322,We are running south-east along the north-east shore of the lake. In which direction is the lake?,south-west
3471,You are driving south along the west side of a road which runs south to north. In which direction is the road?,east
2753,"We are jogging west along the middle of the north side of a park; in which direction is the bandstand, located in the centre of the park?",south
2066,"You are unicycling south-east along the middle of the north-east side of a park; in which direction is the bandstand, located in the centre of the park?",south-west
4669,We are driving east along the south shore of the island. In which direction is the sea?,south
4223,We are hiking north along the west shore of the island. In which direction is the sea?,west
3186,She is unicycling south-east along the north-east side of a road which runs south-east to north-west. In which direction is the road?,south-west
5713,"They are jogging west along the north shore of an island and then turn around to head back in the direction they came from, in which direction is the sea?",north
4749,They are driving east along the south shore of the island. In which direction is the sea?,south
5516,"He is racing north-east along the south-east shore of an island and then turns around to head back in the direction he came from, in which direction is the sea?",south-east
3649,She is perambulating west along the north side of a road which runs west to east. In which direction is the road?,south
3520,You are racing south-west along the north-west side of a road which runs south-west to north-east. In which direction is the road?,south-east
652,He is walking north-east along the south-east shore of the lake. In which direction is the lake?,north-west
2146,"He is unicycling south-east along the middle of the north-east side of a park; in which direction is the bandstand, located in the centre of the park?",south-west
4485,He is running east along the south shore of the island. In which direction is the sea?,south
5191,"We are unicycling north along the west shore of an island and then turn around to head back in the direction we came from, in which direction is the sea?",west
112,You are driving north-east along the north-west shore of the lake. In which direction is the lake?,south-east
1120,"You are racing north-east along the north-west shore of a lake and then turn around to head back in the direction you came from, in which direction is the lake?",south-east
2044,"You are riding south-west along the middle of the south-east side of a park; in which direction is the bandstand, located in the centre of the park?",north-west
3064,He is cycling north-east along the north-west side of a road which runs north-east to south-west. In which direction is the road?,south-east
3112,He is unicycling north-east along the north-west side of a road which runs north-east to south-west. In which direction is the road?,south-east
231,He is unicycling north along the west shore of the lake. In which direction is the lake?,east
3811,They are perambulating north along the east side of a road which runs north to south. In which direction is the road?,west
1922,"I am running south-east along the middle of the north-east side of a park; in which direction is the bandstand, located in the centre of the park?",south-west
4454,You are perambulating south-east along the south-west shore of the island. In which direction is the sea?,south-west
4017,He is cycling east along the north shore of the island. In which direction is the sea?,north
323,We are running south along the east shore of the lake. In which direction is the lake?,west
4,I am running south-west along the south-east shore of the lake. In which direction is the lake?,north-west
4648,We are running south-west along the north-west shore of the island. In which direction is the sea?,north-west
3279,We are racing north along the west side of a road which runs north to south. In which direction is the road?,east
4453,You are perambulating east along the south shore of the island. In which direction is the sea?,south
5328,"I am riding south-west along the north-west shore of an island and then turn around to head back in the direction I came from, in which direction is the sea?",north-west
2084,"He is running south-west along the middle of the south-east side of a park; in which direction is the bandstand, located in the centre of the park?",north-west
3260,We are hiking south-west along the south-east side of a road which runs south-west to north-east. In which direction is the road?,north-west
52,I am perambulating south-west along the south-east shore of the lake. In which direction is the lake?,north-west
982,"I am cycling north-west along the south-west shore of a lake and then turn around to head back in the direction I came from, in which direction is the lake?",north-east
3482,You are riding north-west along the north-east side of a road which runs north-west to south-east. In which direction is the road?,south-west
1107,"You are unicycling south along the east shore of a lake and then turn around to head back in the direction you came from, in which direction is the lake?",west
1215,"She is walking north along the west shore of a lake and then turns around to head back in the direction she came from, in which direction is the lake?",east
1798,"We are jogging south-east along the south-west shore of a lake and then turn around to head back in the direction we came from, in which direction is the lake?",north-east
899,They are cycling north along the east shore of the lake. In which direction is the lake?,west
5197,"We are racing west along the south shore of an island and then turn around to head back in the direction we came from, in which direction is the sea?",south
4965,"He is running west along the south shore of an island and then turns around to head back in the direction he came from, in which direction is the sea?",south
5434,"You are racing north-west along the north-east shore of an island and then turn around to head back in the direction you came from, in which direction is the sea?",north-east
1694,"She is walking south-east along the south-west shore of a lake and then turns around to head back in the direction she came from, in which direction is the lake?",north-east
628,You are unicycling north-east along the south-east shore of the lake. In which direction is the lake?,north-west
1668,"He is unicycling north-east along the south-east shore of a lake and then turns around to head back in the direction he came from, in which direction is the lake?",north-west
635,You are racing north along the east shore of the lake. In which direction is the lake?,west
3938,You are cycling south-east along the north-east shore of the island. In which direction is the sea?,north-east
1091,"You are perambulating south along the east shore of a lake and then turn around to head back in the direction you came from, in which direction is the lake?",west
2325,"They are running west along the middle of the south side of a park; in which direction is the bandstand, located in the centre of the park?",north
703,He is hiking south along the west shore of the lake. In which direction is the lake?,east
1678,"He is racing south-east along the south-west shore of a lake and then turns around to head back in the direction he came from, in which direction is the lake?",north-east
59,I am hiking south along the east shore of the lake. In which direction is the lake?,west
4929,"You are perambulating east along the north shore of an island and then turn around to head back in the direction you came from, in which direction is the sea?",north
3841,I am running east along the north shore of the island. In which direction is the sea?,north
5316,"I am jogging north-east along the south-east shore of an island and then turn around to head back in the direction I came from, in which direction is the sea?",south-east
5733,"They are perambulating east along the south shore of an island and then turn around to head back in the direction they came from, in which direction is the sea?",south
2639,"He is racing south along the middle of the west side of a park; in which direction is the bandstand, located in the centre of the park?",east
4676,We are jogging north-east along the south-east shore of the island. In which direction is the sea?,south-east
5596,"She is racing north-east along the south-east shore of an island and then turns around to head back in the direction she came from, in which direction is the sea?",south-east
1434,"They are racing south-east along the north-east shore of a lake and then turn around to head back in the direction they came from, in which direction is the lake?",south-west
4180,We are cycling south-west along the south-east shore of the island. In which direction is the sea?,south-east
486,I am running south-east along the south-west shore of the lake. In which direction is the lake?,north-east
618,You are hiking north-west along the north-east shore of the lake. In which direction is the lake?,south-west
1095,"You are perambulating north along the west shore of a lake and then turn around to head back in the direction you came from, in which direction is the lake?",east
2428,"I am driving north-east along the middle of the south-east side of a park; in which direction is the bandstand, located in the centre of the park?",north-west
997,"I am jogging west along the south shore of a lake and then turn around to head back in the direction I came from, in which direction is the lake?",north
3826,They are unicycling north-west along the north-east side of a road which runs north-west to south-east. In which direction is the road?,south-west
3619,She is cycling north along the east side of a road which runs north to south. In which direction is the road?,west
1198,"He is racing north-west along the south-west shore of a lake and then turns around to head back in the direction he came from, in which direction is the lake?",north-east
2332,"They are walking south-west along the middle of the south-east side of a park; in which direction is the bandstand, located in the centre of the park?",north-west
818,We are cycling north-west along the north-east shore of the lake. In which direction is the lake?,south-west
3344,They are hiking north-east along the north-west side of a road which runs north-east to south-west. In which direction is the road?,south-east
4238,We are racing north-west along the south-west shore of the island. In which direction is the sea?,south-west
2362,"They are riding south-east along the middle of the north-east side of a park; in which direction is the bandstand, located in the centre of the park?",south-west
4865,"I am unicycling east along the north shore of an island and then turn around to head back in the direction I came from, in which direction is the sea?",north
4318,They are racing north-west along the south-west shore of the island. In which direction is the sea?,south-west
2779,"We are hiking north along the middle of the east side of a park; in which direction is the bandstand, located in the centre of the park?",west
3675,She is racing north along the east side of a road which runs north to south. In which direction is the road?,west
1800,"We are jogging south-west along the north-west shore of a lake and then turn around to head back in the direction we came from, in which direction is the lake?",south-east
5318,"I am jogging south-east along the south-west shore of an island and then turn around to head back in the direction I came from, in which direction is the sea?",south-west
1402,"They are riding south-east along the north-east shore of a lake and then turn around to head back in the direction they came from, in which direction is the lake?",south-west
2314,"We are racing south-east along the middle of the north-east side of a park; in which direction is the bandstand, located in the centre of the park?",south-west
567,You are running south along the west shore of the lake. In which direction is the lake?,east
4475,You are racing north along the east shore of the island. In which direction is the sea?,east
2748,"We are driving north-east along the middle of the south-east side of a park; in which direction is the bandstand, located in the centre of the park?",north-west
3314,They are jogging south-east along the north-east side of a road which runs south-east to north-west. In which direction is the road?,south-west
3530,He is walking north-west along the north-east side of a road which runs north-west to south-east. In which direction is the road?,south-west
4226,We are unicycling south-east along the north-east shore of the island. In which direction is the sea?,north-east
4297,They are hiking east along the north shore of the island. In which direction is the sea?,north
4793,They are racing west along the north shore of the island. In which direction is the sea?,north
4644,We are running north-east along the south-east shore of the island. In which direction is the sea?,south-east
3175,She is perambulating north along the west side of a road which runs north to south. In which direction is the road?,east
1744,"She is hiking south-west along the north-west shore of a lake and then turns around to head back in the direction she came from, in which direction is the lake?",south-east
2888,I am running north-east along the north-west side of a road which runs north-east to south-west. In which direction is the road?,south-east
5614,"We are walking south-east along the south-west shore of an island and then turn around to head back in the direction we came from, in which direction is the sea?",south-west
385,We are unicycling east along the north shore of the lake. In which direction is the lake?,south
397,We are racing west along the south shore of the lake. In which direction is the lake?,north
5105,"She is unicycling east along the north shore of an island and then turns around to head back in the direction she came from, in which direction is the sea?",north
2181,"She is cycling west along the middle of the south side of a park; in which direction is the bandstand, located in the centre of the park?",north
3792,They are driving south-west along the north-west side of a road which runs south-west to north-east. In which direction is the road?,south-east
948,They are unicycling north-east along the south-east shore of the lake. In which direction is the lake?,north-west
5068,"She is driving south-west along the south-east shore of an island and then turns around to head back in the direction she came from, in which direction is the sea?",south-east
4344,I am cycling south-west along the north-west shore of the island. In which direction is the sea?,north-west
1254,"She is perambulating north-west along the south-west shore of a lake and then turns around to head back in the direction she came from, in which direction is the lake?",north-east
159,You are racing north along the west shore of the lake. In which direction is the lake?,east
2480,"I am racing south-west along the middle of the north-west side of a park; in which direction is the bandstand, located in the centre of the park?",south-east
734,She is walking south-east along the south-west shore of the lake. In which direction is the lake?,north-east
2491,"You are walking north along the middle of the east side of a park; in which direction is the bandstand, located in the centre of the park?",west
3163,She is riding south along the east side of a road which runs south to north. In which direction is the road?,west
1695,"She is walking south along the west shore of a lake and then turns around to head back in the direction she came from, in which direction is the lake?",east
2192,"She is driving north-east along the middle of the north-west side of a park; in which direction is the bandstand, located in the centre of the park?",south-east
4628,She is unicycling north-east along the south-east shore of the island. In which direction is the sea?,south-east
167,He is running north along the west shore of the lake. In which direction is the lake?,east
3046,He is running north-west along the south-west side of a road which runs north-west to south-east. In which direction is the road?,north-east
359,We are jogging north along the west shore of the lake. In which direction is the lake?,east
967,"I am running north along the west shore of a lake and then turn around to head back in the direction I came from, in which direction is the lake?",east
4189,We are driving west along the south shore of the island. In which direction is the sea?,south
2898,I am cycling south-east along the north-east side of a road which runs south-east to north-west. In which direction is the road?,south-west
2432,"I am driving south-west along the middle of the north-west side of a park; in which direction is the bandstand, located in the centre of the park?",south-east
705,He is unicycling west along the north shore of the lake. In which direction is the lake?,south
2324,"They are running south-west along the middle of the south-east side of a park; in which direction is the bandstand, located in the centre of the park?",north-west
5710,"They are driving south-east along the south-west shore of an island and then turn around to head back in the direction they came from, in which direction is the sea?",south-west
704,He is hiking south-west along the north-west shore of the lake. In which direction is the lake?,south-east
2297,"We are hiking east along the middle of the north side of a park; in which direction is the bandstand, located in the centre of the park?",south
2915,I am jogging south along the east side of a road which runs south to north. In which direction is the road?,west
4723,They are running north along the east shore of the island. In which direction is the sea?,east
2685,"She is riding east along the middle of the south side of a park; in which direction is the bandstand, located in the centre of the park?",north
5568,"She is riding south-west along the north-west shore of an island and then turns around to head back in the direction she came from, in which direction is the sea?",north-west
4004,He is running south-west along the south-east shore of the island. In which direction is the sea?,south-east
5132,"We are walking south-west along the south-east shore of an island and then turn around to head back in the direction we came from, in which direction is the sea?",south-east
5685,"They are running east along the south shore of an island and then turn around to head back in the direction they came from, in which direction is the sea?",south
5256,"They are perambulating north-east along the north-west shore of an island and then turn around to head back in the direction they came from, in which direction is the sea?",north-west
4609,She is perambulating west along the north shore of the island. In which direction is the sea?,north
3493,You are perambulating east along the south side of a road which runs east to west. In which direction is the road?,north
4766,They are riding south-east along the south-west shore of the island. In which direction is the sea?,south-west
1214,"She is walking north-west along the south-west shore of a lake and then turns around to head back in the direction she came from, in which direction is the lake?",north-east
3952,You are driving north-east along the north-west shore of the island. In which direction is the sea?,north-west
5566,"She is riding south-east along the south-west shore of an island and then turns around to head back in the direction she came from, in which direction is the sea?",south-west
5704,"They are cycling south-west along the north-west shore of an island and then turn around to head back in the direction they came from, in which direction is the sea?",north-west
426,They are driving south-east along the north-east shore of the lake. In which direction is the lake?,south-west
3720,We are jogging south-west along the north-west side of a road which runs south-west to north-east. In which direction is the road?,south-east
3199,She is racing north along the west side of a road which runs north to south. In which direction is the road?,east
3878,I am jogging north-west along the south-west shore of the island. In which direction is the sea?,south-west
4503,He is cycling south along the west shore of the island. In which direction is the sea?,west
720,He is racing south-west along the north-west shore of the lake. In which direction is the lake?,south-east
5407,"You are riding south along the west shore of an island and then turn around to head back in the direction you came from, in which direction is the sea?",west
2505,"You are driving west along the middle of the north side of a park; in which direction is the bandstand, located in the centre of the park?",south
5383,"You are cycling south along the west shore of an island and then turn around to head back in the direction you came from, in which direction is the sea?",west
25,I am driving east along the north shore of the lake. In which direction is the lake?,south
1891,"They are perambulating north along the east shore of a lake and then turn around to head back in the direction they came from, in which direction is the lake?",west
3386,I am driving north-west along the north-east side of a road which runs north-west to south-east. In which direction is the road?,south-west
3245,We are riding west along the south side of a road which runs west to east. In which direction is the road?,north
200,He is jogging north-east along the north-west shore of the lake. In which direction is the lake?,south-east
2135,"He is perambulating north along the middle of the west side of a park; in which direction is the bandstand, located in the centre of the park?",east
901,They are cycling east along the south shore of the lake. In which direction is the lake?,north
3575,He is perambulating south along the west side of a road which runs south to north. In which direction is the road?,east
4562,She is running north-west along the north-east shore of the island. In which direction is the sea?,north-east
1687,"She is running south along the west shore of a lake and then turns around to head back in the direction she came from, in which direction is the lake?",east
5128,"We are running north-east along the north-west shore of an island and then turn around to head back in the direction we came from, in which direction is the sea?",north-west
4166,We are running north-west along the south-west shore of the island. In which direction is the sea?,south-west
5333,"I am perambulating east along the south shore of an island and then turn around to head back in the direction I came from, in which direction is the sea?",south
2802,"They are running north-west along the middle of the north-east side of a park; in which direction is the bandstand, located in the centre of the park?",south-west
1757,"She is racing east along the south shore of a lake and then turns around to head back in the direction she came from, in which direction is the lake?",north
3424,I am hiking south-west along the north-west side of a road which runs south-west to north-east. In which direction is the road?,south-east
4974,"He is walking north-west along the south-west shore of an island and then turns around to head back in the direction he came from, in which direction is the sea?",south-west
3893,I am perambulating west along the south shore of the island. In which direction is the sea?,south
3516,You are racing north-east along the south-east side of a road which runs north-east to south-west. In which direction is the road?,north-west
3253,We are perambulating west along the south side of a road which runs west to east. In which direction is the road?,north
2723,"We are running north along the middle of the east side of a park; in which direction is the bandstand, located in the centre of the park?",west
592,You are driving south-west along the north-west shore of the lake. In which direction is the lake?,south-east
4069,He is unicycling west along the south shore of the island. In which direction is the sea?,south
5214,"They are walking north-west along the south-west shore of an island and then turn around to head back in the direction they came from, in which direction is the sea?",south-west
751,She is driving south along the west shore of the lake. In which direction is the lake?,east
312,She is unicycling north-east along the north-west shore of the lake. In which direction is the lake?,south-east
1274,"She is racing south-east along the north-east shore of a lake and then turns around to head back in the direction she came from, in which direction is the lake?",south-west
4690,We are perambulating north-west along the north-east shore of the island. In which direction is the sea?,north-east
4806,"I am running north-west along the south-west shore of an island and then turn around to head back in the direction I came from, in which direction is the sea?",south-west
2189,"She is driving west along the middle of the south side of a park; in which direction is the bandstand, located in the centre of the park?",north
5295,"I am walking south along the west shore of an island and then turn around to head back in the direction I came from, in which direction is the sea?",west
4489,He is walking west along the north shore of the island. In which direction is the sea?,north
272,She is driving north-east along the north-west shore of the lake. In which direction is the lake?,south-east
5294,"I am walking south-east along the south-west shore of an island and then turn around to head back in the direction I came from, in which direction is the sea?",south-west
1919,"They are racing south along the west shore of a lake and then turn around to head back in the direction they came from, in which direction is the lake?",east
1012,"I am perambulating south-west along the south-east shore of a lake and then turn around to head back in the direction I came from, in which direction is the lake?",north-west
457,They are hiking east along the north shore of the lake. In which direction is the lake?,south
1002,"I am riding south-east along the north-east shore of a lake and then turn around to head back in the direction I came from, in which direction is the lake?",south-west
5142,"We are cycling north-west along the south-west shore of an island and then turn around to head back in the direction we came from, in which direction is the sea?",south-west
4464,You are hiking south-west along the north-west shore of the island. In which direction is the sea?,north-west
2657,"She is cycling west along the middle of the north side of a park; in which direction is the bandstand, located in the centre of the park?",south
1623,"He is cycling south along the west shore of a lake and then turns around to head back in the direction he came from, in which direction is the lake?",east
1856,"They are walking south-west along the north-west shore of a lake and then turn around to head back in the direction they came from, in which direction is the lake?",south-east
2020,"You are cycling south-west along the middle of the south-east side of a park; in which direction is the bandstand, located in the centre of the park?",north-west
5194,"We are racing south-east along the north-east shore of an island and then turn around to head back in the direction we came from, in which direction is the sea?",north-east
4673,We are jogging west along the north shore of the island. In which direction is the sea?,north
3978,You are hiking south-east along the north-east shore of the island. In which direction is the sea?,north-east
4469,You are unicycling east along the south shore of the island. In which direction is the sea?,south
3567,He is riding south along the west side of a road which runs south to north. In which direction is the road?,east
2537,"You are hiking west along the middle of the north side of a park; in which direction is the bandstand, located in the centre of the park?",south
232,He is unicycling north-east along the north-west shore of the lake. In which direction is the lake?,south-east
481,I am running west along the north shore of the lake. In which direction is the lake?,south
3256,We are perambulating north-east along the north-west side of a road which runs north-east to south-west. In which direction is the road?,south-east
903,They are cycling south along the west shore of the lake. In which direction is the lake?,east
1742,"She is hiking south-east along the south-west shore of a lake and then turns around to head back in the direction she came from, in which direction is the lake?",north-east
4600,She is jogging south-west along the north-west shore of the island. In which direction is the sea?,north-west
1833,"We are racing west along the north shore of a lake and then turn around to head back in the direction we came from, in which direction is the lake?",south
4727,They are running south along the west shore of the island. In which direction is the sea?,west
5531,"She is walking north along the east shore of an island and then turns around to head back in the direction she came from, in which direction is the sea?",east
2317,"We are racing west along the middle of the south side of a park; in which direction is the bandstand, located in the centre of the park?",north
1622,"He is cycling south-east along the south-west shore of a lake and then turns around to head back in the direction he came from, in which direction is the lake?",north-east
1542,"You are cycling south-east along the south-west shore of a lake and then turn around to head back in the direction you came from, in which direction is the lake?",north-east
3982,You are hiking north-west along the south-west shore of the island. In which direction is the sea?,south-west
3021,You are hiking west along the south side of a road which runs west to east. In which direction is the road?,north
2870,"They are unicycling south-east along the middle of the south-west side of a park; in which direction is the bandstand, located in the centre of the park?",north-east
4248,They are running north-east along the north-west shore of the island. In which direction is the sea?,north-west
1867,"They are driving north along the east shore of a lake and then turn around to head back in the direction they came from, in which direction is the lake?",west
2613,"He is perambulating east along the middle of the south side of a park; in which direction is the bandstand, located in the centre of the park?",north
3082,He is riding south-east along the north-east side of a road which runs south-east to north-west. In which direction is the road?,south-west
4292,They are perambulating south-west along the south-east shore of the island. In which direction is the sea?,south-east
3521,He is running west along the north side of a road which runs west to east. In which direction is the road?,south
2946,I am unicycling south-east along the north-east side of a road which runs south-east to north-west. In which direction is the road?,south-west
4560,He is racing south-west along the north-west shore of the island. In which direction is the sea?,north-west
4661,We are cycling east along the south shore of the island. In which direction is the sea?,south
5161,"We are riding east along the north shore of an island and then turn around to head back in the direction we came from, in which direction is the sea?",north
5589,"She is unicycling east along the south shore of an island and then turns around to head back in the direction she came from, in which direction is the sea?",south
537,I am hiking west along the north shore of the lake. In which direction is the lake?,south
1139,"He is cycling south along the east shore of a lake and then turns around to head back in the direction he came from, in which direction is the lake?",west
4346,I am driving north-west along the north-east shore of the island. In which direction is the sea?,north-east
893,They are walking east along the south shore of the lake. In which direction is the lake?,north
926,They are riding south-east along the south-west shore of the lake. In which direction is the lake?,north-east
5628,"We are driving north-east along the south-east shore of an island and then turn around to head back in the direction we came from, in which direction is the sea?",south-east
542,I am hiking south-east along the south-west shore of the lake. In which direction is the lake?,north-east
280,She is jogging north-east along the north-west shore of the lake. In which direction is the lake?,south-east
2058,"You are hiking south-east along the middle of the north-east side of a park; in which direction is the bandstand, located in the centre of the park?",south-west
643,He is running north along the east shore of the lake. In which direction is the lake?,west
4915,"You are jogging south along the east shore of an island and then turn around to head back in the direction you came from, in which direction is the sea?",east
2483,"You are running north along the middle of the east side of a park; in which direction is the bandstand, located in the centre of the park?",west
2562,"He is running north-west along the middle of the north-east side of a park; in which direction is the bandstand, located in the centre of the park?",south-west
5083,"She is riding south along the east shore of an island and then turns around to head back in the direction she came from, in which direction is the sea?",east
3609,She is walking west along the north side of a road which runs west to east. In which direction is the road?,south
2170,"She is walking south-east along the middle of the north-east side of a park; in which direction is the bandstand, located in the centre of the park?",south-west
2223,"She is hiking north along the middle of the west side of a park; in which direction is the bandstand, located in the centre of the park?",east
2561,"He is running west along the middle of the north side of a park; in which direction is the bandstand, located in the centre of the park?",south
4991,"He is driving north along the west shore of an island and then turns around to head back in the direction he came from, in which direction is the sea?",west
2036,"You are jogging south-west along the middle of the south-east side of a park; in which direction is the bandstand, located in the centre of the park?",north-west
153,You are racing east along the north shore of the lake. In which direction is the lake?,south
1813,"We are perambulating east along the south shore of a lake and then turn around to head back in the direction we came from, in which direction is the lake?",north
4971,"He is walking south along the east shore of an island and then turns around to head back in the direction he came from, in which direction is the sea?",east
201,He is riding east along the north shore of the lake. In which direction is the lake?,south
3457,You are cycling west along the north side of a road which runs west to east. In which direction is the road?,south
1851,"They are walking north along the east shore of a lake and then turn around to head back in the direction they came from, in which direction is the lake?",west
4146,She is unicycling south-east along the north-east shore of the island. In which direction is the sea?,north-east
3447,You are running south along the west side of a road which runs south to north. In which direction is the road?,east
1804,"We are riding north-east along the south-east shore of a lake and then turn around to head back in the direction we came from, in which direction is the lake?",north-west
421,They are cycling west along the south shore of the lake. In which direction is the lake?,north
1049,"You are walking east along the north shore of a lake and then turn around to head back in the direction you came from, in which direction is the lake?",south
2583,"He is cycling south along the middle of the west side of a park; in which direction is the bandstand, located in the centre of the park?",east
5724,"They are riding north-east along the south-east shore of an island and then turn around to head back in the direction they came from, in which direction is the sea?",south-east
5750,"They are unicycling south-east along the south-west shore of an island and then turn around to head back in the direction they came from, in which direction is the sea?",south-west
951,They are unicycling south along the west shore of the lake. In which direction is the lake?,east
1410,"They are perambulating south-east along the north-east shore of a lake and then turn around to head back in the direction they came from, in which direction is the lake?",south-west
1948,"I am driving south-west along the middle of the south-east side of a park; in which direction is the bandstand, located in the centre of the park?",north-west
4181,We are cycling west along the south shore of the island. In which direction is the sea?,south
2693,"She is perambulating east along the middle of the south side of a park; in which direction is the bandstand, located in the centre of the park?",north
4823,"I am cycling north along the west shore of an island and then turn around to head back in the direction I came from, in which direction is the sea?",west
1471,"I am driving south along the west shore of a lake and then turn around to head back in the direction I came from, in which direction is the lake?",east
499,I am cycling north along the east shore of the lake. In which direction is the lake?,west
4941,"You are hiking west along the south shore of an island and then turn around to head back in the direction you came from, in which direction is the sea?",south
5557,"She is jogging east along the south shore of an island and then turns around to head back in the direction she came from, in which direction is the sea?",south
4070,He is unicycling north-west along the south-west shore of the island. In which direction is the sea?,south-west
4824,"I am cycling north-east along the north-west shore of an island and then turn around to head back in the direction I came from, in which direction is the sea?",north-west
3467,You are driving north along the east side of a road which runs north to south. In which direction is the road?,west
1442,"I am running north-west along the north-east shore of a lake and then turn around to head back in the direction I came from, in which direction is the lake?",south-west
2132,"He is perambulating south-west along the middle of the south-east side of a park; in which direction is the bandstand, located in the centre of the park?",north-west
4737,They are cycling west along the north shore of the island. In which direction is the sea?,north
3581,He is hiking east along the south side of a road which runs east to west. In which direction is the road?,north
2553,"You are racing west along the middle of the north side of a park; in which direction is the bandstand, located in the centre of the park?",south
332,We are walking south-west along the south-east shore of the lake. In which direction is the lake?,north-west
1749,"She is unicycling east along the south shore of a lake and then turns around to head back in the direction she came from, in which direction is the lake?",north
3178,She is hiking south-east along the north-east side of a road which runs south-east to north-west. In which direction is the road?,south-west
5066,"She is driving south-east along the north-east shore of an island and then turns around to head back in the direction she came from, in which direction is the sea?",north-east
133,You are perambulating west along the south shore of the lake. In which direction is the lake?,north
3542,He is cycling south-east along the south-west side of a road which runs south-east to north-west. In which direction is the road?,north-east
4757,They are jogging east along the south shore of the island. In which direction is the sea?,south
958,They are racing south-east along the south-west shore of the lake. In which direction is the lake?,north-east
4415,You are walking south along the west shore of the island. In which direction is the sea?,west
941,They are hiking east along the south shore of the lake. In which direction is the lake?,north
5543,"She is cycling south along the west shore of an island and then turns around to head back in the direction she came from, in which direction is the sea?",west
3639,She is jogging south along the west side of a road which runs south to north. In which direction is the road?,east
4321,I am running west along the north shore of the island. In which direction is the sea?,north
96,You are walking north-east along the north-west shore of the lake. In which direction is the lake?,south-east
2293,"We are perambulating west along the middle of the south side of a park; in which direction is the bandstand, located in the centre of the park?",north
809,We are walking west along the north shore of the lake. In which direction is the lake?,south
5574,"She is perambulating south-east along the south-west shore of an island and then turns around to head back in the direction she came from, in which direction is the sea?",south-west
2445,"I am riding east along the middle of the south side of a park; in which direction is the bandstand, located in the centre of the park?",north
307,She is unicycling south along the east shore of the lake. In which direction is the lake?,west
1242,"She is riding south-east along the north-east shore of a lake and then turns around to head back in the direction she came from, in which direction is the lake?",south-west
815,We are walking south along the west shore of the lake. In which direction is the lake?,east
226,He is unicycling south-east along the north-east shore of the lake. In which direction is the lake?,south-west
4250,They are walking south-east along the north-east shore of the island. In which direction is the sea?,north-east
2206,"She is riding north-west along the middle of the south-west side of a park; in which direction is the bandstand, located in the centre of the park?",north-east
2916,I am jogging south-west along the south-east side of a road which runs south-west to north-east. In which direction is the road?,north-west
741,She is cycling east along the south shore of the lake. In which direction is the lake?,north
707,He is unicycling north along the east shore of the lake. In which direction is the lake?,west
5751,"They are unicycling south along the west shore of an island and then turn around to head back in the direction they came from, in which direction is the sea?",west
1054,"You are walking north-west along the south-west shore of a lake and then turn around to head back in the direction you came from, in which direction is the lake?",north-east
3389,I am driving east along the south side of a road which runs east to west. In which direction is the road?,north
2331,"They are walking south along the middle of the east side of a park; in which direction is the bandstand, located in the centre of the park?",west
4016,He is walking north-east along the north-west shore of the island. In which direction is the sea?,north-west
349,We are driving west along the south shore of the lake. In which direction is the lake?,north
254,She is walking north-west along the south-west shore of the lake. In which direction is the lake?,north-east
4934,"You are perambulating north-west along the south-west shore of an island and then turn around to head back in the direction you came from, in which direction is the sea?",south-west
3081,He is riding east along the north side of a road which runs east to west. In which direction is the road?,south
1915,"They are racing north along the east shore of a lake and then turn around to head back in the direction they came from, in which direction is the lake?",west
2892,I am walking south-west along the south-east side of a road which runs south-west to north-east. In which direction is the road?,north-west
891,They are walking north along the east shore of the lake. In which direction is the lake?,west
1301,"We are cycling west along the south shore of a lake and then turn around to head back in the direction we came from, in which direction is the lake?",north
2126,"He is riding north-west along the middle of the south-west side of a park; in which direction is the bandstand, located in the centre of the park?",north-east
648,He is running south-west along the north-west shore of the lake. In which direction is the lake?,south-east
3770,They are walking north-west along the north-east side of a road which runs north-west to south-east. In which direction is the road?,south-west
1299,"We are cycling south along the east shore of a lake and then turn around to head back in the direction we came from, in which direction is the lake?",west
236,He is racing south-west along the south-east shore of the lake. In which direction is the lake?,north-west
4264,They are cycling north-east along the north-west shore of the island. In which direction is the sea?,north-west
5703,"They are cycling south along the west shore of an island and then turn around to head back in the direction they came from, in which direction is the sea?",west
591,You are driving south along the west shore of the lake. In which direction is the lake?,east
5583,"She is hiking south along the west shore of an island and then turns around to head back in the direction she came from, in which direction is the sea?",west
5586,"She is unicycling north-west along the north-east shore of an island and then turns around to head back in the direction she came from, in which direction is the sea?",north-east
4758,They are jogging south-east along the south-west shore of the island. In which direction is the sea?,south-west
503,I am cycling south along the west shore of the lake. In which direction is the lake?,east
2300,"We are hiking south-west along the middle of the south-east side of a park; in which direction is the bandstand, located in the centre of the park?",north-west
5446,"He is running south-east along the south-west shore of an island and then turns around to head back in the direction he came from, in which direction is the sea?",south-west
1942,"I am cycling north-west along the middle of the south-west side of a park; in which direction is the bandstand, located in the centre of the park?",north-east
4593,She is jogging west along the north shore of the island. In which direction is the sea?,north
3160,She is jogging north-east along the north-west side of a road which runs north-east to south-west. In which direction is the road?,south-east
1563,"You are riding north along the east shore of a lake and then turn around to head back in the direction you came from, in which direction is the lake?",west
4221,We are hiking west along the south shore of the island. In which direction is the sea?,south
3198,She is racing north-west along the south-west side of a road which runs north-west to south-east. In which direction is the road?,north-east
561,You are running west along the north shore of the lake. In which direction is the lake?,south
2771,"We are perambulating north along the middle of the east side of a park; in which direction is the bandstand, located in the centre of the park?",west
1814,"We are perambulating south-east along the south-west shore of a lake and then turn around to head back in the direction we came from, in which direction is the lake?",north-east
3772,They are walking north-east along the south-east side of a road which runs north-east to south-west. In which direction is the road?,north-west
1486,"I am riding south-east along the south-west shore of a lake and then turn around to head back in the direction I came from, in which direction is the lake?",north-east
2021,"You are cycling west along the middle of the south side of a park; in which direction is the bandstand, located in the centre of the park?",north
708,He is unicycling north-east along the south-east shore of the lake. In which direction is the lake?,north-west
326,We are running north-west along the south-west shore of the lake. In which direction is the lake?,north-east
1679,"He is racing south along the west shore of a lake and then turns around to head back in the direction he came from, in which direction is the lake?",east
1641,"He is riding west along the north shore of a lake and then turns around to head back in the direction he came from, in which direction is the lake?",south
5052,"She is walking south-west along the south-east shore of an island and then turns around to head back in the direction she came from, in which direction is the sea?",south-east
562,You are running north-west along the north-east shore of the lake. In which direction is the lake?,south-west
3222,We are cycling north-west along the south-west side of a road which runs north-west to south-east. In which direction is the road?,north-east
4613,She is perambulating east along the south shore of the island. In which direction is the sea?,south
3123,She is running south along the east side of a road which runs south to north. In which direction is the road?,west
2364,"They are riding south-west along the middle of the south-east side of a park; in which direction is the bandstand, located in the centre of the park?",north-west
3109,He is unicycling west along the south side of a road which runs west to east. In which direction is the road?,north
3780,They are cycling north-east along the south-east side of a road which runs north-east to south-west. In which direction is the road?,north-west
5213,"They are walking west along the south shore of an island and then turn around to head back in the direction they came from, in which direction is the sea?",south
1627,"He is driving north along the east shore of a lake and then turns around to head back in the direction he came from, in which direction is the lake?",west
126,You are riding north-west along the south-west shore of the lake. In which direction is the lake?,north-east
4228,We are unicycling south-west along the south-east shore of the island. In which direction is the sea?,south-east
1195,"He is racing south along the east shore of a lake and then turns around to head back in the direction he came from, in which direction is the lake?",west
4161,We are running east along the north shore of the island. In which direction is the sea?,north
1096,"You are perambulating north-east along the north-west shore of a lake and then turn around to head back in the direction you came from, in which direction is the lake?",south-east
147,You are unicycling south along the east shore of the lake. In which direction is the lake?,west
4707,We are unicycling north along the east shore of the island. In which direction is the sea?,east
2705,"She is unicycling west along the middle of the north side of a park; in which direction is the bandstand, located in the centre of the park?",south
4402,You are running north-west along the north-east shore of the island. In which direction is the sea?,north-east
1776,"We are walking south-west along the north-west shore of a lake and then turn around to head back in the direction we came from, in which direction is the lake?",south-east
2973,You are walking west along the south side of a road which runs west to east. In which direction is the road?,north
1761,"We are running west along the north shore of a lake and then turn around to head back in the direction we came from, in which direction is the lake?",south
4813,"I am walking west along the south shore of an island and then turn around to head back in the direction I came from, in which direction is the sea?",south
2548,"You are unicycling north-east along the middle of the south-east side of a park; in which direction is the bandstand, located in the centre of the park?",north-west
921,They are riding west along the north shore of the lake. In which direction is the lake?,south
1945,"I am driving east along the middle of the north side of a park; in which direction is the bandstand, located in the centre of the park?",south
980,"I am cycling south-west along the south-east shore of a lake and then turn around to head back in the direction I came from, in which direction is the lake?",north-west
4745,They are driving west along the north shore of the island. In which direction is the sea?,north
3328,They are riding north-east along the north-west side of a road which runs north-east to south-west. In which direction is the road?,south-east
3242,We are riding south-east along the north-east side of a road which runs south-east to north-west. In which direction is the road?,south-west
1297,"We are cycling east along the north shore of a lake and then turn around to head back in the direction we came from, in which direction is the lake?",south
2545,"You are unicycling west along the middle of the north side of a park; in which direction is the bandstand, located in the centre of the park?",south
244,She is running south-west along the south-east shore of the lake. In which direction is the lake?,north-west
2530,"You are perambulating north-west along the middle of the north-east side of a park; in which direction is the bandstand, located in the centre of the park?",south-west
4173,We are walking west along the south shore of the island. In which direction is the sea?,south
738,She is cycling north-west along the north-east shore of the lake. In which direction is the lake?,south-west
2927,I am riding north along the west side of a road which runs north to south. In which direction is the road?,east
4977,"He is cycling east along the north shore of an island and then turns around to head back in the direction he came from, in which direction is the sea?",north
5450,"He is walking north-west along the north-east shore of an island and then turns around to head back in the direction he came from, in which direction is the sea?",north-east
2193,"She is jogging east along the middle of the north side of a park; in which direction is the bandstand, located in the centre of the park?",south
2524,"You are riding north-east along the middle of the south-east side of a park; in which direction is the bandstand, located in the centre of the park?",north-west
5080,"She is jogging north-east along the north-west shore of an island and then turns around to head back in the direction she came from, in which direction is the sea?",north-west
3591,He is unicycling south along the west side of a road which runs south to north. In which direction is the road?,east
492,I am walking north-east along the south-east shore of the lake. In which direction is the lake?,north-west
275,She is jogging south along the east shore of the lake. In which direction is the lake?,west
2001,"You are running east along the middle of the north side of a park; in which direction is the bandstand, located in the centre of the park?",south
4310,They are unicycling north-west along the south-west shore of the island. In which direction is the sea?,south-west
2814,"They are walking south-east along the middle of the south-west side of a park; in which direction is the bandstand, located in the centre of the park?",north-east
4670,We are driving south-east along the south-west shore of the island. In which direction is the sea?,south-west
996,"I am jogging south-west along the south-east shore of a lake and then turn around to head back in the direction I came from, in which direction is the lake?",north-west
2767,"We are riding south along the middle of the west side of a park; in which direction is the bandstand, located in the centre of the park?",east
5697,"They are cycling west along the north shore of an island and then turn around to head back in the direction they came from, in which direction is the sea?",north
2301,"We are hiking west along the middle of the south side of a park; in which direction is the bandstand, located in the centre of the park?",north
4448,You are riding south-west along the north-west shore of the island. In which direction is the sea?,north-west
4061,He is hiking west along the south shore of the island. In which direction is the sea?,south
4276,They are jogging south-west along the south-east shore of the island. In which direction is the sea?,south-east
1294,"We are walking north-west along the south-west shore of a lake and then turn around to head back in the direction we came from, in which direction is the lake?",north-east
4364,I am riding north-east along the south-east shore of the island. In which direction is the sea?,south-east
4680,We are jogging south-west along the north-west shore of the island. In which direction is the sea?,north-west
5722,"They are riding north-west along the north-east shore of an island and then turn around to head back in the direction they came from, in which direction is the sea?",north-east
2271,"We are driving north along the middle of the west side of a park; in which direction is the bandstand, located in the centre of the park?",east
2355,"They are jogging south along the middle of the east side of a park; in which direction is the bandstand, located in the centre of the park?",west
4190,We are driving north-west along the south-west shore of the island. In which direction is the sea?,south-west
3080,He is jogging north-east along the north-west side of a road which runs north-east to south-west. In which direction is the road?,south-east
3171,She is perambulating south along the east side of a road which runs south to north. In which direction is the road?,west
3976,You are perambulating north-east along the north-west shore of the island. In which direction is the sea?,north-west
94,You are walking north-west along the south-west shore of the lake. In which direction is the lake?,north-east
1523,"You are running north along the east shore of a lake and then turn around to head back in the direction you came from, in which direction is the lake?",west
1036,"I am racing south-west along the south-east shore of a lake and then turn around to head back in the direction I came from, in which direction is the lake?",north-west
1565,"You are riding east along the south shore of a lake and then turn around to head back in the direction you came from, in which direction is the lake?",north
2533,"You are perambulating east along the middle of the south side of a park; in which direction is the bandstand, located in the centre of the park?",north
3238,We are jogging north-west along the south-west side of a road which runs north-west to south-east. In which direction is the road?,north-east
4851,"I am perambulating south along the east shore of an island and then turn around to head back in the direction I came from, in which direction is the sea?",east
4242,They are running south-east along the north-east shore of the island. In which direction is the sea?,north-east
3750,We are unicycling south-east along the south-west side of a road which runs south-east to north-west. In which direction is the road?,north-east
4078,He is racing north-west along the south-west shore of the island. In which direction is the sea?,south-west
5496,"He is perambulating south-west along the north-west shore of an island and then turns around to head back in the direction he came from, in which direction is the sea?",north-west
3689,We are walking west along the north side of a road which runs west to east. In which direction is the road?,south
1240,"She is jogging north-east along the north-west shore of a lake and then turns around to head back in the direction she came from, in which direction is the lake?",south-east
2868,"They are unicycling north-east along the middle of the south-east side of a park; in which direction is the bandstand, located in the centre of the park?",north-west
5478,"He is jogging south-east along the south-west shore of an island and then turns around to head back in the direction he came from, in which direction is the sea?",south-west
760,She is jogging south-west along the north-west shore of the lake. In which direction is the lake?,south-east
2040,"You are jogging north-east along the middle of the north-west side of a park; in which direction is the bandstand, located in the centre of the park?",south-east
2294,"We are perambulating north-west along the middle of the south-west side of a park; in which direction is the bandstand, located in the centre of the park?",north-east
4508,He is driving north-east along the south-east shore of the island. In which direction is the sea?,south-east
1747,"She is unicycling north along the east shore of a lake and then turns around to head back in the direction she came from, in which direction is the lake?",west
2339,"They are cycling south along the middle of the east side of a park; in which direction is the bandstand, located in the centre of the park?",west
2529,"You are perambulating west along the middle of the north side of a park; in which direction is the bandstand, located in the centre of the park?",south
4107,She is driving south along the east shore of the island. In which direction is the sea?,east
5403,"You are riding north along the east shore of an island and then turn around to head back in the direction you came from, in which direction is the sea?",east
5007,"He is riding north along the west shore of an island and then turns around to head back in the direction he came from, in which direction is the sea?",west
1928,"I am running north-east along the middle of the north-west side of a park; in which direction is the bandstand, located in the centre of the park?",south-east
3972,You are perambulating south-west along the south-east shore of the island. In which direction is the sea?,south-east
2584,"He is cycling south-west along the middle of the north-west side of a park; in which direction is the bandstand, located in the centre of the park?",south-east
4849,"I am perambulating east along the north shore of an island and then turn around to head back in the direction I came from, in which direction is the sea?",north
4360,I am jogging south-west along the north-west shore of the island. In which direction is the sea?,north-west
4987,"He is driving south along the east shore of an island and then turns around to head back in the direction he came from, in which direction is the sea?",east
2531,"You are perambulating north along the middle of the east side of a park; in which direction is the bandstand, located in the centre of the park?",west
2028,"You are driving south-west along the middle of the south-east side of a park; in which direction is the bandstand, located in the centre of the park?",north-west
2839,"They are jogging south along the middle of the west side of a park; in which direction is the bandstand, located in the centre of the park?",east
375,We are perambulating north along the west shore of the lake. In which direction is the lake?,east
1357,"We are racing west along the south shore of a lake and then turn around to head back in the direction we came from, in which direction is the lake?",north
4212,We are perambulating south-west along the south-east shore of the island. In which direction is the sea?,south-east
1450,"I am walking north-west along the north-east shore of a lake and then turn around to head back in the direction I came from, in which direction is the lake?",south-west
5308,"I am driving north-east along the south-east shore of an island and then turn around to head back in the direction I came from, in which direction is the sea?",south-east
2310,"We are unicycling north-west along the middle of the south-west side of a park; in which direction is the bandstand, located in the centre of the park?",north-east
2074,"You are racing south-east along the middle of the north-east side of a park; in which direction is the bandstand, located in the centre of the park?",south-west
1512,"I am unicycling south-west along the north-west shore of a lake and then turn around to head back in the direction I came from, in which direction is the lake?",south-east
5227,"They are driving south along the east shore of an island and then turn around to head back in the direction they came from, in which direction is the sea?",east
1170,"He is perambulating south-east along the north-east shore of a lake and then turns around to head back in the direction he came from, in which direction is the lake?",south-west
4333,I am walking east along the south shore of the island. In which direction is the sea?,south
5487,"He is riding south along the west shore of an island and then turns around to head back in the direction he came from, in which direction is the sea?",west
92,You are walking south-west along the south-east shore of the lake. In which direction is the lake?,north-west
3001,You are riding east along the north side of a road which runs east to west. In which direction is the road?,south
4424,You are cycling south-west along the north-west shore of the island. In which direction is the sea?,north-west
4314,They are racing south-east along the north-east shore of the island. In which direction is the sea?,north-east
1067,"You are driving south along the east shore of a lake and then turn around to head back in the direction you came from, in which direction is the lake?",west
1951,"I am driving north along the middle of the west side of a park; in which direction is the bandstand, located in the centre of the park?",east
3229,We are driving west along the south side of a road which runs west to east. In which direction is the road?,north
2306,"We are unicycling south-east along the middle of the north-east side of a park; in which direction is the bandstand, located in the centre of the park?",south-west
5680,"We are racing south-west along the north-west shore of an island and then turn around to head back in the direction we came from, in which direction is the sea?",north-west
3252,We are perambulating south-west along the south-east side of a road which runs south-west to north-east. In which direction is the road?,north-west
823,We are cycling south along the west shore of the lake. In which direction is the lake?,east
1397,"They are jogging west along the south shore of a lake and then turn around to head back in the direction they came from, in which direction is the lake?",north
4279,They are jogging north along the west shore of the island. In which direction is the sea?,west
566,You are running south-east along the south-west shore of the lake. In which direction is the lake?,north-east
5652,"We are perambulating north-east along the south-east shore of an island and then turn around to head back in the direction we came from, in which direction is the sea?",south-east
3919,I am racing north along the west shore of the island. In which direction is the sea?,west
1162,"He is riding south-east along the north-east shore of a lake and then turns around to head back in the direction he came from, in which direction is the lake?",south-west
2862,"They are hiking south-east along the middle of the south-west side of a park; in which direction is the bandstand, located in the centre of the park?",north-east
5458,"He is cycling north-west along the north-east shore of an island and then turns around to head back in the direction he came from, in which direction is the sea?",north-east
13,I am walking west along the south shore of the lake. In which direction is the lake?,north
1644,"He is riding north-east along the south-east shore of a lake and then turns around to head back in the direction he came from, in which direction is the lake?",north-west
4859,"I am hiking south along the east shore of an island and then turn around to head back in the direction I came from, in which direction is the sea?",east
1837,"We are racing east along the south shore of a lake and then turn around to head back in the direction we came from, in which direction is the lake?",north
1351,"We are unicycling north along the west shore of a lake and then turn around to head back in the direction we came from, in which direction is the lake?",east
3945,You are driving east along the north shore of the island. In which direction is the sea?,north
5608,"We are running south-west along the north-west shore of an island and then turn around to head back in the direction we came from, in which direction is the sea?",north-west
1008,"I am riding north-east along the north-west shore of a lake and then turn around to head back in the direction I came from, in which direction is the lake?",south-east
3085,He is riding west along the south side of a road which runs west to east. In which direction is the road?,north
4656,We are walking south-west along the north-west shore of the island. In which direction is the sea?,north-west
667,He is driving north along the east shore of the lake. In which direction is the lake?,west
4525,He is riding east along the south shore of the island. In which direction is the sea?,south
4604,She is riding north-east along the south-east shore of the island. In which direction is the sea?,south-east
928,They are riding south-west along the north-west shore of the lake. In which direction is the lake?,south-east
1059,"You are cycling south along the east shore of a lake and then turn around to head back in the direction you came from, in which direction is the lake?",west
2043,"You are riding south along the middle of the east side of a park; in which direction is the bandstand, located in the centre of the park?",west
4641,We are running west along the north shore of the island. In which direction is the sea?,north
3138,She is cycling south-east along the north-east side of a road which runs south-east to north-west. In which direction is the road?,south-west
1629,"He is driving east along the south shore of a lake and then turns around to head back in the direction he came from, in which direction is the lake?",north
2451,"I am perambulating north along the middle of the east side of a park; in which direction is the bandstand, located in the centre of the park?",west
472,They are unicycling north-east along the north-west shore of the lake. In which direction is the lake?,south-east
840,We are jogging south-west along the north-west shore of the lake. In which direction is the lake?,south-east
5485,"He is riding east along the south shore of an island and then turns around to head back in the direction he came from, in which direction is the sea?",south
1426,"They are unicycling south-east along the north-east shore of a lake and then turn around to head back in the direction they came from, in which direction is the lake?",south-west
4416,You are walking south-west along the north-west shore of the island. In which direction is the sea?,north-west
5323,"I am riding north along the east shore of an island and then turn around to head back in the direction I came from, in which direction is the sea?",east
4722,They are running north-west along the north-east shore of the island. In which direction is the sea?,north-east
1206,"She is running north-west along the south-west shore of a lake and then turns around to head back in the direction she came from, in which direction is the lake?",north-east
2796,"We are racing north-east along the middle of the south-east side of a park; in which direction is the bandstand, located in the centre of the park?",north-west
3572,He is perambulating north-east along the south-east side of a road which runs north-east to south-west. In which direction is the road?,north-west
3655,She is perambulating south along the west side of a road which runs south to north. In which direction is the road?,east
853,We are perambulating east along the south shore of the lake. In which direction is the lake?,north
4305,They are unicycling east along the north shore of the island. In which direction is the sea?,north
2852,"They are perambulating north-east along the middle of the south-east side of a park; in which direction is the bandstand, located in the centre of the park?",north-west
3421,I am hiking east along the south side of a road which runs east to west. In which direction is the road?,north
1834,"We are racing north-west along the north-east shore of a lake and then turn around to head back in the direction we came from, in which direction is the lake?",south-west
1829,"We are unicycling east along the south shore of a lake and then turn around to head back in the direction we came from, in which direction is the lake?",north
3795,They are jogging north along the east side of a road which runs north to south. In which direction is the road?,west
1706,"She is driving north-west along the north-east shore of a lake and then turns around to head back in the direction she came from, in which direction is the lake?",south-west
1102,"You are hiking north-west along the south-west shore of a lake and then turn around to head back in the direction you came from, in which direction is the lake?",north-east
1204,"She is running south-west along the south-east shore of a lake and then turns around to head back in the direction she came from, in which direction is the lake?",north-west
3574,He is perambulating south-east along the south-west side of a road which runs south-east to north-west. In which direction is the road?,north-east
4567,She is running south along the west shore of the island. In which direction is the sea?,west
3149,She is driving west along the south side of a road which runs west to east. In which direction is the road?,north
2864,"They are hiking south-west along the middle of the north-west side of a park; in which direction is the bandstand, located in the centre of the park?",south-east
1518,"I am racing south-east along the south-west shore of a lake and then turn around to head back in the direction I came from, in which direction is the lake?",north-east
5116,"She is racing south-west along the south-east shore of an island and then turns around to head back in the direction she came from, in which direction is the sea?",south-east
1865,"They are driving west along the north shore of a lake and then turn around to head back in the direction they came from, in which direction is the lake?",south
238,He is racing north-west along the south-west shore of the lake. In which direction is the lake?,north-east
4552,He is unicycling south-west along the north-west shore of the island. In which direction is the sea?,north-west
1467,"I am driving north along the east shore of a lake and then turn around to head back in the direction I came from, in which direction is the lake?",west
5390,"You are driving south-east along the south-west shore of an island and then turn around to head back in the direction you came from, in which direction is the sea?",south-west
4750,They are driving south-east along the south-west shore of the island. In which direction is the sea?,south-west
5526,"She is running south-east along the south-west shore of an island and then turns around to head back in the direction she came from, in which direction is the sea?",south-west
659,He is cycling north along the east shore of the lake. In which direction is the lake?,west
836,We are jogging north-east along the south-east shore of the lake. In which direction is the lake?,north-west
149,You are unicycling west along the south shore of the lake. In which direction is the lake?,north
3472,You are driving south-west along the north-west side of a road which runs south-west to north-east. In which direction is the road?,south-east
3769,They are walking west along the north side of a road which runs west to east. In which direction is the road?,south
3037,You are racing west along the south side of a road which runs west to east. In which direction is the road?,north
1927,"I am running north along the middle of the west side of a park; in which direction is the bandstand, located in the centre of the park?",east
5507,"He is unicycling north along the east shore of an island and then turns around to head back in the direction he came from, in which direction is the sea?",east
4636,She is racing north-east along the south-east shore of the island. In which direction is the sea?,south-east
4080,He is racing north-east along the north-west shore of the island. In which direction is the sea?,north-west
2402,"I am running north-west along the middle of the north-east side of a park; in which direction is the bandstand, located in the centre of the park?",south-west
1144,"He is cycling north-east along the north-west shore of a lake and then turns around to head back in the direction he came from, in which direction is the lake?",south-east
87,You are running north along the west shore of the lake. In which direction is the lake?,east
303,She is hiking north along the west shore of the lake. In which direction is the lake?,east
3628,She is driving north-east along the south-east side of a road which runs north-east to south-west. In which direction is the road?,north-west
3645,She is riding east along the south side of a road which runs east to west. In which direction is the road?,north
2090,"He is walking south-east along the middle of the north-east side of a park; in which direction is the bandstand, located in the centre of the park?",south-west
2746,"We are driving north-west along the middle of the north-east side of a park; in which direction is the bandstand, located in the centre of the park?",south-west
2894,I am walking north-west along the south-west side of a road which runs north-west to south-east. In which direction is the road?,north-east
5639,"We are jogging south along the west shore of an island and then turn around to head back in the direction we came from, in which direction is the sea?",west
5131,"We are walking south along the east shore of an island and then turn around to head back in the direction we came from, in which direction is the sea?",east
900,They are cycling north-east along the south-east shore of the lake. In which direction is the lake?,north-west
5381,"You are cycling east along the south shore of an island and then turn around to head back in the direction you came from, in which direction is the sea?",south
1009,"I am perambulating east along the north shore of a lake and then turn around to head back in the direction I came from, in which direction is the lake?",south
989,"I am driving west along the south shore of a lake and then turn around to head back in the direction I came from, in which direction is the lake?",north
2369,"They are perambulating east along the middle of the north side of a park; in which direction is the bandstand, located in the centre of the park?",south
5474,"He is jogging north-west along the north-east shore of an island and then turns around to head back in the direction he came from, in which direction is the sea?",north-east
4481,He is running west along the north shore of the island. In which direction is the sea?,north
1680,"He is racing south-west along the north-west shore of a lake and then turns around to head back in the direction he came from, in which direction is the lake?",south-east
3366,I am running south-east along the south-west side of a road which runs south-east to north-west. In which direction is the road?,north-east
84,You are running south-west along the south-east shore of the lake. In which direction is the lake?,north-west
2563,"He is running north along the middle of the east side of a park; in which direction is the bandstand, located in the centre of the park?",west
4291,They are perambulating south along the east shore of the island. In which direction is the sea?,east
3603,She is running north along the east side of a road which runs north to south. In which direction is the road?,west
4625,She is unicycling west along the north shore of the island. In which direction is the sea?,north
3733,We are perambulating east along the south side of a road which runs east to west. In which direction is the road?,north
2349,"They are driving west along the middle of the south side of a park; in which direction is the bandstand, located in the centre of the park?",north
6,I am running north-west along the south-west shore of the lake. In which direction is the lake?,north-east
241,She is running east along the north shore of the lake. In which direction is the lake?,south
2683,"She is riding north along the middle of the east side of a park; in which direction is the bandstand, located in the centre of the park?",west
4646,We are running south-east along the south-west shore of the island. In which direction is the sea?,south-west
5167,"We are riding north along the west shore of an island and then turn around to head back in the direction we came from, in which direction is the sea?",west
3884,I am riding south-west along the south-east shore of the island. In which direction is the sea?,south-east
4183,We are cycling north along the west shore of the island. In which direction is the sea?,west
3315,They are jogging south along the east side of a road which runs south to north. In which direction is the road?,west
2443,"I am riding north along the middle of the east side of a park; in which direction is the bandstand, located in the centre of the park?",west
5619,"We are cycling north along the east shore of an island and then turn around to head back in the direction we came from, in which direction is the sea?",east
5019,"He is hiking south along the east shore of an island and then turns around to head back in the direction he came from, in which direction is the sea?",east
2651,"She is walking north along the middle of the east side of a park; in which direction is the bandstand, located in the centre of the park?",west
3422,I am hiking south-east along the south-west side of a road which runs south-east to north-west. In which direction is the road?,north-east
1806,"We are riding south-east along the south-west shore of a lake and then turn around to head back in the direction we came from, in which direction is the lake?",north-east
3630,She is driving south-east along the south-west side of a road which runs south-east to north-west. In which direction is the road?,north-east
1768,"We are running south-west along the north-west shore of a lake and then turn around to head back in the direction we came from, in which direction is the lake?",south-east
600,You are jogging south-west along the north-west shore of the lake. In which direction is the lake?,south-east
4590,She is driving south-east along the south-west shore of the island. In which direction is the sea?,south-west
4811,"I am walking south along the east shore of an island and then turn around to head back in the direction I came from, in which direction is the sea?",east
710,He is unicycling south-east along the south-west shore of the lake. In which direction is the lake?,north-east
1835,"We are racing north along the east shore of a lake and then turn around to head back in the direction we came from, in which direction is the lake?",west
5471,"He is driving south along the west shore of an island and then turns around to head back in the direction he came from, in which direction is the sea?",west
4043,He is riding south along the east shore of the island. In which direction is the sea?,east
5109,"She is unicycling west along the south shore of an island and then turns around to head back in the direction she came from, in which direction is the sea?",south
4484,He is running north-east along the south-east shore of the island. In which direction is the sea?,south-east
2523,"You are riding north along the middle of the east side of a park; in which direction is the bandstand, located in the centre of the park?",west
4520,He is jogging south-west along the north-west shore of the island. In which direction is the sea?,north-west
2406,"I am running south-east along the middle of the south-west side of a park; in which direction is the bandstand, located in the centre of the park?",north-east
1611,"He is walking north along the east shore of a lake and then turns around to head back in the direction he came from, in which direction is the lake?",west
5110,"She is unicycling north-west along the south-west shore of an island and then turns around to head back in the direction she came from, in which direction is the sea?",south-west
3367,I am running south along the west side of a road which runs south to north. In which direction is the road?,east
2640,"He is racing south-west along the middle of the north-west side of a park; in which direction is the bandstand, located in the centre of the park?",south-east
3718,We are jogging south-east along the south-west side of a road which runs south-east to north-west. In which direction is the road?,north-east
5287,"I am running south along the west shore of an island and then turn around to head back in the direction I came from, in which direction is the sea?",west
5694,"They are walking south-east along the south-west shore of an island and then turn around to head back in the direction they came from, in which direction is the sea?",south-west
2843,"They are riding north along the middle of the east side of a park; in which direction is the bandstand, located in the centre of the park?",west
3979,You are hiking south along the east shore of the island. In which direction is the sea?,east
3285,They are running west along the south side of a road which runs west to east. In which direction is the road?,north
2379,"They are hiking south along the middle of the east side of a park; in which direction is the bandstand, located in the centre of the park?",west
560,I am racing south-west along the north-west shore of the lake. In which direction is the lake?,south-east
949,They are unicycling east along the south shore of the lake. In which direction is the lake?,north
1437,"They are racing west along the south shore of a lake and then turn around to head back in the direction they came from, in which direction is the lake?",north
4868,"I am unicycling south-west along the south-east shore of an island and then turn around to head back in the direction I came from, in which direction is the sea?",south-east
1384,"They are cycling north-east along the north-west shore of a lake and then turn around to head back in the direction they came from, in which direction is the lake?",south-east
859,We are hiking north along the east shore of the lake. In which direction is the lake?,west
3717,We are jogging east along the south side of a road which runs east to west. In which direction is the road?,north
2858,"They are hiking north-west along the middle of the north-east side of a park; in which direction is the bandstand, located in the centre of the park?",south-west
5502,"He is hiking south-east along the south-west shore of an island and then turns around to head back in the direction he came from, in which direction is the sea?",south-west
2924,I am riding south-west along the south-east side of a road which runs south-west to north-east. In which direction is the road?,north-west
5625,"We are driving west along the north shore of an island and then turn around to head back in the direction we came from, in which direction is the sea?",north
828,We are driving north-east along the south-east shore of the lake. In which direction is the lake?,north-west
4626,She is unicycling north-west along the north-east shore of the island. In which direction is the sea?,north-east
5613,"We are walking east along the south shore of an island and then turn around to head back in the direction we came from, in which direction is the sea?",south
1203,"She is running south along the east shore of a lake and then turns around to head back in the direction she came from, in which direction is the lake?",west
2819,"They are cycling north along the middle of the east side of a park; in which direction is the bandstand, located in the centre of the park?",west
480,They are racing north-east along the north-west shore of the lake. In which direction is the lake?,south-east
2592,"He is driving south-west along the middle of the north-west side of a park; in which direction is the bandstand, located in the centre of the park?",south-east
5475,"He is jogging north along the east shore of an island and then turns around to head back in the direction he came from, in which direction is the sea?",east
742,She is cycling south-east along the south-west shore of the lake. In which direction is the lake?,north-east
4539,He is hiking north along the east shore of the island. In which direction is the sea?,east
2501,"You are cycling east along the middle of the south side of a park; in which direction is the bandstand, located in the centre of the park?",north
4634,She is racing north-west along the north-east shore of the island. In which direction is the sea?,north-east
1671,"He is unicycling south along the west shore of a lake and then turns around to head back in the direction he came from, in which direction is the lake?",east
2154,"He is racing south-east along the middle of the north-east side of a park; in which direction is the bandstand, located in the centre of the park?",south-west
1805,"We are riding east along the south shore of a lake and then turn around to head back in the direction we came from, in which direction is the lake?",north
2453,"I am perambulating east along the middle of the south side of a park; in which direction is the bandstand, located in the centre of the park?",north
3461,You are cycling east along the south side of a road which runs east to west. In which direction is the road?,north
3820,They are hiking north-east along the south-east side of a road which runs north-east to south-west. In which direction is the road?,north-west
266,She is driving south-east along the north-east shore of the lake. In which direction is the lake?,south-west
1933,"I am walking west along the middle of the south side of a park; in which direction is the bandstand, located in the centre of the park?",north
203,He is riding south along the east shore of the lake. In which direction is the lake?,west
4559,He is racing south along the west shore of the island. In which direction is the sea?,west
4879,"I am racing north along the west shore of an island and then turn around to head back in the direction I came from, in which direction is the sea?",west
568,You are running south-west along the north-west shore of the lake. In which direction is the lake?,south-east
687,He is riding south along the west shore of the lake. In which direction is the lake?,east
4869,"I am unicycling west along the south shore of an island and then turn around to head back in the direction I came from, in which direction is the sea?",south
5444,"He is running north-east along the south-east shore of an island and then turns around to head back in the direction he came from, in which direction is the sea?",south-east
963,"I am running south along the east shore of a lake and then turn around to head back in the direction I came from, in which direction is the lake?",west
1328,"We are riding north-east along the north-west shore of a lake and then turn around to head back in the direction we came from, in which direction is the lake?",south-east
3302,They are cycling north-west along the south-west side of a road which runs north-west to south-east. In which direction is the road?,north-east
5430,"You are unicycling south-east along the south-west shore of an island and then turn around to head back in the direction you came from, in which direction is the sea?",south-west
1444,"I am running north-east along the south-east shore of a lake and then turn around to head back in the direction I came from, in which direction is the lake?",north-west
3911,I am unicycling north along the west shore of the island. In which direction is the sea?,west
4848,"I am riding north-east along the north-west shore of an island and then turn around to head back in the direction I came from, in which direction is the sea?",north-west
2909,I am driving west along the south side of a road which runs west to east. In which direction is the road?,north
1220,"She is cycling south-west along the south-east shore of a lake and then turns around to head back in the direction she came from, in which direction is the lake?",north-west
5575,"She is perambulating south along the west shore of an island and then turns around to head back in the direction she came from, in which direction is the sea?",west
5300,"I am cycling north-east along the south-east shore of an island and then turn around to head back in the direction I came from, in which direction is the sea?",south-east
490,I am walking north-west along the north-east shore of the lake. In which direction is the lake?,south-west
189,He is driving west along the south shore of the lake. In which direction is the lake?,north
3999,You are racing north along the west shore of the island. In which direction is the sea?,west
1980,"I am hiking south-west along the middle of the south-east side of a park; in which direction is the bandstand, located in the centre of the park?",north-west
318,She is racing north-west along the south-west shore of the lake. In which direction is the lake?,north-east
2599,"He is jogging south along the middle of the west side of a park; in which direction is the bandstand, located in the centre of the park?",east
4425,You are driving west along the north shore of the island. In which direction is the sea?,north
3211,We are walking south along the east side of a road which runs south to north. In which direction is the road?,west
634,You are racing north-west along the north-east shore of the lake. In which direction is the lake?,south-west
2851,"They are perambulating north along the middle of the east side of a park; in which direction is the bandstand, located in the centre of the park?",west
5681,"They are running west along the north shore of an island and then turn around to head back in the direction they came from, in which direction is the sea?",north
4378,I am hiking north-west along the north-east shore of the island. In which direction is the sea?,north-east
4501,He is cycling east along the south shore of the island. In which direction is the sea?,south
78,I am racing north-west along the south-west shore of the lake. In which direction is the lake?,north-east
3684,We are running north-east along the south-east side of a road which runs north-east to south-west. In which direction is the road?,north-west
4914,"You are jogging south-east along the north-east shore of an island and then turn around to head back in the direction you came from, in which direction is the sea?",north-east
4255,They are walking north along the west shore of the island. In which direction is the sea?,west
5173,"We are perambulating west along the south shore of an island and then turn around to head back in the direction we came from, in which direction is the sea?",south
2370,"They are perambulating south-east along the middle of the north-east side of a park; in which direction is the bandstand, located in the centre of the park?",south-west
1709,"She is driving east along the south shore of a lake and then turns around to head back in the direction she came from, in which direction is the lake?",north
4096,She is walking north-east along the north-west shore of the island. In which direction is the sea?,north-west
5590,"She is unicycling south-east along the south-west shore of an island and then turns around to head back in the direction she came from, in which direction is the sea?",south-west
1902,"They are hiking south-east along the south-west shore of a lake and then turn around to head back in the direction they came from, in which direction is the lake?",north-east
2414,"I am walking south-east along the middle of the south-west side of a park; in which direction is the bandstand, located in the centre of the park?",north-east
4583,She is cycling south along the west shore of the island. In which direction is the sea?,west
4924,"You are riding south-west along the south-east shore of an island and then turn around to head back in the direction you came from, in which direction is the sea?",south-east
51,I am perambulating south along the east shore of the lake. In which direction is the lake?,west
1881,"They are riding west along the north shore of a lake and then turn around to head back in the direction they came from, in which direction is the lake?",south
993,"I am jogging east along the north shore of a lake and then turn around to head back in the direction I came from, in which direction is the lake?",south
5451,"He is walking north along the east shore of an island and then turns around to head back in the direction he came from, in which direction is the sea?",east
2125,"He is riding west along the middle of the south side of a park; in which direction is the bandstand, located in the centre of the park?",north
1264,"She is hiking north-east along the north-west shore of a lake and then turns around to head back in the direction she came from, in which direction is the lake?",south-east
4059,He is hiking south along the east shore of the island. In which direction is the sea?,east
908,They are driving north-east along the south-east shore of the lake. In which direction is the lake?,north-west
1604,"He is running north-east along the south-east shore of a lake and then turns around to head back in the direction he came from, in which direction is the lake?",north-west
5623,"We are cycling south along the west shore of an island and then turn around to head back in the direction we came from, in which direction is the sea?",west
1561,"You are riding west along the north shore of a lake and then turn around to head back in the direction you came from, in which direction is the lake?",south
2793,"We are racing west along the middle of the north side of a park; in which direction is the bandstand, located in the centre of the park?",south
1654,"He is perambulating south-east along the south-west shore of a lake and then turns around to head back in the direction he came from, in which direction is the lake?",north-east
1364,"They are running south-west along the south-east shore of a lake and then turn around to head back in the direction they came from, in which direction is the lake?",north-west
2158,"He is racing north-west along the middle of the south-west side of a park; in which direction is the bandstand, located in the centre of the park?",north-east
785,She is unicycling west along the north shore of the lake. In which direction is the lake?,south
4589,She is driving east along the south shore of the island. In which direction is the sea?,south
5141,"We are cycling west along the south shore of an island and then turn around to head back in the direction we came from, in which direction is the sea?",south
2316,"We are racing south-west along the middle of the south-east side of a park; in which direction is the bandstand, located in the centre of the park?",north-west
3896,I am perambulating north-east along the north-west shore of the island. In which direction is the sea?,north-west
2857,"They are hiking west along the middle of the north side of a park; in which direction is the bandstand, located in the centre of the park?",south
2707,"She is unicycling north along the middle of the east side of a park; in which direction is the bandstand, located in the centre of the park?",west
3877,I am jogging west along the south shore of the island. In which direction is the sea?,south
1007,"I am riding north along the west shore of a lake and then turn around to head back in the direction I came from, in which direction is the lake?",east
1580,"You are hiking north-east along the south-east shore of a lake and then turn around to head back in the direction you came from, in which direction is the lake?",north-west
586,You are driving north-west along the north-east shore of the lake. In which direction is the lake?,south-west
4905,"You are driving east along the north shore of an island and then turn around to head back in the direction you came from, in which direction is the sea?",north
2088,"He is running north-east along the middle of the north-west side of a park; in which direction is the bandstand, located in the centre of the park?",south-east
3716,We are jogging north-east along the south-east side of a road which runs north-east to south-west. In which direction is the road?,north-west
4222,We are hiking north-west along the south-west shore of the island. In which direction is the sea?,south-west
1268,"She is unicycling south-west along the south-east shore of a lake and then turns around to head back in the direction she came from, in which direction is the lake?",north-west
3131,She is walking south along the east side of a road which runs south to north. In which direction is the road?,west
1480,"I am jogging south-west along the north-west shore of a lake and then turn around to head back in the direction I came from, in which direction is the lake?",south-east
1686,"She is running south-east along the south-west shore of a lake and then turns around to head back in the direction she came from, in which direction is the lake?",north-east
3564,He is riding north-east along the south-east side of a road which runs north-east to south-west. In which direction is the road?,north-west
4202,We are riding south-east along the north-east shore of the island. In which direction is the sea?,north-east
4225,We are unicycling east along the north shore of the island. In which direction is the sea?,north
2703,"She is hiking south along the middle of the west side of a park; in which direction is the bandstand, located in the centre of the park?",east
3071,He is driving north along the west side of a road which runs north to south. In which direction is the road?,east
2144,"He is hiking north-east along the middle of the north-west side of a park; in which direction is the bandstand, located in the centre of the park?",south-east
5664,"We are hiking south-west along the north-west shore of an island and then turn around to head back in the direction we came from, in which direction is the sea?",north-west
570,You are walking north-west along the north-east shore of the lake. In which direction is the lake?,south-west
1918,"They are racing south-east along the south-west shore of a lake and then turn around to head back in the direction they came from, in which direction is the lake?",north-east
5242,"They are riding south-east along the north-east shore of an island and then turn around to head back in the direction they came from, in which direction is the sea?",north-east
3067,He is driving south along the east side of a road which runs south to north. In which direction is the road?,west
2484,"You are running north-east along the middle of the south-east side of a park; in which direction is the bandstand, located in the centre of the park?",north-west
3020,You are hiking south-west along the south-east side of a road which runs south-west to north-east. In which direction is the road?,north-west
2765,"We are riding east along the middle of the south side of a park; in which direction is the bandstand, located in the centre of the park?",north
2564,"He is running north-east along the middle of the south-east side of a park; in which direction is the bandstand, located in the centre of the park?",north-west
1398,"They are jogging north-west along the south-west shore of a lake and then turn around to head back in the direction they came from, in which direction is the lake?",north-east
5216,"They are walking north-east along the north-west shore of an island and then turn around to head back in the direction they came from, in which direction is the sea?",north-west
3779,They are cycling north along the east side of a road which runs north to south. In which direction is the road?,west
2866,"They are unicycling north-west along the middle of the north-east side of a park; in which direction is the bandstand, located in the centre of the park?",south-west
1952,"I am driving north-east along the middle of the north-west side of a park; in which direction is the bandstand, located in the centre of the park?",south-east
2715,"She is racing north along the middle of the east side of a park; in which direction is the bandstand, located in the centre of the park?",west
3233,We are jogging east along the north side of a road which runs east to west. In which direction is the road?,south
4509,He is driving east along the south shore of the island. In which direction is the sea?,south
1879,"They are jogging south along the west shore of a lake and then turn around to head back in the direction they came from, in which direction is the lake?",east
1200,"He is racing north-east along the north-west shore of a lake and then turns around to head back in the direction he came from, in which direction is the lake?",south-east
3301,They are cycling west along the south side of a road which runs west to east. In which direction is the road?,north
2853,"They are perambulating east along the middle of the south side of a park; in which direction is the bandstand, located in the centre of the park?",north
1356,"We are racing south-west along the south-east shore of a lake and then turn around to head back in the direction we came from, in which direction is the lake?",north-west
4459,You are hiking north along the east shore of the island. In which direction is the sea?,east
3038,You are racing north-west along the south-west side of a road which runs north-west to south-east. In which direction is the road?,north-east
2334,"They are walking north-west along the middle of the south-west side of a park; in which direction is the bandstand, located in the centre of the park?",north-east
1956,"I am jogging south-west along the middle of the south-east side of a park; in which direction is the bandstand, located in the centre of the park?",north-west
2381,"They are hiking west along the middle of the south side of a park; in which direction is the bandstand, located in the centre of the park?",north
3933,You are walking west along the south shore of the island. In which direction is the sea?,south
1353,"We are racing east along the north shore of a lake and then turn around to head back in the direction we came from, in which direction is the lake?",south
1389,"They are driving west along the south shore of a lake and then turn around to head back in the direction they came from, in which direction is the lake?",north
4710,We are unicycling south-east along the south-west shore of the island. In which direction is the sea?,south-west
5512,"He is unicycling south-west along the north-west shore of an island and then turns around to head back in the direction he came from, in which direction is the sea?",north-west
4434,You are jogging north-west along the north-east shore of the island. In which direction is the sea?,north-east
3203,We are running south along the east side of a road which runs south to north. In which direction is the road?,west
113,You are jogging east along the north shore of the lake. In which direction is the lake?,south
4029,He is driving west along the south shore of the island. In which direction is the sea?,south
415,They are walking north along the west shore of the lake. In which direction is the lake?,east
3946,You are driving south-east along the north-east shore of the island. In which direction is the sea?,north-east
3534,He is walking south-east along the south-west side of a road which runs south-east to north-west. In which direction is the road?,north-east
4504,He is cycling south-west along the north-west shore of the island. In which direction is the sea?,north-west
3783,They are cycling south along the west side of a road which runs south to north. In which direction is the road?,east
2275,"We are jogging south along the middle of the east side of a park; in which direction is the bandstand, located in the centre of the park?",west
3486,You are riding south-east along the south-west side of a road which runs south-east to north-west. In which direction is the road?,north-east
1415,"They are perambulating north along the west shore of a lake and then turn around to head back in the direction they came from, in which direction is the lake?",east
162,He is running south-east along the north-east shore of the lake. In which direction is the lake?,south-west
495,I am walking south along the west shore of the lake. In which direction is the lake?,east
5594,"She is racing north-west along the north-east shore of an island and then turns around to head back in the direction she came from, in which direction is the sea?",north-east
1154,"He is jogging south-east along the north-east shore of a lake and then turns around to head back in the direction he came from, in which direction is the lake?",south-west
576,You are walking south-west along the north-west shore of the lake. In which direction is the lake?,south-east
4178,We are cycling south-east along the north-east shore of the island. In which direction is the sea?,north-east
5714,"They are jogging north-west along the north-east shore of an island and then turn around to head back in the direction they came from, in which direction is the sea?",north-east
4517,He is jogging east along the south shore of the island. In which direction is the sea?,south
1514,"I am racing north-west along the north-east shore of a lake and then turn around to head back in the direction I came from, in which direction is the lake?",south-west
4390,I am unicycling south-east along the south-west shore of the island. In which direction is the sea?,south-west
4027,He is driving south along the east shore of the island. In which direction is the sea?,east
5160,"We are jogging north-east along the north-west shore of an island and then turn around to head back in the direction we came from, in which direction is the sea?",north-west
356,We are jogging south-west along the south-east shore of the lake. In which direction is the lake?,north-west
558,I am racing south-east along the south-west shore of the lake. In which direction is the lake?,north-east
1270,"She is unicycling north-west along the south-west shore of a lake and then turns around to head back in the direction she came from, in which direction is the lake?",north-east
4565,She is running east along the south shore of the island. In which direction is the sea?,south
3438,I am racing south-east along the south-west side of a road which runs south-east to north-west. In which direction is the road?,north-east
1961,"I am riding east along the middle of the north side of a park; in which direction is the bandstand, located in the centre of the park?",south
5299,"I am cycling north along the east shore of an island and then turn around to head back in the direction I came from, in which direction is the sea?",east
2498,"You are cycling north-west along the middle of the north-east side of a park; in which direction is the bandstand, located in the centre of the park?",south-west
3075,He is jogging south along the east side of a road which runs south to north. In which direction is the road?,west
2457,"I am hiking west along the middle of the north side of a park; in which direction is the bandstand, located in the centre of the park?",south
2901,I am cycling west along the south side of a road which runs west to east. In which direction is the road?,north
1190,"He is unicycling north-west along the south-west shore of a lake and then turns around to head back in the direction he came from, in which direction is the lake?",north-east
146,You are unicycling south-east along the north-east shore of the lake. In which direction is the lake?,south-west
3588,He is unicycling north-east along the south-east side of a road which runs north-east to south-west. In which direction is the road?,north-west
7,I am running north along the west shore of the lake. In which direction is the lake?,east
3755,We are racing north along the east side of a road which runs north to south. In which direction is the road?,west
4577,She is cycling west along the north shore of the island. In which direction is the sea?,north
1852,"They are walking north-east along the south-east shore of a lake and then turn around to head back in the direction they came from, in which direction is the lake?",north-west
5350,"I am unicycling south-east along the south-west shore of an island and then turn around to head back in the direction I came from, in which direction is the sea?",south-west
81,You are running east along the north shore of the lake. In which direction is the lake?,south
1977,"I am hiking east along the middle of the north side of a park; in which direction is the bandstand, located in the centre of the park?",south
4395,I am racing north along the east shore of the island. In which direction is the sea?,east
2842,"They are riding north-west along the middle of the north-east side of a park; in which direction is the bandstand, located in the centre of the park?",south-west
2728,"We are running south-west along the middle of the north-west side of a park; in which direction is the bandstand, located in the centre of the park?",south-east
4594,She is jogging north-west along the north-east shore of the island. In which direction is the sea?,north-east
2415,"I am walking south along the middle of the west side of a park; in which direction is the bandstand, located in the centre of the park?",east
305,She is unicycling east along the north shore of the lake. In which direction is the lake?,south
4546,He is unicycling north-west along the north-east shore of the island. In which direction is the sea?,north-east
46,I am riding north-west along the south-west shore of the lake. In which direction is the lake?,north-east
700,He is hiking north-east along the south-east shore of the lake. In which direction is the lake?,north-west
5327,"I am riding south along the west shore of an island and then turn around to head back in the direction I came from, in which direction is the sea?",west
3069,He is driving west along the south side of a road which runs west to east. In which direction is the road?,north
97,You are cycling east along the north shore of the lake. In which direction is the lake?,south
3797,They are jogging east along the south side of a road which runs east to west. In which direction is the road?,north
1939,"I am cycling south along the middle of the east side of a park; in which direction is the bandstand, located in the centre of the park?",west
4692,We are perambulating north-east along the south-east shore of the island. In which direction is the sea?,south-east
3707,We are driving north along the east side of a road which runs north to south. In which direction is the road?,west
4353,I am jogging west along the north shore of the island. In which direction is the sea?,north
4702,We are hiking south-east along the south-west shore of the island. In which direction is the sea?,south-west
2582,"He is cycling south-east along the middle of the south-west side of a park; in which direction is the bandstand, located in the centre of the park?",north-east
4142,She is hiking north-west along the south-west shore of the island. In which direction is the sea?,south-west
868,We are unicycling north-east along the south-east shore of the lake. In which direction is the lake?,north-west
4650,We are walking north-west along the north-east shore of the island. In which direction is the sea?,north-east
17,I am cycling east along the north shore of the lake. In which direction is the lake?,south
4599,She is jogging south along the west shore of the island. In which direction is the sea?,west
4435,You are jogging north along the east shore of the island. In which direction is the sea?,east
717,He is racing east along the south shore of the lake. In which direction is the lake?,north
5404,"You are riding north-east along the south-east shore of an island and then turn around to head back in the direction you came from, in which direction is the sea?",south-east
1248,"She is riding north-east along the north-west shore of a lake and then turns around to head back in the direction she came from, in which direction is the lake?",south-east
2211,"She is perambulating south along the middle of the east side of a park; in which direction is the bandstand, located in the centre of the park?",west
711,He is unicycling south along the west shore of the lake. In which direction is the lake?,east
4054,He is perambulating north-west along the south-west shore of the island. In which direction is the sea?,south-west
2615,"He is perambulating south along the middle of the west side of a park; in which direction is the bandstand, located in the centre of the park?",east
1430,"They are unicycling north-west along the south-west shore of a lake and then turn around to head back in the direction they came from, in which direction is the lake?",north-east
5078,"She is jogging north-west along the south-west shore of an island and then turns around to head back in the direction she came from, in which direction is the sea?",south-west
1889,"They are perambulating west along the north shore of a lake and then turn around to head back in the direction they came from, in which direction is the lake?",south
1984,"I am hiking north-east along the middle of the north-west side of a park; in which direction is the bandstand, located in the centre of the park?",south-east
617,You are hiking west along the north shore of the lake. In which direction is the lake?,south
1540,"You are cycling north-east along the south-east shore of a lake and then turn around to head back in the direction you came from, in which direction is the lake?",north-west
4714,We are racing north-west along the north-east shore of the island. In which direction is the sea?,north-east
2291,"We are perambulating south along the middle of the east side of a park; in which direction is the bandstand, located in the centre of the park?",west
5056,"She is walking north-east along the north-west shore of an island and then turns around to head back in the direction she came from, in which direction is the sea?",north-west
5317,"I am jogging east along the south shore of an island and then turn around to head back in the direction I came from, in which direction is the sea?",south
4199,We are jogging north along the west shore of the island. In which direction is the sea?,west
3705,We are driving west along the north side of a road which runs west to east. In which direction is the road?,south
107,You are driving south along the east shore of the lake. In which direction is the lake?,west
5329,"I am perambulating west along the north shore of an island and then turn around to head back in the direction I came from, in which direction is the sea?",north
4028,He is driving south-west along the south-east shore of the island. In which direction is the sea?,south-east
1164,"He is riding south-west along the south-east shore of a lake and then turns around to head back in the direction he came from, in which direction is the lake?",north-west
4753,They are jogging west along the north shore of the island. In which direction is the sea?,north
736,She is walking south-west along the north-west shore of the lake. In which direction is the lake?,south-east
2459,"I am hiking north along the middle of the east side of a park; in which direction is the bandstand, located in the centre of the park?",west
2176,"She is walking north-east along the middle of the north-west side of a park; in which direction is the bandstand, located in the centre of the park?",south-east
5157,"We are jogging west along the south shore of an island and then turn around to head back in the direction we came from, in which direction is the sea?",south
3602,She is running north-west along the north-east side of a road which runs north-west to south-east. In which direction is the road?,south-west
541,I am hiking east along the south shore of the lake. In which direction is the lake?,north
1773,"We are walking east along the south shore of a lake and then turn around to head back in the direction we came from, in which direction is the lake?",north
1921,"I am running east along the middle of the north side of a park; in which direction is the bandstand, located in the centre of the park?",south
70,I am unicycling north-west along the south-west shore of the lake. In which direction is the lake?,north-east
3543,He is cycling south along the west side of a road which runs south to north. In which direction is the road?,east
3453,You are walking east along the south side of a road which runs east to west. In which direction is the road?,north
410,They are walking south-east along the north-east shore of the lake. In which direction is the lake?,south-west
1146,"He is driving south-east along the north-east shore of a lake and then turns around to head back in the direction he came from, in which direction is the lake?",south-west
1552,"You are driving south-west along the north-west shore of a lake and then turn around to head back in the direction you came from, in which direction is the lake?",south-east
111,You are driving north along the west shore of the lake. In which direction is the lake?,east
3065,He is driving east along the north side of a road which runs east to west. In which direction is the road?,south
675,He is jogging north along the east shore of the lake. In which direction is the lake?,west
1234,"She is jogging south-east along the north-east shore of a lake and then turns around to head back in the direction she came from, in which direction is the lake?",south-west
3280,We are racing north-east along the north-west side of a road which runs north-east to south-west. In which direction is the road?,south-east
5102,"She is hiking north-west along the south-west shore of an island and then turns around to head back in the direction she came from, in which direction is the sea?",south-west
1905,"They are unicycling west along the north shore of a lake and then turn around to head back in the direction they came from, in which direction is the lake?",south
833,We are jogging west along the north shore of the lake. In which direction is the lake?,south
3672,She is unicycling south-west along the north-west side of a road which runs south-west to north-east. In which direction is the road?,south-east
2670,"She is driving south-east along the middle of the south-west side of a park; in which direction is the bandstand, located in the centre of the park?",north-east
3853,I am walking west along the south shore of the island. In which direction is the sea?,south
4168,We are running north-east along the north-west shore of the island. In which direction is the sea?,north-west
1866,"They are driving north-west along the north-east shore of a lake and then turn around to head back in the direction they came from, in which direction is the lake?",south-west
82,You are running south-east along the north-east shore of the lake. In which direction is the lake?,south-west
424,They are cycling north-east along the north-west shore of the lake. In which direction is the lake?,south-east
532,I am perambulating north-east along the south-east shore of the lake. In which direction is the lake?,north-west
3058,He is cycling south-east along the north-east side of a road which runs south-east to north-west. In which direction is the road?,south-west
4041,He is riding east along the north shore of the island. In which direction is the sea?,north
3706,We are driving north-west along the north-east side of a road which runs north-west to south-east. In which direction is the road?,south-west
4124,She is riding south-west along the south-east shore of the island. In which direction is the sea?,south-east
1692,"She is walking north-east along the south-east shore of a lake and then turns around to head back in the direction she came from, in which direction is the lake?",north-west
4136,She is perambulating north-east along the north-west shore of the island. In which direction is the sea?,north-west
629,You are unicycling east along the south shore of the lake. In which direction is the lake?,north
4631,She is unicycling south along the west shore of the island. In which direction is the sea?,west
1158,"He is jogging north-west along the south-west shore of a lake and then turns around to head back in the direction he came from, in which direction is the lake?",north-east
1996,"I am racing south-west along the middle of the south-east side of a park; in which direction is the bandstand, located in the centre of the park?",north-west
4587,She is driving north along the east shore of the island. In which direction is the sea?,east
5188,"We are unicycling south-west along the south-east shore of an island and then turn around to head back in the direction we came from, in which direction is the sea?",south-east
1608,"He is running south-west along the north-west shore of a lake and then turns around to head back in the direction he came from, in which direction is the lake?",south-east
3690,We are walking north-west along the north-east side of a road which runs north-west to south-east. In which direction is the road?,south-west
5723,"They are riding north along the east shore of an island and then turn around to head back in the direction they came from, in which direction is the sea?",east
5587,"She is unicycling north along the east shore of an island and then turns around to head back in the direction she came from, in which direction is the sea?",east
4086,She is running north-west along the south-west shore of the island. In which direction is the sea?,south-west
5006,"He is riding north-west along the south-west shore of an island and then turns around to head back in the direction he came from, in which direction is the sea?",south-west
812,We are walking north-east along the south-east shore of the lake. In which direction is the lake?,north-west
4216,We are perambulating north-east along the north-west shore of the island. In which direction is the sea?,north-west
1478,"I am jogging south-east along the south-west shore of a lake and then turn around to head back in the direction I came from, in which direction is the lake?",north-east
2922,I am riding south-east along the north-east side of a road which runs south-east to north-west. In which direction is the road?,south-west
4684,We are riding north-east along the south-east shore of the island. In which direction is the sea?,south-east
5428,"You are unicycling north-east along the south-east shore of an island and then turn around to head back in the direction you came from, in which direction is the sea?",south-east
3051,He is walking south along the east side of a road which runs south to north. In which direction is the road?,west
3120,He is racing north-east along the north-west side of a road which runs north-east to south-west. In which direction is the road?,south-east
1116,"You are racing south-west along the south-east shore of a lake and then turn around to head back in the direction you came from, in which direction is the lake?",north-west
2274,"We are jogging south-east along the middle of the north-east side of a park; in which direction is the bandstand, located in the centre of the park?",south-west
1797,"We are jogging east along the south shore of a lake and then turn around to head back in the direction we came from, in which direction is the lake?",north
4224,We are hiking north-east along the north-west shore of the island. In which direction is the sea?,north-west
3207,We are running north along the west side of a road which runs north to south. In which direction is the road?,east
748,She is driving north-east along the south-east shore of the lake. In which direction is the lake?,north-west
1022,"I am hiking north-west along the south-west shore of a lake and then turn around to head back in the direction I came from, in which direction is the lake?",north-east
3714,We are jogging north-west along the north-east side of a road which runs north-west to south-east. In which direction is the road?,south-west
1085,"You are riding west along the south shore of a lake and then turn around to head back in the direction you came from, in which direction is the lake?",north
4296,They are perambulating north-east along the north-west shore of the island. In which direction is the sea?,north-west
4050,He is perambulating south-east along the north-east shore of the island. In which direction is the sea?,north-east
1423,"They are hiking north along the west shore of a lake and then turn around to head back in the direction they came from, in which direction is the lake?",east
657,He is cycling west along the north shore of the lake. In which direction is the lake?,south
3936,You are walking north-east along the north-west shore of the island. In which direction is the sea?,north-west
2718,"She is racing south-east along the middle of the south-west side of a park; in which direction is the bandstand, located in the centre of the park?",north-east
2879,"They are racing south along the middle of the west side of a park; in which direction is the bandstand, located in the centre of the park?",east
2854,"They are perambulating south-east along the middle of the south-west side of a park; in which direction is the bandstand, located in the centre of the park?",north-east
3360,They are racing north-east along the north-west side of a road which runs north-east to south-west. In which direction is the road?,south-east
2585,"He is driving west along the middle of the north side of a park; in which direction is the bandstand, located in the centre of the park?",south
947,They are unicycling north along the east shore of the lake. In which direction is the lake?,west
5748,"They are unicycling north-east along the south-east shore of an island and then turn around to head back in the direction they came from, in which direction is the sea?",south-east
4933,"You are perambulating west along the south shore of an island and then turn around to head back in the direction you came from, in which direction is the sea?",south
688,He is riding south-west along the north-west shore of the lake. In which direction is the lake?,south-east
3970,You are perambulating south-east along the north-east shore of the island. In which direction is the sea?,north-east
1681,"She is running west along the north shore of a lake and then turns around to head back in the direction she came from, in which direction is the lake?",south
4104,She is cycling north-east along the north-west shore of the island. In which direction is the sea?,north-west
4662,We are cycling south-east along the south-west shore of the island. In which direction is the sea?,south-west
3496,You are perambulating south-west along the north-west side of a road which runs south-west to north-east. In which direction is the road?,south-east
5208,"They are running north-east along the north-west shore of an island and then turn around to head back in the direction they came from, in which direction is the sea?",north-west
709,He is unicycling east along the south shore of the lake. In which direction is the lake?,north
4266,They are driving south-east along the north-east shore of the island. In which direction is the sea?,north-east
2873,"They are racing west along the middle of the north side of a park; in which direction is the bandstand, located in the centre of the park?",south
1906,"They are unicycling north-west along the north-east shore of a lake and then turn around to head back in the direction they came from, in which direction is the lake?",south-west
918,They are jogging south-east along the south-west shore of the lake. In which direction is the lake?,north-east
4116,She is jogging south-west along the south-east shore of the island. In which direction is the sea?,south-east
2645,"She is running east along the middle of the south side of a park; in which direction is the bandstand, located in the centre of the park?",north
324,We are running south-west along the south-east shore of the lake. In which direction is the lake?,north-west
1392,"They are driving north-east along the north-west shore of a lake and then turn around to head back in the direction they came from, in which direction is the lake?",south-east
3378,I am cycling north-west along the north-east side of a road which runs north-west to south-east. In which direction is the road?,south-west
1917,"They are racing east along the south shore of a lake and then turn around to head back in the direction they came from, in which direction is the lake?",north
2221,"She is hiking west along the middle of the south side of a park; in which direction is the bandstand, located in the centre of the park?",north
3200,She is racing north-east along the north-west side of a road which runs north-east to south-west. In which direction is the road?,south-east
2928,I am riding north-east along the north-west side of a road which runs north-east to south-west. In which direction is the road?,south-east
2850,"They are perambulating north-west along the middle of the north-east side of a park; in which direction is the bandstand, located in the centre of the park?",south-west
1055,"You are walking north along the west shore of a lake and then turn around to head back in the direction you came from, in which direction is the lake?",east
3363,I am running north along the east side of a road which runs north to south. In which direction is the road?,west
2298,"We are hiking south-east along the middle of the north-east side of a park; in which direction is the bandstand, located in the centre of the park?",south-west
1027,"I am unicycling south along the east shore of a lake and then turn around to head back in the direction I came from, in which direction is the lake?",west
1698,"She is cycling north-west along the north-east shore of a lake and then turns around to head back in the direction she came from, in which direction is the lake?",south-west
4643,We are running north along the east shore of the island. In which direction is the sea?,east
753,She is jogging west along the north shore of the lake. In which direction is the lake?,south
3592,He is unicycling south-west along the north-west side of a road which runs south-west to north-east. In which direction is the road?,south-east
515,I am jogging north along the east shore of the lake. In which direction is the lake?,west
4505,He is driving west along the north shore of the island. In which direction is the sea?,north
3753,We are racing west along the north side of a road which runs west to east. In which direction is the road?,south
4563,She is running north along the east shore of the island. In which direction is the sea?,east
286,She is riding north-west along the south-west shore of the lake. In which direction is the lake?,north-east
563,You are running north along the east shore of the lake. In which direction is the lake?,west
229,He is unicycling west along the south shore of the lake. In which direction is the lake?,north
5562,"She is riding north-west along the north-east shore of an island and then turns around to head back in the direction she came from, in which direction is the sea?",north-east
2821,"They are cycling east along the middle of the south side of a park; in which direction is the bandstand, located in the centre of the park?",north
529,I am perambulating west along the north shore of the lake. In which direction is the lake?,south
4966,"He is running north-west along the south-west shore of an island and then turns around to head back in the direction he came from, in which direction is the sea?",south-west
2229,"She is unicycling west along the middle of the south side of a park; in which direction is the bandstand, located in the centre of the park?",north
4374,I am perambulating south-east along the south-west shore of the island. In which direction is the sea?,south-west
923,They are riding north along the east shore of the lake. In which direction is the lake?,west
1779,"We are cycling north along the east shore of a lake and then turn around to head back in the direction we came from, in which direction is the lake?",west
1570,"You are perambulating north-west along the north-east shore of a lake and then turn around to head back in the direction you came from, in which direction is the lake?",south-west
1276,"She is racing south-west along the south-east shore of a lake and then turns around to head back in the direction she came from, in which direction is the lake?",north-west
3819,They are hiking north along the east side of a road which runs north to south. In which direction is the road?,west
3867,I am driving south along the east shore of the island. In which direction is the sea?,east
4032,He is driving north-east along the north-west shore of the island. In which direction is the sea?,north-west
981,"I am cycling west along the south shore of a lake and then turn around to head back in the direction I came from, in which direction is the lake?",north
605,You are riding east along the south shore of the lake. In which direction is the lake?,north
4982,"He is cycling north-west along the south-west shore of an island and then turns around to head back in the direction he came from, in which direction is the sea?",south-west
1194,"He is racing south-east along the north-east shore of a lake and then turns around to head back in the direction he came from, in which direction is the lake?",south-west
4651,We are walking north along the east shore of the island. In which direction is the sea?,east
4818,"I am cycling south-east along the north-east shore of an island and then turn around to head back in the direction I came from, in which direction is the sea?",north-east
1746,"She is unicycling north-west along the north-east shore of a lake and then turns around to head back in the direction she came from, in which direction is the lake?",south-west
4647,We are running south along the west shore of the island. In which direction is the sea?,west
4233,We are racing east along the north shore of the island. In which direction is the sea?,north
121,You are riding east along the north shore of the lake. In which direction is the lake?,south
1667,"He is unicycling north along the east shore of a lake and then turns around to head back in the direction he came from, in which direction is the lake?",west
5085,"She is riding west along the south shore of an island and then turns around to head back in the direction she came from, in which direction is the sea?",south
5179,"We are hiking south along the east shore of an island and then turn around to head back in the direction we came from, in which direction is the sea?",east
1050,"You are walking south-east along the north-east shore of a lake and then turn around to head back in the direction you came from, in which direction is the lake?",south-west
3153,She is jogging east along the north side of a road which runs east to west. In which direction is the road?,south
2107,"He is driving south along the middle of the east side of a park; in which direction is the bandstand, located in the centre of the park?",west
4012,He is walking south-west along the south-east shore of the island. In which direction is the sea?,south-east
606,You are riding south-east along the south-west shore of the lake. In which direction is the lake?,north-east
3900,I am hiking south-west along the south-east shore of the island. In which direction is the sea?,south-east
458,They are hiking south-east along the north-east shore of the lake. In which direction is the lake?,south-west
1823,"We are hiking south along the west shore of a lake and then turn around to head back in the direction we came from, in which direction is the lake?",east
5261,"They are hiking west along the south shore of an island and then turn around to head back in the direction they came from, in which direction is the sea?",south
5488,"He is riding south-west along the north-west shore of an island and then turns around to head back in the direction he came from, in which direction is the sea?",north-west
3385,I am driving west along the north side of a road which runs west to east. In which direction is the road?,south
3209,We are walking east along the north side of a road which runs east to west. In which direction is the road?,south
1436,"They are racing south-west along the south-east shore of a lake and then turn around to head back in the direction they came from, in which direction is the lake?",north-west
5579,"She is hiking north along the east shore of an island and then turns around to head back in the direction she came from, in which direction is the sea?",east
3142,She is cycling north-west along the south-west side of a road which runs north-west to south-east. In which direction is the road?,north-east
95,You are walking north along the west shore of the lake. In which direction is the lake?,east
4241,They are running east along the north shore of the island. In which direction is the sea?,north
588,You are driving north-east along the south-east shore of the lake. In which direction is the lake?,north-west
791,She is unicycling south along the west shore of the lake. In which direction is the lake?,east
5118,"She is racing north-west along the south-west shore of an island and then turns around to head back in the direction she came from, in which direction is the sea?",south-west
80,I am racing north-east along the north-west shore of the lake. In which direction is the lake?,south-east
447,They are riding north along the west shore of the lake. In which direction is the lake?,east
4455,You are perambulating south along the west shore of the island. In which direction is the sea?,west
4666,We are driving north-west along the north-east shore of the island. In which direction is the sea?,north-east
637,You are racing east along the south shore of the lake. In which direction is the lake?,north
2995,You are jogging south along the east side of a road which runs south to north. In which direction is the road?,west
869,We are unicycling east along the south shore of the lake. In which direction is the lake?,north
2403,"I am running north along the middle of the east side of a park; in which direction is the bandstand, located in the centre of the park?",west
1587,"You are unicycling north along the east shore of a lake and then turn around to head back in the direction you came from, in which direction is the lake?",west
1229,"She is driving west along the south shore of a lake and then turns around to head back in the direction she came from, in which direction is the lake?",north
5695,"They are walking south along the west shore of an island and then turn around to head back in the direction they came from, in which direction is the sea?",west
1235,"She is jogging south along the east shore of a lake and then turns around to head back in the direction she came from, in which direction is the lake?",west
3518,You are racing south-east along the south-west side of a road which runs south-east to north-west. In which direction is the road?,north-east
3045,He is running west along the south side of a road which runs west to east. In which direction is the road?,north
317,She is racing west along the south shore of the lake. In which direction is the lake?,north
2267,"We are driving south along the middle of the east side of a park; in which direction is the bandstand, located in the centre of the park?",west
4698,We are hiking north-west along the north-east shore of the island. In which direction is the sea?,north-east
2114,"He is jogging south-east along the middle of the north-east side of a park; in which direction is the bandstand, located in the centre of the park?",south-west
3711,We are driving south along the west side of a road which runs south to north. In which direction is the road?,east
1128,"He is running north-east along the north-west shore of a lake and then turns around to head back in the direction he came from, in which direction is the lake?",south-east
451,They are perambulating south along the east shore of the lake. In which direction is the lake?,west
787,She is unicycling north along the east shore of the lake. In which direction is the lake?,west
1999,"I am racing north along the middle of the west side of a park; in which direction is the bandstand, located in the centre of the park?",east
3405,I am riding east along the south side of a road which runs east to west. In which direction is the road?,north
2407,"I am running south along the middle of the west side of a park; in which direction is the bandstand, located in the centre of the park?",east
5592,"She is unicycling south-west along the north-west shore of an island and then turns around to head back in the direction she came from, in which direction is the sea?",north-west
1689,"She is walking west along the north shore of a lake and then turns around to head back in the direction she came from, in which direction is the lake?",south
2770,"We are perambulating north-west along the middle of the north-east side of a park; in which direction is the bandstand, located in the centre of the park?",south-west
4748,They are driving north-east along the south-east shore of the island. In which direction is the sea?,south-east
1912,"They are unicycling south-west along the north-west shore of a lake and then turn around to head back in the direction they came from, in which direction is the lake?",south-east
54,I am perambulating north-west along the south-west shore of the lake. In which direction is the lake?,north-east
406,They are running north-west along the south-west shore of the lake. In which direction is the lake?,north-east
1809,"We are perambulating west along the north shore of a lake and then turn around to head back in the direction we came from, in which direction is the lake?",south
3821,They are hiking east along the south side of a road which runs east to west. In which direction is the road?,north
878,We are racing south-east along the south-west shore of the lake. In which direction is the lake?,north-east
4326,I am running south-east along the south-west shore of the island. In which direction is the sea?,south-west
1130,"He is walking south-east along the north-east shore of a lake and then turns around to head back in the direction he came from, in which direction is the lake?",south-west
5563,"She is riding north along the east shore of an island and then turns around to head back in the direction she came from, in which direction is the sea?",east
3418,I am hiking north-west along the north-east side of a road which runs north-west to south-east. In which direction is the road?,south-west
1943,"I am cycling north along the middle of the west side of a park; in which direction is the bandstand, located in the centre of the park?",east
208,He is riding north-east along the north-west shore of the lake. In which direction is the lake?,south-east
105,You are driving east along the north shore of the lake. In which direction is the lake?,south
4272,They are driving north-east along the north-west shore of the island. In which direction is the sea?,north-west
1309,"We are driving west along the south shore of a lake and then turn around to head back in the direction we came from, in which direction is the lake?",north
1508,"I am unicycling north-east along the south-east shore of a lake and then turn around to head back in the direction I came from, in which direction is the lake?",north-west
4282,They are riding south-east along the north-east shore of the island. In which direction is the sea?,north-east
4891,"You are walking south along the east shore of an island and then turn around to head back in the direction you came from, in which direction is the sea?",east
3205,We are running west along the south side of a road which runs west to east. In which direction is the road?,north
5303,"I am cycling south along the west shore of an island and then turn around to head back in the direction I came from, in which direction is the sea?",west
2919,I am jogging north along the west side of a road which runs north to south. In which direction is the road?,east
3666,She is unicycling north-west along the north-east side of a road which runs north-west to south-east. In which direction is the road?,south-west
2944,I am hiking north-east along the north-west side of a road which runs north-east to south-west. In which direction is the road?,south-east
1044,"You are running south-west along the south-east shore of a lake and then turn around to head back in the direction you came from, in which direction is the lake?",north-west
2147,"He is unicycling south along the middle of the east side of a park; in which direction is the bandstand, located in the centre of the park?",west
4237,We are racing west along the south shore of the island. In which direction is the sea?,south
3816,They are perambulating south-west along the north-west side of a road which runs south-west to north-east. In which direction is the road?,south-east
5075,"She is jogging south along the east shore of an island and then turns around to head back in the direction she came from, in which direction is the sea?",east
624,You are hiking south-west along the north-west shore of the lake. In which direction is the lake?,south-east
1862,"They are cycling south-east along the south-west shore of a lake and then turn around to head back in the direction they came from, in which direction is the lake?",north-east
540,I am hiking north-east along the south-east shore of the lake. In which direction is the lake?,north-west
956,They are racing north-east along the south-east shore of the lake. In which direction is the lake?,north-west
4623,She is hiking south along the west shore of the island. In which direction is the sea?,west
3299,They are cycling south along the east side of a road which runs south to north. In which direction is the road?,west
4031,He is driving north along the west shore of the island. In which direction is the sea?,west
5051,"She is walking south along the east shore of an island and then turns around to head back in the direction she came from, in which direction is the sea?",east
2329,"They are walking east along the middle of the north side of a park; in which direction is the bandstand, located in the centre of the park?",south
3943,You are cycling north along the west shore of the island. In which direction is the sea?,west
119,You are jogging north along the west shore of the lake. In which direction is the lake?,east
1533,"You are walking east along the south shore of a lake and then turn around to head back in the direction you came from, in which direction is the lake?",north
1693,"She is walking east along the south shore of a lake and then turns around to head back in the direction she came from, in which direction is the lake?",north
4300,They are hiking south-west along the south-east shore of the island. In which direction is the sea?,south-east
4105,She is driving east along the north shore of the island. In which direction is the sea?,north
517,I am jogging east along the south shore of the lake. In which direction is the lake?,north
63,I am hiking north along the west shore of the lake. In which direction is the lake?,east
793,She is racing west along the north shore of the lake. In which direction is the lake?,south
3004,You are riding south-west along the south-east side of a road which runs south-west to north-east. In which direction is the road?,north-west
4482,He is running north-west along the north-east shore of the island. In which direction is the sea?,north-east
2033,"You are jogging east along the middle of the north side of a park; in which direction is the bandstand, located in the centre of the park?",south
136,You are perambulating north-east along the north-west shore of the lake. In which direction is the lake?,south-east
2699,"She is hiking north along the middle of the east side of a park; in which direction is the bandstand, located in the centre of the park?",west
3837,They are racing east along the south side of a road which runs east to west. In which direction is the road?,north
525,I am riding east along the south shore of the lake. In which direction is the lake?,north
2468,"I am unicycling north-east along the middle of the south-east side of a park; in which direction is the bandstand, located in the centre of the park?",north-west
4660,We are cycling north-east along the south-east shore of the island. In which direction is the sea?,south-east
289,She is perambulating east along the north shore of the lake. In which direction is the lake?,south
3400,I am jogging south-west along the north-west side of a road which runs south-west to north-east. In which direction is the road?,south-east
2743,"We are cycling south along the middle of the west side of a park; in which direction is the bandstand, located in the centre of the park?",east
2630,"He is unicycling south-east along the middle of the south-west side of a park; in which direction is the bandstand, located in the centre of the park?",north-east
4499,He is cycling north along the east shore of the island. In which direction is the sea?,east
253,She is walking west along the south shore of the lake. In which direction is the lake?,north
3789,They are driving east along the south side of a road which runs east to west. In which direction is the road?,north
194,He is jogging south-east along the north-east shore of the lake. In which direction is the lake?,south-west
3861,I am cycling west along the south shore of the island. In which direction is the sea?,south
1520,"I am racing south-west along the north-west shore of a lake and then turn around to head back in the direction I came from, in which direction is the lake?",south-east
2701,"She is hiking east along the middle of the south side of a park; in which direction is the bandstand, located in the centre of the park?",north
478,They are racing north-west along the south-west shore of the lake. In which direction is the lake?,north-east
4367,I am riding south along the west shore of the island. In which direction is the sea?,west
5457,"He is cycling west along the north shore of an island and then turns around to head back in the direction he came from, in which direction is the sea?",north
3527,He is running south along the west side of a road which runs south to north. In which direction is the road?,east
2348,"They are driving south-west along the middle of the south-east side of a park; in which direction is the bandstand, located in the centre of the park?",north-west
3100,He is hiking south-west along the south-east side of a road which runs south-west to north-east. In which direction is the road?,north-west
2478,"I am racing south-east along the middle of the south-west side of a park; in which direction is the bandstand, located in the centre of the park?",north-east
1799,"We are jogging south along the west shore of a lake and then turn around to head back in the direction we came from, in which direction is the lake?",east
3176,She is perambulating north-east along the north-west side of a road which runs north-east to south-west. In which direction is the road?,south-east
5396,"You are jogging north-east along the south-east shore of an island and then turn around to head back in the direction you came from, in which direction is the sea?",south-east
1683,"She is running north along the east shore of a lake and then turns around to head back in the direction she came from, in which direction is the lake?",west
3036,You are racing south-west along the south-east side of a road which runs south-west to north-east. In which direction is the road?,north-west
88,You are running north-east along the north-west shore of the lake. In which direction is the lake?,south-east
3250,We are perambulating south-east along the north-east side of a road which runs south-east to north-west. In which direction is the road?,south-west
2773,"We are perambulating east along the middle of the south side of a park; in which direction is the bandstand, located in the centre of the park?",north
2871,"They are unicycling south along the middle of the west side of a park; in which direction is the bandstand, located in the centre of the park?",east
749,She is driving east along the south shore of the lake. In which direction is the lake?,north
3710,We are driving south-east along the south-west side of a road which runs south-east to north-west. In which direction is the road?,north-east
3491,You are perambulating north along the east side of a road which runs north to south. In which direction is the road?,west
4510,He is driving south-east along the south-west shore of the island. In which direction is the sea?,south-west
2923,I am riding south along the east side of a road which runs south to north. In which direction is the road?,west
2092,"He is walking south-west along the middle of the south-east side of a park; in which direction is the bandstand, located in the centre of the park?",north-west
255,She is walking north along the west shore of the lake. In which direction is the lake?,east
2964,You are running south-west along the south-east side of a road which runs south-west to north-east. In which direction is the road?,north-west
2546,"You are unicycling north-west along the middle of the north-east side of a park; in which direction is the bandstand, located in the centre of the park?",south-west
2463,"I am hiking south along the middle of the west side of a park; in which direction is the bandstand, located in the centre of the park?",east
2319,"We are racing north along the middle of the west side of a park; in which direction is the bandstand, located in the centre of the park?",east
4689,We are perambulating west along the north shore of the island. In which direction is the sea?,north
579,You are cycling north along the east shore of the lake. In which direction is the lake?,west
2658,"She is cycling north-west along the middle of the north-east side of a park; in which direction is the bandstand, located in the centre of the park?",south-west
1383,"They are cycling north along the west shore of a lake and then turn around to head back in the direction they came from, in which direction is the lake?",east
5126,"We are running north-west along the south-west shore of an island and then turn around to head back in the direction we came from, in which direction is the sea?",south-west
134,You are perambulating north-west along the south-west shore of the lake. In which direction is the lake?,north-east
1349,"We are unicycling west along the south shore of a lake and then turn around to head back in the direction we came from, in which direction is the lake?",north
2194,"She is jogging south-east along the middle of the north-east side of a park; in which direction is the bandstand, located in the centre of the park?",south-west
549,I am unicycling east along the south shore of the lake. In which direction is the lake?,north
4462,You are hiking south-east along the south-west shore of the island. In which direction is the sea?,south-west
4612,She is perambulating north-east along the south-east shore of the island. In which direction is the sea?,south-east
4785,They are unicycling west along the north shore of the island. In which direction is the sea?,north
108,You are driving south-west along the south-east shore of the lake. In which direction is the lake?,north-west
3546,He is driving north-west along the north-east side of a road which runs north-west to south-east. In which direction is the road?,south-west
1278,"She is racing north-west along the south-west shore of a lake and then turns around to head back in the direction she came from, in which direction is the lake?",north-east
2762,"We are riding north-west along the middle of the north-east side of a park; in which direction is the bandstand, located in the centre of the park?",south-west
4143,She is hiking north along the west shore of the island. In which direction is the sea?,west
3997,You are racing west along the south shore of the island. In which direction is the sea?,south
4550,He is unicycling south-east along the south-west shore of the island. In which direction is the sea?,south-west
1614,"He is walking south-east along the south-west shore of a lake and then turns around to head back in the direction he came from, in which direction is the lake?",north-east
3406,I am riding south-east along the south-west side of a road which runs south-east to north-west. In which direction is the road?,north-east
2303,"We are hiking north along the middle of the west side of a park; in which direction is the bandstand, located in the centre of the park?",east
5745,"They are unicycling west along the north shore of an island and then turn around to head back in the direction they came from, in which direction is the sea?",north
3944,You are cycling north-east along the north-west shore of the island. In which direction is the sea?,north-west
5206,"They are running north-west along the south-west shore of an island and then turn around to head back in the direction they came from, in which direction is the sea?",south-west
1631,"He is driving south along the west shore of a lake and then turns around to head back in the direction he came from, in which direction is the lake?",east
1728,"She is riding south-west along the north-west shore of a lake and then turns around to head back in the direction she came from, in which direction is the lake?",south-east
454,They are perambulating north-west along the south-west shore of the lake. In which direction is the lake?,north-east
4637,She is racing east along the south shore of the island. In which direction is the sea?,south
411,They are walking south along the east shore of the lake. In which direction is the lake?,west
1596,"You are racing north-east along the south-east shore of a lake and then turn around to head back in the direction you came from, in which direction is the lake?",north-west
334,We are walking north-west along the south-west shore of the lake. In which direction is the lake?,north-east
1039,"I am racing north along the west shore of a lake and then turn around to head back in the direction I came from, in which direction is the lake?",east
2709,"She is unicycling east along the middle of the south side of a park; in which direction is the bandstand, located in the centre of the park?",north
2754,"We are jogging north-west along the middle of the north-east side of a park; in which direction is the bandstand, located in the centre of the park?",south-west
3040,You are racing north-east along the north-west side of a road which runs north-east to south-west. In which direction is the road?,south-east
2558,"You are racing south-east along the middle of the south-west side of a park; in which direction is the bandstand, located in the centre of the park?",north-east
4000,You are racing north-east along the north-west shore of the island. In which direction is the sea?,north-west
3096,He is perambulating north-east along the north-west side of a road which runs north-east to south-west. In which direction is the road?,south-east
804,We are running north-east along the south-east shore of the lake. In which direction is the lake?,north-west
3044,He is running south-west along the south-east side of a road which runs south-west to north-east. In which direction is the road?,north-west
4438,You are jogging south-east along the south-west shore of the island. In which direction is the sea?,south-west
3015,You are perambulating north along the west side of a road which runs north to south. In which direction is the road?,east
3415,I am perambulating south along the west side of a road which runs south to north. In which direction is the road?,east
3122,She is running south-east along the north-east side of a road which runs south-east to north-west. In which direction is the road?,south-west
4597,She is jogging east along the south shore of the island. In which direction is the sea?,south
5461,"He is cycling east along the south shore of an island and then turns around to head back in the direction he came from, in which direction is the sea?",south
4897,"You are cycling east along the north shore of an island and then turn around to head back in the direction you came from, in which direction is the sea?",north
2960,I am racing north-east along the north-west side of a road which runs north-east to south-west. In which direction is the road?,south-east
4900,"You are cycling south-west along the south-east shore of an island and then turn around to head back in the direction you came from, in which direction is the sea?",south-east
5174,"We are perambulating north-west along the south-west shore of an island and then turn around to head back in the direction we came from, in which direction is the sea?",south-west
2315,"We are racing south along the middle of the east side of a park; in which direction is the bandstand, located in the centre of the park?",west
4898,"You are cycling south-east along the north-east shore of an island and then turn around to head back in the direction you came from, in which direction is the sea?",north-east
5472,"He is driving south-west along the north-west shore of an island and then turns around to head back in the direction he came from, in which direction is the sea?",north-west
3698,We are cycling north-west along the north-east side of a road which runs north-west to south-east. In which direction is the road?,south-west
4269,They are driving west along the south shore of the island. In which direction is the sea?,south
3129,She is walking east along the north side of a road which runs east to west. In which direction is the road?,south
1715,"She is jogging north along the east shore of a lake and then turns around to head back in the direction she came from, in which direction is the lake?",west
636,You are racing north-east along the south-east shore of the lake. In which direction is the lake?,north-west
1086,"You are riding north-west along the south-west shore of a lake and then turn around to head back in the direction you came from, in which direction is the lake?",north-east
30,I am driving north-west along the south-west shore of the lake. In which direction is the lake?,north-east
4418,You are cycling north-west along the north-east shore of the island. In which direction is the sea?,north-east
4880,"I am racing north-east along the north-west shore of an island and then turn around to head back in the direction I came from, in which direction is the sea?",north-west
4154,She is racing south-east along the north-east shore of the island. In which direction is the sea?,north-east
522,I am riding north-west along the north-east shore of the lake. In which direction is the lake?,south-west
2446,"I am riding south-east along the middle of the south-west side of a park; in which direction is the bandstand, located in the centre of the park?",north-east
444,They are riding south-west along the south-east shore of the lake. In which direction is the lake?,north-west
4267,They are driving south along the east shore of the island. In which direction is the sea?,east
5032,"He is unicycling north-east along the north-west shore of an island and then turns around to head back in the direction he came from, in which direction is the sea?",north-west
4379,I am hiking north along the east shore of the island. In which direction is the sea?,east
5108,"She is unicycling south-west along the south-east shore of an island and then turns around to head back in the direction she came from, in which direction is the sea?",south-east
2157,"He is racing west along the middle of the south side of a park; in which direction is the bandstand, located in the centre of the park?",north
3331,They are perambulating south along the east side of a road which runs south to north. In which direction is the road?,west
2601,"He is riding west along the middle of the north side of a park; in which direction is the bandstand, located in the centre of the park?",south
3,I am running south along the east shore of the lake. In which direction is the lake?,west
4973,"He is walking west along the south shore of an island and then turns around to head back in the direction he came from, in which direction is the sea?",south
1857,"They are cycling west along the north shore of a lake and then turn around to head back in the direction they came from, in which direction is the lake?",south
2378,"They are hiking south-east along the middle of the north-east side of a park; in which direction is the bandstand, located in the centre of the park?",south-west
5376,"You are walking south-west along the north-west shore of an island and then turn around to head back in the direction you came from, in which direction is the sea?",north-west
3839,They are racing south along the west side of a road which runs south to north. In which direction is the road?,east
412,They are walking south-west along the south-east shore of the lake. In which direction is the lake?,north-west
3914,I am racing south-east along the north-east shore of the island. In which direction is the sea?,north-east
4281,They are riding east along the north shore of the island. In which direction is the sea?,north
2589,"He is driving east along the middle of the south side of a park; in which direction is the bandstand, located in the centre of the park?",north
3571,He is perambulating north along the east side of a road which runs north to south. In which direction is the road?,west
3263,We are hiking north along the west side of a road which runs north to south. In which direction is the road?,east
2810,"They are walking north-west along the middle of the north-east side of a park; in which direction is the bandstand, located in the centre of the park?",south-west
4787,They are unicycling north along the east shore of the island. In which direction is the sea?,east
1765,"We are running east along the south shore of a lake and then turn around to head back in the direction we came from, in which direction is the lake?",north
4832,"I am driving north-east along the north-west shore of an island and then turn around to head back in the direction I came from, in which direction is the sea?",north-west
4301,They are hiking west along the south shore of the island. In which direction is the sea?,south
3876,I am jogging south-west along the south-east shore of the island. In which direction is the sea?,south-east
1342,"We are hiking north-west along the south-west shore of a lake and then turn around to head back in the direction we came from, in which direction is the lake?",north-east
4576,She is walking south-west along the north-west shore of the island. In which direction is the sea?,north-west
5731,"They are perambulating north along the east shore of an island and then turn around to head back in the direction they came from, in which direction is the sea?",east
813,We are walking east along the south shore of the lake. In which direction is the lake?,north
1316,"We are jogging south-west along the south-east shore of a lake and then turn around to head back in the direction we came from, in which direction is the lake?",north-west
3959,You are jogging north along the west shore of the island. In which direction is the sea?,west
550,I am unicycling south-east along the south-west shore of the lake. In which direction is the lake?,north-east
4968,"He is running north-east along the north-west shore of an island and then turns around to head back in the direction he came from, in which direction is the sea?",north-west
4746,They are driving north-west along the north-east shore of the island. In which direction is the sea?,north-east
3851,I am walking south along the east shore of the island. In which direction is the sea?,east
2111,"He is driving north along the middle of the west side of a park; in which direction is the bandstand, located in the centre of the park?",east
2682,"She is riding north-west along the middle of the north-east side of a park; in which direction is the bandstand, located in the centre of the park?",south-west
2320,"We are racing north-east along the middle of the north-west side of a park; in which direction is the bandstand, located in the centre of the park?",south-east
1461,"I am cycling east along the south shore of a lake and then turn around to head back in the direction I came from, in which direction is the lake?",north
2513,"You are jogging west along the middle of the north side of a park; in which direction is the bandstand, located in the centre of the park?",south
4068,He is unicycling south-west along the south-east shore of the island. In which direction is the sea?,south-east
4794,They are racing north-west along the north-east shore of the island. In which direction is the sea?,north-east
496,I am walking south-west along the north-west shore of the lake. In which direction is the lake?,south-east
3722,We are riding north-west along the north-east side of a road which runs north-west to south-east. In which direction is the road?,south-west
2587,"He is driving north along the middle of the east side of a park; in which direction is the bandstand, located in the centre of the park?",west
2823,"They are cycling south along the middle of the west side of a park; in which direction is the bandstand, located in the centre of the park?",east
5611,"We are walking north along the east shore of an island and then turn around to head back in the direction we came from, in which direction is the sea?",east
497,I am cycling west along the north shore of the lake. In which direction is the lake?,south
1165,"He is riding west along the south shore of a lake and then turns around to head back in the direction he came from, in which direction is the lake?",north
3880,I am jogging north-east along the north-west shore of the island. In which direction is the sea?,north-west
2654,"She is walking south-east along the middle of the south-west side of a park; in which direction is the bandstand, located in the centre of the park?",north-east
1321,"We are riding east along the north shore of a lake and then turn around to head back in the direction we came from, in which direction is the lake?",south
4404,You are running north-east along the south-east shore of the island. In which direction is the sea?,south-east
847,We are riding south along the west shore of the lake. In which direction is the lake?,east
585,You are driving west along the north shore of the lake. In which direction is the lake?,south
1445,"I am running east along the south shore of a lake and then turn around to head back in the direction I came from, in which direction is the lake?",north
2800,"We are racing south-west along the middle of the north-west side of a park; in which direction is the bandstand, located in the centre of the park?",south-east
743,She is cycling south along the west shore of the lake. In which direction is the lake?,east
3626,She is driving north-west along the north-east side of a road which runs north-west to south-east. In which direction is the road?,south-west
1280,"She is racing north-east along the north-west shore of a lake and then turns around to head back in the direction she came from, in which direction is the lake?",south-east
3346,They are unicycling south-east along the north-east side of a road which runs south-east to north-west. In which direction is the road?,south-west
1592,"You are unicycling south-west along the north-west shore of a lake and then turn around to head back in the direction you came from, in which direction is the lake?",south-east
2430,"I am driving south-east along the middle of the south-west side of a park; in which direction is the bandstand, located in the centre of the park?",north-east
1142,"He is cycling north-west along the south-west shore of a lake and then turns around to head back in the direction he came from, in which direction is the lake?",north-east
546,I am unicycling north-west along the north-east shore of the lake. In which direction is the lake?,south-west
4347,I am driving north along the east shore of the island. In which direction is the sea?,east
887,They are running south along the west shore of the lake. In which direction is the lake?,east
4528,He is riding south-west along the north-west shore of the island. In which direction is the sea?,north-west
1378,"They are cycling south-east along the north-east shore of a lake and then turn around to head back in the direction they came from, in which direction is the lake?",south-west
464,They are hiking north-east along the north-west shore of the lake. In which direction is the lake?,south-east
4810,"I am walking south-east along the north-east shore of an island and then turn around to head back in the direction I came from, in which direction is the sea?",north-east
2434,"I am jogging north-west along the middle of the north-east side of a park; in which direction is the bandstand, located in the centre of the park?",south-west
405,They are running west along the south shore of the lake. In which direction is the lake?,north
2690,"She is perambulating north-west along the middle of the north-east side of a park; in which direction is the bandstand, located in the centre of the park?",south-west
1861,"They are cycling east along the south shore of a lake and then turn around to head back in the direction they came from, in which direction is the lake?",north
4155,She is racing south along the east shore of the island. In which direction is the sea?,east
4265,They are driving east along the north shore of the island. In which direction is the sea?,north
237,He is racing west along the south shore of the lake. In which direction is the lake?,north
3213,We are walking west along the south side of a road which runs west to east. In which direction is the road?,north
556,I am racing north-east along the south-east shore of the lake. In which direction is the lake?,north-west
5203,"They are running south along the east shore of an island and then turn around to head back in the direction they came from, in which direction is the sea?",east
927,They are riding south along the west shore of the lake. In which direction is the lake?,east
2805,"They are running east along the middle of the south side of a park; in which direction is the bandstand, located in the centre of the park?",north
4622,She is hiking south-east along the south-west shore of the island. In which direction is the sea?,south-west
783,She is hiking south along the west shore of the lake. In which direction is the lake?,east
2918,I am jogging north-west along the south-west side of a road which runs north-west to south-east. In which direction is the road?,north-east
3644,She is riding north-east along the south-east side of a road which runs north-east to south-west. In which direction is the road?,north-west
3274,We are racing south-east along the north-east side of a road which runs south-east to north-west. In which direction is the road?,south-west
3197,She is racing west along the south side of a road which runs west to east. In which direction is the road?,north
2726,"We are running south-east along the middle of the south-west side of a park; in which direction is the bandstand, located in the centre of the park?",north-east
4756,They are jogging north-east along the south-east shore of the island. In which direction is the sea?,south-east
256,She is walking north-east along the north-west shore of the lake. In which direction is the lake?,south-east
4075,He is racing south along the east shore of the island. In which direction is the sea?,east
41,I am riding east along the north shore of the lake. In which direction is the lake?,south
502,I am cycling south-east along the south-west shore of the lake. In which direction is the lake?,north-east
5050,"She is walking south-east along the north-east shore of an island and then turns around to head back in the direction she came from, in which direction is the sea?",north-east
3595,He is racing north along the east side of a road which runs north to south. In which direction is the road?,west
5211,"They are walking south along the east shore of an island and then turn around to head back in the direction they came from, in which direction is the sea?",east
5421,"You are hiking east along the south shore of an island and then turn around to head back in the direction you came from, in which direction is the sea?",south
3003,You are riding south along the east side of a road which runs south to north. In which direction is the road?,west
4585,She is driving west along the north shore of the island. In which direction is the sea?,north
4695,We are perambulating south along the west shore of the island. In which direction is the sea?,west
345,We are driving east along the north shore of the lake. In which direction is the lake?,south
373,We are perambulating west along the south shore of the lake. In which direction is the lake?,north
2623,"He is hiking south along the middle of the west side of a park; in which direction is the bandstand, located in the centre of the park?",east
1979,"I am hiking south along the middle of the east side of a park; in which direction is the bandstand, located in the centre of the park?",west
1236,"She is jogging south-west along the south-east shore of a lake and then turns around to head back in the direction she came from, in which direction is the lake?",north-west
3586,He is unicycling north-west along the north-east side of a road which runs north-west to south-east. In which direction is the road?,south-west
5169,"We are perambulating east along the north shore of an island and then turn around to head back in the direction we came from, in which direction is the sea?",north
1420,"They are hiking south-west along the south-east shore of a lake and then turn around to head back in the direction they came from, in which direction is the lake?",north-west
1731,"She is perambulating north along the east shore of a lake and then turns around to head back in the direction she came from, in which direction is the lake?",west
428,They are driving south-west along the south-east shore of the lake. In which direction is the lake?,north-west
5229,"They are driving west along the south shore of an island and then turn around to head back in the direction they came from, in which direction is the sea?",south
1950,"I am driving north-west along the middle of the south-west side of a park; in which direction is the bandstand, located in the centre of the park?",north-east
4795,They are racing north along the east shore of the island. In which direction is the sea?,east
1528,"You are running south-west along the north-west shore of a lake and then turn around to head back in the direction you came from, in which direction is the lake?",south-east
4195,We are jogging south along the east shore of the island. In which direction is the sea?,east
4754,They are jogging north-west along the north-east shore of the island. In which direction is the sea?,north-east
4909,"You are driving west along the south shore of an island and then turn around to head back in the direction you came from, in which direction is the sea?",south
5233,"They are jogging east along the north shore of an island and then turn around to head back in the direction they came from, in which direction is the sea?",north
4545,He is unicycling west along the north shore of the island. In which direction is the sea?,north
3767,They are running south along the west side of a road which runs south to north. In which direction is the road?,east
4920,"You are jogging north-east along the north-west shore of an island and then turn around to head back in the direction you came from, in which direction is the sea?",north-west
3121,She is running east along the north side of a road which runs east to west. In which direction is the road?,south
1324,"We are riding south-west along the south-east shore of a lake and then turn around to head back in the direction we came from, in which direction is the lake?",north-west
357,We are jogging west along the south shore of the lake. In which direction is the lake?,north
4022,He is cycling north-west along the south-west shore of the island. In which direction is the sea?,south-west
3791,They are driving south along the west side of a road which runs south to north. In which direction is the road?,east
1610,"He is walking north-west along the north-east shore of a lake and then turns around to head back in the direction he came from, in which direction is the lake?",south-west
830,We are driving south-east along the south-west shore of the lake. In which direction is the lake?,north-east
4822,"I am cycling north-west along the south-west shore of an island and then turn around to head back in the direction I came from, in which direction is the sea?",south-west
5463,"He is cycling south along the west shore of an island and then turns around to head back in the direction he came from, in which direction is the sea?",west
1447,"I am running south along the west shore of a lake and then turn around to head back in the direction I came from, in which direction is the lake?",east
4847,"I am riding north along the west shore of an island and then turn around to head back in the direction I came from, in which direction is the sea?",west
721,She is running west along the north shore of the lake. In which direction is the lake?,south
855,We are perambulating south along the west shore of the lake. In which direction is the lake?,east
1632,"He is driving south-west along the north-west shore of a lake and then turns around to head back in the direction he came from, in which direction is the lake?",south-east
180,He is cycling south-west along the south-east shore of the lake. In which direction is the lake?,north-west
4040,He is jogging north-east along the north-west shore of the island. In which direction is the sea?,north-west
2487,"You are running south along the middle of the west side of a park; in which direction is the bandstand, located in the centre of the park?",east
3369,I am walking west along the north side of a road which runs west to east. In which direction is the road?,south
3739,We are hiking north along the east side of a road which runs north to south. In which direction is the road?,west
4488,He is running south-west along the north-west shore of the island. In which direction is the sea?,north-west
4177,We are cycling east along the north shore of the island. In which direction is the sea?,north
3526,He is running south-east along the south-west side of a road which runs south-east to north-west. In which direction is the road?,north-east
4988,"He is driving south-west along the south-east shore of an island and then turns around to head back in the direction he came from, in which direction is the sea?",south-east
4128,She is riding north-east along the north-west shore of the island. In which direction is the sea?,north-west
3014,You are perambulating north-west along the south-west side of a road which runs north-west to south-east. In which direction is the road?,north-east
3259,We are hiking south along the east side of a road which runs south to north. In which direction is the road?,west
2103,"He is cycling north along the middle of the west side of a park; in which direction is the bandstand, located in the centre of the park?",east
1734,"She is perambulating south-east along the south-west shore of a lake and then turns around to head back in the direction she came from, in which direction is the lake?",north-east
4268,They are driving south-west along the south-east shore of the island. In which direction is the sea?,south-east
526,I am riding south-east along the south-west shore of the lake. In which direction is the lake?,north-east
5140,"We are cycling south-west along the south-east shore of an island and then turn around to head back in the direction we came from, in which direction is the sea?",south-east
1569,"You are perambulating west along the north shore of a lake and then turn around to head back in the direction you came from, in which direction is the lake?",south
4534,He is perambulating south-east along the south-west shore of the island. In which direction is the sea?,south-west
4426,You are driving north-west along the north-east shore of the island. In which direction is the sea?,north-east
5271,"They are unicycling north along the west shore of an island and then turn around to head back in the direction they came from, in which direction is the sea?",west
5121,"We are running east along the north shore of an island and then turn around to head back in the direction we came from, in which direction is the sea?",north
2593,"He is jogging west along the middle of the north side of a park; in which direction is the bandstand, located in the centre of the park?",south
1127,"He is running north along the west shore of a lake and then turns around to head back in the direction he came from, in which direction is the lake?",east
790,She is unicycling south-east along the south-west shore of the lake. In which direction is the lake?,north-east
3764,They are running north-east along the south-east side of a road which runs north-east to south-west. In which direction is the road?,north-west
3955,You are jogging south along the east shore of the island. In which direction is the sea?,east
5222,"They are cycling north-west along the south-west shore of an island and then turn around to head back in the direction they came from, in which direction is the sea?",south-west
3134,She is walking north-west along the south-west side of a road which runs north-west to south-east. In which direction is the road?,north-east
4133,She is perambulating west along the south shore of the island. In which direction is the sea?,south
1459,"I am cycling north along the east shore of a lake and then turn around to head back in the direction I came from, in which direction is the lake?",west
582,You are cycling south-east along the south-west shore of the lake. In which direction is the lake?,north-east
2340,"They are cycling south-west along the middle of the south-east side of a park; in which direction is the bandstand, located in the centre of the park?",north-west
2386,"They are unicycling south-east along the middle of the north-east side of a park; in which direction is the bandstand, located in the centre of the park?",south-west
2786,"We are unicycling north-west along the middle of the north-east side of a park; in which direction is the bandstand, located in the centre of the park?",south-west
2600,"He is jogging south-west along the middle of the north-west side of a park; in which direction is the bandstand, located in the centre of the park?",south-east
1441,"I am running west along the north shore of a lake and then turn around to head back in the direction I came from, in which direction is the lake?",south
885,They are running east along the south shore of the lake. In which direction is the lake?,north
4371,I am perambulating north along the east shore of the island. In which direction is the sea?,east
698,He is hiking north-west along the north-east shore of the lake. In which direction is the lake?,south-west
1089,"You are perambulating east along the north shore of a lake and then turn around to head back in the direction you came from, in which direction is the lake?",south
1657,"He is hiking west along the north shore of a lake and then turns around to head back in the direction he came from, in which direction is the lake?",south
1553,"You are jogging west along the north shore of a lake and then turn around to head back in the direction you came from, in which direction is the lake?",south
3963,You are riding south along the east shore of the island. In which direction is the sea?,east
3194,She is racing south-east along the north-east side of a road which runs south-east to north-west. In which direction is the road?,south-west
3807,They are riding south along the west side of a road which runs south to north. In which direction is the road?,east
5282,"I am running north-west along the north-east shore of an island and then turn around to head back in the direction I came from, in which direction is the sea?",north-east
3436,I am racing north-east along the south-east side of a road which runs north-east to south-west. In which direction is the road?,north-west
4561,She is running west along the north shore of the island. In which direction is the sea?,north
2277,"We are jogging west along the middle of the south side of a park; in which direction is the bandstand, located in the centre of the park?",north
5519,"He is racing south along the west shore of an island and then turns around to head back in the direction he came from, in which direction is the sea?",west
845,We are riding east along the south shore of the lake. In which direction is the lake?,north
5114,"She is racing south-east along the north-east shore of an island and then turns around to head back in the direction she came from, in which direction is the sea?",north-east
1908,"They are unicycling north-east along the south-east shore of a lake and then turn around to head back in the direction they came from, in which direction is the lake?",north-west
5688,"They are running south-west along the north-west shore of an island and then turn around to head back in the direction they came from, in which direction is the sea?",north-west
1416,"They are perambulating north-east along the north-west shore of a lake and then turn around to head back in the direction they came from, in which direction is the lake?",south-east
1156,"He is jogging south-west along the south-east shore of a lake and then turns around to head back in the direction he came from, in which direction is the lake?",north-west
3156,She is jogging south-west along the south-east side of a road which runs south-west to north-east. In which direction is the road?,north-west
1043,"You are running south along the east shore of a lake and then turn around to head back in the direction you came from, in which direction is the lake?",west
4063,He is hiking north along the west shore of the island. In which direction is the sea?,west
3682,We are running north-west along the north-east side of a road which runs north-west to south-east. In which direction is the road?,south-west
686,He is riding south-east along the south-west shore of the lake. In which direction is the lake?,north-east
1133,"He is walking west along the south shore of a lake and then turns around to head back in the direction he came from, in which direction is the lake?",north
5267,"They are unicycling south along the east shore of an island and then turn around to head back in the direction they came from, in which direction is the sea?",east
4037,He is jogging west along the south shore of the island. In which direction is the sea?,south
4162,We are running south-east along the north-east shore of the island. In which direction is the sea?,north-east
1449,"I am walking west along the north shore of a lake and then turn around to head back in the direction I came from, in which direction is the lake?",south
4584,She is cycling south-west along the north-west shore of the island. In which direction is the sea?,north-west
3874,I am jogging south-east along the north-east shore of the island. In which direction is the sea?,north-east
1978,"I am hiking south-east along the middle of the north-east side of a park; in which direction is the bandstand, located in the centre of the park?",south-west
1485,"I am riding east along the south shore of a lake and then turn around to head back in the direction I came from, in which direction is the lake?",north
2653,"She is walking east along the middle of the south side of a park; in which direction is the bandstand, located in the centre of the park?",north
557,I am racing east along the south shore of the lake. In which direction is the lake?,north
4204,We are riding south-west along the south-east shore of the island. In which direction is the sea?,south-east
1419,"They are hiking south along the east shore of a lake and then turn around to head back in the direction they came from, in which direction is the lake?",west
843,We are riding north along the east shore of the lake. In which direction is the lake?,west
1714,"She is jogging north-west along the north-east shore of a lake and then turns around to head back in the direction she came from, in which direction is the lake?",south-west
3614,She is walking south-east along the south-west side of a road which runs south-east to north-west. In which direction is the road?,north-east
4739,They are cycling north along the east shore of the island. In which direction is the sea?,east
1615,"He is walking south along the west shore of a lake and then turns around to head back in the direction he came from, in which direction is the lake?",east
2479,"I am racing south along the middle of the west side of a park; in which direction is the bandstand, located in the centre of the park?",east
4150,She is unicycling north-west along the south-west shore of the island. In which direction is the sea?,south-west
5162,"We are riding south-east along the north-east shore of an island and then turn around to head back in the direction we came from, in which direction is the sea?",north-east
2637,"He is racing east along the middle of the south side of a park; in which direction is the bandstand, located in the centre of the park?",north
3988,You are unicycling south-west along the south-east shore of the island. In which direction is the sea?,south-east
3830,They are unicycling south-east along the south-west side of a road which runs south-east to north-west. In which direction is the road?,north-east
3968,You are riding north-east along the north-west shore of the island. In which direction is the sea?,north-west
1466,"I am driving north-west along the north-east shore of a lake and then turn around to head back in the direction I came from, in which direction is the lake?",south-west
4048,He is riding north-east along the north-west shore of the island. In which direction is the sea?,north-west
494,I am walking south-east along the south-west shore of the lake. In which direction is the lake?,north-east
5564,"She is riding north-east along the south-east shore of an island and then turns around to head back in the direction she came from, in which direction is the sea?",south-east
1640,"He is jogging south-west along the north-west shore of a lake and then turns around to head back in the direction he came from, in which direction is the lake?",south-east
5113,"She is racing east along the north shore of an island and then turns around to head back in the direction she came from, in which direction is the sea?",north
1830,"We are unicycling south-east along the south-west shore of a lake and then turn around to head back in the direction we came from, in which direction is the lake?",north-east
1578,"You are hiking north-west along the north-east shore of a lake and then turn around to head back in the direction you came from, in which direction is the lake?",south-west
889,They are walking west along the north shore of the lake. In which direction is the lake?,south
1836,"We are racing north-east along the south-east shore of a lake and then turn around to head back in the direction we came from, in which direction is the lake?",north-west
5588,"She is unicycling north-east along the south-east shore of an island and then turns around to head back in the direction she came from, in which direction is the sea?",south-east
5259,"They are hiking south along the east shore of an island and then turn around to head back in the direction they came from, in which direction is the sea?",east
1300,"We are cycling south-west along the south-east shore of a lake and then turn around to head back in the direction we came from, in which direction is the lake?",north-west
3336,They are perambulating north-east along the north-west side of a road which runs north-east to south-west. In which direction is the road?,south-east
5538,"She is cycling north-west along the north-east shore of an island and then turns around to head back in the direction she came from, in which direction is the sea?",north-east
2024,"You are cycling north-east along the middle of the north-west side of a park; in which direction is the bandstand, located in the centre of the park?",south-east
4870,"I am unicycling north-west along the south-west shore of an island and then turn around to head back in the direction I came from, in which direction is the sea?",south-west
3501,You are hiking east along the south side of a road which runs east to west. In which direction is the road?,north
3445,You are running east along the south side of a road which runs east to west. In which direction is the road?,north
310,She is unicycling north-west along the south-west shore of the lake. In which direction is the lake?,north-east
364,We are riding south-west along the south-east shore of the lake. In which direction is the lake?,north-west
4205,We are riding west along the south shore of the island. In which direction is the sea?,south
1004,"I am riding south-west along the south-east shore of a lake and then turn around to head back in the direction I came from, in which direction is the lake?",north-west
2262,"We are cycling north-west along the middle of the south-west side of a park; in which direction is the bandstand, located in the centre of the park?",north-east
4972,"He is walking south-west along the south-east shore of an island and then turns around to head back in the direction he came from, in which direction is the sea?",south-east
44,I am riding south-west along the south-east shore of the lake. In which direction is the lake?,north-west
2925,I am riding west along the south side of a road which runs west to east. In which direction is the road?,north
2939,I am hiking south along the east side of a road which runs south to north. In which direction is the road?,west
1192,"He is unicycling north-east along the north-west shore of a lake and then turns around to head back in the direction he came from, in which direction is the lake?",south-east
807,We are running south along the west shore of the lake. In which direction is the lake?,east
2201,"She is riding east along the middle of the north side of a park; in which direction is the bandstand, located in the centre of the park?",south
5743,"They are hiking south along the west shore of an island and then turn around to head back in the direction they came from, in which direction is the sea?",west
4771,They are perambulating north along the east shore of the island. In which direction is the sea?,east
4986,"He is driving south-east along the north-east shore of an island and then turns around to head back in the direction he came from, in which direction is the sea?",north-east
3035,You are racing south along the east side of a road which runs south to north. In which direction is the road?,west
4286,They are riding north-west along the south-west shore of the island. In which direction is the sea?,south-west
1312,"We are driving north-east along the north-west shore of a lake and then turn around to head back in the direction we came from, in which direction is the lake?",south-east
3632,She is driving south-west along the north-west side of a road which runs south-west to north-east. In which direction is the road?,south-east
160,You are racing north-east along the north-west shore of the lake. In which direction is the lake?,south-east
1094,"You are perambulating north-west along the south-west shore of a lake and then turn around to head back in the direction you came from, in which direction is the lake?",north-east
3540,He is cycling north-east along the south-east side of a road which runs north-east to south-west. In which direction is the road?,north-west
1612,"He is walking north-east along the south-east shore of a lake and then turns around to head back in the direction he came from, in which direction is the lake?",north-west
2829,"They are driving east along the middle of the south side of a park; in which direction is the bandstand, located in the centre of the park?",north
2507,"You are driving north along the middle of the east side of a park; in which direction is the bandstand, located in the centre of the park?",west
2772,"We are perambulating north-east along the middle of the south-east side of a park; in which direction is the bandstand, located in the centre of the park?",north-west
2260,"We are cycling south-west along the middle of the south-east side of a park; in which direction is the bandstand, located in the centre of the park?",north-west
4610,She is perambulating north-west along the north-east shore of the island. In which direction is the sea?,north-east
4789,They are unicycling east along the south shore of the island. In which direction is the sea?,south
2875,"They are racing north along the middle of the east side of a park; in which direction is the bandstand, located in the centre of the park?",west
5647,"We are riding south along the west shore of an island and then turn around to head back in the direction we came from, in which direction is the sea?",west
2794,"We are racing north-west along the middle of the north-east side of a park; in which direction is the bandstand, located in the centre of the park?",south-west
1417,"They are hiking east along the north shore of a lake and then turn around to head back in the direction they came from, in which direction is the lake?",south
4270,They are driving north-west along the south-west shore of the island. In which direction is the sea?,south-west
5089,"She is perambulating east along the north shore of an island and then turns around to head back in the direction she came from, in which direction is the sea?",north
4531,He is perambulating north along the east shore of the island. In which direction is the sea?,east
4247,They are running north along the west shore of the island. In which direction is the sea?,west
3414,I am perambulating south-east along the south-west side of a road which runs south-east to north-west. In which direction is the road?,north-east
1630,"He is driving south-east along the south-west shore of a lake and then turns around to head back in the direction he came from, in which direction is the lake?",north-east
3587,He is unicycling north along the east side of a road which runs north to south. In which direction is the road?,west
2883,I am running south along the east side of a road which runs south to north. In which direction is the road?,west
2444,"I am riding north-east along the middle of the south-east side of a park; in which direction is the bandstand, located in the centre of the park?",north-west
1717,"She is jogging east along the south shore of a lake and then turns around to head back in the direction she came from, in which direction is the lake?",north
4125,She is riding west along the south shore of the island. In which direction is the sea?,south
4522,He is riding north-west along the north-east shore of the island. In which direction is the sea?,north-east
3576,He is perambulating south-west along the north-west side of a road which runs south-west to north-east. In which direction is the road?,south-east
551,I am unicycling south along the west shore of the lake. In which direction is the lake?,east
1413,"They are perambulating west along the south shore of a lake and then turn around to head back in the direction they came from, in which direction is the lake?",north
5137,"We are cycling east along the north shore of an island and then turn around to head back in the direction we came from, in which direction is the sea?",north
4470,You are unicycling south-east along the south-west shore of the island. In which direction is the sea?,south-west
1572,"You are perambulating north-east along the south-east shore of a lake and then turn around to head back in the direction you came from, in which direction is the lake?",north-west
4573,She is walking east along the south shore of the island. In which direction is the sea?,south
1186,"He is unicycling south-east along the north-east shore of a lake and then turns around to head back in the direction he came from, in which direction is the lake?",south-west
4607,She is riding south along the west shore of the island. In which direction is the sea?,west
3928,You are running north-east along the north-west shore of the island. In which direction is the sea?,north-west
1910,"They are unicycling south-east along the south-west shore of a lake and then turn around to head back in the direction they came from, in which direction is the lake?",north-east
2059,"You are hiking south along the middle of the east side of a park; in which direction is the bandstand, located in the centre of the park?",west
5711,"They are driving south along the west shore of an island and then turn around to head back in the direction they came from, in which direction is the sea?",west
3401,I am riding west along the north side of a road which runs west to east. In which direction is the road?,south
2735,"We are walking south along the middle of the west side of a park; in which direction is the bandstand, located in the centre of the park?",east
5758,"They are racing south-east along the south-west shore of an island and then turn around to head back in the direction they came from, in which direction is the sea?",south-west
2612,"He is perambulating north-east along the middle of the south-east side of a park; in which direction is the bandstand, located in the centre of the park?",north-west
3712,We are driving south-west along the north-west side of a road which runs south-west to north-east. In which direction is the road?,south-east
1988,"I am unicycling south-west along the middle of the south-east side of a park; in which direction is the bandstand, located in the centre of the park?",north-west
660,He is cycling north-east along the south-east shore of the lake. In which direction is the lake?,north-west
5432,"You are unicycling south-west along the north-west shore of an island and then turn around to head back in the direction you came from, in which direction is the sea?",north-west
493,I am walking east along the south shore of the lake. In which direction is the lake?,north
15,I am walking north along the west shore of the lake. In which direction is the lake?,east
3704,We are cycling south-west along the north-west side of a road which runs south-west to north-east. In which direction is the road?,south-east
5559,"She is jogging south along the west shore of an island and then turns around to head back in the direction she came from, in which direction is the sea?",west
841,We are riding west along the north shore of the lake. In which direction is the lake?,south
3688,We are running south-west along the north-west side of a road which runs south-west to north-east. In which direction is the road?,south-east
2327,"They are running north along the middle of the west side of a park; in which direction is the bandstand, located in the centre of the park?",east
1320,"We are jogging north-east along the north-west shore of a lake and then turn around to head back in the direction we came from, in which direction is the lake?",south-east
1453,"I am walking east along the south shore of a lake and then turn around to head back in the direction I came from, in which direction is the lake?",north
1405,"They are riding west along the south shore of a lake and then turn around to head back in the direction they came from, in which direction is the lake?",north
3425,I am unicycling west along the north side of a road which runs west to east. In which direction is the road?,south
4476,You are racing north-east along the south-east shore of the island. In which direction is the sea?,south-east
5738,"They are hiking north-west along the north-east shore of an island and then turn around to head back in the direction they came from, in which direction is the sea?",north-east
2390,"They are unicycling north-west along the middle of the south-west side of a park; in which direction is the bandstand, located in the centre of the park?",north-east
5622,"We are cycling south-east along the south-west shore of an island and then turn around to head back in the direction we came from, in which direction is the sea?",south-west
3738,We are hiking north-west along the north-east side of a road which runs north-west to south-east. In which direction is the road?,south-west
301,She is hiking west along the south shore of the lake. In which direction is the lake?,north
1371,"They are walking south along the east shore of a lake and then turn around to head back in the direction they came from, in which direction is the lake?",west
1777,"We are cycling west along the north shore of a lake and then turn around to head back in the direction we came from, in which direction is the lake?",south
2602,"He is riding north-west along the middle of the north-east side of a park; in which direction is the bandstand, located in the centre of the park?",south-west
1153,"He is jogging east along the north shore of a lake and then turns around to head back in the direction he came from, in which direction is the lake?",south
1551,"You are driving south along the west shore of a lake and then turn around to head back in the direction you came from, in which direction is the lake?",east
1069,"You are driving west along the south shore of a lake and then turn around to head back in the direction you came from, in which direction is the lake?",north
2943,I am hiking north along the west side of a road which runs north to south. In which direction is the road?,east
5616,"We are walking south-west along the north-west shore of an island and then turn around to head back in the direction we came from, in which direction is the sea?",north-west
5452,"He is walking north-east along the south-east shore of an island and then turns around to head back in the direction he came from, in which direction is the sea?",south-east
2392,"They are unicycling north-east along the middle of the north-west side of a park; in which direction is the bandstand, located in the centre of the park?",south-east
2133,"He is perambulating west along the middle of the south side of a park; in which direction is the bandstand, located in the centre of the park?",north
4021,He is cycling west along the south shore of the island. In which direction is the sea?,south
4290,They are perambulating south-east along the north-east shore of the island. In which direction is the sea?,north-east
3078,He is jogging north-west along the south-west side of a road which runs north-west to south-east. In which direction is the road?,north-east
5501,"He is hiking east along the south shore of an island and then turns around to head back in the direction he came from, in which direction is the sea?",south
4857,"I am hiking east along the north shore of an island and then turn around to head back in the direction I came from, in which direction is the sea?",north
1787,"We are driving north along the east shore of a lake and then turn around to head back in the direction we came from, in which direction is the lake?",west
697,He is hiking west along the north shore of the lake. In which direction is the lake?,south
5347,"I am unicycling north along the east shore of an island and then turn around to head back in the direction I came from, in which direction is the sea?",east
621,You are hiking east along the south shore of the lake. In which direction is the lake?,north
4997,"He is jogging west along the south shore of an island and then turns around to head back in the direction he came from, in which direction is the sea?",south
469,They are unicycling west along the south shore of the lake. In which direction is the lake?,north
3726,We are riding south-east along the south-west side of a road which runs south-east to north-west. In which direction is the road?,north-east
2226,"She is unicycling south-east along the middle of the north-east side of a park; in which direction is the bandstand, located in the centre of the park?",south-west
1495,"I am perambulating south along the west shore of a lake and then turn around to head back in the direction I came from, in which direction is the lake?",east
2188,"She is driving south-west along the middle of the south-east side of a park; in which direction is the bandstand, located in the centre of the park?",north-west
1319,"We are jogging north along the west shore of a lake and then turn around to head back in the direction we came from, in which direction is the lake?",east
437,They are jogging west along the south shore of the lake. In which direction is the lake?,north
4217,We are hiking east along the north shore of the island. In which direction is the sea?,north
4716,We are racing north-east along the south-east shore of the island. In which direction is the sea?,south-east
1969,"I am perambulating east along the middle of the north side of a park; in which direction is the bandstand, located in the centre of the park?",south
4144,She is hiking north-east along the north-west shore of the island. In which direction is the sea?,north-west
4906,"You are driving south-east along the north-east shore of an island and then turn around to head back in the direction you came from, in which direction is the sea?",north-east
2983,You are cycling north along the west side of a road which runs north to south. In which direction is the road?,east
135,You are perambulating north along the west shore of the lake. In which direction is the lake?,east
1510,"I am unicycling south-east along the south-west shore of a lake and then turn around to head back in the direction I came from, in which direction is the lake?",north-east
1488,"I am riding south-west along the north-west shore of a lake and then turn around to head back in the direction I came from, in which direction is the lake?",south-east
269,She is driving west along the south shore of the lake. In which direction is the lake?,north
233,He is racing east along the north shore of the lake. In which direction is the lake?,south
3293,They are walking west along the south side of a road which runs west to east. In which direction is the road?,north
3462,You are cycling south-east along the south-west side of a road which runs south-east to north-west. In which direction is the road?,north-east
2481,"You are running west along the middle of the north side of a park; in which direction is the bandstand, located in the centre of the park?",south
4354,I am jogging north-west along the north-east shore of the island. In which direction is the sea?,north-east
2032,"You are driving north-east along the middle of the north-west side of a park; in which direction is the bandstand, located in the centre of the park?",south-east
955,They are racing north along the east shore of the lake. In which direction is the lake?,west
3275,We are racing south along the east side of a road which runs south to north. In which direction is the road?,west
1010,"I am perambulating south-east along the north-east shore of a lake and then turn around to head back in the direction I came from, in which direction is the lake?",south-west
5057,"She is cycling east along the north shore of an island and then turns around to head back in the direction she came from, in which direction is the sea?",north
1072,"You are driving north-east along the north-west shore of a lake and then turn around to head back in the direction you came from, in which direction is the lake?",south-east
1211,"She is walking south along the east shore of a lake and then turns around to head back in the direction she came from, in which direction is the lake?",west
664,He is cycling south-west along the north-west shore of the lake. In which direction is the lake?,south-east
5726,"They are riding south-east along the south-west shore of an island and then turn around to head back in the direction they came from, in which direction is the sea?",south-west
1926,"I am running north-west along the middle of the south-west side of a park; in which direction is the bandstand, located in the centre of the park?",north-east
2359,"They are jogging north along the middle of the west side of a park; in which direction is the bandstand, located in the centre of the park?",east
221,He is hiking west along the south shore of the lake. In which direction is the lake?,north
5082,"She is riding south-east along the north-east shore of an island and then turns around to head back in the direction she came from, in which direction is the sea?",north-east
3570,He is perambulating north-west along the north-east side of a road which runs north-west to south-east. In which direction is the road?,south-west
4493,He is walking east along the south shore of the island. In which direction is the sea?,south
2389,"They are unicycling west along the middle of the south side of a park; in which direction is the bandstand, located in the centre of the park?",north
5523,"She is running north along the east shore of an island and then turns around to head back in the direction she came from, in which direction is the sea?",east
3154,She is jogging south-east along the north-east side of a road which runs south-east to north-west. In which direction is the road?,south-west
2972,You are walking south-west along the south-east side of a road which runs south-west to north-east. In which direction is the road?,north-west
3404,I am riding north-east along the south-east side of a road which runs north-east to south-west. In which direction is the road?,north-west
1470,"I am driving south-east along the south-west shore of a lake and then turn around to head back in the direction I came from, in which direction is the lake?",north-east
3848,I am running north-east along the north-west shore of the island. In which direction is the sea?,north-west
4363,I am riding north along the east shore of the island. In which direction is the sea?,east
2674,"She is jogging north-west along the middle of the north-east side of a park; in which direction is the bandstand, located in the centre of the park?",south-west
584,You are cycling south-west along the north-west shore of the lake. In which direction is the lake?,south-east
258,She is cycling south-east along the north-east shore of the lake. In which direction is the lake?,south-west
2900,I am cycling south-west along the south-east side of a road which runs south-west to north-east. In which direction is the road?,north-west
1279,"She is racing north along the west shore of a lake and then turns around to head back in the direction she came from, in which direction is the lake?",east
730,She is walking north-west along the north-east shore of the lake. In which direction is the lake?,south-west
3923,You are running south along the east shore of the island. In which direction is the sea?,east
5243,"They are riding south along the east shore of an island and then turn around to head back in the direction they came from, in which direction is the sea?",east
3117,He is racing west along the south side of a road which runs west to east. In which direction is the road?,north
3536,He is walking south-west along the north-west side of a road which runs south-west to north-east. In which direction is the road?,south-east
3607,She is running south along the west side of a road which runs south to north. In which direction is the road?,east
5513,"He is racing west along the north shore of an island and then turns around to head back in the direction he came from, in which direction is the sea?",north
2198,"She is jogging north-west along the middle of the south-west side of a park; in which direction is the bandstand, located in the centre of the park?",north-east
2897,I am cycling east along the north side of a road which runs east to west. In which direction is the road?,south
5335,"I am perambulating south along the west shore of an island and then turn around to head back in the direction I came from, in which direction is the sea?",west
3757,We are racing east along the south side of a road which runs east to west. In which direction is the road?,north
3850,I am walking south-east along the north-east shore of the island. In which direction is the sea?,north-east
3237,We are jogging west along the south side of a road which runs west to east. In which direction is the road?,north
5115,"She is racing south along the east shore of an island and then turns around to head back in the direction she came from, in which direction is the sea?",east
5074,"She is jogging south-east along the north-east shore of an island and then turns around to head back in the direction she came from, in which direction is the sea?",north-east
5649,"We are perambulating west along the north shore of an island and then turn around to head back in the direction we came from, in which direction is the sea?",north
2336,"They are walking north-east along the middle of the north-west side of a park; in which direction is the bandstand, located in the centre of the park?",south-east
4936,"You are perambulating north-east along the north-west shore of an island and then turn around to head back in the direction you came from, in which direction is the sea?",north-west
240,He is racing north-east along the north-west shore of the lake. In which direction is the lake?,south-east
4110,She is driving north-west along the south-west shore of the island. In which direction is the sea?,south-west
1465,"I am driving west along the north shore of a lake and then turn around to head back in the direction I came from, in which direction is the lake?",south
1871,"They are driving south along the west shore of a lake and then turn around to head back in the direction they came from, in which direction is the lake?",east
57,I am hiking east along the north shore of the lake. In which direction is the lake?,south
4298,They are hiking south-east along the north-east shore of the island. In which direction is the sea?,north-east
5420,"You are hiking north-east along the south-east shore of an island and then turn around to head back in the direction you came from, in which direction is the sea?",south-east
4165,We are running west along the south shore of the island. In which direction is the sea?,south
959,They are racing south along the west shore of the lake. In which direction is the lake?,east
1783,"We are cycling south along the west shore of a lake and then turn around to head back in the direction we came from, in which direction is the lake?",east
4949,"You are unicycling west along the south shore of an island and then turn around to head back in the direction you came from, in which direction is the sea?",south
104,You are cycling north-east along the north-west shore of the lake. In which direction is the lake?,south-east
4772,They are perambulating north-east along the south-east shore of the island. In which direction is the sea?,south-east
2877,"They are racing east along the middle of the south side of a park; in which direction is the bandstand, located in the centre of the park?",north
990,"I am driving north-west along the south-west shore of a lake and then turn around to head back in the direction I came from, in which direction is the lake?",north-east
2196,"She is jogging south-west along the middle of the south-east side of a park; in which direction is the bandstand, located in the centre of the park?",north-west
1078,"You are jogging north-west along the south-west shore of a lake and then turn around to head back in the direction you came from, in which direction is the lake?",north-east
3834,They are racing north-west along the north-east side of a road which runs north-west to south-east. In which direction is the road?,south-west
4770,They are perambulating north-west along the north-east shore of the island. In which direction is the sea?,north-east
3699,We are cycling north along the east side of a road which runs north to south. In which direction is the road?,west
2787,"We are unicycling north along the middle of the east side of a park; in which direction is the bandstand, located in the centre of the park?",west
1770,"We are walking north-west along the north-east shore of a lake and then turn around to head back in the direction we came from, in which direction is the lake?",south-west
164,He is running south-west along the south-east shore of the lake. In which direction is the lake?,north-west
2079,"You are racing north along the middle of the west side of a park; in which direction is the bandstand, located in the centre of the park?",east
985,"I am driving east along the north shore of a lake and then turn around to head back in the direction I came from, in which direction is the lake?",south
3399,I am jogging south along the west side of a road which runs south to north. In which direction is the road?,east
5676,"We are racing north-east along the south-east shore of an island and then turn around to head back in the direction we came from, in which direction is the sea?",south-east
1462,"I am cycling south-east along the south-west shore of a lake and then turn around to head back in the direction I came from, in which direction is the lake?",north-east
5460,"He is cycling north-east along the south-east shore of an island and then turns around to head back in the direction he came from, in which direction is the sea?",south-east
288,She is riding north-east along the north-west shore of the lake. In which direction is the lake?,south-east
3032,You are unicycling north-east along the north-west side of a road which runs north-east to south-west. In which direction is the road?,south-east
468,They are unicycling south-west along the south-east shore of the lake. In which direction is the lake?,north-west
1283,"We are running south along the east shore of a lake and then turn around to head back in the direction we came from, in which direction is the lake?",west
4278,They are jogging north-west along the south-west shore of the island. In which direction is the sea?,south-west
674,He is jogging north-west along the north-east shore of the lake. In which direction is the lake?,south-west
4779,They are hiking north along the east shore of the island. In which direction is the sea?,east
2497,"You are cycling west along the middle of the north side of a park; in which direction is the bandstand, located in the centre of the park?",south
1874,"They are jogging north-west along the north-east shore of a lake and then turn around to head back in the direction they came from, in which direction is the lake?",south-west
723,She is running north along the east shore of the lake. In which direction is the lake?,west
4699,We are hiking north along the east shore of the island. In which direction is the sea?,east
4492,He is walking north-east along the south-east shore of the island. In which direction is the sea?,south-east
109,You are driving west along the south shore of the lake. In which direction is the lake?,north
2042,"You are riding south-east along the middle of the north-east side of a park; in which direction is the bandstand, located in the centre of the park?",south-west
4359,I am jogging south along the west shore of the island. In which direction is the sea?,west
3507,You are unicycling north along the east side of a road which runs north to south. In which direction is the road?,west
1263,"She is hiking north along the west shore of a lake and then turns around to head back in the direction she came from, in which direction is the lake?",east
2591,"He is driving south along the middle of the west side of a park; in which direction is the bandstand, located in the centre of the park?",east
2438,"I am jogging south-east along the middle of the south-west side of a park; in which direction is the bandstand, located in the centre of the park?",north-east
4572,She is walking north-east along the south-east shore of the island. In which direction is the sea?,south-east
4164,We are running south-west along the south-east shore of the island. In which direction is the sea?,south-east
2917,I am jogging west along the south side of a road which runs west to east. In which direction is the road?,north
851,We are perambulating north along the east shore of the lake. In which direction is the lake?,west
3413,I am perambulating east along the south side of a road which runs east to west. In which direction is the road?,north
3608,She is running south-west along the north-west side of a road which runs south-west to north-east. In which direction is the road?,south-east
1393,"They are jogging east along the north shore of a lake and then turn around to head back in the direction they came from, in which direction is the lake?",south
4743,They are cycling south along the west shore of the island. In which direction is the sea?,west
4827,"I am driving south along the east shore of an island and then turn around to head back in the direction I came from, in which direction is the sea?",east
1655,"He is perambulating south along the west shore of a lake and then turns around to head back in the direction he came from, in which direction is the lake?",east
1753,"She is racing west along the north shore of a lake and then turns around to head back in the direction she came from, in which direction is the lake?",south
3132,She is walking south-west along the south-east side of a road which runs south-west to north-east. In which direction is the road?,north-west
3901,I am hiking west along the south shore of the island. In which direction is the sea?,south
3290,They are walking south-east along the north-east side of a road which runs south-east to north-west. In which direction is the road?,south-west
2423,"I am cycling south along the middle of the west side of a park; in which direction is the bandstand, located in the centre of the park?",east
5690,"They are walking north-west along the north-east shore of an island and then turn around to head back in the direction they came from, in which direction is the sea?",north-east
1005,"I am riding west along the south shore of a lake and then turn around to head back in the direction I came from, in which direction is the lake?",north
1884,"They are riding north-east along the south-east shore of a lake and then turn around to head back in the direction they came from, in which direction is the lake?",north-west
2788,"We are unicycling north-east along the middle of the south-east side of a park; in which direction is the bandstand, located in the centre of the park?",north-west
8,I am running north-east along the north-west shore of the lake. In which direction is the lake?,south-east
3484,You are riding north-east along the south-east side of a road which runs north-east to south-west. In which direction is the road?,north-west
5573,"She is perambulating east along the south shore of an island and then turns around to head back in the direction she came from, in which direction is the sea?",south
5038,"He is racing north-west along the south-west shore of an island and then turns around to head back in the direction he came from, in which direction is the sea?",south-west
3371,I am walking north along the east side of a road which runs north to south. In which direction is the road?,west
2016,"You are walking north-east along the middle of the north-west side of a park; in which direction is the bandstand, located in the centre of the park?",south-east
3784,They are cycling south-west along the north-west side of a road which runs south-west to north-east. In which direction is the road?,south-east
2008,"You are running north-east along the middle of the north-west side of a park; in which direction is the bandstand, located in the centre of the park?",south-east
4194,We are jogging south-east along the north-east shore of the island. In which direction is the sea?,north-east
3272,We are unicycling north-east along the north-west side of a road which runs north-east to south-west. In which direction is the road?,south-east
4235,We are racing south along the east shore of the island. In which direction is the sea?,east
4788,They are unicycling north-east along the south-east shore of the island. In which direction is the sea?,south-east
5272,"They are unicycling north-east along the north-west shore of an island and then turn around to head back in the direction they came from, in which direction is the sea?",north-west
5405,"You are riding east along the south shore of an island and then turn around to head back in the direction you came from, in which direction is the sea?",south
20,I am cycling south-west along the south-east shore of the lake. In which direction is the lake?,north-west
897,They are cycling west along the north shore of the lake. In which direction is the lake?,south
1275,"She is racing south along the east shore of a lake and then turns around to head back in the direction she came from, in which direction is the lake?",west
2168,"She is running north-east along the middle of the north-west side of a park; in which direction is the bandstand, located in the centre of the park?",south-east
3370,I am walking north-west along the north-east side of a road which runs north-west to south-east. In which direction is the road?,south-west
2408,"I am running south-west along the middle of the north-west side of a park; in which direction is the bandstand, located in the centre of the park?",south-east
4288,They are riding north-east along the north-west shore of the island. In which direction is the sea?,north-west
4911,"You are driving north along the west shore of an island and then turn around to head back in the direction you came from, in which direction is the sea?",west
1992,"I am unicycling north-east along the middle of the north-west side of a park; in which direction is the bandstand, located in the centre of the park?",south-east
5605,"We are running east along the south shore of an island and then turn around to head back in the direction we came from, in which direction is the sea?",south
3353,They are racing east along the north side of a road which runs east to west. In which direction is the road?,south
3177,She is hiking east along the north side of a road which runs east to west. In which direction is the road?,south
942,They are hiking south-east along the south-west shore of the lake. In which direction is the lake?,north-east
3922,You are running south-east along the north-east shore of the island. In which direction is the sea?,north-east
4518,He is jogging south-east along the south-west shore of the island. In which direction is the sea?,south-west
1527,"You are running south along the west shore of a lake and then turn around to head back in the direction you came from, in which direction is the lake?",east
3480,You are jogging south-west along the north-west side of a road which runs south-west to north-east. In which direction is the road?,south-east
2470,"I am unicycling south-east along the middle of the south-west side of a park; in which direction is the bandstand, located in the centre of the park?",north-east
3798,They are jogging south-east along the south-west side of a road which runs south-east to north-west. In which direction is the road?,north-east
2981,You are cycling west along the south side of a road which runs west to east. In which direction is the road?,north
596,You are jogging north-east along the south-east shore of the lake. In which direction is the lake?,north-west
1564,"You are riding north-east along the south-east shore of a lake and then turn around to head back in the direction you came from, in which direction is the lake?",north-west
4640,She is racing south-west along the north-west shore of the island. In which direction is the sea?,north-west
888,They are running south-west along the north-west shore of the lake. In which direction is the lake?,south-east
1741,"She is hiking east along the south shore of a lake and then turns around to head back in the direction she came from, in which direction is the lake?",north
1232,"She is driving north-east along the north-west shore of a lake and then turns around to head back in the direction she came from, in which direction is the lake?",south-east
184,He is cycling north-east along the north-west shore of the lake. In which direction is the lake?,south-east
799,She is racing south along the west shore of the lake. In which direction is the lake?,east
2002,"You are running south-east along the middle of the north-east side of a park; in which direction is the bandstand, located in the centre of the park?",south-west
2968,You are running north-east along the north-west side of a road which runs north-east to south-west. In which direction is the road?,south-east
1941,"I am cycling west along the middle of the south side of a park; in which direction is the bandstand, located in the centre of the park?",north
814,We are walking south-east along the south-west shore of the lake. In which direction is the lake?,north-east
4085,She is running west along the south shore of the island. In which direction is the sea?,south
4109,She is driving west along the south shore of the island. In which direction is the sea?,south
5392,"You are driving south-west along the north-west shore of an island and then turn around to head back in the direction you came from, in which direction is the sea?",north-west
37,I am jogging west along the south shore of the lake. In which direction is the lake?,north
2080,"You are racing north-east along the middle of the north-west side of a park; in which direction is the bandstand, located in the centre of the park?",south-east
4396,I am racing north-east along the south-east shore of the island. In which direction is the sea?,south-east
4047,He is riding north along the west shore of the island. In which direction is the sea?,west
1699,"She is cycling north along the east shore of a lake and then turns around to head back in the direction she came from, in which direction is the lake?",west
5166,"We are riding north-west along the south-west shore of an island and then turn around to head back in the direction we came from, in which direction is the sea?",south-west
3813,They are perambulating east along the south side of a road which runs east to west. In which direction is the road?,north
85,You are running west along the south shore of the lake. In which direction is the lake?,north
3898,I am hiking south-east along the north-east shore of the island. In which direction is the sea?,north-east
190,He is driving north-west along the south-west shore of the lake. In which direction is the lake?,north-east
4667,We are driving north along the east shore of the island. In which direction is the sea?,east
4483,He is running north along the east shore of the island. In which direction is the sea?,east
5645,"We are riding east along the south shore of an island and then turn around to head back in the direction we came from, in which direction is the sea?",south
2490,"You are walking north-west along the middle of the north-east side of a park; in which direction is the bandstand, located in the centre of the park?",south-west
3598,He is racing south-east along the south-west side of a road which runs south-east to north-west. In which direction is the road?,north-east
5454,"He is walking south-east along the south-west shore of an island and then turns around to head back in the direction he came from, in which direction is the sea?",south-west
2729,"We are walking west along the middle of the north side of a park; in which direction is the bandstand, located in the centre of the park?",south
4120,She is jogging north-east along the north-west shore of the island. In which direction is the sea?,north-west
2618,"He is hiking north-west along the middle of the north-east side of a park; in which direction is the bandstand, located in the centre of the park?",south-west
5410,"You are perambulating north-west along the north-east shore of an island and then turn around to head back in the direction you came from, in which direction is the sea?",north-east
2721,"We are running west along the middle of the north side of a park; in which direction is the bandstand, located in the centre of the park?",south
2081,"He is running east along the middle of the north side of a park; in which direction is the bandstand, located in the centre of the park?",south
3514,You are racing north-west along the north-east side of a road which runs north-west to south-east. In which direction is the road?,south-west
2588,"He is driving north-east along the middle of the south-east side of a park; in which direction is the bandstand, located in the centre of the park?",north-west
2608,"He is riding south-west along the middle of the north-west side of a park; in which direction is the bandstand, located in the centre of the park?",south-east
5246,"They are riding north-west along the south-west shore of an island and then turn around to head back in the direction they came from, in which direction is the sea?",south-west
2500,"You are cycling north-east along the middle of the south-east side of a park; in which direction is the bandstand, located in the centre of the park?",north-west
4543,He is hiking south along the west shore of the island. In which direction is the sea?,west
4993,"He is jogging east along the north shore of an island and then turns around to head back in the direction he came from, in which direction is the sea?",north
1626,"He is driving north-west along the north-east shore of a lake and then turns around to head back in the direction he came from, in which direction is the lake?",south-west
832,We are driving south-west along the north-west shore of the lake. In which direction is the lake?,south-east
177,He is cycling east along the north shore of the lake. In which direction is the lake?,south
653,He is walking east along the south shore of the lake. In which direction is the lake?,north
5081,"She is riding east along the north shore of an island and then turns around to head back in the direction she came from, in which direction is the sea?",north
3502,You are hiking south-east along the south-west side of a road which runs south-east to north-west. In which direction is the road?,north-east
5631,"We are driving south along the west shore of an island and then turn around to head back in the direction we came from, in which direction is the sea?",west
384,We are hiking north-east along the north-west shore of the lake. In which direction is the lake?,south-east
1850,"They are walking north-west along the north-east shore of a lake and then turn around to head back in the direction they came from, in which direction is the lake?",south-west
4970,"He is walking south-east along the north-east shore of an island and then turns around to head back in the direction he came from, in which direction is the sea?",north-east
3580,He is hiking north-east along the south-east side of a road which runs north-east to south-west. In which direction is the road?,north-west
5467,"He is driving north along the east shore of an island and then turns around to head back in the direction he came from, in which direction is the sea?",east
5700,"They are cycling north-east along the south-east shore of an island and then turn around to head back in the direction they came from, in which direction is the sea?",south-east
1325,"We are riding west along the south shore of a lake and then turn around to head back in the direction we came from, in which direction is the lake?",north
5015,"He is perambulating north along the west shore of an island and then turns around to head back in the direction he came from, in which direction is the sea?",west
1543,"You are cycling south along the west shore of a lake and then turn around to head back in the direction you came from, in which direction is the lake?",east
5534,"She is walking south-east along the south-west shore of an island and then turns around to head back in the direction she came from, in which direction is the sea?",south-west
1066,"You are driving south-east along the north-east shore of a lake and then turn around to head back in the direction you came from, in which direction is the lake?",south-west
4140,She is hiking south-west along the south-east shore of the island. In which direction is the sea?,south-east
2522,"You are riding north-west along the middle of the north-east side of a park; in which direction is the bandstand, located in the centre of the park?",south-west
114,You are jogging south-east along the north-east shore of the lake. In which direction is the lake?,south-west
218,He is hiking south-east along the north-east shore of the lake. In which direction is the lake?,south-west
3380,I am cycling north-east along the south-east side of a road which runs north-east to south-west. In which direction is the road?,north-west
2785,"We are unicycling west along the middle of the north side of a park; in which direction is the bandstand, located in the centre of the park?",south
5436,"You are racing north-east along the south-east shore of an island and then turn around to head back in the direction you came from, in which direction is the sea?",south-east
2859,"They are hiking north along the middle of the east side of a park; in which direction is the bandstand, located in the centre of the park?",west
2911,I am driving north along the west side of a road which runs north to south. In which direction is the road?,east
2031,"You are driving north along the middle of the west side of a park; in which direction is the bandstand, located in the centre of the park?",east
1966,"I am riding north-west along the middle of the south-west side of a park; in which direction is the bandstand, located in the centre of the park?",north-east
2354,"They are jogging south-east along the middle of the north-east side of a park; in which direction is the bandstand, located in the centre of the park?",south-west
1602,"He is running north-west along the north-east shore of a lake and then turns around to head back in the direction he came from, in which direction is the lake?",south-west
5470,"He is driving south-east along the south-west shore of an island and then turns around to head back in the direction he came from, in which direction is the sea?",south-west
1285,"We are running west along the south shore of a lake and then turn around to head back in the direction we came from, in which direction is the lake?",north
5046,"She is running north-west along the south-west shore of an island and then turns around to head back in the direction she came from, in which direction is the sea?",south-west
3965,You are riding west along the south shore of the island. In which direction is the sea?,south
2991,You are driving north along the west side of a road which runs north to south. In which direction is the road?,east
1148,"He is driving south-west along the south-east shore of a lake and then turns around to head back in the direction he came from, in which direction is the lake?",north-west
1024,"I am hiking north-east along the north-west shore of a lake and then turn around to head back in the direction I came from, in which direction is the lake?",south-east
1500,"I am hiking north-east along the south-east shore of a lake and then turn around to head back in the direction I came from, in which direction is the lake?",north-west
4677,We are jogging east along the south shore of the island. In which direction is the sea?,south
1589,"You are unicycling east along the south shore of a lake and then turn around to head back in the direction you came from, in which direction is the lake?",north
143,You are hiking north along the west shore of the lake. In which direction is the lake?,east
4738,They are cycling north-west along the north-east shore of the island. In which direction is the sea?,north-east
4158,She is racing north-west along the south-west shore of the island. In which direction is the sea?,south-west
4220,We are hiking south-west along the south-east shore of the island. In which direction is the sea?,south-east
2264,"We are cycling north-east along the middle of the north-west side of a park; in which direction is the bandstand, located in the centre of the park?",south-east
2405,"I am running east along the middle of the south side of a park; in which direction is the bandstand, located in the centre of the park?",north
689,He is perambulating west along the north shore of the lake. In which direction is the lake?,south
4837,"I am jogging west along the south shore of an island and then turn around to head back in the direction I came from, in which direction is the sea?",south
3633,She is jogging west along the north side of a road which runs west to east. In which direction is the road?,south
1710,"She is driving south-east along the south-west shore of a lake and then turns around to head back in the direction she came from, in which direction is the lake?",north-east
1281,"We are running east along the north shore of a lake and then turn around to head back in the direction we came from, in which direction is the lake?",south
9,I am walking east along the north shore of the lake. In which direction is the lake?,south
4355,I am jogging north along the east shore of the island. In which direction is the sea?,east
1781,"We are cycling east along the south shore of a lake and then turn around to head back in the direction we came from, in which direction is the lake?",north
1343,"We are hiking north along the west shore of a lake and then turn around to head back in the direction we came from, in which direction is the lake?",east
2318,"We are racing north-west along the middle of the south-west side of a park; in which direction is the bandstand, located in the centre of the park?",north-east
1292,"We are walking south-west along the south-east shore of a lake and then turn around to head back in the direction we came from, in which direction is the lake?",north-west
427,They are driving south along the east shore of the lake. In which direction is the lake?,west
1669,"He is unicycling east along the south shore of a lake and then turns around to head back in the direction he came from, in which direction is the lake?",north
3715,We are jogging north along the east side of a road which runs north to south. In which direction is the road?,west
2763,"We are riding north along the middle of the east side of a park; in which direction is the bandstand, located in the centre of the park?",west
3118,He is racing north-west along the south-west side of a road which runs north-west to south-east. In which direction is the road?,north-east
3925,You are running west along the south shore of the island. In which direction is the sea?,south
3859,I am cycling south along the east shore of the island. In which direction is the sea?,east
2011,"You are walking south along the middle of the east side of a park; in which direction is the bandstand, located in the centre of the park?",west
1838,"We are racing south-east along the south-west shore of a lake and then turn around to head back in the direction we came from, in which direction is the lake?",north-east
5533,"She is walking east along the south shore of an island and then turns around to head back in the direction she came from, in which direction is the sea?",south
3294,They are walking north-west along the south-west side of a road which runs north-west to south-east. In which direction is the road?,north-east
4548,He is unicycling north-east along the south-east shore of the island. In which direction is the sea?,south-east
3800,They are jogging south-west along the north-west side of a road which runs south-west to north-east. In which direction is the road?,south-east
1756,"She is racing north-east along the south-east shore of a lake and then turns around to head back in the direction she came from, in which direction is the lake?",north-west
1019,"I am hiking south along the east shore of a lake and then turn around to head back in the direction I came from, in which direction is the lake?",west
2803,"They are running north along the middle of the east side of a park; in which direction is the bandstand, located in the centre of the park?",west
1064,"You are cycling north-east along the north-west shore of a lake and then turn around to head back in the direction you came from, in which direction is the lake?",south-east
2296,"We are perambulating north-east along the middle of the north-west side of a park; in which direction is the bandstand, located in the centre of the park?",south-east
127,You are riding north along the west shore of the lake. In which direction is the lake?,east
2580,"He is cycling north-east along the middle of the south-east side of a park; in which direction is the bandstand, located in the centre of the park?",north-west
4187,We are driving south along the east shore of the island. In which direction is the sea?,east
4696,We are perambulating south-west along the north-west shore of the island. In which direction is the sea?,north-west
1782,"We are cycling south-east along the south-west shore of a lake and then turn around to head back in the direction we came from, in which direction is the lake?",north-east
1801,"We are riding west along the north shore of a lake and then turn around to head back in the direction we came from, in which direction is the lake?",south
1736,"She is perambulating south-west along the north-west shore of a lake and then turns around to head back in the direction she came from, in which direction is the lake?",south-east
1591,"You are unicycling south along the west shore of a lake and then turn around to head back in the direction you came from, in which direction is the lake?",east
3018,You are hiking south-east along the north-east side of a road which runs south-east to north-west. In which direction is the road?,south-west
5687,"They are running south along the west shore of an island and then turn around to head back in the direction they came from, in which direction is the sea?",west
304,She is hiking north-east along the north-west shore of the lake. In which direction is the lake?,south-east
4106,She is driving south-east along the north-east shore of the island. In which direction is the sea?,north-east
3359,They are racing north along the west side of a road which runs north to south. In which direction is the road?,east
3524,He is running north-east along the south-east side of a road which runs north-east to south-west. In which direction is the road?,north-west
1502,"I am hiking south-east along the south-west shore of a lake and then turn around to head back in the direction I came from, in which direction is the lake?",north-east
2116,"He is jogging south-west along the middle of the south-east side of a park; in which direction is the bandstand, located in the centre of the park?",north-west
3906,I am unicycling south-east along the north-east shore of the island. In which direction is the sea?,north-east
2697,"She is hiking west along the middle of the north side of a park; in which direction is the bandstand, located in the centre of the park?",south
1759,"She is racing south along the west shore of a lake and then turns around to head back in the direction she came from, in which direction is the lake?",east
4802,"I am running south-east along the north-east shore of an island and then turn around to head back in the direction I came from, in which direction is the sea?",north-east
4540,He is hiking north-east along the south-east shore of the island. In which direction is the sea?,south-east
5674,"We are racing north-west along the north-east shore of an island and then turn around to head back in the direction we came from, in which direction is the sea?",north-east
5422,"You are hiking south-east along the south-west shore of an island and then turn around to head back in the direction you came from, in which direction is the sea?",south-west
1557,"You are jogging east along the south shore of a lake and then turn around to head back in the direction you came from, in which direction is the lake?",north
1868,"They are driving north-east along the south-east shore of a lake and then turn around to head back in the direction they came from, in which direction is the lake?",north-west
2538,"You are hiking north-west along the middle of the north-east side of a park; in which direction is the bandstand, located in the centre of the park?",south-west
3562,He is riding north-west along the north-east side of a road which runs north-west to south-east. In which direction is the road?,south-west
518,I am jogging south-east along the south-west shore of the lake. In which direction is the lake?,north-east
3311,They are driving north along the west side of a road which runs north to south. In which direction is the road?,east
5759,"They are racing south along the west shore of an island and then turn around to head back in the direction they came from, in which direction is the sea?",west
3105,He is unicycling east along the north side of a road which runs east to west. In which direction is the road?,south
910,They are driving south-east along the south-west shore of the lake. In which direction is the lake?,north-east
1818,"We are hiking north-west along the north-east shore of a lake and then turn around to head back in the direction we came from, in which direction is the lake?",south-west
2747,"We are driving north along the middle of the east side of a park; in which direction is the bandstand, located in the centre of the park?",west
1329,"We are perambulating east along the north shore of a lake and then turn around to head back in the direction we came from, in which direction is the lake?",south
904,They are cycling south-west along the north-west shore of the lake. In which direction is the lake?,south-east
5371,"You are walking north along the east shore of an island and then turn around to head back in the direction you came from, in which direction is the sea?",east
1545,"You are driving west along the north shore of a lake and then turn around to head back in the direction you came from, in which direction is the lake?",south
1924,"I am running south-west along the middle of the south-east side of a park; in which direction is the bandstand, located in the centre of the park?",north-west
2635,"He is racing north along the middle of the east side of a park; in which direction is the bandstand, located in the centre of the park?",west
4511,He is driving south along the west shore of the island. In which direction is the sea?,west
5268,"They are unicycling south-west along the south-east shore of an island and then turn around to head back in the direction they came from, in which direction is the sea?",south-east
5465,"He is driving west along the north shore of an island and then turns around to head back in the direction he came from, in which direction is the sea?",north
1487,"I am riding south along the west shore of a lake and then turn around to head back in the direction I came from, in which direction is the lake?",east
2867,"They are unicycling north along the middle of the east side of a park; in which direction is the bandstand, located in the centre of the park?",west
2460,"I am hiking north-east along the middle of the south-east side of a park; in which direction is the bandstand, located in the centre of the park?",north-west
4436,You are jogging north-east along the south-east shore of the island. In which direction is the sea?,south-east
5153,"We are jogging east along the north shore of an island and then turn around to head back in the direction we came from, in which direction is the sea?",north
4171,We are walking south along the east shore of the island. In which direction is the sea?,east
3953,You are jogging east along the north shore of the island. In which direction is the sea?,north
1331,"We are perambulating south along the east shore of a lake and then turn around to head back in the direction we came from, in which direction is the lake?",west
4783,They are hiking south along the west shore of the island. In which direction is the sea?,west
2142,"He is hiking north-west along the middle of the south-west side of a park; in which direction is the bandstand, located in the centre of the park?",north-east
5515,"He is racing north along the east shore of an island and then turns around to head back in the direction he came from, in which direction is the sea?",east
2346,"They are driving south-east along the middle of the north-east side of a park; in which direction is the bandstand, located in the centre of the park?",south-west
2224,"She is hiking north-east along the middle of the north-west side of a park; in which direction is the bandstand, located in the centre of the park?",south-east
5170,"We are perambulating south-east along the north-east shore of an island and then turn around to head back in the direction we came from, in which direction is the sea?",north-east
2425,"I am driving west along the middle of the north side of a park; in which direction is the bandstand, located in the centre of the park?",south
3961,You are riding east along the north shore of the island. In which direction is the sea?,north
4257,They are cycling east along the north shore of the island. In which direction is the sea?,north
5241,"They are riding east along the north shore of an island and then turn around to head back in the direction they came from, in which direction is the sea?",north
1439,"They are racing north along the west shore of a lake and then turn around to head back in the direction they came from, in which direction is the lake?",east
2456,"I am perambulating south-west along the middle of the north-west side of a park; in which direction is the bandstand, located in the centre of the park?",south-east
1571,"You are perambulating north along the east shore of a lake and then turn around to head back in the direction you came from, in which direction is the lake?",west
1348,"We are unicycling south-west along the south-east shore of a lake and then turn around to head back in the direction we came from, in which direction is the lake?",north-west
914,They are jogging north-west along the north-east shore of the lake. In which direction is the lake?,south-west
3088,He is riding north-east along the north-west side of a road which runs north-east to south-west. In which direction is the road?,south-east
1313,"We are jogging east along the north shore of a lake and then turn around to head back in the direction we came from, in which direction is the lake?",south
593,You are jogging west along the north shore of the lake. In which direction is the lake?,south
3670,She is unicycling south-east along the south-west side of a road which runs south-east to north-west. In which direction is the road?,north-east
4512,He is driving south-west along the north-west shore of the island. In which direction is the sea?,north-west
473,They are racing east along the north shore of the lake. In which direction is the lake?,south
4729,They are walking west along the north shore of the island. In which direction is the sea?,north
2566,"He is running south-east along the middle of the south-west side of a park; in which direction is the bandstand, located in the centre of the park?",north-east
4193,We are jogging east along the north shore of the island. In which direction is the sea?,north
1464,"I am cycling south-west along the north-west shore of a lake and then turn around to head back in the direction I came from, in which direction is the lake?",south-east
4227,We are unicycling south along the east shore of the island. In which direction is the sea?,east
5024,"He is hiking north-east along the north-west shore of an island and then turns around to head back in the direction he came from, in which direction is the sea?",north-west
3579,He is hiking north along the east side of a road which runs north to south. In which direction is the road?,west
3872,I am driving north-east along the north-west shore of the island. In which direction is the sea?,north-west
2956,I am racing south-west along the south-east side of a road which runs south-west to north-east. In which direction is the road?,north-west
4989,"He is driving west along the south shore of an island and then turns around to head back in the direction he came from, in which direction is the sea?",south
3041,He is running east along the north side of a road which runs east to west. In which direction is the road?,south
3165,She is riding west along the south side of a road which runs west to east. In which direction is the road?,north
2441,"I am riding west along the middle of the north side of a park; in which direction is the bandstand, located in the centre of the park?",south
1733,"She is perambulating east along the south shore of a lake and then turns around to head back in the direction she came from, in which direction is the lake?",north
132,You are perambulating south-west along the south-east shore of the lake. In which direction is the lake?,north-west
185,He is driving east along the north shore of the lake. In which direction is the lake?,south
1079,"You are jogging north along the west shore of a lake and then turn around to head back in the direction you came from, in which direction is the lake?",east
4781,They are hiking east along the south shore of the island. In which direction is the sea?,south
1907,"They are unicycling north along the east shore of a lake and then turn around to head back in the direction they came from, in which direction is the lake?",west
2371,"They are perambulating south along the middle of the east side of a park; in which direction is the bandstand, located in the centre of the park?",west
2913,I am jogging east along the north side of a road which runs east to west. In which direction is the road?,south
5202,"They are running south-east along the north-east shore of an island and then turn around to head back in the direction they came from, in which direction is the sea?",north-east
3676,She is racing north-east along the south-east side of a road which runs north-east to south-west. In which direction is the road?,north-west
3009,You are perambulating east along the north side of a road which runs east to west. In which direction is the road?,south
3433,I am racing west along the north side of a road which runs west to east. In which direction is the road?,south
252,She is walking south-west along the south-east shore of the lake. In which direction is the lake?,north-west
5509,"He is unicycling east along the south shore of an island and then turns around to head back in the direction he came from, in which direction is the sea?",south
5719,"They are jogging south along the west shore of an island and then turn around to head back in the direction they came from, in which direction is the sea?",west
821,We are cycling east along the south shore of the lake. In which direction is the lake?,north
2881,I am running east along the north side of a road which runs east to west. In which direction is the road?,south
1456,"I am walking south-west along the north-west shore of a lake and then turn around to head back in the direction I came from, in which direction is the lake?",south-east
2711,"She is unicycling south along the middle of the west side of a park; in which direction is the bandstand, located in the centre of the park?",east
4090,She is walking south-east along the north-east shore of the island. In which direction is the sea?,north-east
2734,"We are walking south-east along the middle of the south-west side of a park; in which direction is the bandstand, located in the centre of the park?",north-east
884,They are running north-east along the south-east shore of the lake. In which direction is the lake?,north-west
3537,He is cycling west along the north side of a road which runs west to east. In which direction is the road?,south
1634,"He is jogging north-west along the north-east shore of a lake and then turns around to head back in the direction he came from, in which direction is the lake?",south-west
3886,I am riding north-west along the south-west shore of the island. In which direction is the sea?,south-west
1359,"We are racing north along the west shore of a lake and then turn around to head back in the direction we came from, in which direction is the lake?",east
545,I am unicycling west along the north shore of the lake. In which direction is the lake?,south
3107,He is unicycling south along the east side of a road which runs south to north. In which direction is the road?,west
5225,"They are driving east along the north shore of an island and then turn around to head back in the direction they came from, in which direction is the sea?",north
706,He is unicycling north-west along the north-east shore of the lake. In which direction is the lake?,south-west
3731,We are perambulating north along the east side of a road which runs north to south. In which direction is the road?,west
3218,We are cycling south-east along the north-east side of a road which runs south-east to north-west. In which direction is the road?,south-west
2067,"You are unicycling south along the middle of the east side of a park; in which direction is the bandstand, located in the centre of the park?",west
5696,"They are walking south-west along the north-west shore of an island and then turn around to head back in the direction they came from, in which direction is the sea?",north-west
1411,"They are perambulating south along the east shore of a lake and then turn around to head back in the direction they came from, in which direction is the lake?",west
5541,"She is cycling east along the south shore of an island and then turns around to head back in the direction she came from, in which direction is the sea?",south
1000,"I am jogging north-east along the north-west shore of a lake and then turn around to head back in the direction I came from, in which direction is the lake?",south-east
4388,I am unicycling north-east along the south-east shore of the island. In which direction is the sea?,south-east
4381,I am hiking east along the south shore of the island. In which direction is the sea?,south
2366,"They are riding north-west along the middle of the south-west side of a park; in which direction is the bandstand, located in the centre of the park?",north-east
5455,"He is walking south along the west shore of an island and then turns around to head back in the direction he came from, in which direction is the sea?",west
3305,They are driving east along the north side of a road which runs east to west. In which direction is the road?,south
5755,"They are racing north along the east shore of an island and then turn around to head back in the direction they came from, in which direction is the sea?",east
116,You are jogging south-west along the south-east shore of the lake. In which direction is the lake?,north-west
1355,"We are racing south along the east shore of a lake and then turn around to head back in the direction we came from, in which direction is the lake?",west
69,I am unicycling west along the south shore of the lake. In which direction is the lake?,north
4605,She is riding east along the south shore of the island. In which direction is the sea?,south
3918,I am racing north-west along the south-west shore of the island. In which direction is the sea?,south-west
1972,"I am perambulating south-west along the middle of the south-east side of a park; in which direction is the bandstand, located in the centre of the park?",north-west
4283,They are riding south along the east shore of the island. In which direction is the sea?,east
554,I am racing north-west along the north-east shore of the lake. In which direction is the lake?,south-west
4708,We are unicycling north-east along the south-east shore of the island. In which direction is the sea?,south-east
3497,You are hiking west along the north side of a road which runs west to east. In which direction is the road?,south
4083,She is running south along the east shore of the island. In which direction is the sea?,east
1974,"I am perambulating north-west along the middle of the south-west side of a park; in which direction is the bandstand, located in the centre of the park?",north-east
150,You are unicycling north-west along the south-west shore of the lake. In which direction is the lake?,north-east
2953,I am racing east along the north side of a road which runs east to west. In which direction is the road?,south
3732,We are perambulating north-east along the south-east side of a road which runs north-east to south-west. In which direction is the road?,north-west
4796,They are racing north-east along the south-east shore of the island. In which direction is the sea?,south-east
5187,"We are unicycling south along the east shore of an island and then turn around to head back in the direction we came from, in which direction is the sea?",east
4261,They are cycling west along the south shore of the island. In which direction is the sea?,south
38,I am jogging north-west along the south-west shore of the lake. In which direction is the lake?,north-east
5354,"I am racing north-west along the north-east shore of an island and then turn around to head back in the direction I came from, in which direction is the sea?",north-east
3115,He is racing south along the east side of a road which runs south to north. In which direction is the road?,west
702,He is hiking south-east along the south-west shore of the lake. In which direction is the lake?,north-east
1559,"You are jogging south along the west shore of a lake and then turn around to head back in the direction you came from, in which direction is the lake?",east
3086,He is riding north-west along the south-west side of a road which runs north-west to south-east. In which direction is the road?,north-east
2063,"You are hiking north along the middle of the west side of a park; in which direction is the bandstand, located in the centre of the park?",east
5708,"They are driving north-east along the south-east shore of an island and then turn around to head back in the direction they came from, in which direction is the sea?",south-east
1412,"They are perambulating south-west along the south-east shore of a lake and then turn around to head back in the direction they came from, in which direction is the lake?",north-west
344,We are cycling north-east along the north-west shore of the lake. In which direction is the lake?,south-east
101,You are cycling west along the south shore of the lake. In which direction is the lake?,north
1222,"She is cycling north-west along the south-west shore of a lake and then turns around to head back in the direction she came from, in which direction is the lake?",north-east
5309,"I am driving east along the south shore of an island and then turn around to head back in the direction I came from, in which direction is the sea?",south
2811,"They are walking north along the middle of the east side of a park; in which direction is the bandstand, located in the centre of the park?",west
165,He is running west along the south shore of the lake. In which direction is the lake?,north
1076,"You are jogging south-west along the south-east shore of a lake and then turn around to head back in the direction you came from, in which direction is the lake?",north-west
1350,"We are unicycling north-west along the south-west shore of a lake and then turn around to head back in the direction we came from, in which direction is the lake?",north-east
2933,I am perambulating west along the south side of a road which runs west to east. In which direction is the road?,north
1955,"I am jogging south along the middle of the east side of a park; in which direction is the bandstand, located in the centre of the park?",west
2910,I am driving north-west along the south-west side of a road which runs north-west to south-east. In which direction is the road?,north-east
39,I am jogging north along the west shore of the lake. In which direction is the lake?,east
3500,You are hiking north-east along the south-east side of a road which runs north-east to south-west. In which direction is the road?,north-west
577,You are cycling west along the north shore of the lake. In which direction is the lake?,south
936,They are perambulating south-west along the north-west shore of the lake. In which direction is the lake?,south-east
5437,"You are racing east along the south shore of an island and then turn around to head back in the direction you came from, in which direction is the sea?",south
5668,"We are unicycling north-east along the south-east shore of an island and then turn around to head back in the direction we came from, in which direction is the sea?",south-east
5666,"We are unicycling north-west along the north-east shore of an island and then turn around to head back in the direction we came from, in which direction is the sea?",north-east
5231,"They are driving north along the west shore of an island and then turn around to head back in the direction they came from, in which direction is the sea?",west
1684,"She is running north-east along the south-east shore of a lake and then turns around to head back in the direction she came from, in which direction is the lake?",north-west
4207,We are riding north along the west shore of the island. In which direction is the sea?,west
1295,"We are walking north along the west shore of a lake and then turn around to head back in the direction we came from, in which direction is the lake?",east
3941,You are cycling west along the south shore of the island. In which direction is the sea?,south
4852,"I am perambulating south-west along the south-east shore of an island and then turn around to head back in the direction I came from, in which direction is the sea?",south-east
1727,"She is riding south along the west shore of a lake and then turns around to head back in the direction she came from, in which direction is the lake?",east
3345,They are unicycling east along the north side of a road which runs east to west. In which direction is the road?,south
4151,She is unicycling north along the west shore of the island. In which direction is the sea?,west
3677,She is racing east along the south side of a road which runs east to west. In which direction is the road?,north
4917,"You are jogging west along the south shore of an island and then turn around to head back in the direction you came from, in which direction is the sea?",south
5663,"We are hiking south along the west shore of an island and then turn around to head back in the direction we came from, in which direction is the sea?",west
3708,We are driving north-east along the south-east side of a road which runs north-east to south-west. In which direction is the road?,north-west
3031,You are unicycling north along the west side of a road which runs north to south. In which direction is the road?,east
3740,We are hiking north-east along the south-east side of a road which runs north-east to south-west. In which direction is the road?,north-west
920,They are jogging south-west along the north-west shore of the lake. In which direction is the lake?,south-east
5207,"They are running north along the west shore of an island and then turn around to head back in the direction they came from, in which direction is the sea?",west
934,They are perambulating south-east along the south-west shore of the lake. In which direction is the lake?,north-east
1468,"I am driving north-east along the south-east shore of a lake and then turn around to head back in the direction I came from, in which direction is the lake?",north-west
2471,"I am unicycling south along the middle of the west side of a park; in which direction is the bandstand, located in the centre of the park?",east
5012,"He is perambulating south-west along the south-east shore of an island and then turns around to head back in the direction he came from, in which direction is the sea?",south-east
2603,"He is riding north along the middle of the east side of a park; in which direction is the bandstand, located in the centre of the park?",west
761,She is riding west along the north shore of the lake. In which direction is the lake?,south
1911,"They are unicycling south along the west shore of a lake and then turn around to head back in the direction they came from, in which direction is the lake?",east
3692,We are walking north-east along the south-east side of a road which runs north-east to south-west. In which direction is the road?,north-west
3266,We are unicycling south-east along the north-east side of a road which runs south-east to north-west. In which direction is the road?,south-west
1812,"We are perambulating north-east along the south-east shore of a lake and then turn around to head back in the direction we came from, in which direction is the lake?",north-west
3485,You are riding east along the south side of a road which runs east to west. In which direction is the road?,north
2099,"He is cycling south along the middle of the east side of a park; in which direction is the bandstand, located in the centre of the park?",west
4875,"I am racing south along the east shore of an island and then turn around to head back in the direction I came from, in which direction is the sea?",east
3146,She is driving south-east along the north-east side of a road which runs south-east to north-west. In which direction is the road?,south-west
4969,"He is walking east along the north shore of an island and then turns around to head back in the direction he came from, in which direction is the sea?",north
2492,"You are walking north-east along the middle of the south-east side of a park; in which direction is the bandstand, located in the centre of the park?",north-west
5315,"I am jogging north along the east shore of an island and then turn around to head back in the direction I came from, in which direction is the sea?",east
1532,"You are walking north-east along the south-east shore of a lake and then turn around to head back in the direction you came from, in which direction is the lake?",north-west
2902,I am cycling north-west along the south-west side of a road which runs north-west to south-east. In which direction is the road?,north-east
5236,"They are jogging south-west along the south-east shore of an island and then turn around to head back in the direction they came from, in which direction is the sea?",south-east
5199,"We are racing north along the west shore of an island and then turn around to head back in the direction we came from, in which direction is the sea?",west
2671,"She is driving south along the middle of the west side of a park; in which direction is the bandstand, located in the centre of the park?",east
4092,She is walking south-west along the south-east shore of the island. In which direction is the sea?,south-east
120,You are jogging north-east along the north-west shore of the lake. In which direction is the lake?,south-east
5736,"They are perambulating south-west along the north-west shore of an island and then turn around to head back in the direction they came from, in which direction is the sea?",north-west
1853,"They are walking east along the south shore of a lake and then turn around to head back in the direction they came from, in which direction is the lake?",north
2204,"She is riding south-west along the middle of the south-east side of a park; in which direction is the bandstand, located in the centre of the park?",north-west
3033,You are racing east along the north side of a road which runs east to west. In which direction is the road?,south
4809,"I am walking east along the north shore of an island and then turn around to head back in the direction I came from, in which direction is the sea?",north
228,He is unicycling south-west along the south-east shore of the lake. In which direction is the lake?,north-west
3604,She is running north-east along the south-east side of a road which runs north-east to south-west. In which direction is the road?,north-west
2752,"We are driving south-west along the middle of the north-west side of a park; in which direction is the bandstand, located in the centre of the park?",south-east
744,She is cycling south-west along the north-west shore of the lake. In which direction is the lake?,south-east
5072,"She is driving north-east along the north-west shore of an island and then turns around to head back in the direction she came from, in which direction is the sea?",north-west
842,We are riding north-west along the north-east shore of the lake. In which direction is the lake?,south-west
916,They are jogging north-east along the south-east shore of the lake. In which direction is the lake?,north-west
4797,They are racing east along the south shore of the island. In which direction is the sea?,south
513,I am jogging west along the north shore of the lake. In which direction is the lake?,south
2130,"He is perambulating south-east along the middle of the north-east side of a park; in which direction is the bandstand, located in the centre of the park?",south-west
4175,We are walking north along the west shore of the island. In which direction is the sea?,west
4913,"You are jogging east along the north shore of an island and then turn around to head back in the direction you came from, in which direction is the sea?",north
3966,You are riding north-west along the south-west shore of the island. In which direction is the sea?,south-west
3158,She is jogging north-west along the south-west side of a road which runs north-west to south-east. In which direction is the road?,north-east
2678,"She is jogging south-east along the middle of the south-west side of a park; in which direction is the bandstand, located in the centre of the park?",north-east
2097,"He is cycling east along the middle of the north side of a park; in which direction is the bandstand, located in the centre of the park?",south
5400,"You are jogging south-west along the north-west shore of an island and then turn around to head back in the direction you came from, in which direction is the sea?",north-west
2437,"I am jogging east along the middle of the south side of a park; in which direction is the bandstand, located in the centre of the park?",north
4284,They are riding south-west along the south-east shore of the island. In which direction is the sea?,south-east
5158,"We are jogging north-west along the south-west shore of an island and then turn around to head back in the direction we came from, in which direction is the sea?",south-west
2675,"She is jogging north along the middle of the east side of a park; in which direction is the bandstand, located in the centre of the park?",west
5017,"He is hiking east along the north shore of an island and then turns around to head back in the direction he came from, in which direction is the sea?",north
283,She is riding south along the east shore of the lake. In which direction is the lake?,west
1006,"I am riding north-west along the south-west shore of a lake and then turn around to head back in the direction I came from, in which direction is the lake?",north-east
1087,"You are riding north along the west shore of a lake and then turn around to head back in the direction you came from, in which direction is the lake?",east
5672,"We are unicycling south-west along the north-west shore of an island and then turn around to head back in the direction we came from, in which direction is the sea?",north-west
3701,We are cycling east along the south side of a road which runs east to west. In which direction is the road?,north
1858,"They are cycling north-west along the north-east shore of a lake and then turn around to head back in the direction they came from, in which direction is the lake?",south-west
118,You are jogging north-west along the south-west shore of the lake. In which direction is the lake?,north-east
3181,She is hiking west along the south side of a road which runs west to east. In which direction is the road?,north
2109,"He is driving west along the middle of the south side of a park; in which direction is the bandstand, located in the centre of the park?",north
684,He is riding north-east along the south-east shore of the lake. In which direction is the lake?,north-west
5744,"They are hiking south-west along the north-west shore of an island and then turn around to head back in the direction they came from, in which direction is the sea?",north-west
5240,"They are jogging north-east along the north-west shore of an island and then turn around to head back in the direction they came from, in which direction is the sea?",north-west
1307,"We are driving south along the east shore of a lake and then turn around to head back in the direction we came from, in which direction is the lake?",west
2467,"I am unicycling north along the middle of the east side of a park; in which direction is the bandstand, located in the centre of the park?",west
2951,I am unicycling north along the west side of a road which runs north to south. In which direction is the road?,east
4303,They are hiking north along the west shore of the island. In which direction is the sea?,west
3098,He is hiking south-east along the north-east side of a road which runs south-east to north-west. In which direction is the road?,south-west
1665,"He is unicycling west along the north shore of a lake and then turns around to head back in the direction he came from, in which direction is the lake?",south
5491,"He is perambulating north along the east shore of an island and then turns around to head back in the direction he came from, in which direction is the sea?",east
5377,"You are cycling west along the north shore of an island and then turn around to head back in the direction you came from, in which direction is the sea?",north
2360,"They are jogging north-east along the middle of the north-west side of a park; in which direction is the bandstand, located in the centre of the park?",south-east
1752,"She is unicycling south-west along the north-west shore of a lake and then turns around to head back in the direction she came from, in which direction is the lake?",south-east
291,She is perambulating south along the east shore of the lake. In which direction is the lake?,west
5402,"You are riding north-west along the north-east shore of an island and then turn around to head back in the direction you came from, in which direction is the sea?",north-east
3843,I am running south along the east shore of the island. In which direction is the sea?,east
5415,"You are perambulating south along the west shore of an island and then turn around to head back in the direction you came from, in which direction is the sea?",west
267,She is driving south along the east shore of the lake. In which direction is the lake?,west
838,We are jogging south-east along the south-west shore of the lake. In which direction is the lake?,north-east
2322,"They are running south-east along the middle of the north-east side of a park; in which direction is the bandstand, located in the centre of the park?",south-west
315,She is racing south along the east shore of the lake. In which direction is the lake?,west
1854,"They are walking south-east along the south-west shore of a lake and then turn around to head back in the direction they came from, in which direction is the lake?",north-east
1210,"She is walking south-east along the north-east shore of a lake and then turns around to head back in the direction she came from, in which direction is the lake?",south-west
2410,"I am walking north-west along the middle of the north-east side of a park; in which direction is the bandstand, located in the centre of the park?",south-west
3477,You are jogging east along the south side of a road which runs east to west. In which direction is the road?,north
2288,"We are riding north-east along the middle of the north-west side of a park; in which direction is the bandstand, located in the centre of the park?",south-east
4611,She is perambulating north along the east shore of the island. In which direction is the sea?,east
1358,"We are racing north-west along the south-west shore of a lake and then turn around to head back in the direction we came from, in which direction is the lake?",north-east
4373,I am perambulating east along the south shore of the island. In which direction is the sea?,south
4665,We are driving west along the north shore of the island. In which direction is the sea?,north
3615,She is walking south along the west side of a road which runs south to north. In which direction is the road?,east
5456,"He is walking south-west along the north-west shore of an island and then turns around to head back in the direction he came from, in which direction is the sea?",north-west
2757,"We are jogging east along the middle of the south side of a park; in which direction is the bandstand, located in the centre of the park?",north
1038,"I am racing north-west along the south-west shore of a lake and then turn around to head back in the direction I came from, in which direction is the lake?",north-east
2064,"You are hiking north-east along the middle of the north-west side of a park; in which direction is the bandstand, located in the centre of the park?",south-east
3887,I am riding north along the west shore of the island. In which direction is the sea?,west
835,We are jogging north along the east shore of the lake. In which direction is the lake?,west
792,She is unicycling south-west along the north-west shore of the lake. In which direction is the lake?,south-east
1982,"I am hiking north-west along the middle of the south-west side of a park; in which direction is the bandstand, located in the centre of the park?",north-east
2957,I am racing west along the south side of a road which runs west to east. In which direction is the road?,north
2055,"You are perambulating north along the middle of the west side of a park; in which direction is the bandstand, located in the centre of the park?",east
2052,"You are perambulating south-west along the middle of the south-east side of a park; in which direction is the bandstand, located in the centre of the park?",north-west
1258,"She is hiking south-east along the north-east shore of a lake and then turns around to head back in the direction she came from, in which direction is the lake?",south-west
2313,"We are racing east along the middle of the north side of a park; in which direction is the bandstand, located in the centre of the park?",south
391,We are unicycling north along the west shore of the lake. In which direction is the lake?,east
5275,"They are racing south along the east shore of an island and then turn around to head back in the direction they came from, in which direction is the sea?",east
2000,"I am racing north-east along the middle of the north-west side of a park; in which direction is the bandstand, located in the centre of the park?",south-east
5307,"I am driving north along the east shore of an island and then turn around to head back in the direction I came from, in which direction is the sea?",east
453,They are perambulating west along the south shore of the lake. In which direction is the lake?,north
4494,He is walking south-east along the south-west shore of the island. In which direction is the sea?,south-west
4953,"You are racing east along the north shore of an island and then turn around to head back in the direction you came from, in which direction is the sea?",north
4863,"I am hiking north along the west shore of an island and then turn around to head back in the direction I came from, in which direction is the sea?",west
3296,They are walking north-east along the north-west side of a road which runs north-east to south-west. In which direction is the road?,south-east
500,I am cycling north-east along the south-east shore of the lake. In which direction is the lake?,north-west
1106,"You are unicycling south-east along the north-east shore of a lake and then turn around to head back in the direction you came from, in which direction is the lake?",south-west
625,You are unicycling west along the north shore of the lake. In which direction is the lake?,south
2287,"We are riding north along the middle of the west side of a park; in which direction is the bandstand, located in the centre of the park?",east
5352,"I am unicycling south-west along the north-west shore of an island and then turn around to head back in the direction I came from, in which direction is the sea?",north-west
2938,I am hiking south-east along the north-east side of a road which runs south-east to north-west. In which direction is the road?,south-west
4919,"You are jogging north along the west shore of an island and then turn around to head back in the direction you came from, in which direction is the sea?",west
673,He is jogging west along the north shore of the lake. In which direction is the lake?,south
1065,"You are driving east along the north shore of a lake and then turn around to head back in the direction you came from, in which direction is the lake?",south
3858,I am cycling south-east along the north-east shore of the island. In which direction is the sea?,north-east
5043,"She is running south along the east shore of an island and then turns around to head back in the direction she came from, in which direction is the sea?",east
5290,"I am walking north-west along the north-east shore of an island and then turn around to head back in the direction I came from, in which direction is the sea?",north-east
3719,We are jogging south along the west side of a road which runs south to north. In which direction is the road?,east
1166,"He is riding north-west along the south-west shore of a lake and then turns around to head back in the direction he came from, in which direction is the lake?",north-east
2672,"She is driving south-west along the middle of the north-west side of a park; in which direction is the bandstand, located in the centre of the park?",south-east
181,He is cycling west along the south shore of the lake. In which direction is the lake?,north
3790,They are driving south-east along the south-west side of a road which runs south-east to north-west. In which direction is the road?,north-east
3929,You are walking east along the north shore of the island. In which direction is the sea?,north
2506,"You are driving north-west along the middle of the north-east side of a park; in which direction is the bandstand, located in the centre of the park?",south-west
16,I am walking north-east along the north-west shore of the lake. In which direction is the lake?,south-east
3513,You are racing west along the north side of a road which runs west to east. In which direction is the road?,south
2213,"She is perambulating west along the middle of the south side of a park; in which direction is the bandstand, located in the centre of the park?",north
2113,"He is jogging east along the middle of the north side of a park; in which direction is the bandstand, located in the centre of the park?",south
1003,"I am riding south along the east shore of a lake and then turn around to head back in the direction I came from, in which direction is the lake?",west
2096,"He is walking north-east along the middle of the north-west side of a park; in which direction is the bandstand, located in the centre of the park?",south-east
2575,"He is walking south along the middle of the west side of a park; in which direction is the bandstand, located in the centre of the park?",east
2082,"He is running south-east along the middle of the north-east side of a park; in which direction is the bandstand, located in the centre of the park?",south-west
462,They are hiking north-west along the south-west shore of the lake. In which direction is the lake?,north-east
2996,You are jogging south-west along the south-east side of a road which runs south-west to north-east. In which direction is the road?,north-west
5683,"They are running north along the east shore of an island and then turn around to head back in the direction they came from, in which direction is the sea?",east
182,He is cycling north-west along the south-west shore of the lake. In which direction is the lake?,north-east
796,She is racing north-east along the south-east shore of the lake. In which direction is the lake?,north-west
1422,"They are hiking north-west along the south-west shore of a lake and then turn around to head back in the direction they came from, in which direction is the lake?",north-east
1957,"I am jogging west along the middle of the south side of a park; in which direction is the bandstand, located in the centre of the park?",north
3261,We are hiking west along the south side of a road which runs west to east. In which direction is the road?,north
157,You are racing west along the south shore of the lake. In which direction is the lake?,north
5031,"He is unicycling north along the west shore of an island and then turns around to head back in the direction he came from, in which direction is the sea?",west
2921,I am riding east along the north side of a road which runs east to west. In which direction is the road?,south
2799,"We are racing south along the middle of the west side of a park; in which direction is the bandstand, located in the centre of the park?",east
5684,"They are running north-east along the south-east shore of an island and then turn around to head back in the direction they came from, in which direction is the sea?",south-east
2337,"They are cycling east along the middle of the north side of a park; in which direction is the bandstand, located in the centre of the park?",south
3309,They are driving west along the south side of a road which runs west to east. In which direction is the road?,north
2140,"He is hiking south-west along the middle of the south-east side of a park; in which direction is the bandstand, located in the centre of the park?",north-west
2143,"He is hiking north along the middle of the west side of a park; in which direction is the bandstand, located in the centre of the park?",east
3806,They are riding south-east along the south-west side of a road which runs south-east to north-west. In which direction is the road?,north-east
5585,"She is unicycling west along the north shore of an island and then turns around to head back in the direction she came from, in which direction is the sea?",north
5365,"You are running east along the south shore of an island and then turn around to head back in the direction you came from, in which direction is the sea?",south
4555,He is racing north along the east shore of the island. In which direction is the sea?,east
5232,"They are driving north-east along the north-west shore of an island and then turn around to head back in the direction they came from, in which direction is the sea?",north-west
47,I am riding north along the west shore of the lake. In which direction is the lake?,east
5228,"They are driving south-west along the south-east shore of an island and then turn around to head back in the direction they came from, in which direction is the sea?",south-east
368,We are riding north-east along the north-west shore of the lake. In which direction is the lake?,south-east
5600,"She is racing south-west along the north-west shore of an island and then turns around to head back in the direction she came from, in which direction is the sea?",north-west
42,I am riding south-east along the north-east shore of the lake. In which direction is the lake?,south-west
5691,"They are walking north along the east shore of an island and then turn around to head back in the direction they came from, in which direction is the sea?",east
2283,"We are riding south along the middle of the east side of a park; in which direction is the bandstand, located in the centre of the park?",west
3492,You are perambulating north-east along the south-east side of a road which runs north-east to south-west. In which direction is the road?,north-west
3793,They are jogging west along the north side of a road which runs west to east. In which direction is the road?,south
4887,"You are running north along the west shore of an island and then turn around to head back in the direction you came from, in which direction is the sea?",west
2595,"He is jogging north along the middle of the east side of a park; in which direction is the bandstand, located in the centre of the park?",west
5330,"I am perambulating north-west along the north-east shore of an island and then turn around to head back in the direction I came from, in which direction is the sea?",north-east
5514,"He is racing north-west along the north-east shore of an island and then turns around to head back in the direction he came from, in which direction is the sea?",north-east
1262,"She is hiking north-west along the south-west shore of a lake and then turns around to head back in the direction she came from, in which direction is the lake?",north-east
1425,"They are unicycling east along the north shore of a lake and then turn around to head back in the direction they came from, in which direction is the lake?",south
1167,"He is riding north along the west shore of a lake and then turns around to head back in the direction he came from, in which direction is the lake?",east
110,You are driving north-west along the south-west shore of the lake. In which direction is the lake?,north-east
3736,We are perambulating south-west along the north-west side of a road which runs south-west to north-east. In which direction is the road?,south-east
2673,"She is jogging west along the middle of the north side of a park; in which direction is the bandstand, located in the centre of the park?",south
2476,"I am racing north-east along the middle of the south-east side of a park; in which direction is the bandstand, located in the centre of the park?",north-west
5148,"We are driving south-west along the south-east shore of an island and then turn around to head back in the direction we came from, in which direction is the sea?",south-east
5615,"We are walking south along the west shore of an island and then turn around to head back in the direction we came from, in which direction is the sea?",west
5677,"We are racing east along the south shore of an island and then turn around to head back in the direction we came from, in which direction is the sea?",south
1724,"She is riding north-east along the south-east shore of a lake and then turns around to head back in the direction she came from, in which direction is the lake?",north-west
1266,"She is unicycling south-east along the north-east shore of a lake and then turns around to head back in the direction she came from, in which direction is the lake?",south-west
4339,I am cycling north along the east shore of the island. In which direction is the sea?,east
2136,"He is perambulating north-east along the middle of the north-west side of a park; in which direction is the bandstand, located in the centre of the park?",south-east
128,You are riding north-east along the north-west shore of the lake. In which direction is the lake?,south-east
4114,She is jogging south-east along the north-east shore of the island. In which direction is the sea?,north-east
5257,"They are hiking east along the north shore of an island and then turn around to head back in the direction they came from, in which direction is the sea?",north
3847,I am running north along the west shore of the island. In which direction is the sea?,west
3286,They are running north-west along the south-west side of a road which runs north-west to south-east. In which direction is the road?,north-east
1503,"I am hiking south along the west shore of a lake and then turn around to head back in the direction I came from, in which direction is the lake?",east
4931,"You are perambulating south along the east shore of an island and then turn around to head back in the direction you came from, in which direction is the sea?",east
2344,"They are cycling north-east along the middle of the north-west side of a park; in which direction is the bandstand, located in the centre of the park?",south-east
4450,You are perambulating north-west along the north-east shore of the island. In which direction is the sea?,north-east
3317,They are jogging west along the south side of a road which runs west to east. In which direction is the road?,north
2035,"You are jogging south along the middle of the east side of a park; in which direction is the bandstand, located in the centre of the park?",west
3754,We are racing north-west along the north-east side of a road which runs north-west to south-east. In which direction is the road?,south-west
2792,"We are unicycling south-west along the middle of the north-west side of a park; in which direction is the bandstand, located in the centre of the park?",south-east
5499,"He is hiking north along the east shore of an island and then turns around to head back in the direction he came from, in which direction is the sea?",east
5212,"They are walking south-west along the south-east shore of an island and then turn around to head back in the direction they came from, in which direction is the sea?",south-east
2514,"You are jogging north-west along the middle of the north-east side of a park; in which direction is the bandstand, located in the centre of the park?",south-west
1763,"We are running north along the east shore of a lake and then turn around to head back in the direction we came from, in which direction is the lake?",west
2831,"They are driving south along the middle of the west side of a park; in which direction is the bandstand, located in the centre of the park?",east
5159,"We are jogging north along the west shore of an island and then turn around to head back in the direction we came from, in which direction is the sea?",west
846,We are riding south-east along the south-west shore of the lake. In which direction is the lake?,north-east
4642,We are running north-west along the north-east shore of the island. In which direction is the sea?,north-east
3487,You are riding south along the west side of a road which runs south to north. In which direction is the road?,east
2187,"She is driving south along the middle of the east side of a park; in which direction is the bandstand, located in the centre of the park?",west
4156,She is racing south-west along the south-east shore of the island. In which direction is the sea?,south-east
1704,"She is cycling south-west along the north-west shore of a lake and then turns around to head back in the direction she came from, in which direction is the lake?",south-east
2169,"She is walking east along the middle of the north side of a park; in which direction is the bandstand, located in the centre of the park?",south
2970,You are walking south-east along the north-east side of a road which runs south-east to north-west. In which direction is the road?,south-west
3048,He is running north-east along the north-west side of a road which runs north-east to south-west. In which direction is the road?,south-east
1711,"She is driving south along the west shore of a lake and then turns around to head back in the direction she came from, in which direction is the lake?",east
1998,"I am racing north-west along the middle of the south-west side of a park; in which direction is the bandstand, located in the centre of the park?",north-east
4182,We are cycling north-west along the south-west shore of the island. In which direction is the sea?,south-west
1132,"He is walking south-west along the south-east shore of a lake and then turns around to head back in the direction he came from, in which direction is the lake?",north-west
3104,He is hiking north-east along the north-west side of a road which runs north-east to south-west. In which direction is the road?,south-east
930,They are perambulating north-west along the north-east shore of the lake. In which direction is the lake?,south-west
2252,"We are walking south-west along the middle of the south-east side of a park; in which direction is the bandstand, located in the centre of the park?",north-west
5180,"We are hiking south-west along the south-east shore of an island and then turn around to head back in the direction we came from, in which direction is the sea?",south-east
2071,"You are unicycling north along the middle of the west side of a park; in which direction is the bandstand, located in the centre of the park?",east
5181,"We are hiking west along the south shore of an island and then turn around to head back in the direction we came from, in which direction is the sea?",south
5742,"They are hiking south-east along the south-west shore of an island and then turn around to head back in the direction they came from, in which direction is the sea?",south-west
4065,He is unicycling east along the north shore of the island. In which direction is the sea?,north
3631,She is driving south along the west side of a road which runs south to north. In which direction is the road?,east
4188,We are driving south-west along the south-east shore of the island. In which direction is the sea?,south-east
3474,You are jogging north-west along the north-east side of a road which runs north-west to south-east. In which direction is the road?,south-west
3857,I am cycling east along the north shore of the island. In which direction is the sea?,north
4370,I am perambulating north-west along the north-east shore of the island. In which direction is the sea?,north-east
1635,"He is jogging north along the east shore of a lake and then turns around to head back in the direction he came from, in which direction is the lake?",west
3828,They are unicycling north-east along the south-east side of a road which runs north-east to south-west. In which direction is the road?,north-west
2178,"She is cycling south-east along the middle of the north-east side of a park; in which direction is the bandstand, located in the centre of the park?",south-west
4018,He is cycling south-east along the north-east shore of the island. In which direction is the sea?,north-east
342,We are cycling north-west along the south-west shore of the lake. In which direction is the lake?,north-east
4883,"You are running south along the east shore of an island and then turn around to head back in the direction you came from, in which direction is the sea?",east
2528,"You are riding south-west along the middle of the north-west side of a park; in which direction is the bandstand, located in the centre of the park?",south-east
844,We are riding north-east along the south-east shore of the lake. In which direction is the lake?,north-west
3244,We are riding south-west along the south-east side of a road which runs south-west to north-east. In which direction is the road?,north-west
5648,"We are riding south-west along the north-west shore of an island and then turn around to head back in the direction we came from, in which direction is the sea?",north-west
4713,We are racing west along the north shore of the island. In which direction is the sea?,north
817,We are cycling west along the north shore of the lake. In which direction is the lake?,south
2122,"He is riding south-east along the middle of the north-east side of a park; in which direction is the bandstand, located in the centre of the park?",south-west
309,She is unicycling west along the south shore of the lake. In which direction is the lake?,north
4342,I am cycling south-east along the south-west shore of the island. In which direction is the sea?,south-west
404,They are running south-west along the south-east shore of the lake. In which direction is the lake?,north-west
2095,"He is walking north along the middle of the west side of a park; in which direction is the bandstand, located in the centre of the park?",east
3869,I am driving west along the south shore of the island. In which direction is the sea?,south
3891,I am perambulating south along the east shore of the island. In which direction is the sea?,east
3674,She is racing north-west along the north-east side of a road which runs north-west to south-east. In which direction is the road?,south-west
3128,She is running north-east along the north-west side of a road which runs north-east to south-west. In which direction is the road?,south-east
1840,"We are racing south-west along the north-west shore of a lake and then turn around to head back in the direction we came from, in which direction is the lake?",south-east
5641,"We are riding west along the north shore of an island and then turn around to head back in the direction we came from, in which direction is the sea?",north
187,He is driving south along the east shore of the lake. In which direction is the lake?,west
3143,She is cycling north along the west side of a road which runs north to south. In which direction is the road?,east
3216,We are walking north-east along the north-west side of a road which runs north-east to south-west. In which direction is the road?,south-east
1498,"I am hiking north-west along the north-east shore of a lake and then turn around to head back in the direction I came from, in which direction is the lake?",south-west
5662,"We are hiking south-east along the south-west shore of an island and then turn around to head back in the direction we came from, in which direction is the sea?",south-west
2679,"She is jogging south along the middle of the west side of a park; in which direction is the bandstand, located in the centre of the park?",east
2604,"He is riding north-east along the middle of the south-east side of a park; in which direction is the bandstand, located in the centre of the park?",north-west
1440,"They are racing north-east along the north-west shore of a lake and then turn around to head back in the direction they came from, in which direction is the lake?",south-east
1394,"They are jogging south-east along the north-east shore of a lake and then turn around to head back in the direction they came from, in which direction is the lake?",south-west
5084,"She is riding south-west along the south-east shore of an island and then turns around to head back in the direction she came from, in which direction is the sea?",south-east
4433,You are jogging west along the north shore of the island. In which direction is the sea?,north
2342,"They are cycling north-west along the middle of the south-west side of a park; in which direction is the bandstand, located in the centre of the park?",north-east
2780,"We are hiking north-east along the middle of the south-east side of a park; in which direction is the bandstand, located in the centre of the park?",north-west
1251,"She is perambulating south along the east shore of a lake and then turns around to head back in the direction she came from, in which direction is the lake?",west
1438,"They are racing north-west along the south-west shore of a lake and then turn around to head back in the direction they came from, in which direction is the lake?",north-east
3912,I am unicycling north-east along the north-west shore of the island. In which direction is the sea?,north-west
713,He is racing west along the north shore of the lake. In which direction is the lake?,south
1209,"She is walking east along the north shore of a lake and then turns around to head back in the direction she came from, in which direction is the lake?",south
3070,He is driving north-west along the south-west side of a road which runs north-west to south-east. In which direction is the road?,north-east
4774,They are perambulating south-east along the south-west shore of the island. In which direction is the sea?,south-west
179,He is cycling south along the east shore of the lake. In which direction is the lake?,west
1677,"He is racing east along the south shore of a lake and then turns around to head back in the direction he came from, in which direction is the lake?",north
3478,You are jogging south-east along the south-west side of a road which runs south-east to north-west. In which direction is the road?,north-east
5535,"She is walking south along the west shore of an island and then turns around to head back in the direction she came from, in which direction is the sea?",west
4401,You are running west along the north shore of the island. In which direction is the sea?,north
3661,She is hiking east along the south side of a road which runs east to west. In which direction is the road?,north
3220,We are cycling south-west along the south-east side of a road which runs south-west to north-east. In which direction is the road?,north-west
5715,"They are jogging north along the east shore of an island and then turn around to head back in the direction they came from, in which direction is the sea?",east
3289,They are walking east along the north side of a road which runs east to west. In which direction is the road?,south
5671,"We are unicycling south along the west shore of an island and then turn around to head back in the direction we came from, in which direction is the sea?",west
484,I am running north-east along the south-east shore of the lake. In which direction is the lake?,north-west
3488,You are riding south-west along the north-west side of a road which runs south-west to north-east. In which direction is the road?,south-east
55,I am perambulating north along the west shore of the lake. In which direction is the lake?,east
3506,You are unicycling north-west along the north-east side of a road which runs north-west to south-east. In which direction is the road?,south-west
439,They are jogging north along the west shore of the lake. In which direction is the lake?,east
2431,"I am driving south along the middle of the west side of a park; in which direction is the bandstand, located in the centre of the park?",east
2824,"They are cycling south-west along the middle of the north-west side of a park; in which direction is the bandstand, located in the centre of the park?",south-east
2745,"We are driving west along the middle of the north side of a park; in which direction is the bandstand, located in the centre of the park?",south
2974,You are walking north-west along the south-west side of a road which runs north-west to south-east. In which direction is the road?,north-east
5305,"I am driving west along the north shore of an island and then turn around to head back in the direction I came from, in which direction is the sea?",north
4368,I am riding south-west along the north-west shore of the island. In which direction is the sea?,north-west
2572,"He is walking north-east along the middle of the south-east side of a park; in which direction is the bandstand, located in the centre of the park?",north-west
2268,"We are driving south-west along the middle of the south-east side of a park; in which direction is the bandstand, located in the centre of the park?",north-west
4055,He is perambulating north along the west shore of the island. In which direction is the sea?,west
641,He is running west along the north shore of the lake. In which direction is the lake?,south
4872,"I am unicycling north-east along the north-west shore of an island and then turn around to head back in the direction I came from, in which direction is the sea?",north-west
4431,You are driving south along the west shore of the island. In which direction is the sea?,west
3201,We are running east along the north side of a road which runs east to west. In which direction is the road?,south
4655,We are walking south along the west shore of the island. In which direction is the sea?,west
2218,"She is hiking south-east along the middle of the north-east side of a park; in which direction is the bandstand, located in the centre of the park?",south-west
1664,"He is hiking south-west along the north-west shore of a lake and then turns around to head back in the direction he came from, in which direction is the lake?",south-east
965,"I am running west along the south shore of a lake and then turn around to head back in the direction I came from, in which direction is the lake?",north
974,"I am walking north-west along the south-west shore of a lake and then turn around to head back in the direction I came from, in which direction is the lake?",north-east
5273,"They are racing east along the north shore of an island and then turn around to head back in the direction they came from, in which direction is the sea?",north
376,We are perambulating north-east along the north-west shore of the lake. In which direction is the lake?,south-east
3660,She is hiking north-east along the south-east side of a road which runs north-east to south-west. In which direction is the road?,north-west
2832,"They are driving south-west along the middle of the north-west side of a park; in which direction is the bandstand, located in the centre of the park?",south-east
3974,You are perambulating north-west along the south-west shore of the island. In which direction is the sea?,south-west
5597,"She is racing east along the south shore of an island and then turns around to head back in the direction she came from, in which direction is the sea?",south
5593,"She is racing west along the north shore of an island and then turns around to head back in the direction she came from, in which direction is the sea?",north
2255,"We are walking north along the middle of the west side of a park; in which direction is the bandstand, located in the centre of the park?",east
3629,She is driving east along the south side of a road which runs east to west. In which direction is the road?,north
3139,She is cycling south along the east side of a road which runs south to north. In which direction is the road?,west
3883,I am riding south along the east shore of the island. In which direction is the sea?,east
1123,"He is running south along the east shore of a lake and then turns around to head back in the direction he came from, in which direction is the lake?",west
398,We are racing north-west along the south-west shore of the lake. In which direction is the lake?,north-east
4192,We are driving north-east along the north-west shore of the island. In which direction is the sea?,north-west
3993,You are racing east along the north shore of the island. In which direction is the sea?,north
714,He is racing north-west along the north-east shore of the lake. In which direction is the lake?,south-west
3034,You are racing south-east along the north-east side of a road which runs south-east to north-west. In which direction is the road?,south-west
975,"I am walking north along the west shore of a lake and then turn around to head back in the direction I came from, in which direction is the lake?",east
2272,"We are driving north-east along the middle of the north-west side of a park; in which direction is the bandstand, located in the centre of the park?",south-east
1780,"We are cycling north-east along the south-east shore of a lake and then turn around to head back in the direction we came from, in which direction is the lake?",north-west
1760,"She is racing south-west along the north-west shore of a lake and then turns around to head back in the direction she came from, in which direction is the lake?",south-east
1605,"He is running east along the south shore of a lake and then turns around to head back in the direction he came from, in which direction is the lake?",north
213,He is perambulating west along the south shore of the lake. In which direction is the lake?,north
5729,"They are perambulating west along the north shore of an island and then turn around to head back in the direction they came from, in which direction is the sea?",north
5412,"You are perambulating north-east along the south-east shore of an island and then turn around to head back in the direction you came from, in which direction is the sea?",south-east
1554,"You are jogging north-west along the north-east shore of a lake and then turn around to head back in the direction you came from, in which direction is the lake?",south-west
4174,We are walking north-west along the south-west shore of the island. In which direction is the sea?,south-west
2631,"He is unicycling south along the middle of the west side of a park; in which direction is the bandstand, located in the centre of the park?",east
5598,"She is racing south-east along the south-west shore of an island and then turns around to head back in the direction she came from, in which direction is the sea?",south-west
3469,You are driving east along the south side of a road which runs east to west. In which direction is the road?,north
2804,"They are running north-east along the middle of the south-east side of a park; in which direction is the bandstand, located in the centre of the park?",north-west
5041,"She is running east along the north shore of an island and then turns around to head back in the direction she came from, in which direction is the sea?",north
929,They are perambulating west along the north shore of the lake. In which direction is the lake?,south
1636,"He is jogging north-east along the south-east shore of a lake and then turns around to head back in the direction he came from, in which direction is the lake?",north-west
5239,"They are jogging north along the west shore of an island and then turn around to head back in the direction they came from, in which direction is the sea?",west
2656,"She is walking south-west along the middle of the north-west side of a park; in which direction is the bandstand, located in the centre of the park?",south-east
3190,She is unicycling north-west along the south-west side of a road which runs north-west to south-east. In which direction is the road?,north-east
3589,He is unicycling east along the south side of a road which runs east to west. In which direction is the road?,north
994,"I am jogging south-east along the north-east shore of a lake and then turn around to head back in the direction I came from, in which direction is the lake?",south-west
2677,"She is jogging east along the middle of the south side of a park; in which direction is the bandstand, located in the centre of the park?",north
302,She is hiking north-west along the south-west shore of the lake. In which direction is the lake?,north-east
5338,"I am hiking north-west along the north-east shore of an island and then turn around to head back in the direction I came from, in which direction is the sea?",north-east
770,She is perambulating north-west along the north-east shore of the lake. In which direction is the lake?,south-west
3409,I am perambulating west along the north side of a road which runs west to east. In which direction is the road?,south
544,I am hiking south-west along the north-west shore of the lake. In which direction is the lake?,south-east
4652,We are walking north-east along the south-east shore of the island. In which direction is the sea?,south-east
4717,We are racing east along the south shore of the island. In which direction is the sea?,south
2014,"You are walking north-west along the middle of the south-west side of a park; in which direction is the bandstand, located in the centre of the park?",north-east
3483,You are riding north along the east side of a road which runs north to south. In which direction is the road?,west
3210,We are walking south-east along the north-east side of a road which runs south-east to north-west. In which direction is the road?,south-west
4094,She is walking north-west along the south-west shore of the island. In which direction is the sea?,south-west
5482,"He is riding north-west along the north-east shore of an island and then turns around to head back in the direction he came from, in which direction is the sea?",north-east
5209,"They are walking east along the north shore of an island and then turn around to head back in the direction they came from, in which direction is the sea?",north
1143,"He is cycling north along the west shore of a lake and then turns around to head back in the direction he came from, in which direction is the lake?",east
339,We are cycling south along the east shore of the lake. In which direction is the lake?,west
369,We are perambulating east along the north shore of the lake. In which direction is the lake?,south
4491,He is walking north along the east shore of the island. In which direction is the sea?,east
2967,You are running north along the west side of a road which runs north to south. In which direction is the road?,east
2838,"They are jogging south-east along the middle of the south-west side of a park; in which direction is the bandstand, located in the centre of the park?",north-east
3889,I am perambulating east along the north shore of the island. In which direction is the sea?,north
222,He is hiking north-west along the south-west shore of the lake. In which direction is the lake?,north-east
2482,"You are running north-west along the middle of the north-east side of a park; in which direction is the bandstand, located in the centre of the park?",south-west
3573,He is perambulating east along the south side of a road which runs east to west. In which direction is the road?,north
775,She is perambulating south along the west shore of the lake. In which direction is the lake?,east
2450,"I am perambulating north-west along the middle of the north-east side of a park; in which direction is the bandstand, located in the centre of the park?",south-west
1893,"They are perambulating east along the south shore of a lake and then turn around to head back in the direction they came from, in which direction is the lake?",north
2094,"He is walking north-west along the middle of the south-west side of a park; in which direction is the bandstand, located in the centre of the park?",north-east
4496,He is walking south-west along the north-west shore of the island. In which direction is the sea?,north-west
4994,"He is jogging south-east along the north-east shore of an island and then turns around to head back in the direction he came from, in which direction is the sea?",north-east
2411,"I am walking north along the middle of the east side of a park; in which direction is the bandstand, located in the centre of the park?",west
2110,"He is driving north-west along the middle of the south-west side of a park; in which direction is the bandstand, located in the centre of the park?",north-east
347,We are driving south along the east shore of the lake. In which direction is the lake?,west
5135,"We are walking north along the west shore of an island and then turn around to head back in the direction we came from, in which direction is the sea?",west
2171,"She is walking south along the middle of the east side of a park; in which direction is the bandstand, located in the centre of the park?",west
459,They are hiking south along the east shore of the lake. In which direction is the lake?,west
2412,"I am walking north-east along the middle of the south-east side of a park; in which direction is the bandstand, located in the centre of the park?",north-west
5498,"He is hiking north-west along the north-east shore of an island and then turns around to head back in the direction he came from, in which direction is the sea?",north-east
5136,"We are walking north-east along the north-west shore of an island and then turn around to head back in the direction we came from, in which direction is the sea?",north-west
2256,"We are walking north-east along the middle of the north-west side of a park; in which direction is the bandstand, located in the centre of the park?",south-east
3025,You are unicycling east along the north side of a road which runs east to west. In which direction is the road?,south
5027,"He is unicycling south along the east shore of an island and then turns around to head back in the direction he came from, in which direction is the sea?",east
589,You are driving east along the south shore of the lake. In which direction is the lake?,north
2396,"They are racing south-west along the middle of the south-east side of a park; in which direction is the bandstand, located in the centre of the park?",north-west
1213,"She is walking west along the south shore of a lake and then turns around to head back in the direction she came from, in which direction is the lake?",north
3582,He is hiking south-east along the south-west side of a road which runs south-east to north-west. In which direction is the road?,north-east
1985,"I am unicycling east along the middle of the north side of a park; in which direction is the bandstand, located in the centre of the park?",south
2855,"They are perambulating south along the middle of the west side of a park; in which direction is the bandstand, located in the centre of the park?",east
3332,They are perambulating south-west along the south-east side of a road which runs south-west to north-east. In which direction is the road?,north-west
3270,We are unicycling north-west along the south-west side of a road which runs north-west to south-east. In which direction is the road?,north-east
2820,"They are cycling north-east along the middle of the south-east side of a park; in which direction is the bandstand, located in the centre of the park?",north-west
2121,"He is riding east along the middle of the north side of a park; in which direction is the bandstand, located in the centre of the park?",south
5331,"I am perambulating north along the east shore of an island and then turn around to head back in the direction I came from, in which direction is the sea?",east
3254,We are perambulating north-west along the south-west side of a road which runs north-west to south-east. In which direction is the road?,north-east
4700,We are hiking north-east along the south-east shore of the island. In which direction is the sea?,south-east
3316,They are jogging south-west along the south-east side of a road which runs south-west to north-east. In which direction is the road?,north-west
3202,We are running south-east along the north-east side of a road which runs south-east to north-west. In which direction is the road?,south-west
2199,"She is jogging north along the middle of the west side of a park; in which direction is the bandstand, located in the centre of the park?",east
2240,"She is racing north-east along the middle of the north-west side of a park; in which direction is the bandstand, located in the centre of the park?",south-east
4903,"You are cycling north along the west shore of an island and then turn around to head back in the direction you came from, in which direction is the sea?",west
2333,"They are walking west along the middle of the south side of a park; in which direction is the bandstand, located in the centre of the park?",north
3351,They are unicycling north along the west side of a road which runs north to south. In which direction is the road?,east
5063,"She is cycling north along the west shore of an island and then turns around to head back in the direction she came from, in which direction is the sea?",west
2998,You are jogging north-west along the south-west side of a road which runs north-west to south-east. In which direction is the road?,north-east
2435,"I am jogging north along the middle of the east side of a park; in which direction is the bandstand, located in the centre of the park?",west
4829,"I am driving west along the south shore of an island and then turn around to head back in the direction I came from, in which direction is the sea?",south
665,He is driving west along the north shore of the lake. In which direction is the lake?,south
3636,She is jogging north-east along the south-east side of a road which runs north-east to south-west. In which direction is the road?,north-west
595,You are jogging north along the east shore of the lake. In which direction is the lake?,west
3578,He is hiking north-west along the north-east side of a road which runs north-west to south-east. In which direction is the road?,south-west
1946,"I am driving south-east along the middle of the north-east side of a park; in which direction is the bandstand, located in the centre of the park?",south-west
3868,I am driving south-west along the south-east shore of the island. In which direction is the sea?,south-east
4486,He is running south-east along the south-west shore of the island. In which direction is the sea?,south-west
3437,I am racing east along the south side of a road which runs east to west. In which direction is the road?,north
1670,"He is unicycling south-east along the south-west shore of a lake and then turns around to head back in the direction he came from, in which direction is the lake?",north-east
2680,"She is jogging south-west along the middle of the north-west side of a park; in which direction is the bandstand, located in the centre of the park?",south-east
2541,"You are hiking east along the middle of the south side of a park; in which direction is the bandstand, located in the centre of the park?",north
4468,You are unicycling north-east along the south-east shore of the island. In which direction is the sea?,south-east
3225,We are driving east along the north side of a road which runs east to west. In which direction is the road?,south
5346,"I am unicycling north-west along the north-east shore of an island and then turn around to head back in the direction I came from, in which direction is the sea?",north-east
3030,You are unicycling north-west along the south-west side of a road which runs north-west to south-east. In which direction is the road?,north-east
2273,"We are jogging east along the middle of the north side of a park; in which direction is the bandstand, located in the centre of the park?",south
872,We are unicycling south-west along the north-west shore of the lake. In which direction is the lake?,south-east
5665,"We are unicycling west along the north shore of an island and then turn around to head back in the direction we came from, in which direction is the sea?",north
2227,"She is unicycling south along the middle of the east side of a park; in which direction is the bandstand, located in the centre of the park?",west
699,He is hiking north along the east shore of the lake. In which direction is the lake?,west
5712,"They are driving south-west along the north-west shore of an island and then turn around to head back in the direction they came from, in which direction is the sea?",north-west
784,She is hiking south-west along the north-west shore of the lake. In which direction is the lake?,south-east
2485,"You are running east along the middle of the south side of a park; in which direction is the bandstand, located in the centre of the park?",north
5427,"You are unicycling north along the east shore of an island and then turn around to head back in the direction you came from, in which direction is the sea?",east
3416,I am perambulating south-west along the north-west side of a road which runs south-west to north-east. In which direction is the road?,south-east
4219,We are hiking south along the east shore of the island. In which direction is the sea?,east
2759,"We are jogging south along the middle of the west side of a park; in which direction is the bandstand, located in the centre of the park?",east
594,You are jogging north-west along the north-east shore of the lake. In which direction is the lake?,south-west
1101,"You are hiking west along the south shore of a lake and then turn around to head back in the direction you came from, in which direction is the lake?",north
797,She is racing east along the south shore of the lake. In which direction is the lake?,north
3668,She is unicycling north-east along the south-east side of a road which runs north-east to south-west. In which direction is the road?,north-west
3752,We are unicycling south-west along the north-west side of a road which runs south-west to north-east. In which direction is the road?,south-east
3756,We are racing north-east along the south-east side of a road which runs north-east to south-west. In which direction is the road?,north-west
2343,"They are cycling north along the middle of the west side of a park; in which direction is the bandstand, located in the centre of the park?",east
2760,"We are jogging south-west along the middle of the north-west side of a park; in which direction is the bandstand, located in the centre of the park?",south-east
4777,They are hiking west along the north shore of the island. In which direction is the sea?,north
77,I am racing west along the south shore of the lake. In which direction is the lake?,north
4351,I am driving south along the west shore of the island. In which direction is the sea?,west
2941,I am hiking west along the south side of a road which runs west to east. In which direction is the road?,north
658,He is cycling north-west along the north-east shore of the lake. In which direction is the lake?,south-west
3694,We are walking south-east along the south-west side of a road which runs south-east to north-west. In which direction is the road?,north-east
2053,"You are perambulating west along the middle of the south side of a park; in which direction is the bandstand, located in the centre of the park?",north
508,I am driving north-east along the south-east shore of the lake. In which direction is the lake?,north-west
4010,He is walking south-east along the north-east shore of the island. In which direction is the sea?,north-east
2394,"They are racing south-east along the middle of the north-east side of a park; in which direction is the bandstand, located in the centre of the park?",south-west
314,She is racing south-east along the north-east shore of the lake. In which direction is the lake?,south-west
3846,I am running north-west along the south-west shore of the island. In which direction is the sea?,south-west
1718,"She is jogging south-east along the south-west shore of a lake and then turns around to head back in the direction she came from, in which direction is the lake?",north-east
3882,I am riding south-east along the north-east shore of the island. In which direction is the sea?,north-east
4564,She is running north-east along the south-east shore of the island. In which direction is the sea?,south-east
2003,"You are running south along the middle of the east side of a park; in which direction is the bandstand, located in the centre of the park?",west
1691,"She is walking north along the east shore of a lake and then turns around to head back in the direction she came from, in which direction is the lake?",west
777,She is hiking west along the north shore of the lake. In which direction is the lake?,south
2215,"She is perambulating north along the middle of the west side of a park; in which direction is the bandstand, located in the centre of the park?",east
115,You are jogging south along the east shore of the lake. In which direction is the lake?,west
175,He is walking north along the west shore of the lake. In which direction is the lake?,east
1547,"You are driving north along the east shore of a lake and then turn around to head back in the direction you came from, in which direction is the lake?",west
336,We are walking north-east along the north-west shore of the lake. In which direction is the lake?,south-east
5018,"He is hiking south-east along the north-east shore of an island and then turns around to head back in the direction he came from, in which direction is the sea?",north-east
1507,"I am unicycling north along the east shore of a lake and then turn around to head back in the direction I came from, in which direction is the lake?",west
2573,"He is walking east along the middle of the south side of a park; in which direction is the bandstand, located in the centre of the park?",north
3623,She is cycling south along the west side of a road which runs south to north. In which direction is the road?,east
3452,You are walking north-east along the south-east side of a road which runs north-east to south-west. In which direction is the road?,north-west
4386,I am unicycling north-west along the north-east shore of the island. In which direction is the sea?,north-east
5193,"We are racing east along the north shore of an island and then turn around to head back in the direction we came from, in which direction is the sea?",north
32,I am driving north-east along the north-west shore of the lake. In which direction is the lake?,south-east
633,You are racing west along the north shore of the lake. In which direction is the lake?,south
4943,"You are hiking north along the west shore of an island and then turn around to head back in the direction you came from, in which direction is the sea?",west
2930,I am perambulating south-east along the north-east side of a road which runs south-east to north-west. In which direction is the road?,south-west
935,They are perambulating south along the west shore of the lake. In which direction is the lake?,east
257,She is cycling east along the north shore of the lake. In which direction is the lake?,south
4923,"You are riding south along the east shore of an island and then turn around to head back in the direction you came from, in which direction is the sea?",east
4588,She is driving north-east along the south-east shore of the island. In which direction is the sea?,south-east
4398,I am racing south-east along the south-west shore of the island. In which direction is the sea?,south-west
5607,"We are running south along the west shore of an island and then turn around to head back in the direction we came from, in which direction is the sea?",west
1949,"I am driving west along the middle of the south side of a park; in which direction is the bandstand, located in the centre of the park?",north
5555,"She is jogging north along the east shore of an island and then turns around to head back in the direction she came from, in which direction is the sea?",east
1187,"He is unicycling south along the east shore of a lake and then turns around to head back in the direction he came from, in which direction is the lake?",west
1346,"We are unicycling south-east along the north-east shore of a lake and then turn around to head back in the direction we came from, in which direction is the lake?",south-west
2955,I am racing south along the east side of a road which runs south to north. In which direction is the road?,west
602,You are riding north-west along the north-east shore of the lake. In which direction is the lake?,south-west
1722,"She is riding north-west along the north-east shore of a lake and then turns around to head back in the direction she came from, in which direction is the lake?",south-west
4369,I am perambulating west along the north shore of the island. In which direction is the sea?,north
125,You are riding west along the south shore of the lake. In which direction is the lake?,north
408,They are running north-east along the north-west shore of the lake. In which direction is the lake?,south-east
4601,She is riding west along the north shore of the island. In which direction is the sea?,north
2536,"You are perambulating south-west along the middle of the north-west side of a park; in which direction is the bandstand, located in the centre of the park?",south-east
984,"I am cycling north-east along the north-west shore of a lake and then turn around to head back in the direction I came from, in which direction is the lake?",south-east
68,I am unicycling south-west along the south-east shore of the lake. In which direction is the lake?,north-west
5439,"You are racing south along the west shore of an island and then turn around to head back in the direction you came from, in which direction is the sea?",west
2231,"She is unicycling north along the middle of the west side of a park; in which direction is the bandstand, located in the centre of the park?",east
3442,You are running north-west along the north-east side of a road which runs north-west to south-east. In which direction is the road?,south-west
299,She is hiking south along the east shore of the lake. In which direction is the lake?,west
3910,I am unicycling north-west along the south-west shore of the island. In which direction is the sea?,south-west
1697,"She is cycling west along the north shore of a lake and then turns around to head back in the direction she came from, in which direction is the lake?",south
4882,"You are running south-east along the north-east shore of an island and then turn around to head back in the direction you came from, in which direction is the sea?",north-east
1646,"He is riding south-east along the south-west shore of a lake and then turns around to head back in the direction he came from, in which direction is the lake?",north-east
2525,"You are riding east along the middle of the south side of a park; in which direction is the bandstand, located in the centre of the park?",north
3987,You are unicycling south along the east shore of the island. In which direction is the sea?,east
2979,You are cycling south along the east side of a road which runs south to north. In which direction is the road?,west
1113,"You are racing east along the north shore of a lake and then turn around to head back in the direction you came from, in which direction is the lake?",south
2791,"We are unicycling south along the middle of the west side of a park; in which direction is the bandstand, located in the centre of the park?",east
196,He is jogging south-west along the south-east shore of the lake. In which direction is the lake?,north-west
248,She is running north-east along the north-west shore of the lake. In which direction is the lake?,south-east
2233,"She is racing east along the middle of the north side of a park; in which direction is the bandstand, located in the centre of the park?",south
4198,We are jogging north-west along the south-west shore of the island. In which direction is the sea?,south-west
358,We are jogging north-west along the south-west shore of the lake. In which direction is the lake?,north-east
450,They are perambulating south-east along the north-east shore of the lake. In which direction is the lake?,south-west
4338,I am cycling north-west along the north-east shore of the island. In which direction is the sea?,north-east
2698,"She is hiking north-west along the middle of the north-east side of a park; in which direction is the bandstand, located in the centre of the park?",south-west
4366,I am riding south-east along the south-west shore of the island. In which direction is the sea?,south-west
4733,They are walking east along the south shore of the island. In which direction is the sea?,south
327,We are running north along the west shore of the lake. In which direction is the lake?,east
1314,"We are jogging south-east along the north-east shore of a lake and then turn around to head back in the direction we came from, in which direction is the lake?",south-west
5175,"We are perambulating north along the west shore of an island and then turn around to head back in the direction we came from, in which direction is the sea?",west
71,I am unicycling north along the west shore of the lake. In which direction is the lake?,east
2004,"You are running south-west along the middle of the south-east side of a park; in which direction is the bandstand, located in the centre of the park?",north-west
2549,"You are unicycling east along the middle of the south side of a park; in which direction is the bandstand, located in the centre of the park?",north
3730,We are perambulating north-west along the north-east side of a road which runs north-west to south-east. In which direction is the road?,south-west
3550,He is driving south-east along the south-west side of a road which runs south-east to north-west. In which direction is the road?,north-east
2131,"He is perambulating south along the middle of the east side of a park; in which direction is the bandstand, located in the centre of the park?",west
1093,"You are perambulating west along the south shore of a lake and then turn around to head back in the direction you came from, in which direction is the lake?",north
3545,He is driving west along the north side of a road which runs west to east. In which direction is the road?,south
4244,They are running south-west along the south-east shore of the island. In which direction is the sea?,south-east
4088,She is running north-east along the north-west shore of the island. In which direction is the sea?,north-west
2863,"They are hiking south along the middle of the west side of a park; in which direction is the bandstand, located in the centre of the park?",east
346,We are driving south-east along the north-east shore of the lake. In which direction is the lake?,south-west
3224,We are cycling north-east along the north-west side of a road which runs north-east to south-west. In which direction is the road?,south-east
1253,"She is perambulating west along the south shore of a lake and then turns around to head back in the direction she came from, in which direction is the lake?",north
3905,I am unicycling east along the north shore of the island. In which direction is the sea?,north
3179,She is hiking south along the east side of a road which runs south to north. In which direction is the road?,west
5679,"We are racing south along the west shore of an island and then turn around to head back in the direction we came from, in which direction is the sea?",west
214,He is perambulating north-west along the south-west shore of the lake. In which direction is the lake?,north-east
2076,"You are racing south-west along the middle of the south-east side of a park; in which direction is the bandstand, located in the centre of the park?",north-west
3135,She is walking north along the west side of a road which runs north to south. In which direction is the road?,east
772,She is perambulating north-east along the south-east shore of the lake. In which direction is the lake?,north-west
3751,We are unicycling south along the west side of a road which runs south to north. In which direction is the road?,east
212,He is perambulating south-west along the south-east shore of the lake. In which direction is the lake?,north-west
2646,"She is running south-east along the middle of the south-west side of a park; in which direction is the bandstand, located in the centre of the park?",north-east
757,She is jogging east along the south shore of the lake. In which direction is the lake?,north
2017,"You are cycling east along the middle of the north side of a park; in which direction is the bandstand, located in the centre of the park?",south
2751,"We are driving south along the middle of the west side of a park; in which direction is the bandstand, located in the centre of the park?",east
4866,"I am unicycling south-east along the north-east shore of an island and then turn around to head back in the direction I came from, in which direction is the sea?",north-east
4251,They are walking south along the east shore of the island. In which direction is the sea?,east
2270,"We are driving north-west along the middle of the south-west side of a park; in which direction is the bandstand, located in the centre of the park?",north-east
234,He is racing south-east along the north-east shore of the lake. In which direction is the lake?,south-west
414,They are walking north-west along the south-west shore of the lake. In which direction is the lake?,north-east
3306,They are driving south-east along the north-east side of a road which runs south-east to north-west. In which direction is the road?,south-west
5190,"We are unicycling north-west along the south-west shore of an island and then turn around to head back in the direction we came from, in which direction is the sea?",south-west
1944,"I am cycling north-east along the middle of the north-west side of a park; in which direction is the bandstand, located in the centre of the park?",south-east
1676,"He is racing north-east along the south-east shore of a lake and then turns around to head back in the direction he came from, in which direction is the lake?",north-west
4275,They are jogging south along the east shore of the island. In which direction is the sea?,east
148,You are unicycling south-west along the south-east shore of the lake. In which direction is the lake?,north-west
3167,She is riding north along the west side of a road which runs north to south. In which direction is the road?,east
3017,You are hiking east along the north side of a road which runs east to west. In which direction is the road?,south
1424,"They are hiking north-east along the north-west shore of a lake and then turn around to head back in the direction they came from, in which direction is the lake?",south-east
2093,"He is walking west along the middle of the south side of a park; in which direction is the bandstand, located in the centre of the park?",north
3960,You are jogging north-east along the north-west shore of the island. In which direction is the sea?,north-west
2228,"She is unicycling south-west along the middle of the south-east side of a park; in which direction is the bandstand, located in the centre of the park?",north-west
1100,"You are hiking south-west along the south-east shore of a lake and then turn around to head back in the direction you came from, in which direction is the lake?",north-west
4419,You are cycling north along the east shore of the island. In which direction is the sea?,east
1432,"They are unicycling north-east along the north-west shore of a lake and then turn around to head back in the direction they came from, in which direction is the lake?",south-east
66,I am unicycling south-east along the north-east shore of the lake. In which direction is the lake?,south-west
1028,"I am unicycling south-west along the south-east shore of a lake and then turn around to head back in the direction I came from, in which direction is the lake?",north-west
2015,"You are walking north along the middle of the west side of a park; in which direction is the bandstand, located in the centre of the park?",east
3231,We are driving north along the west side of a road which runs north to south. In which direction is the road?,east
4076,He is racing south-west along the south-east shore of the island. In which direction is the sea?,south-east
1045,"You are running west along the south shore of a lake and then turn around to head back in the direction you came from, in which direction is the lake?",north
1071,"You are driving north along the west shore of a lake and then turn around to head back in the direction you came from, in which direction is the lake?",east
4551,He is unicycling south along the west shore of the island. In which direction is the sea?,west
43,I am riding south along the east shore of the lake. In which direction is the lake?,west
2057,"You are hiking east along the middle of the north side of a park; in which direction is the bandstand, located in the centre of the park?",south
3066,He is driving south-east along the north-east side of a road which runs south-east to north-west. In which direction is the road?,south-west
3680,She is racing south-west along the north-west side of a road which runs south-west to north-east. In which direction is the road?,south-east
498,I am cycling north-west along the north-east shore of the lake. In which direction is the lake?,south-west
5558,"She is jogging south-east along the south-west shore of an island and then turns around to head back in the direction she came from, in which direction is the sea?",south-west
4280,They are jogging north-east along the north-west shore of the island. In which direction is the sea?,north-west
2891,I am walking south along the east side of a road which runs south to north. In which direction is the road?,west
5047,"She is running north along the west shore of an island and then turns around to head back in the direction she came from, in which direction is the sea?",west
5419,"You are hiking north along the east shore of an island and then turn around to head back in the direction you came from, in which direction is the sea?",east
3264,We are hiking north-east along the north-west side of a road which runs north-east to south-west. In which direction is the road?,south-east
2232,"She is unicycling north-east along the middle of the north-west side of a park; in which direction is the bandstand, located in the centre of the park?",south-east
3902,I am hiking north-west along the south-west shore of the island. In which direction is the sea?,south-west
666,He is driving north-west along the north-east shore of the lake. In which direction is the lake?,south-west
4901,"You are cycling west along the south shore of an island and then turn around to head back in the direction you came from, in which direction is the sea?",south
5524,"She is running north-east along the south-east shore of an island and then turns around to head back in the direction she came from, in which direction is the sea?",south-east
2186,"She is driving south-east along the middle of the north-east side of a park; in which direction is the bandstand, located in the centre of the park?",south-west
4122,She is riding south-east along the north-east shore of the island. In which direction is the sea?,north-east
1593,"You are racing west along the north shore of a lake and then turn around to head back in the direction you came from, in which direction is the lake?",south
1739,"She is hiking north along the east shore of a lake and then turns around to head back in the direction she came from, in which direction is the lake?",west
131,You are perambulating south along the east shore of the lake. In which direction is the lake?,west
1656,"He is perambulating south-west along the north-west shore of a lake and then turns around to head back in the direction he came from, in which direction is the lake?",south-east
4926,"You are riding north-west along the south-west shore of an island and then turn around to head back in the direction you came from, in which direction is the sea?",south-west
3240,We are jogging north-east along the north-west side of a road which runs north-east to south-west. In which direction is the road?,south-east
1181,"He is hiking west along the south shore of a lake and then turns around to head back in the direction he came from, in which direction is the lake?",north
2732,"We are walking north-east along the middle of the south-east side of a park; in which direction is the bandstand, located in the centre of the park?",north-west
5449,"He is walking west along the north shore of an island and then turns around to head back in the direction he came from, in which direction is the sea?",north
2650,"She is walking north-west along the middle of the north-east side of a park; in which direction is the bandstand, located in the centre of the park?",south-west
4683,We are riding north along the east shore of the island. In which direction is the sea?,east
4693,We are perambulating east along the south shore of the island. In which direction is the sea?,south
4930,"You are perambulating south-east along the north-east shore of an island and then turn around to head back in the direction you came from, in which direction is the sea?",north-east
35,I am jogging south along the east shore of the lake. In which direction is the lake?,west
735,She is walking south along the west shore of the lake. In which direction is the lake?,east
2101,"He is cycling west along the middle of the south side of a park; in which direction is the bandstand, located in the centre of the park?",north
2065,"You are unicycling east along the middle of the north side of a park; in which direction is the bandstand, located in the centre of the park?",south
2120,"He is jogging north-east along the middle of the north-west side of a park; in which direction is the bandstand, located in the centre of the park?",south-east
163,He is running south along the east shore of the lake. In which direction is the lake?,west
795,She is racing north along the east shore of the lake. In which direction is the lake?,west
3565,He is riding east along the south side of a road which runs east to west. In which direction is the road?,north
5760,"They are racing south-west along the north-west shore of an island and then turn around to head back in the direction they came from, in which direction is the sea?",north-west
871,We are unicycling south along the west shore of the lake. In which direction is the lake?,east
970,"I am walking south-east along the north-east shore of a lake and then turn around to head back in the direction I came from, in which direction is the lake?",south-west
4081,She is running east along the north shore of the island. In which direction is the sea?,north
4990,"He is driving north-west along the south-west shore of an island and then turns around to head back in the direction he came from, in which direction is the sea?",south-west
337,We are cycling east along the north shore of the lake. In which direction is the lake?,south
3875,I am jogging south along the east shore of the island. In which direction is the sea?,east
5002,"He is riding south-east along the north-east shore of an island and then turns around to head back in the direction he came from, in which direction is the sea?",north-east
4167,We are running north along the west shore of the island. In which direction is the sea?,west
5030,"He is unicycling north-west along the south-west shore of an island and then turns around to head back in the direction he came from, in which direction is the sea?",south-west
4409,You are walking west along the north shore of the island. In which direction is the sea?,north
5016,"He is perambulating north-east along the north-west shore of an island and then turns around to head back in the direction he came from, in which direction is the sea?",north-west
5632,"We are driving south-west along the north-west shore of an island and then turn around to head back in the direction we came from, in which direction is the sea?",north-west
862,We are hiking south-east along the south-west shore of the lake. In which direction is the lake?,north-east
1649,"He is perambulating west along the north shore of a lake and then turns around to head back in the direction he came from, in which direction is the lake?",south
388,We are unicycling south-west along the south-east shore of the lake. In which direction is the lake?,north-west
2649,"She is walking west along the middle of the north side of a park; in which direction is the bandstand, located in the centre of the park?",south
638,You are racing south-east along the south-west shore of the lake. In which direction is the lake?,north-east
3950,You are driving north-west along the south-west shore of the island. In which direction is the sea?,south-west
2009,"You are walking east along the middle of the north side of a park; in which direction is the bandstand, located in the centre of the park?",south
4731,They are walking north along the east shore of the island. In which direction is the sea?,east
3635,She is jogging north along the east side of a road which runs north to south. In which direction is the road?,west
912,They are driving south-west along the north-west shore of the lake. In which direction is the lake?,south-east
2893,I am walking west along the south side of a road which runs west to east. In which direction is the road?,north
3000,You are jogging north-east along the north-west side of a road which runs north-east to south-west. In which direction is the road?,south-east
4533,He is perambulating east along the south shore of the island. In which direction is the sea?,south
3687,We are running south along the west side of a road which runs south to north. In which direction is the road?,east
5313,"I am jogging west along the north shore of an island and then turn around to head back in the direction I came from, in which direction is the sea?",north
2844,"They are riding north-east along the middle of the south-east side of a park; in which direction is the bandstand, located in the centre of the park?",north-west
575,You are walking south along the west shore of the lake. In which direction is the lake?,east
1882,"They are riding north-west along the north-east shore of a lake and then turn around to head back in the direction they came from, in which direction is the lake?",south-west
3221,We are cycling west along the south side of a road which runs west to east. In which direction is the road?,north
5278,"They are racing north-west along the south-west shore of an island and then turn around to head back in the direction they came from, in which direction is the sea?",south-west
1729,"She is perambulating west along the north shore of a lake and then turns around to head back in the direction she came from, in which direction is the lake?",south
5087,"She is riding north along the west shore of an island and then turns around to head back in the direction she came from, in which direction is the sea?",west
4945,"You are unicycling east along the north shore of an island and then turn around to head back in the direction you came from, in which direction is the sea?",north
5215,"They are walking north along the west shore of an island and then turn around to head back in the direction they came from, in which direction is the sea?",west
2695,"She is perambulating south along the middle of the west side of a park; in which direction is the bandstand, located in the centre of the park?",east
1052,"You are walking south-west along the south-east shore of a lake and then turn around to head back in the direction you came from, in which direction is the lake?",north-west
5705,"They are driving west along the north shore of an island and then turn around to head back in the direction they came from, in which direction is the sea?",north
5741,"They are hiking east along the south shore of an island and then turn around to head back in the direction they came from, in which direction is the sea?",south
1577,"You are hiking west along the north shore of a lake and then turn around to head back in the direction you came from, in which direction is the lake?",south
4535,He is perambulating south along the west shore of the island. In which direction is the sea?,west
2469,"I am unicycling east along the middle of the south side of a park; in which direction is the bandstand, located in the centre of the park?",north
512,I am driving south-west along the north-west shore of the lake. In which direction is the lake?,south-east
619,You are hiking north along the east shore of the lake. In which direction is the lake?,west
3337,They are hiking east along the north side of a road which runs east to west. In which direction is the road?,south
3681,We are running west along the north side of a road which runs west to east. In which direction is the road?,south
2912,I am driving north-east along the north-west side of a road which runs north-east to south-west. In which direction is the road?,south-east
2889,I am walking east along the north side of a road which runs east to west. In which direction is the road?,south
3223,We are cycling north along the west side of a road which runs north to south. In which direction is the road?,east
610,You are perambulating north-west along the north-east shore of the lake. In which direction is the lake?,south-west
4263,They are cycling north along the west shore of the island. In which direction is the sea?,west
977,"I am cycling east along the north shore of a lake and then turn around to head back in the direction I came from, in which direction is the lake?",south
3921,You are running east along the north shore of the island. In which direction is the sea?,north
3277,We are racing west along the south side of a road which runs west to east. In which direction is the road?,north
225,He is unicycling east along the north shore of the lake. In which direction is the lake?,south
1021,"I am hiking west along the south shore of a lake and then turn around to head back in the direction I came from, in which direction is the lake?",north
1341,"We are hiking west along the south shore of a lake and then turn around to head back in the direction we came from, in which direction is the lake?",north
3060,He is cycling south-west along the south-east side of a road which runs south-west to north-east. In which direction is the road?,north-west
5343,"I am hiking south along the west shore of an island and then turn around to head back in the direction I came from, in which direction is the sea?",west
1259,"She is hiking south along the east shore of a lake and then turns around to head back in the direction she came from, in which direction is the lake?",west
4130,She is perambulating south-east along the north-east shore of the island. In which direction is the sea?,north-east
250,She is walking south-east along the north-east shore of the lake. In which direction is the lake?,south-west
3560,He is jogging south-west along the north-west side of a road which runs south-west to north-east. In which direction is the road?,south-east
857,We are hiking west along the north shore of the lake. In which direction is the lake?,south
2761,"We are riding west along the middle of the north side of a park; in which direction is the bandstand, located in the centre of the park?",south
3235,We are jogging south along the east side of a road which runs south to north. In which direction is the road?,west
1046,"You are running north-west along the south-west shore of a lake and then turn around to head back in the direction you came from, in which direction is the lake?",north-east
645,He is running east along the south shore of the lake. In which direction is the lake?,north
763,She is riding north along the east shore of the lake. In which direction is the lake?,west
4825,"I am driving east along the north shore of an island and then turn around to head back in the direction I came from, in which direction is the sea?",north
1015,"I am perambulating north along the west shore of a lake and then turn around to head back in the direction I came from, in which direction is the lake?",east
2401,"I am running west along the middle of the north side of a park; in which direction is the bandstand, located in the centre of the park?",south
3226,We are driving south-east along the north-east side of a road which runs south-east to north-west. In which direction is the road?,south-west
1173,"He is perambulating west along the south shore of a lake and then turns around to head back in the direction he came from, in which direction is the lake?",north
5753,"They are racing west along the north shore of an island and then turn around to head back in the direction they came from, in which direction is the sea?",north
2238,"She is racing north-west along the middle of the south-west side of a park; in which direction is the bandstand, located in the centre of the park?",north-east
5054,"She is walking north-west along the south-west shore of an island and then turns around to head back in the direction she came from, in which direction is the sea?",south-west
329,We are walking east along the north shore of the lake. In which direction is the lake?,south
1618,"He is cycling north-west along the north-east shore of a lake and then turns around to head back in the direction he came from, in which direction is the lake?",south-west
5411,"You are perambulating north along the east shore of an island and then turn around to head back in the direction you came from, in which direction is the sea?",east
1745,"She is unicycling west along the north shore of a lake and then turns around to head back in the direction she came from, in which direction is the lake?",south
1968,"I am riding north-east along the middle of the north-west side of a park; in which direction is the bandstand, located in the centre of the park?",south-east
4946,"You are unicycling south-east along the north-east shore of an island and then turn around to head back in the direction you came from, in which direction is the sea?",north-east
1141,"He is cycling west along the south shore of a lake and then turns around to head back in the direction he came from, in which direction is the lake?",north
601,You are riding west along the north shore of the lake. In which direction is the lake?,south
1772,"We are walking north-east along the south-east shore of a lake and then turn around to head back in the direction we came from, in which direction is the lake?",north-west
4472,You are unicycling south-west along the north-west shore of the island. In which direction is the sea?,north-west
420,They are cycling south-west along the south-east shore of the lake. In which direction is the lake?,north-west
2259,"We are cycling south along the middle of the east side of a park; in which direction is the bandstand, located in the centre of the park?",west
4285,They are riding west along the south shore of the island. In which direction is the sea?,south
3212,We are walking south-west along the south-east side of a road which runs south-west to north-east. In which direction is the road?,north-west
1490,"I am perambulating north-west along the north-east shore of a lake and then turn around to head back in the direction I came from, in which direction is the lake?",south-west
195,He is jogging south along the east shore of the lake. In which direction is the lake?,west
2576,"He is walking south-west along the middle of the north-west side of a park; in which direction is the bandstand, located in the centre of the park?",south-east
3539,He is cycling north along the east side of a road which runs north to south. In which direction is the road?,west
2182,"She is cycling north-west along the middle of the south-west side of a park; in which direction is the bandstand, located in the centre of the park?",north-east
2971,You are walking south along the east side of a road which runs south to north. In which direction is the road?,west
5023,"He is hiking north along the west shore of an island and then turns around to head back in the direction he came from, in which direction is the sea?",west
5752,"They are unicycling south-west along the north-west shore of an island and then turn around to head back in the direction they came from, in which direction is the sea?",north-west
4885,"You are running west along the south shore of an island and then turn around to head back in the direction you came from, in which direction is the sea?",south
106,You are driving south-east along the north-east shore of the lake. In which direction is the lake?,south-west
154,You are racing south-east along the north-east shore of the lake. In which direction is the lake?,south-west
4015,He is walking north along the west shore of the island. In which direction is the sea?,west
4741,They are cycling east along the south shore of the island. In which direction is the sea?,south
3395,I am jogging north along the east side of a road which runs north to south. In which direction is the road?,west
5560,"She is jogging south-west along the north-west shore of an island and then turns around to head back in the direction she came from, in which direction is the sea?",north-west
5344,"I am hiking south-west along the north-west shore of an island and then turn around to head back in the direction I came from, in which direction is the sea?",north-west
3148,She is driving south-west along the south-east side of a road which runs south-west to north-east. In which direction is the road?,north-west
50,I am perambulating south-east along the north-east shore of the lake. In which direction is the lake?,south-west
4538,He is hiking north-west along the north-east shore of the island. In which direction is the sea?,north-east
4093,She is walking west along the south shore of the island. In which direction is the sea?,south
2286,"We are riding north-west along the middle of the south-west side of a park; in which direction is the bandstand, located in the centre of the park?",north-east
5120,"She is racing north-east along the north-west shore of an island and then turns around to head back in the direction she came from, in which direction is the sea?",north-west
293,She is perambulating west along the south shore of the lake. In which direction is the lake?,north
5609,"We are walking west along the north shore of an island and then turn around to head back in the direction we came from, in which direction is the sea?",north
5293,"I am walking east along the south shore of an island and then turn around to head back in the direction I came from, in which direction is the sea?",south
3958,You are jogging north-west along the south-west shore of the island. In which direction is the sea?,south-west
341,We are cycling west along the south shore of the lake. In which direction is the lake?,north
5447,"He is running south along the west shore of an island and then turns around to head back in the direction he came from, in which direction is the sea?",west
5476,"He is jogging north-east along the south-east shore of an island and then turns around to head back in the direction he came from, in which direction is the sea?",south-east
3343,They are hiking north along the west side of a road which runs north to south. In which direction is the road?,east
1703,"She is cycling south along the west shore of a lake and then turns around to head back in the direction she came from, in which direction is the lake?",east
690,He is perambulating north-west along the north-east shore of the lake. In which direction is the lake?,south-west
1935,"I am walking north along the middle of the west side of a park; in which direction is the bandstand, located in the centre of the park?",east
4361,I am riding west along the north shore of the island. In which direction is the sea?,north
4519,He is jogging south along the west shore of the island. In which direction is the sea?,west
1179,"He is hiking south along the east shore of a lake and then turns around to head back in the direction he came from, in which direction is the lake?",west
1712,"She is driving south-west along the north-west shore of a lake and then turns around to head back in the direction she came from, in which direction is the lake?",south-east
1257,"She is hiking east along the north shore of a lake and then turns around to head back in the direction she came from, in which direction is the lake?",south
2768,"We are riding south-west along the middle of the north-west side of a park; in which direction is the bandstand, located in the centre of the park?",south-east
2156,"He is racing south-west along the middle of the south-east side of a park; in which direction is the bandstand, located in the centre of the park?",north-west
1883,"They are riding north along the east shore of a lake and then turn around to head back in the direction they came from, in which direction is the lake?",west
4117,She is jogging west along the south shore of the island. In which direction is the sea?,south
2148,"He is unicycling south-west along the middle of the south-east side of a park; in which direction is the bandstand, located in the centre of the park?",north-west
2197,"She is jogging west along the middle of the south side of a park; in which direction is the bandstand, located in the centre of the park?",north
2663,"She is cycling south along the middle of the west side of a park; in which direction is the bandstand, located in the centre of the park?",east
4044,He is riding south-west along the south-east shore of the island. In which direction is the sea?,south-east
2152,"He is unicycling north-east along the middle of the north-west side of a park; in which direction is the bandstand, located in the centre of the park?",south-east
2712,"She is unicycling south-west along the middle of the north-west side of a park; in which direction is the bandstand, located in the centre of the park?",south-east
2025,"You are driving east along the middle of the north side of a park; in which direction is the bandstand, located in the centre of the park?",south
1277,"She is racing west along the south shore of a lake and then turns around to head back in the direction she came from, in which direction is the lake?",north
973,"I am walking west along the south shore of a lake and then turn around to head back in the direction I came from, in which direction is the lake?",north
4334,I am walking south-east along the south-west shore of the island. In which direction is the sea?,south-west
3949,You are driving west along the south shore of the island. In which direction is the sea?,south
5021,"He is hiking west along the south shore of an island and then turns around to head back in the direction he came from, in which direction is the sea?",south
1372,"They are walking south-west along the south-east shore of a lake and then turn around to head back in the direction they came from, in which direction is the lake?",north-west
1751,"She is unicycling south along the west shore of a lake and then turns around to head back in the direction she came from, in which direction is the lake?",east
1157,"He is jogging west along the south shore of a lake and then turns around to head back in the direction he came from, in which direction is the lake?",north
3621,She is cycling east along the south side of a road which runs east to west. In which direction is the road?,north
3431,I am unicycling south along the west side of a road which runs south to north. In which direction is the road?,east
36,I am jogging south-west along the south-east shore of the lake. In which direction is the lake?,north-west
5380,"You are cycling north-east along the south-east shore of an island and then turn around to head back in the direction you came from, in which direction is the sea?",south-east
3185,She is unicycling east along the north side of a road which runs east to west. In which direction is the road?,south
4377,I am hiking west along the north shore of the island. In which direction is the sea?,north
2184,"She is cycling north-east along the middle of the north-west side of a park; in which direction is the bandstand, located in the centre of the park?",south-east
5426,"You are unicycling north-west along the north-east shore of an island and then turn around to head back in the direction you came from, in which direction is the sea?",north-east
1218,"She is cycling south-east along the north-east shore of a lake and then turns around to head back in the direction she came from, in which direction is the lake?",south-west
739,She is cycling north along the east shore of the lake. In which direction is the lake?,west
5138,"We are cycling south-east along the north-east shore of an island and then turn around to head back in the direction we came from, in which direction is the sea?",north-east
4430,You are driving south-east along the south-west shore of the island. In which direction is the sea?,south-west
3027,You are unicycling south along the east side of a road which runs south to north. In which direction is the road?,west
2455,"I am perambulating south along the middle of the west side of a park; in which direction is the bandstand, located in the centre of the park?",east
3377,I am cycling west along the north side of a road which runs west to east. In which direction is the road?,south
4944,"You are hiking north-east along the north-west shore of an island and then turn around to head back in the direction you came from, in which direction is the sea?",north-west
1184,"He is hiking north-east along the north-west shore of a lake and then turns around to head back in the direction he came from, in which direction is the lake?",south-east
3246,We are riding north-west along the south-west side of a road which runs north-west to south-east. In which direction is the road?,north-east
632,You are unicycling south-west along the north-west shore of the lake. In which direction is the lake?,south-east
4807,"I am running north along the west shore of an island and then turn around to head back in the direction I came from, in which direction is the sea?",west
2086,"He is running north-west along the middle of the south-west side of a park; in which direction is the bandstand, located in the centre of the park?",north-east
559,I am racing south along the west shore of the lake. In which direction is the lake?,east
1989,"I am unicycling west along the middle of the south side of a park; in which direction is the bandstand, located in the centre of the park?",north
1374,"They are walking north-west along the south-west shore of a lake and then turn around to head back in the direction they came from, in which direction is the lake?",north-east
1970,"I am perambulating south-east along the middle of the north-east side of a park; in which direction is the bandstand, located in the centre of the park?",south-west
4414,You are walking south-east along the south-west shore of the island. In which direction is the sea?,south-west
2826,"They are driving north-west along the middle of the north-east side of a park; in which direction is the bandstand, located in the centre of the park?",south-west
3556,He is jogging north-east along the south-east side of a road which runs north-east to south-west. In which direction is the road?,north-west
3809,They are perambulating west along the north side of a road which runs west to east. In which direction is the road?,south
1018,"I am hiking south-east along the north-east shore of a lake and then turn around to head back in the direction I came from, in which direction is the lake?",south-west
4828,"I am driving south-west along the south-east shore of an island and then turn around to head back in the direction I came from, in which direction is the sea?",south-east
1032,"I am unicycling north-east along the north-west shore of a lake and then turn around to head back in the direction I came from, in which direction is the lake?",south-east
530,I am perambulating north-west along the north-east shore of the lake. In which direction is the lake?,south-west
343,We are cycling north along the west shore of the lake. In which direction is the lake?,east
3696,We are walking south-west along the north-west side of a road which runs south-west to north-east. In which direction is the road?,south-east
5091,"She is perambulating south along the east shore of an island and then turns around to head back in the direction she came from, in which direction is the sea?",east
3393,I am jogging west along the north side of a road which runs west to east. In which direction is the road?,south
4800,They are racing south-west along the north-west shore of the island. In which direction is the sea?,north-west
1068,"You are driving south-west along the south-east shore of a lake and then turn around to head back in the direction you came from, in which direction is the lake?",north-west
5757,"They are racing east along the south shore of an island and then turn around to head back in the direction they came from, in which direction is the sea?",south
3228,We are driving south-west along the south-east side of a road which runs south-west to north-east. In which direction is the road?,north-west
2034,"You are jogging south-east along the middle of the north-east side of a park; in which direction is the bandstand, located in the centre of the park?",south-west
4842,"I am riding south-east along the north-east shore of an island and then turn around to head back in the direction I came from, in which direction is the sea?",north-east
4084,She is running south-west along the south-east shore of the island. In which direction is the sea?,south-east
3973,You are perambulating west along the south shore of the island. In which direction is the sea?,south
62,I am hiking north-west along the south-west shore of the lake. In which direction is the lake?,north-east
4200,We are jogging north-east along the north-west shore of the island. In which direction is the sea?,north-west
4071,He is unicycling north along the west shore of the island. In which direction is the sea?,west
1352,"We are unicycling north-east along the north-west shore of a lake and then turn around to head back in the direction we came from, in which direction is the lake?",south-east
4210,We are perambulating south-east along the north-east shore of the island. In which direction is the sea?,north-east
2516,"You are jogging north-east along the middle of the south-east side of a park; in which direction is the bandstand, located in the centre of the park?",north-west
5334,"I am perambulating south-east along the south-west shore of an island and then turn around to head back in the direction I came from, in which direction is the sea?",south-west
4308,They are unicycling south-west along the south-east shore of the island. In which direction is the sea?,south-east
5654,"We are perambulating south-east along the south-west shore of an island and then turn around to head back in the direction we came from, in which direction is the sea?",south-west
5189,"We are unicycling west along the south shore of an island and then turn around to head back in the direction we came from, in which direction is the sea?",south
1954,"I am jogging south-east along the middle of the north-east side of a park; in which direction is the bandstand, located in the centre of the park?",south-west
4097,She is cycling east along the north shore of the island. In which direction is the sea?,north
2776,"We are perambulating south-west along the middle of the north-west side of a park; in which direction is the bandstand, located in the centre of the park?",south-east
3470,You are driving south-east along the south-west side of a road which runs south-east to north-west. In which direction is the road?,north-east
3838,They are racing south-east along the south-west side of a road which runs south-east to north-west. In which direction is the road?,north-east
4119,She is jogging north along the west shore of the island. In which direction is the sea?,west
4732,They are walking north-east along the south-east shore of the island. In which direction is the sea?,south-east
3742,We are hiking south-east along the south-west side of a road which runs south-east to north-west. In which direction is the road?,north-east
2547,"You are unicycling north along the middle of the east side of a park; in which direction is the bandstand, located in the centre of the park?",west
3162,She is riding south-east along the north-east side of a road which runs south-east to north-west. In which direction is the road?,south-west
2129,"He is perambulating east along the middle of the north side of a park; in which direction is the bandstand, located in the centre of the park?",south
1223,"She is cycling north along the west shore of a lake and then turns around to head back in the direction she came from, in which direction is the lake?",east
1788,"We are driving north-east along the south-east shore of a lake and then turn around to head back in the direction we came from, in which direction is the lake?",north-west
957,They are racing east along the south shore of the lake. In which direction is the lake?,north
216,He is perambulating north-east along the north-west shore of the lake. In which direction is the lake?,south-east
4160,She is racing north-east along the north-west shore of the island. In which direction is the sea?,north-west
2207,"She is riding north along the middle of the west side of a park; in which direction is the bandstand, located in the centre of the park?",east
3695,We are walking south along the west side of a road which runs south to north. In which direction is the road?,east
2669,"She is driving east along the middle of the south side of a park; in which direction is the bandstand, located in the centre of the park?",north
1373,"They are walking west along the south shore of a lake and then turn around to head back in the direction they came from, in which direction is the lake?",north
4736,They are walking south-west along the north-west shore of the island. In which direction is the sea?,north-west
4299,They are hiking south along the east shore of the island. In which direction is the sea?,east
2160,"He is racing north-east along the middle of the north-west side of a park; in which direction is the bandstand, located in the centre of the park?",south-east
4352,I am driving south-west along the north-west shore of the island. In which direction is the sea?,north-west
2724,"We are running north-east along the middle of the south-east side of a park; in which direction is the bandstand, located in the centre of the park?",north-west
976,"I am walking north-east along the north-west shore of a lake and then turn around to head back in the direction I came from, in which direction is the lake?",south-east
4057,He is hiking east along the north shore of the island. In which direction is the sea?,north
1796,"We are jogging north-east along the south-east shore of a lake and then turn around to head back in the direction we came from, in which direction is the lake?",north-west
3006,You are riding north-west along the south-west side of a road which runs north-west to south-east. In which direction is the road?,north-east
308,She is unicycling south-west along the south-east shore of the lake. In which direction is the lake?,north-west
3340,They are hiking south-west along the south-east side of a road which runs south-west to north-east. In which direction is the road?,north-west
4343,I am cycling south along the west shore of the island. In which direction is the sea?,west
2797,"We are racing east along the middle of the south side of a park; in which direction is the bandstand, located in the centre of the park?",north
491,I am walking north along the east shore of the lake. In which direction is the lake?,west
654,He is walking south-east along the south-west shore of the lake. In which direction is the lake?,north-east
3673,She is racing west along the north side of a road which runs west to east. In which direction is the road?,south
3364,I am running north-east along the south-east side of a road which runs north-east to south-west. In which direction is the road?,north-west
4526,He is riding south-east along the south-west shore of the island. In which direction is the sea?,south-west
5495,"He is perambulating south along the west shore of an island and then turns around to head back in the direction he came from, in which direction is the sea?",west
1875,"They are jogging north along the east shore of a lake and then turn around to head back in the direction they came from, in which direction is the lake?",west
4804,"I am running south-west along the south-east shore of an island and then turn around to head back in the direction I came from, in which direction is the sea?",south-east
3448,You are running south-west along the north-west side of a road which runs south-west to north-east. In which direction is the road?,south-east
1481,"I am riding west along the north shore of a lake and then turn around to head back in the direction I came from, in which direction is the lake?",south
2846,"They are riding south-east along the middle of the south-west side of a park; in which direction is the bandstand, located in the centre of the park?",north-east
3799,They are jogging south along the west side of a road which runs south to north. In which direction is the road?,east
1832,"We are unicycling south-west along the north-west shore of a lake and then turn around to head back in the direction we came from, in which direction is the lake?",south-east
402,They are running south-east along the north-east shore of the lake. In which direction is the lake?,south-west
4023,He is cycling north along the west shore of the island. In which direction is the sea?,west
168,He is running north-east along the north-west shore of the lake. In which direction is the lake?,south-east
235,He is racing south along the east shore of the lake. In which direction is the lake?,west
2940,I am hiking south-west along the south-east side of a road which runs south-west to north-east. In which direction is the road?,north-west
5539,"She is cycling north along the east shore of an island and then turns around to head back in the direction she came from, in which direction is the sea?",east
1920,"They are racing south-west along the north-west shore of a lake and then turn around to head back in the direction they came from, in which direction is the lake?",south-east
1931,"I am walking south along the middle of the east side of a park; in which direction is the bandstand, located in the centre of the park?",west
3110,He is unicycling north-west along the south-west side of a road which runs north-west to south-east. In which direction is the road?,north-east
4878,"I am racing north-west along the south-west shore of an island and then turn around to head back in the direction I came from, in which direction is the sea?",south-west
4230,We are unicycling north-west along the south-west shore of the island. In which direction is the sea?,south-west
3686,We are running south-east along the south-west side of a road which runs south-east to north-west. In which direction is the road?,north-east
2439,"I am jogging south along the middle of the west side of a park; in which direction is the bandstand, located in the centre of the park?",east
5423,"You are hiking south along the west shore of an island and then turn around to head back in the direction you came from, in which direction is the sea?",west
1663,"He is hiking south along the west shore of a lake and then turns around to head back in the direction he came from, in which direction is the lake?",east
2668,"She is driving north-east along the middle of the south-east side of a park; in which direction is the bandstand, located in the centre of the park?",north-west
3866,I am driving south-east along the north-east shore of the island. In which direction is the sea?,north-east
1377,"They are cycling east along the north shore of a lake and then turn around to head back in the direction they came from, in which direction is the lake?",south
4688,We are riding south-west along the north-west shore of the island. In which direction is the sea?,north-west
2356,"They are jogging south-west along the middle of the south-east side of a park; in which direction is the bandstand, located in the centre of the park?",north-west
2418,"I am cycling north-west along the middle of the north-east side of a park; in which direction is the bandstand, located in the centre of the park?",south-west
4889,"You are walking east along the north shore of an island and then turn around to head back in the direction you came from, in which direction is the sea?",north
5098,"She is hiking south-east along the north-east shore of an island and then turns around to head back in the direction she came from, in which direction is the sea?",north-east
1575,"You are perambulating south along the west shore of a lake and then turn around to head back in the direction you came from, in which direction is the lake?",east
3372,I am walking north-east along the south-east side of a road which runs north-east to south-west. In which direction is the road?,north-west
5425,"You are unicycling west along the north shore of an island and then turn around to head back in the direction you came from, in which direction is the sea?",north
642,He is running north-west along the north-east shore of the lake. In which direction is the lake?,south-west
1764,"We are running north-east along the south-east shore of a lake and then turn around to head back in the direction we came from, in which direction is the lake?",north-west
5479,"He is jogging south along the west shore of an island and then turns around to head back in the direction he came from, in which direction is the sea?",west
3558,He is jogging south-east along the south-west side of a road which runs south-east to north-west. In which direction is the road?,north-east
4843,"I am riding south along the east shore of an island and then turn around to head back in the direction I came from, in which direction is the sea?",east
2966,You are running north-west along the south-west side of a road which runs north-west to south-east. In which direction is the road?,north-east
3765,They are running east along the south side of a road which runs east to west. In which direction is the road?,north
969,"I am walking east along the north shore of a lake and then turn around to head back in the direction I came from, in which direction is the lake?",south
883,They are running north along the east shore of the lake. In which direction is the lake?,west
3775,They are walking south along the west side of a road which runs south to north. In which direction is the road?,east
597,You are jogging east along the south shore of the lake. In which direction is the lake?,north
5001,"He is riding east along the north shore of an island and then turns around to head back in the direction he came from, in which direction is the sea?",north
507,I am driving north along the east shore of the lake. In which direction is the lake?,west
681,He is riding west along the north shore of the lake. In which direction is the lake?,south
1841,"They are running west along the north shore of a lake and then turn around to head back in the direction they came from, in which direction is the lake?",south
2404,"I am running north-east along the middle of the south-east side of a park; in which direction is the bandstand, located in the centre of the park?",north-west
701,He is hiking east along the south shore of the lake. In which direction is the lake?,north
440,They are jogging north-east along the north-west shore of the lake. In which direction is the lake?,south-east
5134,"We are walking north-west along the south-west shore of an island and then turn around to head back in the direction we came from, in which direction is the sea?",south-west
5163,"We are riding south along the east shore of an island and then turn around to head back in the direction we came from, in which direction is the sea?",east
3126,She is running north-west along the south-west side of a road which runs north-west to south-east. In which direction is the road?,north-east
4855,"I am perambulating north along the west shore of an island and then turn around to head back in the direction I came from, in which direction is the sea?",west
1872,"They are driving south-west along the north-west shore of a lake and then turn around to head back in the direction they came from, in which direction is the lake?",south-east
2798,"We are racing south-east along the middle of the south-west side of a park; in which direction is the bandstand, located in the centre of the park?",north-east
1651,"He is perambulating north along the east shore of a lake and then turns around to head back in the direction he came from, in which direction is the lake?",west
2733,"We are walking east along the middle of the south side of a park; in which direction is the bandstand, located in the centre of the park?",north
4477,You are racing east along the south shore of the island. In which direction is the sea?,south
431,They are driving north along the west shore of the lake. In which direction is the lake?,east
3170,She is perambulating south-east along the north-east side of a road which runs south-east to north-west. In which direction is the road?,south-west
2452,"I am perambulating north-east along the middle of the south-east side of a park; in which direction is the bandstand, located in the centre of the park?",north-west
4674,We are jogging north-west along the north-east shore of the island. In which direction is the sea?,north-east
4614,She is perambulating south-east along the south-west shore of the island. In which direction is the sea?,south-west
4682,We are riding north-west along the north-east shore of the island. In which direction is the sea?,north-east
650,He is walking north-west along the north-east shore of the lake. In which direction is the lake?,south-west
727,She is running south along the west shore of the lake. In which direction is the lake?,east
1775,"We are walking south along the west shore of a lake and then turn around to head back in the direction we came from, in which direction is the lake?",east
3835,They are racing north along the east side of a road which runs north to south. In which direction is the road?,west
3063,He is cycling north along the west side of a road which runs north to south. In which direction is the road?,east
1901,"They are hiking east along the south shore of a lake and then turn around to head back in the direction they came from, in which direction is the lake?",north
1855,"They are walking south along the west shore of a lake and then turn around to head back in the direction they came from, in which direction is the lake?",east
4586,She is driving north-west along the north-east shore of the island. In which direction is the sea?,north-east
3702,We are cycling south-east along the south-west side of a road which runs south-east to north-west. In which direction is the road?,north-east
3594,He is racing north-west along the north-east side of a road which runs north-west to south-east. In which direction is the road?,south-west
1381,"They are cycling west along the south shore of a lake and then turn around to head back in the direction they came from, in which direction is the lake?",north
802,We are running north-west along the north-east shore of the lake. In which direction is the lake?,south-west
919,They are jogging south along the west shore of the lake. In which direction is the lake?,east
3333,They are perambulating west along the south side of a road which runs west to east. In which direction is the road?,north
2488,"You are running south-west along the middle of the north-west side of a park; in which direction is the bandstand, located in the centre of the park?",south-east
3744,We are hiking south-west along the north-west side of a road which runs south-west to north-east. In which direction is the road?,south-east
3010,You are perambulating south-east along the north-east side of a road which runs south-east to north-west. In which direction is the road?,south-west
4089,She is walking east along the north shore of the island. In which direction is the sea?,north
300,She is hiking south-west along the south-east shore of the lake. In which direction is the lake?,north-west
4744,They are cycling south-west along the north-west shore of the island. In which direction is the sea?,north-west
4942,"You are hiking north-west along the south-west shore of an island and then turn around to head back in the direction you came from, in which direction is the sea?",south-west
298,She is hiking south-east along the north-east shore of the lake. In which direction is the lake?,south-west
1401,"They are riding east along the north shore of a lake and then turn around to head back in the direction they came from, in which direction is the lake?",south
4782,They are hiking south-east along the south-west shore of the island. In which direction is the sea?,south-west
4571,She is walking north along the east shore of the island. In which direction is the sea?,east
2905,I am driving east along the north side of a road which runs east to west. In which direction is the road?,south
5165,"We are riding west along the south shore of an island and then turn around to head back in the direction we came from, in which direction is the sea?",south
409,They are walking east along the north shore of the lake. In which direction is the lake?,south
28,I am driving south-west along the south-east shore of the lake. In which direction is the lake?,north-west
1582,"You are hiking south-east along the south-west shore of a lake and then turn around to head back in the direction you came from, in which direction is the lake?",north-east
4763,They are riding north along the east shore of the island. In which direction is the sea?,east
206,He is riding north-west along the south-west shore of the lake. In which direction is the lake?,north-east
4790,They are unicycling south-east along the south-west shore of the island. In which direction is the sea?,south-west
5253,"They are perambulating west along the south shore of an island and then turn around to head back in the direction they came from, in which direction is the sea?",south
4619,She is hiking north along the east shore of the island. In which direction is the sea?,east
3678,She is racing south-east along the south-west side of a road which runs south-east to north-west. In which direction is the road?,north-east
1136,"He is walking north-east along the north-west shore of a lake and then turns around to head back in the direction he came from, in which direction is the lake?",south-east
2195,"She is jogging south along the middle of the east side of a park; in which direction is the bandstand, located in the centre of the park?",west
4861,"I am hiking west along the south shore of an island and then turn around to head back in the direction I came from, in which direction is the sea?",south
680,He is jogging south-west along the north-west shore of the lake. In which direction is the lake?,south-east
455,They are perambulating north along the west shore of the lake. In which direction is the lake?,east
1579,"You are hiking north along the east shore of a lake and then turn around to head back in the direction you came from, in which direction is the lake?",west
782,She is hiking south-east along the south-west shore of the lake. In which direction is the lake?,north-east
5747,"They are unicycling north along the east shore of an island and then turn around to head back in the direction they came from, in which direction is the sea?",east
824,We are cycling south-west along the north-west shore of the lake. In which direction is the lake?,south-east
5245,"They are riding west along the south shore of an island and then turn around to head back in the direction they came from, in which direction is the sea?",south
1890,"They are perambulating north-west along the north-east shore of a lake and then turn around to head back in the direction they came from, in which direction is the lake?",south-west
780,She is hiking north-east along the south-east shore of the lake. In which direction is the lake?,north-west
3268,We are unicycling south-west along the south-east side of a road which runs south-west to north-east. In which direction is the road?,north-west
3951,You are driving north along the west shore of the island. In which direction is the sea?,west
3330,They are perambulating south-east along the north-east side of a road which runs south-east to north-west. In which direction is the road?,south-west
1482,"I am riding north-west along the north-east shore of a lake and then turn around to head back in the direction I came from, in which direction is the lake?",south-west
3307,They are driving south along the east side of a road which runs south to north. In which direction is the road?,west
716,He is racing north-east along the south-east shore of the lake. In which direction is the lake?,north-west
3355,They are racing south along the east side of a road which runs south to north. In which direction is the road?,west
3214,We are walking north-west along the south-west side of a road which runs north-west to south-east. In which direction is the road?,north-east
1178,"He is hiking south-east along the north-east shore of a lake and then turns around to head back in the direction he came from, in which direction is the lake?",south-west
3050,He is walking south-east along the north-east side of a road which runs south-east to north-west. In which direction is the road?,south-west
90,You are walking south-east along the north-east shore of the lake. In which direction is the lake?,south-west
3721,We are riding west along the north side of a road which runs west to east. In which direction is the road?,south
58,I am hiking south-east along the north-east shore of the lake. In which direction is the lake?,south-west
3321,They are riding east along the north side of a road which runs east to west. In which direction is the road?,south
1337,"We are hiking east along the north shore of a lake and then turn around to head back in the direction we came from, in which direction is the lake?",south
2550,"You are unicycling south-east along the middle of the south-west side of a park; in which direction is the bandstand, located in the centre of the park?",north-east
5537,"She is cycling west along the north shore of an island and then turns around to head back in the direction she came from, in which direction is the sea?",north
3383,I am cycling south along the west side of a road which runs south to north. In which direction is the road?,east
1370,"They are walking south-east along the north-east shore of a lake and then turn around to head back in the direction they came from, in which direction is the lake?",south-west
4428,You are driving north-east along the south-east shore of the island. In which direction is the sea?,south-east
2454,"I am perambulating south-east along the middle of the south-west side of a park; in which direction is the bandstand, located in the centre of the park?",north-east
5737,"They are hiking west along the north shore of an island and then turn around to head back in the direction they came from, in which direction is the sea?",north
4881,"You are running east along the north shore of an island and then turn around to head back in the direction you came from, in which direction is the sea?",north
1137,"He is cycling east along the north shore of a lake and then turns around to head back in the direction he came from, in which direction is the lake?",south
365,We are riding west along the south shore of the lake. In which direction is the lake?,north
1600,"You are racing south-west along the north-west shore of a lake and then turn around to head back in the direction you came from, in which direction is the lake?",south-east
5399,"You are jogging south along the west shore of an island and then turn around to head back in the direction you came from, in which direction is the sea?",west
3637,She is jogging east along the south side of a road which runs east to west. In which direction is the road?,north
4761,They are riding west along the north shore of the island. In which direction is the sea?,north
4013,He is walking west along the south shore of the island. In which direction is the sea?,south
73,I am racing east along the north shore of the lake. In which direction is the lake?,south
1226,"She is driving south-east along the north-east shore of a lake and then turns around to head back in the direction she came from, in which direction is the lake?",south-west
5040,"He is racing north-east along the north-west shore of an island and then turns around to head back in the direction he came from, in which direction is the sea?",north-west
5355,"I am racing north along the east shore of an island and then turn around to head back in the direction I came from, in which direction is the sea?",east
1115,"You are racing south along the east shore of a lake and then turn around to head back in the direction you came from, in which direction is the lake?",west
746,She is driving north-west along the north-east shore of the lake. In which direction is the lake?,south-west
2542,"You are hiking south-east along the middle of the south-west side of a park; in which direction is the bandstand, located in the centre of the park?",north-east
4451,You are perambulating north along the east shore of the island. In which direction is the sea?,east
3061,He is cycling west along the south side of a road which runs west to east. In which direction is the road?,north
463,They are hiking north along the west shore of the lake. In which direction is the lake?,east
1092,"You are perambulating south-west along the south-east shore of a lake and then turn around to head back in the direction you came from, in which direction is the lake?",north-west
4821,"I am cycling west along the south shore of an island and then turn around to head back in the direction I came from, in which direction is the sea?",south
3106,He is unicycling south-east along the north-east side of a road which runs south-east to north-west. In which direction is the road?,south-west
210,He is perambulating south-east along the north-east shore of the lake. In which direction is the lake?,south-west
4544,He is hiking south-west along the north-west shore of the island. In which direction is the sea?,north-west
4213,We are perambulating west along the south shore of the island. In which direction is the sea?,south
4169,We are walking east along the north shore of the island. In which direction is the sea?,north
3191,She is unicycling north along the west side of a road which runs north to south. In which direction is the road?,east
3440,I am racing south-west along the north-west side of a road which runs south-west to north-east. In which direction is the road?,south-east
4705,We are unicycling west along the north shore of the island. In which direction is the sea?,north
4579,She is cycling north along the east shore of the island. In which direction is the sea?,east
5542,"She is cycling south-east along the south-west shore of an island and then turns around to head back in the direction she came from, in which direction is the sea?",south-west
2647,"She is running south along the middle of the west side of a park; in which direction is the bandstand, located in the centre of the park?",east
5097,"She is hiking east along the north shore of an island and then turns around to head back in the direction she came from, in which direction is the sea?",north
3297,They are cycling east along the north side of a road which runs east to west. In which direction is the road?,south
2908,I am driving south-west along the south-east side of a road which runs south-west to north-east. In which direction is the road?,north-west
3778,They are cycling north-west along the north-east side of a road which runs north-west to south-east. In which direction is the road?,south-west
393,We are racing east along the north shore of the lake. In which direction is the lake?,south
578,You are cycling north-west along the north-east shore of the lake. In which direction is the lake?,south-west
4747,They are driving north along the east shore of the island. In which direction is the sea?,east
5554,"She is jogging north-west along the north-east shore of an island and then turns around to head back in the direction she came from, in which direction is the sea?",north-east
1529,"You are walking west along the north shore of a lake and then turn around to head back in the direction you came from, in which direction is the lake?",south
3852,I am walking south-west along the south-east shore of the island. In which direction is the sea?,south-east
5468,"He is driving north-east along the south-east shore of an island and then turns around to head back in the direction he came from, in which direction is the sea?",south-east
2816,"They are walking south-west along the middle of the north-west side of a park; in which direction is the bandstand, located in the centre of the park?",south-east
2520,"You are jogging south-west along the middle of the north-west side of a park; in which direction is the bandstand, located in the centre of the park?",south-east
1878,"They are jogging south-east along the south-west shore of a lake and then turn around to head back in the direction they came from, in which direction is the lake?",north-east
905,They are driving west along the north shore of the lake. In which direction is the lake?,south
4557,He is racing east along the south shore of the island. In which direction is the sea?,south
5086,"She is riding north-west along the south-west shore of an island and then turns around to head back in the direction she came from, in which direction is the sea?",south-west
1690,"She is walking north-west along the north-east shore of a lake and then turns around to head back in the direction she came from, in which direction is the lake?",south-west
1802,"We are riding north-west along the north-east shore of a lake and then turn around to head back in the direction we came from, in which direction is the lake?",south-west
5117,"She is racing west along the south shore of an island and then turns around to head back in the direction she came from, in which direction is the sea?",south
2072,"You are unicycling north-east along the middle of the north-west side of a park; in which direction is the bandstand, located in the centre of the park?",south-east
2257,"We are cycling east along the middle of the north side of a park; in which direction is the bandstand, located in the centre of the park?",south
4319,They are racing north along the west shore of the island. In which direction is the sea?,west
2243,"We are running south along the middle of the east side of a park; in which direction is the bandstand, located in the centre of the park?",west
3931,You are walking south along the east shore of the island. In which direction is the sea?,east
3374,I am walking south-east along the south-west side of a road which runs south-east to north-west. In which direction is the road?,north-east
3512,You are unicycling south-west along the north-west side of a road which runs south-west to north-east. In which direction is the road?,south-east
1876,"They are jogging north-east along the south-east shore of a lake and then turn around to head back in the direction they came from, in which direction is the lake?",north-west
1261,"She is hiking west along the south shore of a lake and then turns around to head back in the direction she came from, in which direction is the lake?",north
5361,"You are running west along the north shore of an island and then turn around to head back in the direction you came from, in which direction is the sea?",north
3503,You are hiking south along the west side of a road which runs south to north. In which direction is the road?,east
1887,"They are riding south along the west shore of a lake and then turn around to head back in the direction they came from, in which direction is the lake?",east
4817,"I am cycling east along the north shore of an island and then turn around to head back in the direction I came from, in which direction is the sea?",north
4706,We are unicycling north-west along the north-east shore of the island. In which direction is the sea?,north-east
2373,"They are perambulating west along the middle of the south side of a park; in which direction is the bandstand, located in the centre of the park?",north
5357,"I am racing east along the south shore of an island and then turn around to head back in the direction I came from, in which direction is the sea?",south
811,We are walking north along the east shore of the lake. In which direction is the lake?,west
2440,"I am jogging south-west along the middle of the north-west side of a park; in which direction is the bandstand, located in the centre of the park?",south-east
1650,"He is perambulating north-west along the north-east shore of a lake and then turns around to head back in the direction he came from, in which direction is the lake?",south-west
774,She is perambulating south-east along the south-west shore of the lake. In which direction is the lake?,north-east
1713,"She is jogging west along the north shore of a lake and then turns around to head back in the direction she came from, in which direction is the lake?",south
3053,He is walking west along the south side of a road which runs west to east. In which direction is the road?,north
5528,"She is running south-west along the north-west shore of an island and then turns around to head back in the direction she came from, in which direction is the sea?",north-west
1099,"You are hiking south along the east shore of a lake and then turn around to head back in the direction you came from, in which direction is the lake?",west
215,He is perambulating north along the west shore of the lake. In which direction is the lake?,east
2708,"She is unicycling north-east along the middle of the south-east side of a park; in which direction is the bandstand, located in the centre of the park?",north-west
1535,"You are walking south along the west shore of a lake and then turn around to head back in the direction you came from, in which direction is the lake?",east
4423,You are cycling south along the west shore of the island. In which direction is the sea?,west
1494,"I am perambulating south-east along the south-west shore of a lake and then turn around to head back in the direction I came from, in which direction is the lake?",north-east
877,We are racing east along the south shore of the lake. In which direction is the lake?,north
1429,"They are unicycling west along the south shore of a lake and then turn around to head back in the direction they came from, in which direction is the lake?",north
3481,You are riding west along the north side of a road which runs west to east. In which direction is the road?,south
2263,"We are cycling north along the middle of the west side of a park; in which direction is the bandstand, located in the centre of the park?",east
3810,They are perambulating north-west along the north-east side of a road which runs north-west to south-east. In which direction is the road?,south-west
1396,"They are jogging south-west along the south-east shore of a lake and then turn around to head back in the direction they came from, in which direction is the lake?",north-west
5572,"She is perambulating north-east along the south-east shore of an island and then turns around to head back in the direction she came from, in which direction is the sea?",south-east
1169,"He is perambulating east along the north shore of a lake and then turns around to head back in the direction he came from, in which direction is the lake?",south
895,They are walking south along the west shore of the lake. In which direction is the lake?,east
2890,I am walking south-east along the north-east side of a road which runs south-east to north-west. In which direction is the road?,south-west
432,They are driving north-east along the north-west shore of the lake. In which direction is the lake?,south-east
2999,You are jogging north along the west side of a road which runs north to south. In which direction is the road?,east
4784,They are hiking south-west along the north-west shore of the island. In which direction is the sea?,north-west
1399,"They are jogging north along the west shore of a lake and then turn around to head back in the direction they came from, in which direction is the lake?",east
4514,He is jogging north-west along the north-east shore of the island. In which direction is the sea?,north-east
1497,"I am hiking west along the north shore of a lake and then turn around to head back in the direction I came from, in which direction is the lake?",south
5621,"We are cycling east along the south shore of an island and then turn around to head back in the direction we came from, in which direction is the sea?",south
2279,"We are jogging north along the middle of the west side of a park; in which direction is the bandstand, located in the centre of the park?",east
3679,She is racing south along the west side of a road which runs south to north. In which direction is the road?,east
1421,"They are hiking west along the south shore of a lake and then turn around to head back in the direction they came from, in which direction is the lake?",north
1534,"You are walking south-east along the south-west shore of a lake and then turn around to head back in the direction you came from, in which direction is the lake?",north-east
726,She is running south-east along the south-west shore of the lake. In which direction is the lake?,north-east
1475,"I am jogging north along the east shore of a lake and then turn around to head back in the direction I came from, in which direction is the lake?",west
386,We are unicycling south-east along the north-east shore of the lake. In which direction is the lake?,south-west
3026,You are unicycling south-east along the north-east side of a road which runs south-east to north-west. In which direction is the road?,south-west
3151,She is driving north along the west side of a road which runs north to south. In which direction is the road?,east
661,He is cycling east along the south shore of the lake. In which direction is the lake?,north
3511,You are unicycling south along the west side of a road which runs south to north. In which direction is the road?,east
5283,"I am running north along the east shore of an island and then turn around to head back in the direction I came from, in which direction is the sea?",east
2742,"We are cycling south-east along the middle of the south-west side of a park; in which direction is the bandstand, located in the centre of the park?",north-east
3904,I am hiking north-east along the north-west shore of the island. In which direction is the sea?,north-west
2179,"She is cycling south along the middle of the east side of a park; in which direction is the bandstand, located in the centre of the park?",west
1025,"I am unicycling east along the north shore of a lake and then turn around to head back in the direction I came from, in which direction is the lake?",south
1183,"He is hiking north along the west shore of a lake and then turns around to head back in the direction he came from, in which direction is the lake?",east
4077,He is racing west along the south shore of the island. In which direction is the sea?,south
372,We are perambulating south-west along the south-east shore of the lake. In which direction is the lake?,north-west
1990,"I am unicycling north-west along the middle of the south-west side of a park; in which direction is the bandstand, located in the centre of the park?",north-east
1515,"I am racing north along the east shore of a lake and then turn around to head back in the direction I came from, in which direction is the lake?",west
5349,"I am unicycling east along the south shore of an island and then turn around to head back in the direction I came from, in which direction is the sea?",south
1903,"They are hiking south along the west shore of a lake and then turn around to head back in the direction they came from, in which direction is the lake?",east
1282,"We are running south-east along the north-east shore of a lake and then turn around to head back in the direction we came from, in which direction is the lake?",south-west
4121,She is riding east along the north shore of the island. In which direction is the sea?,north
4393,I am racing west along the north shore of the island. In which direction is the sea?,north
4336,I am walking south-west along the north-west shore of the island. In which direction is the sea?,north-west
4580,She is cycling north-east along the south-east shore of the island. In which direction is the sea?,south-east
1769,"We are walking west along the north shore of a lake and then turn around to head back in the direction we came from, in which direction is the lake?",south
2246,"We are running north-west along the middle of the south-west side of a park; in which direction is the bandstand, located in the centre of the park?",north-east
1609,"He is walking west along the north shore of a lake and then turns around to head back in the direction he came from, in which direction is the lake?",south
4197,We are jogging west along the south shore of the island. In which direction is the sea?,south
898,They are cycling north-west along the north-east shore of the lake. In which direction is the lake?,south-west
2687,"She is riding south along the middle of the west side of a park; in which direction is the bandstand, located in the centre of the park?",east
3802,They are riding north-west along the north-east side of a road which runs north-west to south-east. In which direction is the road?,south-west
3801,They are riding west along the north side of a road which runs west to east. In which direction is the road?,south
158,You are racing north-west along the south-west shore of the lake. In which direction is the lake?,north-east
3441,You are running west along the north side of a road which runs west to east. In which direction is the road?,south
4034,He is jogging south-east along the north-east shore of the island. In which direction is the sea?,north-east
2250,"We are walking south-east along the middle of the north-east side of a park; in which direction is the bandstand, located in the centre of the park?",south-west
4839,"I am jogging north along the west shore of an island and then turn around to head back in the direction I came from, in which direction is the sea?",west
5176,"We are perambulating north-east along the north-west shore of an island and then turn around to head back in the direction we came from, in which direction is the sea?",north-west
5545,"She is driving west along the north shore of an island and then turns around to head back in the direction she came from, in which direction is the sea?",north
5655,"We are perambulating south along the west shore of an island and then turn around to head back in the direction we came from, in which direction is the sea?",west
3940,You are cycling south-west along the south-east shore of the island. In which direction is the sea?,south-east
3557,He is jogging east along the south side of a road which runs east to west. In which direction is the road?,north
663,He is cycling south along the west shore of the lake. In which direction is the lake?,east
5503,"He is hiking south along the west shore of an island and then turns around to head back in the direction he came from, in which direction is the sea?",west
4357,I am jogging east along the south shore of the island. In which direction is the sea?,south
2521,"You are riding west along the middle of the north side of a park; in which direction is the bandstand, located in the centre of the park?",south
5431,"You are unicycling south along the west shore of an island and then turn around to head back in the direction you came from, in which direction is the sea?",west
1766,"We are running south-east along the south-west shore of a lake and then turn around to head back in the direction we came from, in which direction is the lake?",north-east
5351,"I am unicycling south along the west shore of an island and then turn around to head back in the direction I came from, in which direction is the sea?",west
1182,"He is hiking north-west along the south-west shore of a lake and then turns around to head back in the direction he came from, in which direction is the lake?",north-east
4115,She is jogging south along the east shore of the island. In which direction is the sea?,east
5144,"We are cycling north-east along the north-west shore of an island and then turn around to head back in the direction we came from, in which direction is the sea?",north-west
3735,We are perambulating south along the west side of a road which runs south to north. In which direction is the road?,east
4976,"He is walking north-east along the north-west shore of an island and then turns around to head back in the direction he came from, in which direction is the sea?",north-west
5756,"They are racing north-east along the south-east shore of an island and then turn around to head back in the direction they came from, in which direction is the sea?",south-east
3729,We are perambulating west along the north side of a road which runs west to east. In which direction is the road?,south
2029,"You are driving west along the middle of the south side of a park; in which direction is the bandstand, located in the centre of the park?",north
3249,We are perambulating east along the north side of a road which runs east to west. In which direction is the road?,south
1844,"They are running north-east along the south-east shore of a lake and then turn around to head back in the direction they came from, in which direction is the lake?",north-west
776,She is perambulating south-west along the north-west shore of the lake. In which direction is the lake?,south-east
547,I am unicycling north along the east shore of the lake. In which direction is the lake?,west
3725,We are riding east along the south side of a road which runs east to west. In which direction is the road?,north
1369,"They are walking east along the north shore of a lake and then turn around to head back in the direction they came from, in which direction is the lake?",south
5337,"I am hiking west along the north shore of an island and then turn around to head back in the direction I came from, in which direction is the sea?",north
2929,I am perambulating east along the north side of a road which runs east to west. In which direction is the road?,south
3119,He is racing north along the west side of a road which runs north to south. In which direction is the road?,east
3373,I am walking east along the south side of a road which runs east to west. In which direction is the road?,north
3856,I am walking north-east along the north-west shore of the island. In which direction is the sea?,north-west
2730,"We are walking north-west along the middle of the north-east side of a park; in which direction is the bandstand, located in the centre of the park?",south-west
124,You are riding south-west along the south-east shore of the lake. In which direction is the lake?,north-west
4006,He is running north-west along the south-west shore of the island. In which direction is the sea?,south-west
5049,"She is walking east along the north shore of an island and then turns around to head back in the direction she came from, in which direction is the sea?",north
389,We are unicycling west along the south shore of the lake. In which direction is the lake?,north
5678,"We are racing south-east along the south-west shore of an island and then turn around to head back in the direction we came from, in which direction is the sea?",south-west
2361,"They are riding east along the middle of the north side of a park; in which direction is the bandstand, located in the centre of the park?",south
1172,"He is perambulating south-west along the south-east shore of a lake and then turns around to head back in the direction he came from, in which direction is the lake?",north-west
511,I am driving south along the west shore of the lake. In which direction is the lake?,east
4214,We are perambulating north-west along the south-west shore of the island. In which direction is the sea?,south-west
4066,He is unicycling south-east along the north-east shore of the island. In which direction is the sea?,north-east
1517,"I am racing east along the south shore of a lake and then turn around to head back in the direction I came from, in which direction is the lake?",north
1555,"You are jogging north along the east shore of a lake and then turn around to head back in the direction you came from, in which direction is the lake?",west
34,I am jogging south-east along the north-east shore of the lake. In which direction is the lake?,south-west
2027,"You are driving south along the middle of the east side of a park; in which direction is the bandstand, located in the centre of the park?",west
2813,"They are walking east along the middle of the south side of a park; in which direction is the bandstand, located in the centre of the park?",north
2845,"They are riding east along the middle of the south side of a park; in which direction is the bandstand, located in the centre of the park?",north
4768,They are riding south-west along the north-west shore of the island. In which direction is the sea?,north-west
892,They are walking north-east along the south-east shore of the lake. In which direction is the lake?,north-west
3983,You are hiking north along the west shore of the island. In which direction is the sea?,west
61,I am hiking west along the south shore of the lake. In which direction is the lake?,north
5546,"She is driving north-west along the north-east shore of an island and then turns around to head back in the direction she came from, in which direction is the sea?",north-east
1620,"He is cycling north-east along the south-east shore of a lake and then turns around to head back in the direction he came from, in which direction is the lake?",north-west
5139,"We are cycling south along the east shore of an island and then turn around to head back in the direction we came from, in which direction is the sea?",east
141,You are hiking west along the south shore of the lake. In which direction is the lake?,north
1576,"You are perambulating south-west along the north-west shore of a lake and then turn around to head back in the direction you came from, in which direction is the lake?",south-east
4249,They are walking east along the north shore of the island. In which direction is the sea?,north
5725,"They are riding east along the south shore of an island and then turn around to head back in the direction they came from, in which direction is the sea?",south
5486,"He is riding south-east along the south-west shore of an island and then turns around to head back in the direction he came from, in which direction is the sea?",south-west
5360,"I am racing south-west along the north-west shore of an island and then turn around to head back in the direction I came from, in which direction is the sea?",north-west
245,She is running west along the south shore of the lake. In which direction is the lake?,north
4152,She is unicycling north-east along the north-west shore of the island. In which direction is the sea?,north-west
3130,She is walking south-east along the north-east side of a road which runs south-east to north-west. In which direction is the road?,south-west
938,They are hiking north-west along the north-east shore of the lake. In which direction is the lake?,south-west
768,She is riding south-west along the north-west shore of the lake. In which direction is the lake?,south-east
2907,I am driving south along the east side of a road which runs south to north. In which direction is the road?,west
2935,I am perambulating north along the west side of a road which runs north to south. In which direction is the road?,east
4362,I am riding north-west along the north-east shore of the island. In which direction is the sea?,north-east
3969,You are perambulating east along the north shore of the island. In which direction is the sea?,north
1151,"He is driving north along the west shore of a lake and then turns around to head back in the direction he came from, in which direction is the lake?",east
1959,"I am jogging north along the middle of the west side of a park; in which direction is the bandstand, located in the centre of the park?",east
2691,"She is perambulating north along the middle of the east side of a park; in which direction is the bandstand, located in the centre of the park?",west
1476,"I am jogging north-east along the south-east shore of a lake and then turn around to head back in the direction I came from, in which direction is the lake?",north-west
3101,He is hiking west along the south side of a road which runs west to east. In which direction is the road?,north
5391,"You are driving south along the west shore of an island and then turn around to head back in the direction you came from, in which direction is the sea?",west
1202,"She is running south-east along the north-east shore of a lake and then turns around to head back in the direction she came from, in which direction is the lake?",south-west
4701,We are hiking east along the south shore of the island. In which direction is the sea?,south
3429,I am unicycling east along the south side of a road which runs east to west. In which direction is the road?,north
2358,"They are jogging north-west along the middle of the south-west side of a park; in which direction is the bandstand, located in the centre of the park?",north-east
27,I am driving south along the east shore of the lake. In which direction is the lake?,west
419,They are cycling south along the east shore of the lake. In which direction is the lake?,west
4498,He is cycling north-west along the north-east shore of the island. In which direction is the sea?,north-east
2569,"He is walking west along the middle of the north side of a park; in which direction is the bandstand, located in the centre of the park?",south
1308,"We are driving south-west along the south-east shore of a lake and then turn around to head back in the direction we came from, in which direction is the lake?",north-west
5634,"We are jogging north-west along the north-east shore of an island and then turn around to head back in the direction we came from, in which direction is the sea?",north-east
1317,"We are jogging west along the south shore of a lake and then turn around to head back in the direction we came from, in which direction is the lake?",north
5195,"We are racing south along the east shore of an island and then turn around to head back in the direction we came from, in which direction is the sea?",east
5489,"He is perambulating west along the north shore of an island and then turns around to head back in the direction he came from, in which direction is the sea?",north
2694,"She is perambulating south-east along the middle of the south-west side of a park; in which direction is the bandstand, located in the centre of the park?",north-east
3476,You are jogging north-east along the south-east side of a road which runs north-east to south-west. In which direction is the road?,north-west
4816,"I am walking north-east along the north-west shore of an island and then turn around to head back in the direction I came from, in which direction is the sea?",north-west
3396,I am jogging north-east along the south-east side of a road which runs north-east to south-west. In which direction is the road?,north-west
964,"I am running south-west along the south-east shore of a lake and then turn around to head back in the direction I came from, in which direction is the lake?",north-west
45,I am riding west along the south shore of the lake. In which direction is the lake?,north
1598,"You are racing south-east along the south-west shore of a lake and then turn around to head back in the direction you came from, in which direction is the lake?",north-east
2731,"We are walking north along the middle of the east side of a park; in which direction is the bandstand, located in the centre of the park?",west
2433,"I am jogging west along the middle of the north side of a park; in which direction is the bandstand, located in the centre of the park?",south
691,He is perambulating north along the east shore of the lake. In which direction is the lake?,west
5578,"She is hiking north-west along the north-east shore of an island and then turns around to head back in the direction she came from, in which direction is the sea?",north-east
4038,He is jogging north-west along the south-west shore of the island. In which direction is the sea?,south-west
3173,She is perambulating west along the south side of a road which runs west to east. In which direction is the road?,north
4709,We are unicycling east along the south shore of the island. In which direction is the sea?,south
4348,I am driving north-east along the south-east shore of the island. In which direction is the sea?,south-east
4556,He is racing north-east along the south-east shore of the island. In which direction is the sea?,south-east
1584,"You are hiking south-west along the north-west shore of a lake and then turn around to head back in the direction you came from, in which direction is the lake?",south-east
5643,"We are riding north along the east shore of an island and then turn around to head back in the direction we came from, in which direction is the sea?",east
3458,You are cycling north-west along the north-east side of a road which runs north-west to south-east. In which direction is the road?,south-west
3269,We are unicycling west along the south side of a road which runs west to east. In which direction is the road?,north
3805,They are riding east along the south side of a road which runs east to west. In which direction is the road?,north
3449,You are walking west along the north side of a road which runs west to east. In which direction is the road?,south
4515,He is jogging north along the east shore of the island. In which direction is the sea?,east
5480,"He is jogging south-west along the north-west shore of an island and then turns around to head back in the direction he came from, in which direction is the sea?",north-west
1105,"You are unicycling east along the north shore of a lake and then turn around to head back in the direction you came from, in which direction is the lake?",south
4259,They are cycling south along the east shore of the island. In which direction is the sea?,east
2462,"I am hiking south-east along the middle of the south-west side of a park; in which direction is the bandstand, located in the centre of the park?",north-east
161,He is running east along the north shore of the lake. In which direction is the lake?,south
4229,We are unicycling west along the south shore of the island. In which direction is the sea?,south
4502,He is cycling south-east along the south-west shore of the island. In which direction is the sea?,south-west
3047,He is running north along the west side of a road which runs north to south. In which direction is the road?,east
2622,"He is hiking south-east along the middle of the south-west side of a park; in which direction is the bandstand, located in the centre of the park?",north-east
2039,"You are jogging north along the middle of the west side of a park; in which direction is the bandstand, located in the centre of the park?",east
4864,"I am hiking north-east along the north-west shore of an island and then turn around to head back in the direction I came from, in which direction is the sea?",north-west
29,I am driving west along the south shore of the lake. In which direction is the lake?,north
3172,She is perambulating south-west along the south-east side of a road which runs south-west to north-east. In which direction is the road?,north-west
1335,"We are perambulating north along the west shore of a lake and then turn around to head back in the direction we came from, in which direction is the lake?",east
3975,You are perambulating north along the west shore of the island. In which direction is the sea?,west
2783,"We are hiking south along the middle of the west side of a park; in which direction is the bandstand, located in the centre of the park?",east
2954,I am racing south-east along the north-east side of a road which runs south-east to north-west. In which direction is the road?,south-west
2363,"They are riding south along the middle of the east side of a park; in which direction is the bandstand, located in the centre of the park?",west
3002,You are riding south-east along the north-east side of a road which runs south-east to north-west. In which direction is the road?,south-west
1738,"She is hiking north-west along the north-east shore of a lake and then turns around to head back in the direction she came from, in which direction is the lake?",south-west
400,We are racing north-east along the north-west shore of the lake. In which direction is the lake?,south-east
1267,"She is unicycling south along the east shore of a lake and then turns around to head back in the direction she came from, in which direction is the lake?",west
2173,"She is walking west along the middle of the south side of a park; in which direction is the bandstand, located in the centre of the park?",north
4549,He is unicycling east along the south shore of the island. In which direction is the sea?,south
5603,"We are running north along the east shore of an island and then turn around to head back in the direction we came from, in which direction is the sea?",east
3768,They are running south-west along the north-west side of a road which runs south-west to north-east. In which direction is the road?,south-east
270,She is driving north-west along the south-west shore of the lake. In which direction is the lake?,north-east
1451,"I am walking north along the east shore of a lake and then turn around to head back in the direction I came from, in which direction is the lake?",west
2740,"We are cycling north-east along the middle of the south-east side of a park; in which direction is the bandstand, located in the centre of the park?",north-west
1877,"They are jogging east along the south shore of a lake and then turn around to head back in the direction they came from, in which direction is the lake?",north
276,She is jogging south-west along the south-east shore of the lake. In which direction is the lake?,north-west
2632,"He is unicycling south-west along the middle of the north-west side of a park; in which direction is the bandstand, located in the centre of the park?",south-east
3870,I am driving north-west along the south-west shore of the island. In which direction is the sea?,south-west
3303,They are cycling north along the west side of a road which runs north to south. In which direction is the road?,east
1521,"You are running west along the north shore of a lake and then turn around to head back in the direction you came from, in which direction is the lake?",south
4910,"You are driving north-west along the south-west shore of an island and then turn around to head back in the direction you came from, in which direction is the sea?",south-west
2326,"They are running north-west along the middle of the south-west side of a park; in which direction is the bandstand, located in the centre of the park?",north-east
4293,They are perambulating west along the south shore of the island. In which direction is the sea?,south
205,He is riding west along the south shore of the lake. In which direction is the lake?,north
401,They are running east along the north shore of the lake. In which direction is the lake?,south
5581,"She is hiking east along the south shore of an island and then turns around to head back in the direction she came from, in which direction is the sea?",south
2464,"I am hiking south-west along the middle of the north-west side of a park; in which direction is the bandstand, located in the centre of the park?",south-east
3881,I am riding east along the north shore of the island. In which direction is the sea?,north
2769,"We are perambulating west along the middle of the north side of a park; in which direction is the bandstand, located in the centre of the park?",south
4473,You are racing west along the north shore of the island. In which direction is the sea?,north
669,He is driving east along the south shore of the lake. In which direction is the lake?,north
3183,She is hiking north along the west side of a road which runs north to south. In which direction is the road?,east
4595,She is jogging north along the east shore of the island. In which direction is the sea?,east
5332,"I am perambulating north-east along the south-east shore of an island and then turn around to head back in the direction I came from, in which direction is the sea?",south-east
879,We are racing south along the west shore of the lake. In which direction is the lake?,east
2384,"They are hiking north-east along the middle of the north-west side of a park; in which direction is the bandstand, located in the centre of the park?",south-east
284,She is riding south-west along the south-east shore of the lake. In which direction is the lake?,north-west
1601,"He is running west along the north shore of a lake and then turns around to head back in the direction he came from, in which direction is the lake?",south
4516,He is jogging north-east along the south-east shore of the island. In which direction is the sea?,south-east
33,I am jogging east along the north shore of the lake. In which direction is the lake?,south
5638,"We are jogging south-east along the south-west shore of an island and then turn around to head back in the direction we came from, in which direction is the sea?",south-west
5702,"They are cycling south-east along the south-west shore of an island and then turn around to head back in the direction they came from, in which direction is the sea?",south-west
4417,You are cycling west along the north shore of the island. In which direction is the sea?,north
3693,We are walking east along the south side of a road which runs east to west. In which direction is the road?,north
514,I am jogging north-west along the north-east shore of the lake. In which direction is the lake?,south-west
3155,She is jogging south along the east side of a road which runs south to north. In which direction is the road?,west
152,You are unicycling north-east along the north-west shore of the lake. In which direction is the lake?,south-east
722,She is running north-west along the north-east shore of the lake. In which direction is the lake?,south-west
3204,We are running south-west along the south-east side of a road which runs south-west to north-east. In which direction is the road?,north-west
1327,"We are riding north along the west shore of a lake and then turn around to head back in the direction we came from, in which direction is the lake?",east
351,We are driving north along the west shore of the lake. In which direction is the lake?,east
1244,"She is riding south-west along the south-east shore of a lake and then turns around to head back in the direction she came from, in which direction is the lake?",north-west
22,I am cycling north-west along the south-west shore of the lake. In which direction is the lake?,north-east
4603,She is riding north along the east shore of the island. In which direction is the sea?,east
5373,"You are walking east along the south shore of an island and then turn around to head back in the direction you came from, in which direction is the sea?",south
5319,"I am jogging south along the west shore of an island and then turn around to head back in the direction I came from, in which direction is the sea?",west
2075,"You are racing south along the middle of the east side of a park; in which direction is the bandstand, located in the centre of the park?",west
3855,I am walking north along the west shore of the island. In which direction is the sea?,west
5508,"He is unicycling north-east along the south-east shore of an island and then turns around to head back in the direction he came from, in which direction is the sea?",south-east
3326,They are riding north-west along the south-west side of a road which runs north-west to south-east. In which direction is the road?,north-east
4372,I am perambulating north-east along the south-east shore of the island. In which direction is the sea?,south-east
2809,"They are walking west along the middle of the north side of a park; in which direction is the bandstand, located in the centre of the park?",south
429,They are driving west along the south shore of the lake. In which direction is the lake?,north
3924,You are running south-west along the south-east shore of the island. In which direction is the sea?,south-east
443,They are riding south along the east shore of the lake. In which direction is the lake?,west
2030,"You are driving north-west along the middle of the south-west side of a park; in which direction is the bandstand, located in the centre of the park?",north-east
436,They are jogging south-west along the south-east shore of the lake. In which direction is the lake?,north-west
2424,"I am cycling south-west along the middle of the north-west side of a park; in which direction is the bandstand, located in the centre of the park?",south-east
3669,She is unicycling east along the south side of a road which runs east to west. In which direction is the road?,north
5500,"He is hiking north-east along the south-east shore of an island and then turns around to head back in the direction he came from, in which direction is the sea?",south-east
896,They are walking south-west along the north-west shore of the lake. In which direction is the lake?,south-east
978,"I am cycling south-east along the north-east shore of a lake and then turn around to head back in the direction I came from, in which direction is the lake?",south-west
4231,We are unicycling north along the west shore of the island. In which direction is the sea?,west
4172,We are walking south-west along the south-east shore of the island. In which direction is the sea?,south-east
5394,"You are jogging north-west along the north-east shore of an island and then turn around to head back in the direction you came from, in which direction is the sea?",north-east
2758,"We are jogging south-east along the middle of the south-west side of a park; in which direction is the bandstand, located in the centre of the park?",north-east
1895,"They are perambulating south along the west shore of a lake and then turn around to head back in the direction they came from, in which direction is the lake?",east
1896,"They are perambulating south-west along the north-west shore of a lake and then turn around to head back in the direction they came from, in which direction is the lake?",south-east
4844,"I am riding south-west along the south-east shore of an island and then turn around to head back in the direction I came from, in which direction is the sea?",south-east
3523,He is running north along the east side of a road which runs north to south. In which direction is the road?,west
4840,"I am jogging north-east along the north-west shore of an island and then turn around to head back in the direction I came from, in which direction is the sea?",north-west
430,They are driving north-west along the south-west shore of the lake. In which direction is the lake?,north-east
3092,He is perambulating south-west along the south-east side of a road which runs south-west to north-east. In which direction is the road?,north-west
5358,"I am racing south-east along the south-west shore of an island and then turn around to head back in the direction I came from, in which direction is the sea?",south-west
4937,"You are hiking east along the north shore of an island and then turn around to head back in the direction you came from, in which direction is the sea?",north
3417,I am hiking west along the north side of a road which runs west to east. In which direction is the road?,south
1435,"They are racing south along the east shore of a lake and then turn around to head back in the direction they came from, in which direction is the lake?",west
4073,He is racing east along the north shore of the island. In which direction is the sea?,north
5255,"They are perambulating north along the west shore of an island and then turn around to head back in the direction they came from, in which direction is the sea?",west
607,You are riding south along the west shore of the lake. In which direction is the lake?,east
3761,They are running west along the north side of a road which runs west to east. In which direction is the road?,south
3508,You are unicycling north-east along the south-east side of a road which runs north-east to south-west. In which direction is the road?,north-west
631,You are unicycling south along the west shore of the lake. In which direction is the lake?,east
4186,We are driving south-east along the north-east shore of the island. In which direction is the sea?,north-east
1730,"She is perambulating north-west along the north-east shore of a lake and then turns around to head back in the direction she came from, in which direction is the lake?",south-west
1428,"They are unicycling south-west along the south-east shore of a lake and then turn around to head back in the direction they came from, in which direction is the lake?",north-west
3192,She is unicycling north-east along the north-west side of a road which runs north-east to south-west. In which direction is the road?,south-east
2865,"They are unicycling west along the middle of the north side of a park; in which direction is the bandstand, located in the centre of the park?",south
4137,She is hiking east along the north shore of the island. In which direction is the sea?,north
3323,They are riding south along the east side of a road which runs south to north. In which direction is the road?,west
2365,"They are riding west along the middle of the south side of a park; in which direction is the bandstand, located in the centre of the park?",north
4052,He is perambulating south-west along the south-east shore of the island. In which direction is the sea?,south-east
1247,"She is riding north along the west shore of a lake and then turns around to head back in the direction she came from, in which direction is the lake?",east
5408,"You are riding south-west along the north-west shore of an island and then turn around to head back in the direction you came from, in which direction is the sea?",north-west
992,"I am driving north-east along the north-west shore of a lake and then turn around to head back in the direction I came from, in which direction is the lake?",south-east
1899,"They are hiking north along the east shore of a lake and then turn around to head back in the direction they came from, in which direction is the lake?",west
5035,"He is racing south along the east shore of an island and then turns around to head back in the direction he came from, in which direction is the sea?",east
1302,"We are cycling north-west along the south-west shore of a lake and then turn around to head back in the direction we came from, in which direction is the lake?",north-east
572,You are walking north-east along the south-east shore of the lake. In which direction is the lake?,north-west
489,I am walking west along the north shore of the lake. In which direction is the lake?,south
5291,"I am walking north along the east shore of an island and then turn around to head back in the direction I came from, in which direction is the sea?",east
5453,"He is walking east along the south shore of an island and then turns around to head back in the direction he came from, in which direction is the sea?",south
1205,"She is running west along the south shore of a lake and then turns around to head back in the direction she came from, in which direction is the lake?",north
1255,"She is perambulating north along the west shore of a lake and then turns around to head back in the direction she came from, in which direction is the lake?",east
3879,I am jogging north along the west shore of the island. In which direction is the sea?,west
1771,"We are walking north along the east shore of a lake and then turn around to head back in the direction we came from, in which direction is the lake?",west
4773,They are perambulating east along the south shore of the island. In which direction is the sea?,south
3519,You are racing south along the west side of a road which runs south to north. In which direction is the road?,east
379,We are hiking south along the east shore of the lake. In which direction is the lake?,west
5721,"They are riding west along the north shore of an island and then turn around to head back in the direction they came from, in which direction is the sea?",north
3356,They are racing south-west along the south-east side of a road which runs south-west to north-east. In which direction is the road?,north-west
1825,"We are unicycling west along the north shore of a lake and then turn around to head back in the direction we came from, in which direction is the lake?",south
5521,"She is running west along the north shore of an island and then turns around to head back in the direction she came from, in which direction is the sea?",north
1020,"I am hiking south-west along the south-east shore of a lake and then turn around to head back in the direction I came from, in which direction is the lake?",north-west
4118,She is jogging north-west along the south-west shore of the island. In which direction is the sea?,south-west
2421,"I am cycling east along the middle of the south side of a park; in which direction is the bandstand, located in the centre of the park?",north
4215,We are perambulating north along the west shore of the island. In which direction is the sea?,west
1997,"I am racing west along the middle of the south side of a park; in which direction is the bandstand, located in the centre of the park?",north
4365,I am riding east along the south shore of the island. In which direction is the sea?,south
1492,"I am perambulating north-east along the south-east shore of a lake and then turn around to head back in the direction I came from, in which direction is the lake?",north-west
1296,"We are walking north-east along the north-west shore of a lake and then turn around to head back in the direction we came from, in which direction is the lake?",south-east
931,They are perambulating north along the east shore of the lake. In which direction is the lake?,west
1339,"We are hiking south along the east shore of a lake and then turn around to head back in the direction we came from, in which direction is the lake?",west
1493,"I am perambulating east along the south shore of a lake and then turn around to head back in the direction I came from, in which direction is the lake?",north
2961,You are running east along the north side of a road which runs east to west. In which direction is the road?,south
1491,"I am perambulating north along the east shore of a lake and then turn around to head back in the direction I came from, in which direction is the lake?",west
2091,"He is walking south along the middle of the east side of a park; in which direction is the bandstand, located in the centre of the park?",west
1326,"We are riding north-west along the south-west shore of a lake and then turn around to head back in the direction we came from, in which direction is the lake?",north-east
5490,"He is perambulating north-west along the north-east shore of an island and then turns around to head back in the direction he came from, in which direction is the sea?",north-east
3227,We are driving south along the east side of a road which runs south to north. In which direction is the road?,west
866,We are unicycling north-west along the north-east shore of the lake. In which direction is the lake?,south-west
4704,We are hiking south-west along the north-west shore of the island. In which direction is the sea?,north-west
26,I am driving south-east along the north-east shore of the lake. In which direction is the lake?,south-west
3642,She is riding north-west along the north-east side of a road which runs north-west to south-east. In which direction is the road?,south-west
5185,"We are unicycling east along the north shore of an island and then turn around to head back in the direction we came from, in which direction is the sea?",north
2050,"You are perambulating south-east along the middle of the north-east side of a park; in which direction is the bandstand, located in the centre of the park?",south-west
4471,You are unicycling south along the west shore of the island. In which direction is the sea?,west
3549,He is driving east along the south side of a road which runs east to west. In which direction is the road?,north
1960,"I am jogging north-east along the middle of the north-west side of a park; in which direction is the bandstand, located in the centre of the park?",south-east
2714,"She is racing north-west along the middle of the north-east side of a park; in which direction is the bandstand, located in the centre of the park?",south-west
2989,You are driving west along the south side of a road which runs west to east. In which direction is the road?,north
1380,"They are cycling south-west along the south-east shore of a lake and then turn around to head back in the direction they came from, in which direction is the lake?",north-west
4315,They are racing south along the east shore of the island. In which direction is the sea?,east
2977,You are cycling east along the north side of a road which runs east to west. In which direction is the road?,south
370,We are perambulating south-east along the north-east shore of the lake. In which direction is the lake?,south-west
5201,"They are running east along the north shore of an island and then turn around to head back in the direction they came from, in which direction is the sea?",north
1124,"He is running south-west along the south-east shore of a lake and then turns around to head back in the direction he came from, in which direction is the lake?",north-west
848,We are riding south-west along the north-west shore of the lake. In which direction is the lake?,south-east
4407,You are running south along the west shore of the island. In which direction is the sea?,west
3136,She is walking north-east along the north-west side of a road which runs north-east to south-west. In which direction is the road?,south-east
5069,"She is driving west along the south shore of an island and then turns around to head back in the direction she came from, in which direction is the sea?",south
74,I am racing south-east along the north-east shore of the lake. In which direction is the lake?,south-west
1048,"You are running north-east along the north-west shore of a lake and then turn around to head back in the direction you came from, in which direction is the lake?",south-east
4980,"He is cycling south-west along the south-east shore of an island and then turns around to head back in the direction he came from, in which direction is the sea?",south-east
2808,"They are running south-west along the middle of the north-west side of a park; in which direction is the bandstand, located in the centre of the park?",south-east
4896,"You are walking north-east along the north-west shore of an island and then turn around to head back in the direction you came from, in which direction is the sea?",north-west
533,I am perambulating east along the south shore of the lake. In which direction is the lake?,north
890,They are walking north-west along the north-east shore of the lake. In which direction is the lake?,south-west
3930,You are walking south-east along the north-east shore of the island. In which direction is the sea?,north-east
2614,"He is perambulating south-east along the middle of the south-west side of a park; in which direction is the bandstand, located in the centre of the park?",north-east
2706,"She is unicycling north-west along the middle of the north-east side of a park; in which direction is the bandstand, located in the centre of the park?",south-west
4830,"I am driving north-west along the south-west shore of an island and then turn around to head back in the direction I came from, in which direction is the sea?",south-west
1199,"He is racing north along the west shore of a lake and then turns around to head back in the direction he came from, in which direction is the lake?",east
3796,They are jogging north-east along the south-east side of a road which runs north-east to south-west. In which direction is the road?,north-west
3341,They are hiking west along the south side of a road which runs west to east. In which direction is the road?,north
1150,"He is driving north-west along the south-west shore of a lake and then turns around to head back in the direction he came from, in which direction is the lake?",north-east
1047,"You are running north along the west shore of a lake and then turn around to head back in the direction you came from, in which direction is the lake?",east
4755,They are jogging north along the east shore of the island. In which direction is the sea?,east
1246,"She is riding north-west along the south-west shore of a lake and then turns around to head back in the direction she came from, in which direction is the lake?",north-east
4074,He is racing south-east along the north-east shore of the island. In which direction is the sea?,north-east
3354,They are racing south-east along the north-east side of a road which runs south-east to north-west. In which direction is the road?,south-west
806,We are running south-east along the south-west shore of the lake. In which direction is the lake?,north-east
5576,"She is perambulating south-west along the north-west shore of an island and then turns around to head back in the direction she came from, in which direction is the sea?",north-west
4792,They are unicycling south-west along the north-west shore of the island. In which direction is the sea?,north-west
2504,"You are cycling south-west along the middle of the north-west side of a park; in which direction is the bandstand, located in the centre of the park?",south-east
1334,"We are perambulating north-west along the south-west shore of a lake and then turn around to head back in the direction we came from, in which direction is the lake?",north-east
5296,"I am walking south-west along the north-west shore of an island and then turn around to head back in the direction I came from, in which direction is the sea?",north-west
4922,"You are riding south-east along the north-east shore of an island and then turn around to head back in the direction you came from, in which direction is the sea?",north-east
5014,"He is perambulating north-west along the south-west shore of an island and then turns around to head back in the direction he came from, in which direction is the sea?",south-west
1789,"We are driving east along the south shore of a lake and then turn around to head back in the direction we came from, in which direction is the lake?",north
5124,"We are running south-west along the south-east shore of an island and then turn around to head back in the direction we came from, in which direction is the sea?",south-east
5112,"She is unicycling north-east along the north-west shore of an island and then turns around to head back in the direction she came from, in which direction is the sea?",north-west
2652,"She is walking north-east along the middle of the south-east side of a park; in which direction is the bandstand, located in the centre of the park?",north-west
2449,"I am perambulating west along the middle of the north side of a park; in which direction is the bandstand, located in the centre of the park?",south
2037,"You are jogging west along the middle of the south side of a park; in which direction is the bandstand, located in the centre of the park?",north
5505,"He is unicycling west along the north shore of an island and then turns around to head back in the direction he came from, in which direction is the sea?",north
3597,He is racing east along the south side of a road which runs east to west. In which direction is the road?,north
3601,She is running west along the north side of a road which runs west to east. In which direction is the road?,south
3257,We are hiking east along the north side of a road which runs east to west. In which direction is the road?,south
2419,"I am cycling north along the middle of the east side of a park; in which direction is the bandstand, located in the centre of the park?",west
1505,"I am unicycling west along the north shore of a lake and then turn around to head back in the direction I came from, in which direction is the lake?",south
2662,"She is cycling south-east along the middle of the south-west side of a park; in which direction is the bandstand, located in the centre of the park?",north-east
4002,He is running south-east along the north-east shore of the island. In which direction is the sea?,north-east
5034,"He is racing south-east along the north-east shore of an island and then turns around to head back in the direction he came from, in which direction is the sea?",north-east
4091,She is walking south along the east shore of the island. In which direction is the sea?,east
1673,"He is racing west along the north shore of a lake and then turns around to head back in the direction he came from, in which direction is the lake?",south
4392,I am unicycling south-west along the north-west shore of the island. In which direction is the sea?,north-west
3127,She is running north along the west side of a road which runs north to south. In which direction is the road?,east
1119,"You are racing north along the west shore of a lake and then turn around to head back in the direction you came from, in which direction is the lake?",east
2112,"He is driving north-east along the middle of the north-west side of a park; in which direction is the bandstand, located in the centre of the park?",south-east
5312,"I am driving south-west along the north-west shore of an island and then turn around to head back in the direction I came from, in which direction is the sea?",north-west
3362,I am running north-west along the north-east side of a road which runs north-west to south-east. In which direction is the road?,south-west
5106,"She is unicycling south-east along the north-east shore of an island and then turns around to head back in the direction she came from, in which direction is the sea?",north-east
4258,They are cycling south-east along the north-east shore of the island. In which direction is the sea?,north-east
171,He is walking south along the east shore of the lake. In which direction is the lake?,west
2118,"He is jogging north-west along the middle of the south-west side of a park; in which direction is the bandstand, located in the centre of the park?",north-east
3766,They are running south-east along the south-west side of a road which runs south-east to north-west. In which direction is the road?,north-east
1239,"She is jogging north along the west shore of a lake and then turns around to head back in the direction she came from, in which direction is the lake?",east
5284,"I am running north-east along the south-east shore of an island and then turn around to head back in the direction I came from, in which direction is the sea?",south-east
3990,You are unicycling north-west along the south-west shore of the island. In which direction is the sea?,south-west
449,They are perambulating east along the north shore of the lake. In which direction is the lake?,south
2590,"He is driving south-east along the middle of the south-west side of a park; in which direction is the bandstand, located in the centre of the park?",north-east
3749,We are unicycling east along the south side of a road which runs east to west. In which direction is the road?,north
1597,"You are racing east along the south shore of a lake and then turn around to head back in the direction you came from, in which direction is the lake?",north
1256,"She is perambulating north-east along the north-west shore of a lake and then turns around to head back in the direction she came from, in which direction is the lake?",south-east
5650,"We are perambulating north-west along the north-east shore of an island and then turn around to head back in the direction we came from, in which direction is the sea?",north-east
5033,"He is racing east along the north shore of an island and then turns around to head back in the direction he came from, in which direction is the sea?",north
539,I am hiking north along the east shore of the lake. In which direction is the lake?,west
4421,You are cycling east along the south shore of the island. In which direction is the sea?,south
446,They are riding north-west along the south-west shore of the lake. In which direction is the lake?,north-east
2636,"He is racing north-east along the middle of the south-east side of a park; in which direction is the bandstand, located in the centre of the park?",north-west
5561,"She is riding west along the north shore of an island and then turns around to head back in the direction she came from, in which direction is the sea?",north
2145,"He is unicycling east along the middle of the north side of a park; in which direction is the bandstand, located in the centre of the park?",south
3411,I am perambulating north along the east side of a road which runs north to south. In which direction is the road?,west
4112,She is driving north-east along the north-west shore of the island. In which direction is the sea?,north-west
5340,"I am hiking north-east along the south-east shore of an island and then turn around to head back in the direction I came from, in which direction is the sea?",south-east
4391,I am unicycling south along the west shore of the island. In which direction is the sea?,west
3387,I am driving north along the east side of a road which runs north to south. In which direction is the road?,west
199,He is jogging north along the west shore of the lake. In which direction is the lake?,east
3463,You are cycling south along the west side of a road which runs south to north. In which direction is the road?,east
940,They are hiking north-east along the south-east shore of the lake. In which direction is the lake?,north-west
3102,He is hiking north-west along the south-west side of a road which runs north-west to south-east. In which direction is the road?,north-east
1675,"He is racing north along the east shore of a lake and then turns around to head back in the direction he came from, in which direction is the lake?",west
4860,"I am hiking south-west along the south-east shore of an island and then turn around to head back in the direction I came from, in which direction is the sea?",south-east
1388,"They are driving south-west along the south-east shore of a lake and then turn around to head back in the direction they came from, in which direction is the lake?",north-west
265,She is driving east along the north shore of the lake. In which direction is the lake?,south
3241,We are riding east along the north side of a road which runs east to west. In which direction is the road?,south
1562,"You are riding north-west along the north-east shore of a lake and then turn around to head back in the direction you came from, in which direction is the lake?",south-west
1361,"They are running east along the north shore of a lake and then turn around to head back in the direction they came from, in which direction is the lake?",south
4323,I am running north along the east shore of the island. In which direction is the sea?,east
913,They are jogging west along the north shore of the lake. In which direction is the lake?,south
3873,I am jogging east along the north shore of the island. In which direction is the sea?,north
3196,She is racing south-west along the south-east side of a road which runs south-west to north-east. In which direction is the road?,north-west
139,You are hiking south along the east shore of the lake. In which direction is the lake?,west
5580,"She is hiking north-east along the south-east shore of an island and then turns around to head back in the direction she came from, in which direction is the sea?",south-east
5429,"You are unicycling east along the south shore of an island and then turn around to head back in the direction you came from, in which direction is the sea?",south
1293,"We are walking west along the south shore of a lake and then turn around to head back in the direction we came from, in which direction is the lake?",north
4170,We are walking south-east along the north-east shore of the island. In which direction is the sea?,north-east
1152,"He is driving north-east along the north-west shore of a lake and then turns around to head back in the direction he came from, in which direction is the lake?",south-east
1231,"She is driving north along the west shore of a lake and then turns around to head back in the direction she came from, in which direction is the lake?",east
5096,"She is perambulating north-east along the north-west shore of an island and then turns around to head back in the direction she came from, in which direction is the sea?",north-west
3489,You are perambulating west along the north side of a road which runs west to east. In which direction is the road?,south
1888,"They are riding south-west along the north-west shore of a lake and then turn around to head back in the direction they came from, in which direction is the lake?",south-east
259,She is cycling south along the east shore of the lake. In which direction is the lake?,west
2988,You are driving south-west along the south-east side of a road which runs south-west to north-east. In which direction is the road?,north-west
5397,"You are jogging east along the south shore of an island and then turn around to head back in the direction you came from, in which direction is the sea?",south
4256,They are walking north-east along the north-west shore of the island. In which direction is the sea?,north-west
5670,"We are unicycling south-east along the south-west shore of an island and then turn around to head back in the direction we came from, in which direction is the sea?",south-west
937,They are hiking west along the north shore of the lake. In which direction is the lake?,south
5382,"You are cycling south-east along the south-west shore of an island and then turn around to head back in the direction you came from, in which direction is the sea?",south-west
5252,"They are perambulating south-west along the south-east shore of an island and then turn around to head back in the direction they came from, in which direction is the sea?",south-east
1291,"We are walking south along the east shore of a lake and then turn around to head back in the direction we came from, in which direction is the lake?",west
3236,We are jogging south-west along the south-east side of a road which runs south-west to north-east. In which direction is the road?,north-west
5602,"We are running north-west along the north-east shore of an island and then turn around to head back in the direction we came from, in which direction is the sea?",north-east
3823,They are hiking south along the west side of a road which runs south to north. In which direction is the road?,east
3267,We are unicycling south along the east side of a road which runs south to north. In which direction is the road?,west
5238,"They are jogging north-west along the south-west shore of an island and then turn around to head back in the direction they came from, in which direction is the sea?",south-west
5530,"She is walking north-west along the north-east shore of an island and then turns around to head back in the direction she came from, in which direction is the sea?",north-east
4304,They are hiking north-east along the north-west shore of the island. In which direction is the sea?,north-west
4925,"You are riding west along the south shore of an island and then turn around to head back in the direction you came from, in which direction is the sea?",south
944,They are hiking south-west along the north-west shore of the lake. In which direction is the lake?,south-east
2375,"They are perambulating north along the middle of the west side of a park; in which direction is the bandstand, located in the centre of the park?",east
2543,"You are hiking south along the middle of the west side of a park; in which direction is the bandstand, located in the centre of the park?",east
1606,"He is running south-east along the south-west shore of a lake and then turns around to head back in the direction he came from, in which direction is the lake?",north-east
2382,"They are hiking north-west along the middle of the south-west side of a park; in which direction is the bandstand, located in the centre of the park?",north-east
3888,I am riding north-east along the north-west shore of the island. In which direction is the sea?,north-west
3664,She is hiking south-west along the north-west side of a road which runs south-west to north-east. In which direction is the road?,south-east
1347,"We are unicycling south along the east shore of a lake and then turn around to head back in the direction we came from, in which direction is the lake?",west
4329,I am walking west along the north shore of the island. In which direction is the sea?,north
4060,He is hiking south-west along the south-east shore of the island. In which direction is the sea?,south-east
4295,They are perambulating north along the west shore of the island. In which direction is the sea?,west
5686,"They are running south-east along the south-west shore of an island and then turn around to head back in the direction they came from, in which direction is the sea?",south-west
2230,"She is unicycling north-west along the middle of the south-west side of a park; in which direction is the bandstand, located in the centre of the park?",north-east
3137,She is cycling east along the north side of a road which runs east to west. In which direction is the road?,south
2684,"She is riding north-east along the middle of the south-east side of a park; in which direction is the bandstand, located in the centre of the park?",north-west
5445,"He is running east along the south shore of an island and then turns around to head back in the direction he came from, in which direction is the sea?",south
4410,You are walking north-west along the north-east shore of the island. In which direction is the sea?,north-east
1603,"He is running north along the east shore of a lake and then turns around to head back in the direction he came from, in which direction is the lake?",west
5260,"They are hiking south-west along the south-east shore of an island and then turn around to head back in the direction they came from, in which direction is the sea?",south-east
340,We are cycling south-west along the south-east shore of the lake. In which direction is the lake?,north-west
972,"I am walking south-west along the south-east shore of a lake and then turn around to head back in the direction I came from, in which direction is the lake?",north-west
4850,"I am perambulating south-east along the north-east shore of an island and then turn around to head back in the direction I came from, in which direction is the sea?",north-east
2849,"They are perambulating west along the middle of the north side of a park; in which direction is the bandstand, located in the centre of the park?",south
4582,She is cycling south-east along the south-west shore of the island. In which direction is the sea?,south-west
5601,"We are running west along the north shore of an island and then turn around to head back in the direction we came from, in which direction is the sea?",north
117,You are jogging west along the south shore of the lake. In which direction is the lake?,north
4456,You are perambulating south-west along the north-west shore of the island. In which direction is the sea?,north-west
1484,"I am riding north-east along the south-east shore of a lake and then turn around to head back in the direction I came from, in which direction is the lake?",north-west
2571,"He is walking north along the middle of the east side of a park; in which direction is the bandstand, located in the centre of the park?",west
4103,She is cycling north along the west shore of the island. In which direction is the sea?,west
2815,"They are walking south along the middle of the west side of a park; in which direction is the bandstand, located in the centre of the park?",east
3022,You are hiking north-west along the south-west side of a road which runs north-west to south-east. In which direction is the road?,north-east
2102,"He is cycling north-west along the middle of the south-west side of a park; in which direction is the bandstand, located in the centre of the park?",north-east
3271,We are unicycling north along the west side of a road which runs north to south. In which direction is the road?,east
3641,She is riding west along the north side of a road which runs west to east. In which direction is the road?,south
1367,"They are running north along the west shore of a lake and then turn around to head back in the direction they came from, in which direction is the lake?",east
4035,He is jogging south along the east shore of the island. In which direction is the sea?,east
1260,"She is hiking south-west along the south-east shore of a lake and then turns around to head back in the direction she came from, in which direction is the lake?",north-west
2276,"We are jogging south-west along the middle of the south-east side of a park; in which direction is the bandstand, located in the centre of the park?",north-west
1472,"I am driving south-west along the north-west shore of a lake and then turn around to head back in the direction I came from, in which direction is the lake?",south-east
2372,"They are perambulating south-west along the middle of the south-east side of a park; in which direction is the bandstand, located in the centre of the park?",north-west
2777,"We are hiking west along the middle of the north side of a park; in which direction is the bandstand, located in the centre of the park?",south
4912,"You are driving north-east along the north-west shore of an island and then turn around to head back in the direction you came from, in which direction is the sea?",north-west
5661,"We are hiking east along the south shore of an island and then turn around to head back in the direction we came from, in which direction is the sea?",south
5342,"I am hiking south-east along the south-west shore of an island and then turn around to head back in the direction I came from, in which direction is the sea?",south-west
3388,I am driving north-east along the south-east side of a road which runs north-east to south-west. In which direction is the road?,north-west
5433,"You are racing west along the north shore of an island and then turn around to head back in the direction you came from, in which direction is the sea?",north
1368,"They are running north-east along the north-west shore of a lake and then turn around to head back in the direction they came from, in which direction is the lake?",south-east
5443,"He is running north along the east shore of an island and then turns around to head back in the direction he came from, in which direction is the sea?",east
4135,She is perambulating north along the west shore of the island. In which direction is the sea?,west
616,You are perambulating south-west along the north-west shore of the lake. In which direction is the lake?,south-east
3862,I am cycling north-west along the south-west shore of the island. In which direction is the sea?,south-west
4672,We are driving south-west along the north-west shore of the island. In which direction is the sea?,north-west
479,They are racing north along the west shore of the lake. In which direction is the lake?,east
2518,"You are jogging south-east along the middle of the south-west side of a park; in which direction is the bandstand, located in the centre of the park?",north-east
130,You are perambulating south-east along the north-east shore of the lake. In which direction is the lake?,south-west
2005,"You are running west along the middle of the south side of a park; in which direction is the bandstand, located in the centre of the park?",north
5297,"I am cycling west along the north shore of an island and then turn around to head back in the direction I came from, in which direction is the sea?",north
574,You are walking south-east along the south-west shore of the lake. In which direction is the lake?,north-east
3777,They are cycling west along the north side of a road which runs west to east. In which direction is the road?,south
906,They are driving north-west along the north-east shore of the lake. In which direction is the lake?,south-west
1400,"They are jogging north-east along the north-west shore of a lake and then turn around to head back in the direction they came from, in which direction is the lake?",south-east
1221,"She is cycling west along the south shore of a lake and then turns around to head back in the direction she came from, in which direction is the lake?",north
3885,I am riding west along the south shore of the island. In which direction is the sea?,south
3013,You are perambulating west along the south side of a road which runs west to east. In which direction is the road?,north
5656,"We are perambulating south-west along the north-west shore of an island and then turn around to head back in the direction we came from, in which direction is the sea?",north-west
5302,"I am cycling south-east along the south-west shore of an island and then turn around to head back in the direction I came from, in which direction is the sea?",south-west
3147,She is driving south along the east side of a road which runs south to north. In which direction is the road?,west
243,She is running south along the east shore of the lake. In which direction is the lake?,west
3125,She is running west along the south side of a road which runs west to east. In which direction is the road?,north
209,He is perambulating east along the north shore of the lake. In which direction is the lake?,south
1807,"We are riding south along the west shore of a lake and then turn around to head back in the direction we came from, in which direction is the lake?",east
5247,"They are riding north along the west shore of an island and then turn around to head back in the direction they came from, in which direction is the sea?",west
1097,"You are hiking east along the north shore of a lake and then turn around to head back in the direction you came from, in which direction is the lake?",south
403,They are running south along the east shore of the lake. In which direction is the lake?,west
4703,We are hiking south along the west shore of the island. In which direction is the sea?,west
3208,We are running north-east along the north-west side of a road which runs north-east to south-west. In which direction is the road?,south-east
166,He is running north-west along the south-west shore of the lake. In which direction is the lake?,north-east
3504,You are hiking south-west along the north-west side of a road which runs south-west to north-east. In which direction is the road?,south-east
2247,"We are running north along the middle of the west side of a park; in which direction is the bandstand, located in the centre of the park?",east
49,I am perambulating east along the north shore of the lake. In which direction is the lake?,south
5536,"She is walking south-west along the north-west shore of an island and then turns around to head back in the direction she came from, in which direction is the sea?",north-west
2368,"They are riding north-east along the middle of the north-west side of a park; in which direction is the bandstand, located in the centre of the park?",south-east
509,I am driving east along the south shore of the lake. In which direction is the lake?,north
1305,"We are driving east along the north shore of a lake and then turn around to head back in the direction we came from, in which direction is the lake?",south
683,He is riding north along the east shore of the lake. In which direction is the lake?,west
2265,"We are driving east along the middle of the north side of a park; in which direction is the bandstand, located in the centre of the park?",south
1040,"I am racing north-east along the north-west shore of a lake and then turn around to head back in the direction I came from, in which direction is the lake?",south-east
2235,"She is racing south along the middle of the east side of a park; in which direction is the bandstand, located in the centre of the park?",west
330,We are walking south-east along the north-east shore of the lake. In which direction is the lake?,south-west
4712,We are unicycling south-west along the north-west shore of the island. In which direction is the sea?,north-west
1619,"He is cycling north along the east shore of a lake and then turns around to head back in the direction he came from, in which direction is the lake?",west
640,You are racing south-west along the north-west shore of the lake. In which direction is the lake?,south-east
2051,"You are perambulating south along the middle of the east side of a park; in which direction is the bandstand, located in the centre of the park?",west
1795,"We are jogging north along the east shore of a lake and then turn around to head back in the direction we came from, in which direction is the lake?",west
5099,"She is hiking south along the east shore of an island and then turns around to head back in the direction she came from, in which direction is the sea?",east
4163,We are running south along the east shore of the island. In which direction is the sea?,east
1427,"They are unicycling south along the east shore of a lake and then turn around to head back in the direction they came from, in which direction is the lake?",west
1720,"She is jogging south-west along the north-west shore of a lake and then turns around to head back in the direction she came from, in which direction is the lake?",south-east
2667,"She is driving north along the middle of the east side of a park; in which direction is the bandstand, located in the centre of the park?",west
3913,I am racing east along the north shore of the island. In which direction is the sea?,north
1930,"I am walking south-east along the middle of the north-east side of a park; in which direction is the bandstand, located in the centre of the park?",south-west
1624,"He is cycling south-west along the north-west shore of a lake and then turns around to head back in the direction he came from, in which direction is the lake?",south-east
2945,I am unicycling east along the north side of a road which runs east to west. In which direction is the road?,south
2741,"We are cycling east along the middle of the south side of a park; in which direction is the bandstand, located in the centre of the park?",north
5728,"They are riding south-west along the north-west shore of an island and then turn around to head back in the direction they came from, in which direction is the sea?",north-west
1080,"You are jogging north-east along the north-west shore of a lake and then turn around to head back in the direction you came from, in which direction is the lake?",south-east
4725,They are running east along the south shore of the island. In which direction is the sea?,south
413,They are walking west along the south shore of the lake. In which direction is the lake?,north
3499,You are hiking north along the east side of a road which runs north to south. In which direction is the road?,west
805,We are running east along the south shore of the lake. In which direction is the lake?,north
5389,"You are driving east along the south shore of an island and then turn around to head back in the direction you came from, in which direction is the sea?",south
2840,"They are jogging south-west along the middle of the north-west side of a park; in which direction is the bandstand, located in the centre of the park?",south-east
1446,"I am running south-east along the south-west shore of a lake and then turn around to head back in the direction I came from, in which direction is the lake?",north-east
3300,They are cycling south-west along the south-east side of a road which runs south-west to north-east. In which direction is the road?,north-west
2237,"She is racing west along the middle of the south side of a park; in which direction is the bandstand, located in the centre of the park?",north
263,She is cycling north along the west shore of the lake. In which direction is the lake?,east
2577,"He is cycling west along the middle of the north side of a park; in which direction is the bandstand, located in the centre of the park?",south
1816,"We are perambulating south-west along the north-west shore of a lake and then turn around to head back in the direction we came from, in which direction is the lake?",south-east
3193,She is racing east along the north side of a road which runs east to west. In which direction is the road?,south
4653,We are walking east along the south shore of the island. In which direction is the sea?,south
3019,You are hiking south along the east side of a road which runs south to north. In which direction is the road?,west
2963,You are running south along the east side of a road which runs south to north. In which direction is the road?,west
3232,We are driving north-east along the north-west side of a road which runs north-east to south-west. In which direction is the road?,south-east
3428,I am unicycling north-east along the south-east side of a road which runs north-east to south-west. In which direction is the road?,north-west
867,We are unicycling north along the east shore of the lake. In which direction is the lake?,west
3939,You are cycling south along the east shore of the island. In which direction is the sea?,east
4838,"I am jogging north-west along the south-west shore of an island and then turn around to head back in the direction I came from, in which direction is the sea?",south-west
4568,She is running south-west along the north-west shore of the island. In which direction is the sea?,north-west
1588,"You are unicycling north-east along the south-east shore of a lake and then turn around to head back in the direction you came from, in which direction is the lake?",north-west
1792,"We are driving south-west along the north-west shore of a lake and then turn around to head back in the direction we came from, in which direction is the lake?",south-east
4480,You are racing south-west along the north-west shore of the island. In which direction is the sea?,north-west
1732,"She is perambulating north-east along the south-east shore of a lake and then turns around to head back in the direction she came from, in which direction is the lake?",north-west
2377,"They are hiking east along the middle of the north side of a park; in which direction is the bandstand, located in the centre of the park?",south
762,She is riding north-west along the north-east shore of the lake. In which direction is the lake?,south-west
4630,She is unicycling south-east along the south-west shore of the island. In which direction is the sea?,south-west
4474,You are racing north-west along the north-east shore of the island. In which direction is the sea?,north-east
1433,"They are racing east along the north shore of a lake and then turn around to head back in the direction they came from, in which direction is the lake?",south
4947,"You are unicycling south along the east shore of an island and then turn around to head back in the direction you came from, in which direction is the sea?",east
1474,"I am jogging north-west along the north-east shore of a lake and then turn around to head back in the direction I came from, in which direction is the lake?",south-west
3932,You are walking south-west along the south-east shore of the island. In which direction is the sea?,south-east
183,He is cycling north along the west shore of the lake. In which direction is the lake?,east
5367,"You are running south along the west shore of an island and then turn around to head back in the direction you came from, in which direction is the sea?",west
3068,He is driving south-west along the south-east side of a road which runs south-west to north-east. In which direction is the road?,north-west
2374,"They are perambulating north-west along the middle of the south-west side of a park; in which direction is the bandstand, located in the centre of the park?",north-east
4307,They are unicycling south along the east shore of the island. In which direction is the sea?,east
1212,"She is walking south-west along the south-east shore of a lake and then turns around to head back in the direction she came from, in which direction is the lake?",north-west
3273,We are racing east along the north side of a road which runs east to west. In which direction is the road?,south
4890,"You are walking south-east along the north-east shore of an island and then turn around to head back in the direction you came from, in which direction is the sea?",north-east
3011,You are perambulating south along the east side of a road which runs south to north. In which direction is the road?,west
2986,You are driving south-east along the north-east side of a road which runs south-east to north-west. In which direction is the road?,south-west
4591,She is driving south along the west shore of the island. In which direction is the sea?,west
435,They are jogging south along the east shore of the lake. In which direction is the lake?,west
2993,You are jogging east along the north side of a road which runs east to west. In which direction is the road?,south
1519,"I am racing south along the west shore of a lake and then turn around to head back in the direction I came from, in which direction is the lake?",east
5154,"We are jogging south-east along the north-east shore of an island and then turn around to head back in the direction we came from, in which direction is the sea?",north-east
2426,"I am driving north-west along the middle of the north-east side of a park; in which direction is the bandstand, located in the centre of the park?",south-west
5565,"She is riding east along the south shore of an island and then turns around to head back in the direction she came from, in which direction is the sea?",south
5692,"They are walking north-east along the south-east shore of an island and then turn around to head back in the direction they came from, in which direction is the sea?",south-east
4834,"I am jogging south-east along the north-east shore of an island and then turn around to head back in the direction I came from, in which direction is the sea?",north-east
1155,"He is jogging south along the east shore of a lake and then turns around to head back in the direction he came from, in which direction is the lake?",west
1637,"He is jogging east along the south shore of a lake and then turns around to head back in the direction he came from, in which direction is the lake?",north
3515,You are racing north along the east side of a road which runs north to south. In which direction is the road?,west
2385,"They are unicycling east along the middle of the north side of a park; in which direction is the bandstand, located in the centre of the park?",south
3977,You are hiking east along the north shore of the island. In which direction is the sea?,north
3318,They are jogging north-west along the south-west side of a road which runs north-west to south-east. In which direction is the road?,north-east
1051,"You are walking south along the east shore of a lake and then turn around to head back in the direction you came from, in which direction is the lake?",west
2880,"They are racing south-west along the middle of the north-west side of a park; in which direction is the bandstand, located in the centre of the park?",south-east
599,You are jogging south along the west shore of the lake. In which direction is the lake?,east
4958,"You are racing north-west along the south-west shore of an island and then turn around to head back in the direction you came from, in which direction is the sea?",south-west
520,I am jogging south-west along the north-west shore of the lake. In which direction is the lake?,south-east
328,We are running north-east along the north-west shore of the lake. In which direction is the lake?,south-east
5550,"She is driving south-east along the south-west shore of an island and then turns around to head back in the direction she came from, in which direction is the sea?",south-west
1408,"They are riding north-east along the north-west shore of a lake and then turn around to head back in the direction they came from, in which direction is the lake?",south-east
2515,"You are jogging north along the middle of the east side of a park; in which direction is the bandstand, located in the centre of the park?",west
3568,He is riding south-west along the north-west side of a road which runs south-west to north-east. In which direction is the road?,south-east
5606,"We are running south-east along the south-west shore of an island and then turn around to head back in the direction we came from, in which direction is the sea?",south-west
1376,"They are walking north-east along the north-west shore of a lake and then turn around to head back in the direction they came from, in which direction is the lake?",south-east
188,He is driving south-west along the south-east shore of the lake. In which direction is the lake?,north-west
1544,"You are cycling south-west along the north-west shore of a lake and then turn around to head back in the direction you came from, in which direction is the lake?",south-east
2696,"She is perambulating south-west along the middle of the north-west side of a park; in which direction is the bandstand, located in the centre of the park?",south-east
5280,"They are racing north-east along the north-west shore of an island and then turn around to head back in the direction they came from, in which direction is the sea?",north-west
4629,She is unicycling east along the south shore of the island. In which direction is the sea?,south
5440,"You are racing south-west along the north-west shore of an island and then turn around to head back in the direction you came from, in which direction is the sea?",north-west
2689,"She is perambulating west along the middle of the north side of a park; in which direction is the bandstand, located in the centre of the park?",south
4289,They are perambulating east along the north shore of the island. In which direction is the sea?,north
4056,He is perambulating north-east along the north-west shore of the island. In which direction is the sea?,north-west
4400,I am racing south-west along the north-west shore of the island. In which direction is the sea?,north-west
4735,They are walking south along the west shore of the island. In which direction is the sea?,west
3291,They are walking south along the east side of a road which runs south to north. In which direction is the road?,west
4123,She is riding south along the east shore of the island. In which direction is the sea?,east
2495,"You are walking south along the middle of the west side of a park; in which direction is the bandstand, located in the centre of the park?",east
4129,She is perambulating east along the north shore of the island. In which direction is the sea?,north
952,They are unicycling south-west along the north-west shore of the lake. In which direction is the lake?,south-east
5626,"We are driving north-west along the north-east shore of an island and then turn around to head back in the direction we came from, in which direction is the sea?",north-east
4975,"He is walking north along the west shore of an island and then turns around to head back in the direction he came from, in which direction is the sea?",west
4671,We are driving south along the west shore of the island. In which direction is the sea?,west
5749,"They are unicycling east along the south shore of an island and then turn around to head back in the direction they came from, in which direction is the sea?",south
3077,He is jogging west along the south side of a road which runs west to east. In which direction is the road?,north
3863,I am cycling north along the west shore of the island. In which direction is the sea?,west
4262,They are cycling north-west along the south-west shore of the island. In which direction is the sea?,south-west
3804,They are riding north-east along the south-east side of a road which runs north-east to south-west. In which direction is the road?,north-west
2987,You are driving south along the east side of a road which runs south to north. In which direction is the road?,west
2627,"He is unicycling north along the middle of the east side of a park; in which direction is the bandstand, located in the centre of the park?",west
98,You are cycling south-east along the north-east shore of the lake. In which direction is the lake?,south-west
423,They are cycling north along the west shore of the lake. In which direction is the lake?,east
2139,"He is hiking south along the middle of the east side of a park; in which direction is the bandstand, located in the centre of the park?",west
519,I am jogging south along the west shore of the lake. In which direction is the lake?,east
4769,They are perambulating west along the north shore of the island. In which direction is the sea?,north
1975,"I am perambulating north along the middle of the west side of a park; in which direction is the bandstand, located in the centre of the park?",east
264,She is cycling north-east along the north-west shore of the lake. In which direction is the lake?,south-east
5518,"He is racing south-east along the south-west shore of an island and then turns around to head back in the direction he came from, in which direction is the sea?",south-west
4935,"You are perambulating north along the west shore of an island and then turn around to head back in the direction you came from, in which direction is the sea?",west
1621,"He is cycling east along the south shore of a lake and then turns around to head back in the direction he came from, in which direction is the lake?",north
1842,"They are running north-west along the north-east shore of a lake and then turn around to head back in the direction they came from, in which direction is the lake?",south-west
3566,He is riding south-east along the south-west side of a road which runs south-east to north-west. In which direction is the road?,north-east
23,I am cycling north along the west shore of the lake. In which direction is the lake?,east
3585,He is unicycling west along the north side of a road which runs west to east. In which direction is the road?,south
4718,We are racing south-east along the south-west shore of the island. In which direction is the sea?,south-west
2605,"He is riding east along the middle of the south side of a park; in which direction is the bandstand, located in the centre of the park?",north
1001,"I am riding east along the north shore of a lake and then turn around to head back in the direction I came from, in which direction is the lake?",south
3381,I am cycling east along the south side of a road which runs east to west. In which direction is the road?,north
3335,They are perambulating north along the west side of a road which runs north to south. In which direction is the road?,east
1539,"You are cycling north along the east shore of a lake and then turn around to head back in the direction you came from, in which direction is the lake?",west
2882,I am running south-east along the north-east side of a road which runs south-east to north-west. In which direction is the road?,south-west
247,She is running north along the west shore of the lake. In which direction is the lake?,east
1060,"You are cycling south-west along the south-east shore of a lake and then turn around to head back in the direction you came from, in which direction is the lake?",north-west
740,She is cycling north-east along the south-east shore of the lake. In which direction is the lake?,north-west
5200,"We are racing north-east along the north-west shore of an island and then turn around to head back in the direction we came from, in which direction is the sea?",north-west
4208,We are riding north-east along the north-west shore of the island. In which direction is the sea?,north-west
4996,"He is jogging south-west along the south-east shore of an island and then turns around to head back in the direction he came from, in which direction is the sea?",south-east
1929,"I am walking east along the middle of the north side of a park; in which direction is the bandstand, located in the centre of the park?",south
86,You are running north-west along the south-west shore of the lake. In which direction is the lake?,north-east
3408,I am riding south-west along the north-west side of a road which runs south-west to north-east. In which direction is the road?,south-east
2984,You are cycling north-east along the north-west side of a road which runs north-east to south-west. In which direction is the road?,south-east
4955,"You are racing south along the east shore of an island and then turn around to head back in the direction you came from, in which direction is the sea?",east
2203,"She is riding south along the middle of the east side of a park; in which direction is the bandstand, located in the centre of the park?",west
2138,"He is hiking south-east along the middle of the north-east side of a park; in which direction is the bandstand, located in the centre of the park?",south-west
939,They are hiking north along the east shore of the lake. In which direction is the lake?,west
5048,"She is running north-east along the north-west shore of an island and then turns around to head back in the direction she came from, in which direction is the sea?",north-west
968,"I am running north-east along the north-west shore of a lake and then turn around to head back in the direction I came from, in which direction is the lake?",south-east
5062,"She is cycling north-west along the south-west shore of an island and then turns around to head back in the direction she came from, in which direction is the sea?",south-west
5262,"They are hiking north-west along the south-west shore of an island and then turn around to head back in the direction they came from, in which direction is the sea?",south-west
3042,He is running south-east along the north-east side of a road which runs south-east to north-west. In which direction is the road?,south-west
445,They are riding west along the south shore of the lake. In which direction is the lake?,north
3426,I am unicycling north-west along the north-east side of a road which runs north-west to south-east. In which direction is the road?,south-west
223,He is hiking north along the west shore of the lake. In which direction is the lake?,east
4908,"You are driving south-west along the south-east shore of an island and then turn around to head back in the direction you came from, in which direction is the sea?",south-east
2062,"You are hiking north-west along the middle of the south-west side of a park; in which direction is the bandstand, located in the centre of the park?",north-east
2104,"He is cycling north-east along the middle of the north-west side of a park; in which direction is the bandstand, located in the centre of the park?",south-east
5151,"We are driving north along the west shore of an island and then turn around to head back in the direction we came from, in which direction is the sea?",west
83,You are running south along the east shore of the lake. In which direction is the lake?,west
3650,She is perambulating north-west along the north-east side of a road which runs north-west to south-east. In which direction is the road?,south-west
2041,"You are riding east along the middle of the north side of a park; in which direction is the bandstand, located in the centre of the park?",south
3444,You are running north-east along the south-east side of a road which runs north-east to south-west. In which direction is the road?,north-west
2555,"You are racing north along the middle of the east side of a park; in which direction is the bandstand, located in the centre of the park?",west
1645,"He is riding east along the south shore of a lake and then turns around to head back in the direction he came from, in which direction is the lake?",north
1536,"You are walking south-west along the north-west shore of a lake and then turn around to head back in the direction you came from, in which direction is the lake?",south-east
2302,"We are hiking north-west along the middle of the south-west side of a park; in which direction is the bandstand, located in the centre of the park?",north-east
5,I am running west along the south shore of the lake. In which direction is the lake?,north
174,He is walking north-west along the south-west shore of the lake. In which direction is the lake?,north-east
3206,We are running north-west along the south-west side of a road which runs north-west to south-east. In which direction is the road?,north-east
3763,They are running north along the east side of a road which runs north to south. In which direction is the road?,west
907,They are driving north along the east shore of the lake. In which direction is the lake?,west
4437,You are jogging east along the south shore of the island. In which direction is the sea?,south
4033,He is jogging east along the north shore of the island. In which direction is the sea?,north
4814,"I am walking north-west along the south-west shore of an island and then turn around to head back in the direction I came from, in which direction is the sea?",south-west
5076,"She is jogging south-west along the south-east shore of an island and then turns around to head back in the direction she came from, in which direction is the sea?",south-east
1586,"You are unicycling north-west along the north-east shore of a lake and then turn around to head back in the direction you came from, in which direction is the lake?",south-west
4203,We are riding south along the east shore of the island. In which direction is the sea?,east
2784,"We are hiking south-west along the middle of the north-west side of a park; in which direction is the bandstand, located in the centre of the park?",south-east
1216,"She is walking north-east along the north-west shore of a lake and then turns around to head back in the direction she came from, in which direction is the lake?",south-east
1227,"She is driving south along the east shore of a lake and then turns around to head back in the direction she came from, in which direction is the lake?",west
137,You are hiking east along the north shore of the lake. In which direction is the lake?,south
5547,"She is driving north along the east shore of an island and then turns around to head back in the direction she came from, in which direction is the sea?",east
102,You are cycling north-west along the south-west shore of the lake. In which direction is the lake?,north-east
1473,"I am jogging west along the north shore of a lake and then turn around to head back in the direction I came from, in which direction is the lake?",south
333,We are walking west along the south shore of the lake. In which direction is the lake?,north
3057,He is cycling east along the north side of a road which runs east to west. In which direction is the road?,south
4575,She is walking south along the west shore of the island. In which direction is the sea?,west
1531,"You are walking north along the east shore of a lake and then turn around to head back in the direction you came from, in which direction is the lake?",west
5028,"He is unicycling south-west along the south-east shore of an island and then turns around to head back in the direction he came from, in which direction is the sea?",south-east
1925,"I am running west along the middle of the south side of a park; in which direction is the bandstand, located in the centre of the park?",north
4877,"I am racing west along the south shore of an island and then turn around to head back in the direction I came from, in which direction is the sea?",south
613,You are perambulating east along the south shore of the lake. In which direction is the lake?,north
822,We are cycling south-east along the south-west shore of the lake. In which direction is the lake?,north-east
4209,We are perambulating east along the north shore of the island. In which direction is the sea?,north
1617,"He is cycling west along the north shore of a lake and then turns around to head back in the direction he came from, in which direction is the lake?",south
1983,"I am hiking north along the middle of the west side of a park; in which direction is the bandstand, located in the centre of the park?",east
5633,"We are jogging west along the north shore of an island and then turn around to head back in the direction we came from, in which direction is the sea?",north
3455,You are walking south along the west side of a road which runs south to north. In which direction is the road?,east
48,I am riding north-east along the north-west shore of the lake. In which direction is the lake?,south-east
4271,They are driving north along the west shore of the island. In which direction is the sea?,west
696,He is perambulating south-west along the north-west shore of the lake. In which direction is the lake?,south-east
3239,We are jogging north along the west side of a road which runs north to south. In which direction is the road?,east
4294,They are perambulating north-west along the south-west shore of the island. In which direction is the sea?,south-west
573,You are walking east along the south shore of the lake. In which direction is the lake?,north
138,You are hiking south-east along the north-east shore of the lake. In which direction is the lake?,south-west
5362,"You are running north-west along the north-east shore of an island and then turn around to head back in the direction you came from, in which direction is the sea?",north-east
2180,"She is cycling south-west along the middle of the south-east side of a park; in which direction is the bandstand, located in the centre of the park?",north-west
3180,She is hiking south-west along the south-east side of a road which runs south-west to north-east. In which direction is the road?,north-west
3996,You are racing south-west along the south-east shore of the island. In which direction is the sea?,south-east
5379,"You are cycling north along the east shore of an island and then turn around to head back in the direction you came from, in which direction is the sea?",east
4179,We are cycling south along the east shore of the island. In which direction is the sea?,east
1524,"You are running north-east along the south-east shore of a lake and then turn around to head back in the direction you came from, in which direction is the lake?",north-west
1701,"She is cycling east along the south shore of a lake and then turns around to head back in the direction she came from, in which direction is the lake?",north
360,We are jogging north-east along the north-west shore of the lake. In which direction is the lake?,south-east
2932,I am perambulating south-west along the south-east side of a road which runs south-west to north-east. In which direction is the road?,north-west
5304,"I am cycling south-west along the north-west shore of an island and then turn around to head back in the direction I came from, in which direction is the sea?",north-west
826,We are driving north-west along the north-east shore of the lake. In which direction is the lake?,south-west
1197,"He is racing west along the south shore of a lake and then turns around to head back in the direction he came from, in which direction is the lake?",north
1839,"We are racing south along the west shore of a lake and then turn around to head back in the direction we came from, in which direction is the lake?",east
5177,"We are hiking east along the north shore of an island and then turn around to head back in the direction we came from, in which direction is the sea?",north
2626,"He is unicycling north-west along the middle of the north-east side of a park; in which direction is the bandstand, located in the centre of the park?",south-west
4246,They are running north-west along the south-west shore of the island. In which direction is the sea?,south-west
321,We are running east along the north shore of the lake. In which direction is the lake?,south
4131,She is perambulating south along the east shore of the island. In which direction is the sea?,east
2083,"He is running south along the middle of the east side of a park; in which direction is the bandstand, located in the centre of the park?",west
2660,"She is cycling north-east along the middle of the south-east side of a park; in which direction is the bandstand, located in the centre of the park?",north-west
4767,They are riding south along the west shore of the island. In which direction is the sea?,west
1163,"He is riding south along the east shore of a lake and then turns around to head back in the direction he came from, in which direction is the lake?",west
2526,"You are riding south-east along the middle of the south-west side of a park; in which direction is the bandstand, located in the centre of the park?",north-east
3865,I am driving east along the north shore of the island. In which direction is the sea?,north
3824,They are hiking south-west along the north-west side of a road which runs south-west to north-east. In which direction is the road?,south-east
2049,"You are perambulating east along the middle of the north side of a park; in which direction is the bandstand, located in the centre of the park?",south
3329,They are perambulating east along the north side of a road which runs east to west. In which direction is the road?,south
609,You are perambulating west along the north shore of the lake. In which direction is the lake?,south
5540,"She is cycling north-east along the south-east shore of an island and then turns around to head back in the direction she came from, in which direction is the sea?",south-east
4895,"You are walking north along the west shore of an island and then turn around to head back in the direction you came from, in which direction is the sea?",west
3073,He is jogging east along the north side of a road which runs east to west. In which direction is the road?,south
3005,You are riding west along the south side of a road which runs west to east. In which direction is the road?,north
5314,"I am jogging north-west along the north-east shore of an island and then turn around to head back in the direction I came from, in which direction is the sea?",north-east
3616,She is walking south-west along the north-west side of a road which runs south-west to north-east. In which direction is the road?,south-east
894,They are walking south-east along the south-west shore of the lake. In which direction is the lake?,north-east
2817,"They are cycling west along the middle of the north side of a park; in which direction is the bandstand, located in the centre of the park?",south
380,We are hiking south-west along the south-east shore of the lake. In which direction is the lake?,north-west
2278,"We are jogging north-west along the middle of the south-west side of a park; in which direction is the bandstand, located in the centre of the park?",north-east
5150,"We are driving north-west along the south-west shore of an island and then turn around to head back in the direction we came from, in which direction is the sea?",south-west
4833,"I am jogging east along the north shore of an island and then turn around to head back in the direction I came from, in which direction is the sea?",north
2926,I am riding north-west along the south-west side of a road which runs north-west to south-east. In which direction is the road?,north-east
1994,"I am racing south-east along the middle of the north-east side of a park; in which direction is the bandstand, located in the centre of the park?",south-west
2681,"She is riding west along the middle of the north side of a park; in which direction is the bandstand, located in the centre of the park?",south
3657,She is hiking west along the north side of a road which runs west to east. In which direction is the road?,south
2417,"I am cycling west along the middle of the north side of a park; in which direction is the bandstand, located in the centre of the park?",south
1489,"I am perambulating west along the north shore of a lake and then turn around to head back in the direction I came from, in which direction is the lake?",south
4111,She is driving north along the west shore of the island. In which direction is the sea?,west
5582,"She is hiking south-east along the south-west shore of an island and then turns around to head back in the direction she came from, in which direction is the sea?",south-west
2330,"They are walking south-east along the middle of the north-east side of a park; in which direction is the bandstand, located in the centre of the park?",south-west
3348,They are unicycling south-west along the south-east side of a road which runs south-west to north-east. In which direction is the road?,north-west
2975,You are walking north along the west side of a road which runs north to south. In which direction is the road?,east
3894,I am perambulating north-west along the south-west shore of the island. In which direction is the sea?,south-west
4960,"You are racing north-east along the north-west shore of an island and then turn around to head back in the direction you came from, in which direction is the sea?",north-west
3490,You are perambulating north-west along the north-east side of a road which runs north-west to south-east. In which direction is the road?,south-west
5473,"He is jogging west along the north shore of an island and then turns around to head back in the direction he came from, in which direction is the sea?",north
4384,I am hiking south-west along the north-west shore of the island. In which direction is the sea?,north-west
2738,"We are cycling north-west along the middle of the north-east side of a park; in which direction is the bandstand, located in the centre of the park?",south-west
4058,He is hiking south-east along the north-east shore of the island. In which direction is the sea?,north-east
1662,"He is hiking south-east along the south-west shore of a lake and then turns around to head back in the direction he came from, in which direction is the lake?",north-east
217,He is hiking east along the north shore of the lake. In which direction is the lake?,south
5022,"He is hiking north-west along the south-west shore of an island and then turns around to head back in the direction he came from, in which direction is the sea?",south-west
1568,"You are riding south-west along the north-west shore of a lake and then turn around to head back in the direction you came from, in which direction is the lake?",south-east
1207,"She is running north along the west shore of a lake and then turns around to head back in the direction she came from, in which direction is the lake?",east
2089,"He is walking east along the middle of the north side of a park; in which direction is the bandstand, located in the centre of the park?",south
5270,"They are unicycling north-west along the south-west shore of an island and then turn around to head back in the direction they came from, in which direction is the sea?",south-west
5693,"They are walking east along the south shore of an island and then turn around to head back in the direction they came from, in which direction is the sea?",south
5288,"I am running south-west along the north-west shore of an island and then turn around to head back in the direction I came from, in which direction is the sea?",north-west
1404,"They are riding south-west along the south-east shore of a lake and then turn around to head back in the direction they came from, in which direction is the lake?",north-west
2353,"They are jogging east along the middle of the north side of a park; in which direction is the bandstand, located in the centre of the park?",south
100,You are cycling south-west along the south-east shore of the lake. In which direction is the lake?,north-west
10,I am walking south-east along the north-east shore of the lake. In which direction is the lake?,south-west
227,He is unicycling south along the east shore of the lake. In which direction is the lake?,west
1870,"They are driving south-east along the south-west shore of a lake and then turn around to head back in the direction they came from, in which direction is the lake?",north-east
4413,You are walking east along the south shore of the island. In which direction is the sea?,south
5544,"She is cycling south-west along the north-west shore of an island and then turns around to head back in the direction she came from, in which direction is the sea?",north-west
4487,He is running south along the west shore of the island. In which direction is the sea?,west
2619,"He is hiking north along the middle of the east side of a park; in which direction is the bandstand, located in the centre of the park?",west
4218,We are hiking south-east along the north-east shore of the island. In which direction is the sea?,north-east
3532,He is walking north-east along the south-east side of a road which runs north-east to south-west. In which direction is the road?,north-west
555,I am racing north along the east shore of the lake. In which direction is the lake?,west
5310,"I am driving south-east along the south-west shore of an island and then turn around to head back in the direction I came from, in which direction is the sea?",south-west
2666,"She is driving north-west along the middle of the north-east side of a park; in which direction is the bandstand, located in the centre of the park?",south-west
4240,We are racing north-east along the north-west shore of the island. In which direction is the sea?,north-west
2534,"You are perambulating south-east along the middle of the south-west side of a park; in which direction is the bandstand, located in the centre of the park?",north-east
224,He is hiking north-east along the north-west shore of the lake. In which direction is the lake?,south-east
2069,"You are unicycling west along the middle of the south side of a park; in which direction is the bandstand, located in the centre of the park?",north
3986,You are unicycling south-east along the north-east shore of the island. In which direction is the sea?,north-east
4620,She is hiking north-east along the south-east shore of the island. In which direction is the sea?,south-east
476,They are racing south-west along the south-east shore of the lake. In which direction is the lake?,north-west
5675,"We are racing north along the east shore of an island and then turn around to head back in the direction we came from, in which direction is the sea?",east
4841,"I am riding east along the north shore of an island and then turn around to head back in the direction I came from, in which direction is the sea?",north
5184,"We are hiking north-east along the north-west shore of an island and then turn around to head back in the direction we came from, in which direction is the sea?",north-west
2108,"He is driving south-west along the middle of the south-east side of a park; in which direction is the bandstand, located in the centre of the park?",north-west
1265,"She is unicycling east along the north shore of a lake and then turns around to head back in the direction she came from, in which direction is the lake?",south
922,They are riding north-west along the north-east shore of the lake. In which direction is the lake?,south-west
3517,You are racing east along the south side of a road which runs east to west. In which direction is the road?,north
880,We are racing south-west along the north-west shore of the lake. In which direction is the lake?,south-east
552,I am unicycling south-west along the north-west shore of the lake. In which direction is the lake?,south-east
1056,"You are walking north-east along the north-west shore of a lake and then turn around to head back in the direction you came from, in which direction is the lake?",south-east
4740,They are cycling north-east along the south-east shore of the island. In which direction is the sea?,south-east
5298,"I am cycling north-west along the north-east shore of an island and then turn around to head back in the direction I came from, in which direction is the sea?",north-east
2251,"We are walking south along the middle of the east side of a park; in which direction is the bandstand, located in the centre of the park?",west
1126,"He is running north-west along the south-west shore of a lake and then turns around to head back in the direction he came from, in which direction is the lake?",north-east
5393,"You are jogging west along the north shore of an island and then turn around to head back in the direction you came from, in which direction is the sea?",north
4570,She is walking north-west along the north-east shore of the island. In which direction is the sea?,north-east
382,We are hiking north-west along the south-west shore of the lake. In which direction is the lake?,north-east
3479,You are jogging south along the west side of a road which runs south to north. In which direction is the road?,east
3548,He is driving north-east along the south-east side of a road which runs north-east to south-west. In which direction is the road?,north-west
3611,She is walking north along the east side of a road which runs north to south. In which direction is the road?,west
794,She is racing north-west along the north-east shore of the lake. In which direction is the lake?,south-west
1140,"He is cycling south-west along the south-east shore of a lake and then turns around to head back in the direction he came from, in which direction is the lake?",north-west
306,She is unicycling south-east along the north-east shore of the lake. In which direction is the lake?,south-west
565,You are running east along the south shore of the lake. In which direction is the lake?,north
991,"I am driving north along the west shore of a lake and then turn around to head back in the direction I came from, in which direction is the lake?",east
4523,He is riding north along the east shore of the island. In which direction is the sea?,east
1607,"He is running south along the west shore of a lake and then turns around to head back in the direction he came from, in which direction is the lake?",east
1110,"You are unicycling north-west along the south-west shore of a lake and then turn around to head back in the direction you came from, in which direction is the lake?",north-east
4127,She is riding north along the west shore of the island. In which direction is the sea?,west
5553,"She is jogging west along the north shore of an island and then turns around to head back in the direction she came from, in which direction is the sea?",north
3350,They are unicycling north-west along the south-west side of a road which runs north-west to south-east. In which direction is the road?,north-east
909,They are driving east along the south shore of the lake. In which direction is the lake?,north
1391,"They are driving north along the west shore of a lake and then turn around to head back in the direction they came from, in which direction is the lake?",east
3079,He is jogging north along the west side of a road which runs north to south. In which direction is the road?,east
1737,"She is hiking west along the north shore of a lake and then turns around to head back in the direction she came from, in which direction is the lake?",south
3553,He is jogging west along the north side of a road which runs west to east. In which direction is the road?,south
604,You are riding north-east along the south-east shore of the lake. In which direction is the lake?,north-west
2610,"He is perambulating north-west along the middle of the north-east side of a park; in which direction is the bandstand, located in the centre of the park?",south-west
4950,"You are unicycling north-west along the south-west shore of an island and then turn around to head back in the direction you came from, in which direction is the sea?",south-west
2335,"They are walking north along the middle of the west side of a park; in which direction is the bandstand, located in the centre of the park?",east
3382,I am cycling south-east along the south-west side of a road which runs south-east to north-west. In which direction is the road?,north-east
5368,"You are running south-west along the north-west shore of an island and then turn around to head back in the direction you came from, in which direction is the sea?",north-west
1336,"We are perambulating north-east along the north-west shore of a lake and then turn around to head back in the direction we came from, in which direction is the lake?",south-east
362,We are riding south-east along the north-east shore of the lake. In which direction is the lake?,south-west
5629,"We are driving east along the south shore of an island and then turn around to head back in the direction we came from, in which direction is the sea?",south
5104,"She is hiking north-east along the north-west shore of an island and then turns around to head back in the direction she came from, in which direction is the sea?",north-west
1573,"You are perambulating east along the south shore of a lake and then turn around to head back in the direction you came from, in which direction is the lake?",north
4138,She is hiking south-east along the north-east shore of the island. In which direction is the sea?,north-east
2461,"I am hiking east along the middle of the south side of a park; in which direction is the bandstand, located in the centre of the park?",north
290,She is perambulating south-east along the north-east shore of the lake. In which direction is the lake?,south-west
2519,"You are jogging south along the middle of the west side of a park; in which direction is the bandstand, located in the centre of the park?",east
2128,"He is riding north-east along the middle of the north-west side of a park; in which direction is the bandstand, located in the centre of the park?",south-east
1847,"They are running south along the west shore of a lake and then turn around to head back in the direction they came from, in which direction is the lake?",east
4444,You are riding north-east along the south-east shore of the island. In which direction is the sea?,south-east
1344,"We are hiking north-east along the north-west shore of a lake and then turn around to head back in the direction we came from, in which direction is the lake?",south-east
3419,I am hiking north along the east side of a road which runs north to south. In which direction is the road?,west
202,He is riding south-east along the north-east shore of the lake. In which direction is the lake?,south-west
1477,"I am jogging east along the south shore of a lake and then turn around to head back in the direction I came from, in which direction is the lake?",north
31,I am driving north along the west shore of the lake. In which direction is the lake?,east
377,We are hiking east along the north shore of the lake. In which direction is the lake?,south
849,We are perambulating west along the north shore of the lake. In which direction is the lake?,south
487,I am running south along the west shore of the lake. In which direction is the lake?,east
3113,He is racing east along the north side of a road which runs east to west. In which direction is the road?,south
2395,"They are racing south along the middle of the east side of a park; in which direction is the bandstand, located in the centre of the park?",west
5198,"We are racing north-west along the south-west shore of an island and then turn around to head back in the direction we came from, in which direction is the sea?",south-west
755,She is jogging north along the east shore of the lake. In which direction is the lake?,west
2574,"He is walking south-east along the middle of the south-west side of a park; in which direction is the bandstand, located in the centre of the park?",north-east
5274,"They are racing south-east along the north-east shore of an island and then turn around to head back in the direction they came from, in which direction is the sea?",north-east
4831,"I am driving north along the west shore of an island and then turn around to head back in the direction I came from, in which direction is the sea?",west
3658,She is hiking north-west along the north-east side of a road which runs north-west to south-east. In which direction is the road?,south-west
505,I am driving west along the north shore of the lake. In which direction is the lake?,south
3787,They are driving north along the east side of a road which runs north to south. In which direction is the road?,west
3663,She is hiking south along the west side of a road which runs south to north. In which direction is the road?,east
3909,I am unicycling west along the south shore of the island. In which direction is the sea?,south
1616,"He is walking south-west along the north-west shore of a lake and then turns around to head back in the direction he came from, in which direction is the lake?",south-east
5388,"You are driving north-east along the south-east shore of an island and then turn around to head back in the direction you came from, in which direction is the sea?",south-east
4345,I am driving west along the north shore of the island. In which direction is the sea?,north
1811,"We are perambulating north along the east shore of a lake and then turn around to head back in the direction we came from, in which direction is the lake?",west
1513,"I am racing west along the north shore of a lake and then turn around to head back in the direction I came from, in which direction is the lake?",south
4902,"You are cycling north-west along the south-west shore of an island and then turn around to head back in the direction you came from, in which direction is the sea?",south-west
4429,You are driving east along the south shore of the island. In which direction is the sea?,south
4726,They are running south-east along the south-west shore of the island. In which direction is the sea?,south-west
769,She is perambulating west along the north shore of the lake. In which direction is the lake?,south
176,He is walking north-east along the north-west shore of the lake. In which direction is the lake?,south-east
3903,I am hiking north along the west shore of the island. In which direction is the sea?,west
5493,"He is perambulating east along the south shore of an island and then turns around to head back in the direction he came from, in which direction is the sea?",south
1135,"He is walking north along the west shore of a lake and then turns around to head back in the direction he came from, in which direction is the lake?",east
608,You are riding south-west along the north-west shore of the lake. In which direction is the lake?,south-east
2920,I am jogging north-east along the north-west side of a road which runs north-east to south-west. In which direction is the road?,south-east
425,They are driving east along the north shore of the lake. In which direction is the lake?,south
4867,"I am unicycling south along the east shore of an island and then turn around to head back in the direction I came from, in which direction is the sea?",east
3049,He is walking east along the north side of a road which runs east to west. In which direction is the road?,south
864,We are hiking south-west along the north-west shore of the lake. In which direction is the lake?,south-east
3324,They are riding south-west along the south-east side of a road which runs south-west to north-east. In which direction is the road?,north-west
1219,"She is cycling south along the east shore of a lake and then turns around to head back in the direction she came from, in which direction is the lake?",west
5644,"We are riding north-east along the south-east shore of an island and then turn around to head back in the direction we came from, in which direction is the sea?",south-east
1947,"I am driving south along the middle of the east side of a park; in which direction is the bandstand, located in the centre of the park?",west
1702,"She is cycling south-east along the south-west shore of a lake and then turns around to head back in the direction she came from, in which direction is the lake?",north-east
2489,"You are walking west along the middle of the north side of a park; in which direction is the bandstand, located in the centre of the park?",south
5196,"We are racing south-west along the south-east shore of an island and then turn around to head back in the direction we came from, in which direction is the sea?",south-east
4507,He is driving north along the east shore of the island. In which direction is the sea?,east
5570,"She is perambulating north-west along the north-east shore of an island and then turns around to head back in the direction she came from, in which direction is the sea?",north-east
2151,"He is unicycling north along the middle of the west side of a park; in which direction is the bandstand, located in the centre of the park?",east
962,"I am running south-east along the north-east shore of a lake and then turn around to head back in the direction I came from, in which direction is the lake?",south-west
672,He is driving south-west along the north-west shore of the lake. In which direction is the lake?,south-east
4234,We are racing south-east along the north-east shore of the island. In which direction is the sea?,north-east
1121,"He is running east along the north shore of a lake and then turns around to head back in the direction he came from, in which direction is the lake?",south
2249,"We are walking east along the middle of the north side of a park; in which direction is the bandstand, located in the centre of the park?",south
4046,He is riding north-west along the south-west shore of the island. In which direction is the sea?,south-west
3803,They are riding north along the east side of a road which runs north to south. In which direction is the road?,west
3625,She is driving west along the north side of a road which runs west to east. In which direction is the road?,south
2655,"She is walking south along the middle of the west side of a park; in which direction is the bandstand, located in the centre of the park?",east
123,You are riding south along the east shore of the lake. In which direction is the lake?,west
3892,I am perambulating south-west along the south-east shore of the island. In which direction is the sea?,south-east
2013,"You are walking west along the middle of the south side of a park; in which direction is the bandstand, located in the centre of the park?",north
5746,"They are unicycling north-west along the north-east shore of an island and then turn around to head back in the direction they came from, in which direction is the sea?",north-east
2567,"He is running south along the middle of the west side of a park; in which direction is the bandstand, located in the centre of the park?",east
2285,"We are riding west along the middle of the south side of a park; in which direction is the bandstand, located in the centre of the park?",north
523,I am riding north along the east shore of the lake. In which direction is the lake?,west
1940,"I am cycling south-west along the middle of the south-east side of a park; in which direction is the bandstand, located in the centre of the park?",north-west
623,You are hiking south along the west shore of the lake. In which direction is the lake?,east
1827,"We are unicycling north along the east shore of a lake and then turn around to head back in the direction we came from, in which direction is the lake?",west
3310,They are driving north-west along the south-west side of a road which runs north-west to south-east. In which direction is the road?,north-east
3494,You are perambulating south-east along the south-west side of a road which runs south-east to north-west. In which direction is the road?,north-east
5386,"You are driving north-west along the north-east shore of an island and then turn around to head back in the direction you came from, in which direction is the sea?",north-east
4358,I am jogging south-east along the south-west shore of the island. In which direction is the sea?,south-west
1585,"You are unicycling west along the north shore of a lake and then turn around to head back in the direction you came from, in which direction is the lake?",south
1894,"They are perambulating south-east along the south-west shore of a lake and then turn around to head back in the direction they came from, in which direction is the lake?",north-east
2578,"He is cycling north-west along the middle of the north-east side of a park; in which direction is the bandstand, located in the centre of the park?",south-west
3283,They are running south along the east side of a road which runs south to north. In which direction is the road?,west
186,He is driving south-east along the north-east shore of the lake. In which direction is the lake?,south-west
3544,He is cycling south-west along the north-west side of a road which runs south-west to north-east. In which direction is the road?,south-east
4406,You are running south-east along the south-west shore of the island. In which direction is the sea?,south-west
5129,"We are walking east along the north shore of an island and then turn around to head back in the direction we came from, in which direction is the sea?",north
3849,I am walking east along the north shore of the island. In which direction is the sea?,north
1688,"She is running south-west along the north-west shore of a lake and then turns around to head back in the direction she came from, in which direction is the lake?",south-east
2380,"They are hiking south-west along the middle of the south-east side of a park; in which direction is the bandstand, located in the centre of the park?",north-west
2676,"She is jogging north-east along the middle of the south-east side of a park; in which direction is the bandstand, located in the centre of the park?",north-west
4427,You are driving north along the east shore of the island. In which direction is the sea?,east
3215,We are walking north along the west side of a road which runs north to south. In which direction is the road?,east
4685,We are riding east along the south shore of the island. In which direction is the sea?,south
2704,"She is hiking south-west along the middle of the north-west side of a park; in which direction is the bandstand, located in the centre of the park?",south-east
3312,They are driving north-east along the north-west side of a road which runs north-east to south-west. In which direction is the road?,south-east
4008,He is running north-east along the north-west shore of the island. In which direction is the sea?,north-west
5359,"I am racing south along the west shore of an island and then turn around to head back in the direction I came from, in which direction is the sea?",west
1233,"She is jogging east along the north shore of a lake and then turns around to head back in the direction she came from, in which direction is the lake?",south
564,You are running north-east along the south-east shore of the lake. In which direction is the lake?,north-west
4554,He is racing north-west along the north-east shore of the island. In which direction is the sea?,north-east
3671,She is unicycling south along the west side of a road which runs south to north. In which direction is the road?,east
5010,"He is perambulating south-east along the north-east shore of an island and then turns around to head back in the direction he came from, in which direction is the sea?",north-east
5111,"She is unicycling north along the west shore of an island and then turns around to head back in the direction she came from, in which direction is the sea?",west
4385,I am unicycling west along the north shore of the island. In which direction is the sea?,north
4317,They are racing west along the south shore of the island. In which direction is the sea?,south
886,They are running south-east along the south-west shore of the lake. In which direction is the lake?,north-east
4742,They are cycling south-east along the south-west shore of the island. In which direction is the sea?,south-west
5094,"She is perambulating north-west along the south-west shore of an island and then turns around to head back in the direction she came from, in which direction is the sea?",south-west
1973,"I am perambulating west along the middle of the south side of a park; in which direction is the bandstand, located in the centre of the park?",north
2466,"I am unicycling north-west along the middle of the north-east side of a park; in which direction is the bandstand, located in the centre of the park?",south-west
924,They are riding north-east along the south-east shore of the lake. In which direction is the lake?,north-west
4113,She is jogging east along the north shore of the island. In which direction is the sea?,north
3347,They are unicycling south along the east side of a road which runs south to north. In which direction is the road?,west
4862,"I am hiking north-west along the south-west shore of an island and then turn around to head back in the direction I came from, in which direction is the sea?",south-west
4403,You are running north along the east shore of the island. In which direction is the sea?,east
99,You are cycling south along the east shore of the lake. In which direction is the lake?,west
4337,I am cycling west along the north shore of the island. In which direction is the sea?,north
4853,"I am perambulating west along the south shore of an island and then turn around to head back in the direction I came from, in which direction is the sea?",south
4803,"I am running south along the east shore of an island and then turn around to head back in the direction I came from, in which direction is the sea?",east
2077,"You are racing west along the middle of the south side of a park; in which direction is the bandstand, located in the centre of the park?",north
5494,"He is perambulating south-east along the south-west shore of an island and then turns around to head back in the direction he came from, in which direction is the sea?",south-west
1104,"You are hiking north-east along the north-west shore of a lake and then turn around to head back in the direction you came from, in which direction is the lake?",south-east
2806,"They are running south-east along the middle of the south-west side of a park; in which direction is the bandstand, located in the centre of the park?",north-east
1661,"He is hiking east along the south shore of a lake and then turns around to head back in the direction he came from, in which direction is the lake?",north
3825,They are unicycling west along the north side of a road which runs west to east. In which direction is the road?,south
5414,"You are perambulating south-east along the south-west shore of an island and then turn around to head back in the direction you came from, in which direction is the sea?",south-west
5624,"We are cycling south-west along the north-west shore of an island and then turn around to head back in the direction we came from, in which direction is the sea?",north-west
5636,"We are jogging north-east along the south-east shore of an island and then turn around to head back in the direction we came from, in which direction is the sea?",south-east
3703,We are cycling south along the west side of a road which runs south to north. In which direction is the road?,east
1962,"I am riding south-east along the middle of the north-east side of a park; in which direction is the bandstand, located in the centre of the park?",south-west
5716,"They are jogging north-east along the south-east shore of an island and then turn around to head back in the direction they came from, in which direction is the sea?",south-east
2127,"He is riding north along the middle of the west side of a park; in which direction is the bandstand, located in the centre of the park?",east
2119,"He is jogging north along the middle of the west side of a park; in which direction is the bandstand, located in the centre of the park?",east
4452,You are perambulating north-east along the south-east shore of the island. In which direction is the sea?,south-east
3535,He is walking south along the west side of a road which runs south to north. In which direction is the road?,east
971,"I am walking south along the east shore of a lake and then turn around to head back in the direction I came from, in which direction is the lake?",west
1821,"We are hiking east along the south shore of a lake and then turn around to head back in the direction we came from, in which direction is the lake?",north
1460,"I am cycling north-east along the south-east shore of a lake and then turn around to head back in the direction I came from, in which direction is the lake?",north-west
3124,She is running south-west along the south-east side of a road which runs south-west to north-east. In which direction is the road?,north-west
4039,He is jogging north along the west shore of the island. In which direction is the sea?,west
3745,We are unicycling west along the north side of a road which runs west to east. In which direction is the road?,south
5263,"They are hiking north along the west shore of an island and then turn around to head back in the direction they came from, in which direction is the sea?",west
2149,"He is unicycling west along the middle of the south side of a park; in which direction is the bandstand, located in the centre of the park?",north
779,She is hiking north along the east shore of the lake. In which direction is the lake?,west
5061,"She is cycling west along the south shore of an island and then turns around to head back in the direction she came from, in which direction is the sea?",south
2338,"They are cycling south-east along the middle of the north-east side of a park; in which direction is the bandstand, located in the centre of the park?",south-west
1306,"We are driving south-east along the north-east shore of a lake and then turn around to head back in the direction we came from, in which direction is the lake?",south-west
685,He is riding east along the south shore of the lake. In which direction is the lake?,north
4445,You are riding east along the south shore of the island. In which direction is the sea?,south
837,We are jogging east along the south shore of the lake. In which direction is the lake?,north
2241,"We are running east along the middle of the north side of a park; in which direction is the bandstand, located in the centre of the park?",south
4602,She is riding north-west along the north-east shore of the island. In which direction is the sea?,north-east
1191,"He is unicycling north along the west shore of a lake and then turns around to head back in the direction he came from, in which direction is the lake?",east
4547,He is unicycling north along the east shore of the island. In which direction is the sea?,east
4185,We are driving east along the north shore of the island. In which direction is the sea?,north
2284,"We are riding south-west along the middle of the south-east side of a park; in which direction is the bandstand, located in the centre of the park?",north-west
1177,"He is hiking east along the north shore of a lake and then turns around to head back in the direction he came from, in which direction is the lake?",south
3282,They are running south-east along the north-east side of a road which runs south-east to north-west. In which direction is the road?,south-west
620,You are hiking north-east along the south-east shore of the lake. In which direction is the lake?,north-west
4678,We are jogging south-east along the south-west shore of the island. In which direction is the sea?,south-west
366,We are riding north-west along the south-west shore of the lake. In which direction is the lake?,north-east
2841,"They are riding west along the middle of the north side of a park; in which direction is the bandstand, located in the centre of the park?",south
3435,I am racing north along the east side of a road which runs north to south. In which direction is the road?,west
1037,"I am racing west along the south shore of a lake and then turn around to head back in the direction I came from, in which direction is the lake?",north
3860,I am cycling south-west along the south-east shore of the island. In which direction is the sea?,south-east
1723,"She is riding north along the east shore of a lake and then turns around to head back in the direction she came from, in which direction is the lake?",west
5326,"I am riding south-east along the south-west shore of an island and then turn around to head back in the direction I came from, in which direction is the sea?",south-west
3103,He is hiking north along the west side of a road which runs north to south. In which direction is the road?,east
2174,"She is walking north-west along the middle of the south-west side of a park; in which direction is the bandstand, located in the centre of the park?",north-east
3510,You are unicycling south-east along the south-west side of a road which runs south-east to north-west. In which direction is the road?,north-east
4954,"You are racing south-east along the north-east shore of an island and then turn around to head back in the direction you came from, in which direction is the sea?",north-east
4962,"He is running south-east along the north-east shore of an island and then turns around to head back in the direction he came from, in which direction is the sea?",north-east
5101,"She is hiking west along the south shore of an island and then turns around to head back in the direction she came from, in which direction is the sea?",south
1898,"They are hiking north-west along the north-east shore of a lake and then turn around to head back in the direction they came from, in which direction is the lake?",south-west
4812,"I am walking south-west along the south-east shore of an island and then turn around to head back in the direction I came from, in which direction is the sea?",south-east
2210,"She is perambulating south-east along the middle of the north-east side of a park; in which direction is the bandstand, located in the centre of the park?",south-west
3094,He is perambulating north-west along the south-west side of a road which runs north-west to south-east. In which direction is the road?,north-east
1803,"We are riding north along the east shore of a lake and then turn around to head back in the direction we came from, in which direction is the lake?",west
5497,"He is hiking west along the north shore of an island and then turns around to head back in the direction he came from, in which direction is the sea?",north
4099,She is cycling south along the east shore of the island. In which direction is the sea?,east
5155,"We are jogging south along the east shore of an island and then turn around to head back in the direction we came from, in which direction is the sea?",east
5612,"We are walking north-east along the south-east shore of an island and then turn around to head back in the direction we came from, in which direction is the sea?",south-east
1522,"You are running north-west along the north-east shore of a lake and then turn around to head back in the direction you came from, in which direction is the lake?",south-west
4260,They are cycling south-west along the south-east shore of the island. In which direction is the sea?,south-east
3995,You are racing south along the east shore of the island. In which direction is the sea?,east
1360,"We are racing north-east along the north-west shore of a lake and then turn around to head back in the direction we came from, in which direction is the lake?",south-east
470,They are unicycling north-west along the south-west shore of the lake. In which direction is the lake?,north-east
418,They are cycling south-east along the north-east shore of the lake. In which direction is the lake?,south-west
1599,"You are racing south along the west shore of a lake and then turn around to head back in the direction you came from, in which direction is the lake?",east
4724,They are running north-east along the south-east shore of the island. In which direction is the sea?,south-east
5192,"We are unicycling north-east along the north-west shore of an island and then turn around to head back in the direction we came from, in which direction is the sea?",north-west
5653,"We are perambulating east along the south shore of an island and then turn around to head back in the direction we came from, in which direction is the sea?",south
1193,"He is racing east along the north shore of a lake and then turns around to head back in the direction he came from, in which direction is the lake?",south
2596,"He is jogging north-east along the middle of the south-east side of a park; in which direction is the bandstand, located in the centre of the park?",north-west
612,You are perambulating north-east along the south-east shore of the lake. In which direction is the lake?,north-west
5306,"I am driving north-west along the north-east shore of an island and then turn around to head back in the direction I came from, in which direction is the sea?",north-east
261,She is cycling west along the south shore of the lake. In which direction is the lake?,north
2123,"He is riding south along the middle of the east side of a park; in which direction is the bandstand, located in the centre of the park?",west
5130,"We are walking south-east along the north-east shore of an island and then turn around to head back in the direction we came from, in which direction is the sea?",north-east
5734,"They are perambulating south-east along the south-west shore of an island and then turn around to head back in the direction they came from, in which direction is the sea?",south-west
3365,I am running east along the south side of a road which runs east to west. In which direction is the road?,north
5156,"We are jogging south-west along the south-east shore of an island and then turn around to head back in the direction we came from, in which direction is the sea?",south-east
3108,He is unicycling south-west along the south-east side of a road which runs south-west to north-east. In which direction is the road?,north-west
2789,"We are unicycling east along the middle of the south side of a park; in which direction is the bandstand, located in the centre of the park?",north
1971,"I am perambulating south along the middle of the east side of a park; in which direction is the bandstand, located in the centre of the park?",west
1273,"She is racing east along the north shore of a lake and then turns around to head back in the direction she came from, in which direction is the lake?",south
5669,"We are unicycling east along the south shore of an island and then turn around to head back in the direction we came from, in which direction is the sea?",south
998,"I am jogging north-west along the south-west shore of a lake and then turn around to head back in the direction I came from, in which direction is the lake?",north-east
4951,"You are unicycling north along the west shore of an island and then turn around to head back in the direction you came from, in which direction is the sea?",west
3062,He is cycling north-west along the south-west side of a road which runs north-west to south-east. In which direction is the road?,north-east
5667,"We are unicycling north along the east shore of an island and then turn around to head back in the direction we came from, in which direction is the sea?",east
1161,"He is riding east along the north shore of a lake and then turns around to head back in the direction he came from, in which direction is the lake?",south
394,We are racing south-east along the north-east shore of the lake. In which direction is the lake?,south-west
4524,He is riding north-east along the south-east shore of the island. In which direction is the sea?,south-east
4380,I am hiking north-east along the south-east shore of the island. In which direction is the sea?,south-east
4760,They are jogging south-west along the north-west shore of the island. In which direction is the sea?,north-west
758,She is jogging south-east along the south-west shore of the lake. In which direction is the lake?,north-east
3937,You are cycling east along the north shore of the island. In which direction is the sea?,north
433,They are jogging east along the north shore of the lake. In which direction is the lake?,south
1058,"You are cycling south-east along the north-east shore of a lake and then turn around to head back in the direction you came from, in which direction is the lake?",south-west
692,He is perambulating north-east along the south-east shore of the lake. In which direction is the lake?,north-west
5127,"We are running north along the west shore of an island and then turn around to head back in the direction we came from, in which direction is the sea?",west
5093,"She is perambulating west along the south shore of an island and then turns around to head back in the direction she came from, in which direction is the sea?",south
752,She is driving south-west along the north-west shore of the lake. In which direction is the lake?,south-east
2328,"They are running north-east along the middle of the north-west side of a park; in which direction is the bandstand, located in the centre of the park?",south-east
3667,She is unicycling north along the east side of a road which runs north to south. In which direction is the road?,west
2717,"She is racing east along the middle of the south side of a park; in which direction is the bandstand, located in the centre of the park?",north
2216,"She is perambulating north-east along the middle of the north-west side of a park; in which direction is the bandstand, located in the centre of the park?",south-east
4287,They are riding north along the west shore of the island. In which direction is the sea?,west
4441,You are riding west along the north shore of the island. In which direction is the sea?,north
798,She is racing south-east along the south-west shore of the lake. In which direction is the lake?,north-east
2914,I am jogging south-east along the north-east side of a road which runs south-east to north-west. In which direction is the road?,south-west
474,They are racing south-east along the north-east shore of the lake. In which direction is the lake?,south-west
2781,"We are hiking east along the middle of the south side of a park; in which direction is the bandstand, located in the centre of the park?",north
72,I am unicycling north-east along the north-west shore of the lake. In which direction is the lake?,south-east
1159,"He is jogging north along the west shore of a lake and then turns around to head back in the direction he came from, in which direction is the lake?",east
961,"I am running east along the north shore of a lake and then turn around to head back in the direction I came from, in which direction is the lake?",south
3182,She is hiking north-west along the south-west side of a road which runs north-west to south-east. In which direction is the road?,north-east
5224,"They are cycling north-east along the north-west shore of an island and then turn around to head back in the direction they came from, in which direction is the sea?",north-west
2942,I am hiking north-west along the south-west side of a road which runs north-west to south-east. In which direction is the road?,north-east
3531,He is walking north along the east side of a road which runs north to south. In which direction is the road?,west
4873,"I am racing east along the north shore of an island and then turn around to head back in the direction I came from, in which direction is the sea?",north
5481,"He is riding west along the north shore of an island and then turns around to head back in the direction he came from, in which direction is the sea?",north
3934,You are walking north-west along the south-west shore of the island. In which direction is the sea?,south-west
2282,"We are riding south-east along the middle of the north-east side of a park; in which direction is the bandstand, located in the centre of the park?",south-west
2261,"We are cycling west along the middle of the south side of a park; in which direction is the bandstand, located in the centre of the park?",north
1034,"I am racing south-east along the north-east shore of a lake and then turn around to head back in the direction I came from, in which direction is the lake?",south-west
1824,"We are hiking south-west along the north-west shore of a lake and then turn around to head back in the direction we came from, in which direction is the lake?",south-east
1073,"You are jogging east along the north shore of a lake and then turn around to head back in the direction you came from, in which direction is the lake?",south
416,They are walking north-east along the north-west shore of the lake. In which direction is the lake?,south-east
876,We are racing north-east along the south-east shore of the lake. In which direction is the lake?,north-west
4621,She is hiking east along the south shore of the island. In which direction is the sea?,south
1108,"You are unicycling south-west along the south-east shore of a lake and then turn around to head back in the direction you came from, in which direction is the lake?",north-west
4102,She is cycling north-west along the south-west shore of the island. In which direction is the sea?,south-west
4985,"He is driving east along the north shore of an island and then turns around to head back in the direction he came from, in which direction is the sea?",north
5147,"We are driving south along the east shore of an island and then turn around to head back in the direction we came from, in which direction is the sea?",east
5004,"He is riding south-west along the south-east shore of an island and then turns around to head back in the direction he came from, in which direction is the sea?",south-east
3166,She is riding north-west along the south-west side of a road which runs north-west to south-east. In which direction is the road?,north-east
2352,"They are driving north-east along the middle of the north-west side of a park; in which direction is the bandstand, located in the centre of the park?",south-east
3785,They are driving west along the north side of a road which runs west to east. In which direction is the road?,south
954,They are racing north-west along the north-east shore of the lake. In which direction is the lake?,south-west
767,She is riding south along the west shore of the lake. In which direction is the lake?,east
5107,"She is unicycling south along the east shore of an island and then turns around to head back in the direction she came from, in which direction is the sea?",east
3287,They are running north along the west side of a road which runs north to south. In which direction is the road?,east
4460,You are hiking north-east along the south-east shore of the island. In which direction is the sea?,south-east
2474,"I am racing north-west along the middle of the north-east side of a park; in which direction is the bandstand, located in the centre of the park?",south-west
3243,We are riding south along the east side of a road which runs south to north. In which direction is the road?,west
1345,"We are unicycling east along the north shore of a lake and then turn around to head back in the direction we came from, in which direction is the lake?",south
1033,"I am racing east along the north shore of a lake and then turn around to head back in the direction I came from, in which direction is the lake?",south
2606,"He is riding south-east along the middle of the south-west side of a park; in which direction is the bandstand, located in the centre of the park?",north-east
676,He is jogging north-east along the south-east shore of the lake. In which direction is the lake?,north-west
1077,"You are jogging west along the south shore of a lake and then turn around to head back in the direction you came from, in which direction is the lake?",north
4045,He is riding west along the south shore of the island. In which direction is the sea?,south
3845,I am running west along the south shore of the island. In which direction is the sea?,south
4324,I am running north-east along the south-east shore of the island. In which direction is the sea?,south-east
456,They are perambulating north-east along the north-west shore of the lake. In which direction is the lake?,south-east
4836,"I am jogging south-west along the south-east shore of an island and then turn around to head back in the direction I came from, in which direction is the sea?",south-east
3140,She is cycling south-west along the south-east side of a road which runs south-west to north-east. In which direction is the road?,north-west
4940,"You are hiking south-west along the south-east shore of an island and then turn around to head back in the direction you came from, in which direction is the sea?",south-east
2947,I am unicycling south along the east side of a road which runs south to north. In which direction is the road?,west
1125,"He is running west along the south shore of a lake and then turns around to head back in the direction he came from, in which direction is the lake?",north
2739,"We are cycling north along the middle of the east side of a park; in which direction is the bandstand, located in the centre of the park?",west
4675,We are jogging north along the east shore of the island. In which direction is the sea?,east
2295,"We are perambulating north along the middle of the west side of a park; in which direction is the bandstand, located in the centre of the park?",east
651,He is walking north along the east shore of the lake. In which direction is the lake?,west
5265,"They are unicycling east along the north shore of an island and then turn around to head back in the direction they came from, in which direction is the sea?",north
2387,"They are unicycling south along the middle of the east side of a park; in which direction is the bandstand, located in the centre of the park?",west
3762,They are running north-west along the north-east side of a road which runs north-west to south-east. In which direction is the road?,south-west
2532,"You are perambulating north-east along the middle of the south-east side of a park; in which direction is the bandstand, located in the centre of the park?",north-west
1549,"You are driving east along the south shore of a lake and then turn around to head back in the direction you came from, in which direction is the lake?",north
4780,They are hiking north-east along the south-east shore of the island. In which direction is the sea?,south-east
915,They are jogging north along the east shore of the lake. In which direction is the lake?,west
4025,He is driving east along the north shore of the island. In which direction is the sea?,north
3741,We are hiking east along the south side of a road which runs east to west. In which direction is the road?,north
2134,"He is perambulating north-west along the middle of the south-west side of a park; in which direction is the bandstand, located in the centre of the park?",north-east
932,They are perambulating north-east along the south-east shore of the lake. In which direction is the lake?,north-west
3420,I am hiking north-east along the south-east side of a road which runs north-east to south-west. In which direction is the road?,north-west
4786,They are unicycling north-west along the north-east shore of the island. In which direction is the sea?,north-east
2559,"You are racing south along the middle of the west side of a park; in which direction is the bandstand, located in the centre of the park?",east
2736,"We are walking south-west along the middle of the north-west side of a park; in which direction is the bandstand, located in the centre of the park?",south-east
2710,"She is unicycling south-east along the middle of the south-west side of a park; in which direction is the bandstand, located in the centre of the park?",north-east
3907,I am unicycling south along the east shore of the island. In which direction is the sea?,east
3384,I am cycling south-west along the north-west side of a road which runs south-west to north-east. In which direction is the road?,south-east
2856,"They are perambulating south-west along the middle of the north-west side of a park; in which direction is the bandstand, located in the centre of the park?",south-east
4691,We are perambulating north along the east shore of the island. In which direction is the sea?,east
1090,"You are perambulating south-east along the north-east shore of a lake and then turn around to head back in the direction you came from, in which direction is the lake?",south-west
2659,"She is cycling north along the middle of the east side of a park; in which direction is the bandstand, located in the centre of the park?",west
262,She is cycling north-west along the south-west shore of the lake. In which direction is the lake?,north-east
5630,"We are driving south-east along the south-west shore of an island and then turn around to head back in the direction we came from, in which direction is the sea?",south-west
2702,"She is hiking south-east along the middle of the south-west side of a park; in which direction is the bandstand, located in the centre of the park?",north-east
1934,"I am walking north-west along the middle of the south-west side of a park; in which direction is the bandstand, located in the centre of the park?",north-east
5223,"They are cycling north along the west shore of an island and then turn around to head back in the direction they came from, in which direction is the sea?",west
3464,You are cycling south-west along the north-west side of a road which runs south-west to north-east. In which direction is the road?,south-east
995,"I am jogging south along the east shore of a lake and then turn around to head back in the direction I came from, in which direction is the lake?",west
5442,"He is running north-west along the north-east shore of an island and then turns around to head back in the direction he came from, in which direction is the sea?",north-east
5424,"You are hiking south-west along the north-west shore of an island and then turn around to head back in the direction you came from, in which direction is the sea?",north-west
64,I am hiking north-east along the north-west shore of the lake. In which direction is the lake?,south-east
3288,They are running north-east along the north-west side of a road which runs north-east to south-west. In which direction is the road?,south-east
4389,I am unicycling east along the south shore of the island. In which direction is the sea?,south
4087,She is running north along the west shore of the island. In which direction is the sea?,west
12,I am walking south-west along the south-east shore of the lake. In which direction is the lake?,north-west
1062,"You are cycling north-west along the south-west shore of a lake and then turn around to head back in the direction you came from, in which direction is the lake?",north-east
3376,I am walking south-west along the north-west side of a road which runs south-west to north-east. In which direction is the road?,south-east
4659,We are cycling north along the east shore of the island. In which direction is the sea?,east
4277,They are jogging west along the south shore of the island. In which direction is the sea?,south
4245,They are running west along the south shore of the island. In which direction is the sea?,south
4618,She is hiking north-west along the north-east shore of the island. In which direction is the sea?,north-east
2244,"We are running south-west along the middle of the south-east side of a park; in which direction is the bandstand, located in the centre of the park?",north-west
3054,He is walking north-west along the south-west side of a road which runs north-west to south-east. In which direction is the road?,north-east
4668,We are driving north-east along the south-east shore of the island. In which direction is the sea?,south-east
1594,"You are racing north-west along the north-east shore of a lake and then turn around to head back in the direction you came from, in which direction is the lake?",south-west
2833,"They are jogging west along the middle of the north side of a park; in which direction is the bandstand, located in the centre of the park?",south
4938,"You are hiking south-east along the north-east shore of an island and then turn around to head back in the direction you came from, in which direction is the sea?",north-east
2976,You are walking north-east along the north-west side of a road which runs north-east to south-west. In which direction is the road?,south-east
4422,You are cycling south-east along the south-west shore of the island. In which direction is the sea?,south-west
4011,He is walking south along the east shore of the island. In which direction is the sea?,east
4694,We are perambulating south-east along the south-west shore of the island. In which direction is the sea?,south-west
4252,They are walking south-west along the south-east shore of the island. In which direction is the sea?,south-east
5374,"You are walking south-east along the south-west shore of an island and then turn around to head back in the direction you came from, in which direction is the sea?",south-west
3844,I am running south-west along the south-east shore of the island. In which direction is the sea?,south-east
5699,"They are cycling north along the east shore of an island and then turn around to head back in the direction they came from, in which direction is the sea?",east
2367,"They are riding north along the middle of the west side of a park; in which direction is the bandstand, located in the centre of the park?",east
3954,You are jogging south-east along the north-east shore of the island. In which direction is the sea?,north-east
2896,I am walking north-east along the north-west side of a road which runs north-east to south-west. In which direction is the road?,south-east
4467,You are unicycling north along the east shore of the island. In which direction is the sea?,east
89,You are walking east along the north shore of the lake. In which direction is the lake?,south
2625,"He is unicycling west along the middle of the north side of a park; in which direction is the bandstand, located in the centre of the park?",south
5584,"She is hiking south-west along the north-west shore of an island and then turns around to head back in the direction she came from, in which direction is the sea?",north-west
3599,He is racing south along the west side of a road which runs south to north. In which direction is the road?,east
1333,"We are perambulating west along the south shore of a lake and then turn around to head back in the direction we came from, in which direction is the lake?",north
355,We are jogging south along the east shore of the lake. In which direction is the lake?,west
5369,"You are walking west along the north shore of an island and then turn around to head back in the direction you came from, in which direction is the sea?",north
4449,You are perambulating west along the north shore of the island. In which direction is the sea?,north
1272,"She is unicycling north-east along the north-west shore of a lake and then turns around to head back in the direction she came from, in which direction is the lake?",south-east
3723,We are riding north along the east side of a road which runs north to south. In which direction is the road?,west
5398,"You are jogging south-east along the south-west shore of an island and then turn around to head back in the direction you came from, in which direction is the sea?",south-west
3533,He is walking east along the south side of a road which runs east to west. In which direction is the road?,north
4026,He is driving south-east along the north-east shore of the island. In which direction is the sea?,north-east
1390,"They are driving north-west along the south-west shore of a lake and then turn around to head back in the direction they came from, in which direction is the lake?",north-east
3368,I am running south-west along the north-west side of a road which runs south-west to north-east. In which direction is the road?,south-east
14,I am walking north-west along the south-west shore of the lake. In which direction is the lake?,north-east
4801,"I am running east along the north shore of an island and then turn around to head back in the direction I came from, in which direction is the sea?",north
1386,"They are driving south-east along the north-east shore of a lake and then turn around to head back in the direction they came from, in which direction is the lake?",south-west
3276,We are racing south-west along the south-east side of a road which runs south-west to north-east. In which direction is the road?,north-west
5145,"We are driving east along the north shore of an island and then turn around to head back in the direction we came from, in which direction is the sea?",north
1820,"We are hiking north-east along the south-east shore of a lake and then turn around to head back in the direction we came from, in which direction is the lake?",north-west
5286,"I am running south-east along the south-west shore of an island and then turn around to head back in the direction I came from, in which direction is the sea?",south-west
1311,"We are driving north along the west shore of a lake and then turn around to head back in the direction we came from, in which direction is the lake?",east
4273,They are jogging east along the north shore of the island. In which direction is the sea?,north
2061,"You are hiking west along the middle of the south side of a park; in which direction is the bandstand, located in the centre of the park?",north
2872,"They are unicycling south-west along the middle of the north-west side of a park; in which direction is the bandstand, located in the centre of the park?",south-east
2159,"He is racing north along the middle of the west side of a park; in which direction is the bandstand, located in the centre of the park?",east
1726,"She is riding south-east along the south-west shore of a lake and then turns around to head back in the direction she came from, in which direction is the lake?",north-east
2085,"He is running west along the middle of the south side of a park; in which direction is the bandstand, located in the centre of the park?",north
3055,He is walking north along the west side of a road which runs north to south. In which direction is the road?,east
3392,I am driving south-west along the north-west side of a road which runs south-west to north-east. In which direction is the road?,south-east
506,I am driving north-west along the north-east shore of the lake. In which direction is the lake?,south-west
3640,She is jogging south-west along the north-west side of a road which runs south-west to north-east. In which direction is the road?,south-east
204,He is riding south-west along the south-east shore of the lake. In which direction is the lake?,north-west
1286,"We are running north-west along the south-west shore of a lake and then turn around to head back in the direction we came from, in which direction is the lake?",north-east
834,We are jogging north-west along the north-east shore of the lake. In which direction is the lake?,south-west
56,I am perambulating north-east along the north-west shore of the lake. In which direction is the lake?,south-east
4553,He is racing west along the north shore of the island. In which direction is the sea?,north
5709,"They are driving east along the south shore of an island and then turn around to head back in the direction they came from, in which direction is the sea?",south
3559,He is jogging south along the west side of a road which runs south to north. In which direction is the road?,east
1716,"She is jogging north-east along the south-east shore of a lake and then turns around to head back in the direction she came from, in which direction is the lake?",north-west
5277,"They are racing west along the south shore of an island and then turn around to head back in the direction they came from, in which direction is the sea?",south
3743,We are hiking south along the west side of a road which runs south to north. In which direction is the road?,east
4961,"He is running east along the north shore of an island and then turns around to head back in the direction he came from, in which direction is the sea?",north
471,They are unicycling north along the west shore of the lake. In which direction is the lake?,east
5037,"He is racing west along the south shore of an island and then turns around to head back in the direction he came from, in which direction is the sea?",south
2205,"She is riding west along the middle of the south side of a park; in which direction is the bandstand, located in the centre of the park?",north
477,They are racing west along the south shore of the lake. In which direction is the lake?,north
858,We are hiking north-west along the north-east shore of the lake. In which direction is the lake?,south-west
5604,"We are running north-east along the south-east shore of an island and then turn around to head back in the direction we came from, in which direction is the sea?",south-east
3473,You are jogging west along the north side of a road which runs west to east. In which direction is the road?,south
1810,"We are perambulating north-west along the north-east shore of a lake and then turn around to head back in the direction we came from, in which direction is the lake?",south-west
2019,"You are cycling south along the middle of the east side of a park; in which direction is the bandstand, located in the centre of the park?",west
2290,"We are perambulating south-east along the middle of the north-east side of a park; in which direction is the bandstand, located in the centre of the park?",south-west
2990,You are driving north-west along the south-west side of a road which runs north-west to south-east. In which direction is the road?,north-east
2899,I am cycling south along the east side of a road which runs south to north. In which direction is the road?,west
3771,They are walking north along the east side of a road which runs north to south. In which direction is the road?,west
3450,You are walking north-west along the north-east side of a road which runs north-west to south-east. In which direction is the road?,south-west
417,They are cycling east along the north shore of the lake. In which direction is the lake?,south
4332,I am walking north-east along the south-east shore of the island. In which direction is the sea?,south-east
4904,"You are cycling north-east along the north-west shore of an island and then turn around to head back in the direction you came from, in which direction is the sea?",north-west
1168,"He is riding north-east along the north-west shore of a lake and then turns around to head back in the direction he came from, in which direction is the lake?",south-east
2727,"We are running south along the middle of the west side of a park; in which direction is the bandstand, located in the centre of the park?",east
3334,They are perambulating north-west along the south-west side of a road which runs north-west to south-east. In which direction is the road?,north-east
3056,He is walking north-east along the north-west side of a road which runs north-east to south-west. In which direction is the road?,south-east
5646,"We are riding south-east along the south-west shore of an island and then turn around to head back in the direction we came from, in which direction is the sea?",south-west
1885,"They are riding east along the south shore of a lake and then turn around to head back in the direction they came from, in which direction is the lake?",north
4799,They are racing south along the west shore of the island. In which direction is the sea?,west
647,He is running south along the west shore of the lake. In which direction is the lake?,east
1362,"They are running south-east along the north-east shore of a lake and then turn around to head back in the direction they came from, in which direction is the lake?",south-west
5090,"She is perambulating south-east along the north-east shore of an island and then turns around to head back in the direction she came from, in which direction is the sea?",north-east
4206,We are riding north-west along the south-west shore of the island. In which direction is the sea?,south-west
3653,She is perambulating east along the south side of a road which runs east to west. In which direction is the road?,north
3375,I am walking south along the west side of a road which runs south to north. In which direction is the road?,east
3278,We are racing north-west along the south-west side of a road which runs north-west to south-east. In which direction is the road?,north-east
2012,"You are walking south-west along the middle of the south-east side of a park; in which direction is the bandstand, located in the centre of the park?",north-west
1778,"We are cycling north-west along the north-east shore of a lake and then turn around to head back in the direction we came from, in which direction is the lake?",south-west
5689,"They are walking west along the north shore of an island and then turn around to head back in the direction they came from, in which direction is the sea?",north
756,She is jogging north-east along the south-east shore of the lake. In which direction is the lake?,north-west
3398,I am jogging south-east along the south-west side of a road which runs south-east to north-west. In which direction is the road?,north-east
3600,He is racing south-west along the north-west side of a road which runs south-west to north-east. In which direction is the road?,south-east
587,You are driving north along the east shore of the lake. In which direction is the lake?,west
611,You are perambulating north along the east shore of the lake. In which direction is the lake?,west
2068,"You are unicycling south-west along the middle of the south-east side of a park; in which direction is the bandstand, located in the centre of the park?",north-west
1794,"We are jogging north-west along the north-east shore of a lake and then turn around to head back in the direction we came from, in which direction is the lake?",south-west
4820,"I am cycling south-west along the south-east shore of an island and then turn around to head back in the direction I came from, in which direction is the sea?",south-east
4153,She is racing east along the north shore of the island. In which direction is the sea?,north
5701,"They are cycling east along the south shore of an island and then turn around to head back in the direction they came from, in which direction is the sea?",south
2048,"You are riding north-east along the middle of the north-west side of a park; in which direction is the bandstand, located in the centre of the park?",south-east
528,I am riding south-west along the north-west shore of the lake. In which direction is the lake?,south-east
3659,She is hiking north along the east side of a road which runs north to south. In which direction is the road?,west
316,She is racing south-west along the south-east shore of the lake. In which direction is the lake?,north-west
1131,"He is walking south along the east shore of a lake and then turns around to head back in the direction he came from, in which direction is the lake?",west
870,We are unicycling south-east along the south-west shore of the lake. In which direction is the lake?,north-east
3624,She is cycling south-west along the north-west side of a road which runs south-west to north-east. In which direction is the road?,south-east
3899,I am hiking south along the east shore of the island. In which direction is the sea?,east
192,He is driving north-east along the north-west shore of the lake. In which direction is the lake?,south-east
2551,"You are unicycling south along the middle of the west side of a park; in which direction is the bandstand, located in the centre of the park?",east
1892,"They are perambulating north-east along the south-east shore of a lake and then turn around to head back in the direction they came from, in which direction is the lake?",north-west
5172,"We are perambulating south-west along the south-east shore of an island and then turn around to head back in the direction we came from, in which direction is the sea?",south-east
4679,We are jogging south along the west shore of the island. In which direction is the sea?,west
3552,He is driving south-west along the north-west side of a road which runs south-west to north-east. In which direction is the road?,south-east
516,I am jogging north-east along the south-east shore of the lake. In which direction is the lake?,north-west
820,We are cycling north-east along the south-east shore of the lake. In which direction is the lake?,north-west
2597,"He is jogging east along the middle of the south side of a park; in which direction is the bandstand, located in the centre of the park?",north
2535,"You are perambulating south along the middle of the west side of a park; in which direction is the bandstand, located in the centre of the park?",east
3817,They are hiking west along the north side of a road which runs west to east. In which direction is the road?,south
142,You are hiking north-west along the south-west shore of the lake. In which direction is the lake?,north-east
3230,We are driving north-west along the south-west side of a road which runs north-west to south-east. In which direction is the road?,north-east
5569,"She is perambulating west along the north shore of an island and then turns around to head back in the direction she came from, in which direction is the sea?",north
1023,"I am hiking north along the west shore of a lake and then turn around to head back in the direction I came from, in which direction is the lake?",east
1188,"He is unicycling south-west along the south-east shore of a lake and then turns around to head back in the direction he came from, in which direction is the lake?",north-west
230,He is unicycling north-west along the south-west shore of the lake. In which direction is the lake?,north-east
378,We are hiking south-east along the north-east shore of the lake. In which direction is the lake?,south-west
3456,You are walking south-west along the north-west side of a road which runs south-west to north-east. In which direction is the road?,south-east
827,We are driving north along the east shore of the lake. In which direction is the lake?,west
5339,"I am hiking north along the east shore of an island and then turn around to head back in the direction I came from, in which direction is the sea?",east
5064,"She is cycling north-east along the north-west shore of an island and then turns around to head back in the direction she came from, in which direction is the sea?",north-west
4845,"I am riding west along the south shore of an island and then turn around to head back in the direction I came from, in which direction is the sea?",south
745,She is driving west along the north shore of the lake. In which direction is the lake?,south
5356,"I am racing north-east along the south-east shore of an island and then turn around to head back in the direction I came from, in which direction is the sea?",south-east
3917,I am racing west along the south shore of the island. In which direction is the sea?,south
3746,We are unicycling north-west along the north-east side of a road which runs north-west to south-east. In which direction is the road?,south-west
1318,"We are jogging north-west along the south-west shore of a lake and then turn around to head back in the direction we came from, in which direction is the lake?",north-east
3541,He is cycling east along the south side of a road which runs east to west. In which direction is the road?,north
1685,"She is running east along the south shore of a lake and then turns around to head back in the direction she came from, in which direction is the lake?",north
778,She is hiking north-west along the north-east shore of the lake. In which direction is the lake?,south-west
3427,I am unicycling north along the east side of a road which runs north to south. In which direction is the road?,west
1786,"We are driving north-west along the north-east shore of a lake and then turn around to head back in the direction we came from, in which direction is the lake?",south-west
297,She is hiking east along the north shore of the lake. In which direction is the lake?,south
1660,"He is hiking north-east along the south-east shore of a lake and then turns around to head back in the direction he came from, in which direction is the lake?",north-west
5301,"I am cycling east along the south shore of an island and then turn around to head back in the direction I came from, in which direction is the sea?",south
5635,"We are jogging north along the east shore of an island and then turn around to head back in the direction we came from, in which direction is the sea?",east
2586,"He is driving north-west along the middle of the north-east side of a park; in which direction is the bandstand, located in the centre of the park?",south-west
4638,She is racing south-east along the south-west shore of the island. In which direction is the sea?,south-west
5469,"He is driving east along the south shore of an island and then turns around to head back in the direction he came from, in which direction is the sea?",south
3432,I am unicycling south-west along the north-west side of a road which runs south-west to north-east. In which direction is the road?,south-east
3460,You are cycling north-east along the south-east side of a road which runs north-east to south-west. In which direction is the road?,north-west
4892,"You are walking south-west along the south-east shore of an island and then turn around to head back in the direction you came from, in which direction is the sea?",south-east
2509,"You are driving east along the middle of the south side of a park; in which direction is the bandstand, located in the centre of the park?",north
3397,I am jogging east along the south side of a road which runs east to west. In which direction is the road?,north
4819,"I am cycling south along the east shore of an island and then turn around to head back in the direction I came from, in which direction is the sea?",east
278,She is jogging north-west along the south-west shore of the lake. In which direction is the lake?,north-east
1817,"We are hiking west along the north shore of a lake and then turn around to head back in the direction we came from, in which direction is the lake?",south
2560,"You are racing south-west along the middle of the north-west side of a park; in which direction is the bandstand, located in the centre of the park?",south-east
4775,They are perambulating south along the west shore of the island. In which direction is the sea?,west
5205,"They are running west along the south shore of an island and then turn around to head back in the direction they came from, in which direction is the sea?",south
2341,"They are cycling west along the middle of the south side of a park; in which direction is the bandstand, located in the centre of the park?",north
1243,"She is riding south along the east shore of a lake and then turns around to head back in the direction she came from, in which direction is the lake?",west
4024,He is cycling north-east along the north-west shore of the island. In which direction is the sea?,north-west
4134,She is perambulating north-west along the south-west shore of the island. In which direction is the sea?,south-west
1455,"I am walking south along the west shore of a lake and then turn around to head back in the direction I came from, in which direction is the lake?",east
2985,You are driving east along the north side of a road which runs east to west. In which direction is the road?,south
4019,He is cycling south along the east shore of the island. In which direction is the sea?,east
1122,"He is running south-east along the north-east shore of a lake and then turns around to head back in the direction he came from, in which direction is the lake?",south-west
3613,She is walking east along the south side of a road which runs east to west. In which direction is the road?,north
4826,"I am driving south-east along the north-east shore of an island and then turn around to head back in the direction I came from, in which direction is the sea?",north-east
5739,"They are hiking north along the east shore of an island and then turn around to head back in the direction they came from, in which direction is the sea?",east
627,You are unicycling north along the east shore of the lake. In which direction is the lake?,west
2570,"He is walking north-west along the middle of the north-east side of a park; in which direction is the bandstand, located in the centre of the park?",south-west
1932,"I am walking south-west along the middle of the south-east side of a park; in which direction is the bandstand, located in the centre of the park?",north-west
1271,"She is unicycling north along the west shore of a lake and then turns around to head back in the direction she came from, in which direction is the lake?",east
3529,He is walking west along the north side of a road which runs west to east. In which direction is the road?,south
144,You are hiking north-east along the north-west shore of the lake. In which direction is the lake?,south-east
4196,We are jogging south-west along the south-east shore of the island. In which direction is the sea?,south-east
1237,"She is jogging west along the south shore of a lake and then turns around to head back in the direction she came from, in which direction is the lake?",north
3522,He is running north-west along the north-east side of a road which runs north-west to south-east. In which direction is the road?,south-west
5517,"He is racing east along the south shore of an island and then turns around to head back in the direction he came from, in which direction is the sea?",south
4327,I am running south along the west shore of the island. In which direction is the sea?,west
819,We are cycling north along the east shore of the lake. In which direction is the lake?,west
2750,"We are driving south-east along the middle of the south-west side of a park; in which direction is the bandstand, located in the centre of the park?",north-east
4952,"You are unicycling north-east along the north-west shore of an island and then turn around to head back in the direction you came from, in which direction is the sea?",north-west
3495,You are perambulating south along the west side of a road which runs south to north. In which direction is the road?,east
5366,"You are running south-east along the south-west shore of an island and then turn around to head back in the direction you came from, in which direction is the sea?",south-west
320,She is racing north-east along the north-west shore of the lake. In which direction is the lake?,south-east
569,You are walking west along the north shore of the lake. In which direction is the lake?,south
4432,You are driving south-west along the north-west shore of the island. In which direction is the sea?,north-west
279,She is jogging north along the west shore of the lake. In which direction is the lake?,east
733,She is walking east along the south shore of the lake. In which direction is the lake?,north
671,He is driving south along the west shore of the lake. In which direction is the lake?,east
2236,"She is racing south-west along the middle of the south-east side of a park; in which direction is the bandstand, located in the centre of the park?",north-west
5730,"They are perambulating north-west along the north-east shore of an island and then turn around to head back in the direction they came from, in which direction is the sea?",north-east
3087,He is riding north along the west side of a road which runs north to south. In which direction is the road?,east
1081,"You are riding east along the north shore of a lake and then turn around to head back in the direction you came from, in which direction is the lake?",south
1581,"You are hiking east along the south shore of a lake and then turn around to head back in the direction you came from, in which direction is the lake?",north
1822,"We are hiking south-east along the south-west shore of a lake and then turn around to head back in the direction we came from, in which direction is the lake?",north-east
1175,"He is perambulating north along the west shore of a lake and then turns around to head back in the direction he came from, in which direction is the lake?",east
4411,You are walking north along the east shore of the island. In which direction is the sea?,east
2183,"She is cycling north along the middle of the west side of a park; in which direction is the bandstand, located in the centre of the park?",east
2764,"We are riding north-east along the middle of the south-east side of a park; in which direction is the bandstand, located in the centre of the park?",north-west
5348,"I am unicycling north-east along the south-east shore of an island and then turn around to head back in the direction I came from, in which direction is the sea?",south-east
3157,She is jogging west along the south side of a road which runs west to east. In which direction is the road?,north
1774,"We are walking south-east along the south-west shore of a lake and then turn around to head back in the direction we came from, in which direction is the lake?",north-east
3195,She is racing south along the east side of a road which runs south to north. In which direction is the road?,west
3897,I am hiking east along the north shore of the island. In which direction is the sea?,north
5013,"He is perambulating west along the south shore of an island and then turns around to head back in the direction he came from, in which direction is the sea?",south
4521,He is riding west along the north shore of the island. In which direction is the sea?,north
331,We are walking south along the east shore of the lake. In which direction is the lake?,west
933,They are perambulating east along the south shore of the lake. In which direction is the lake?,north
5504,"He is hiking south-west along the north-west shore of an island and then turns around to head back in the direction he came from, in which direction is the sea?",north-west
1558,"You are jogging south-east along the south-west shore of a lake and then turn around to head back in the direction you came from, in which direction is the lake?",north-east
3700,We are cycling north-east along the south-east side of a road which runs north-east to south-west. In which direction is the road?,north-west
1171,"He is perambulating south along the east shore of a lake and then turns around to head back in the direction he came from, in which direction is the lake?",west
2598,"He is jogging south-east along the middle of the south-west side of a park; in which direction is the bandstand, located in the centre of the park?",north-east
3967,You are riding north along the west shore of the island. In which direction is the sea?,west
2447,"I am riding south along the middle of the west side of a park; in which direction is the bandstand, located in the centre of the park?",east
4928,"You are riding north-east along the north-west shore of an island and then turn around to head back in the direction you came from, in which direction is the sea?",north-west
2245,"We are running west along the middle of the south side of a park; in which direction is the bandstand, located in the centre of the park?",north
2161,"She is running east along the middle of the north side of a park; in which direction is the bandstand, located in the centre of the park?",south
801,We are running west along the north shore of the lake. In which direction is the lake?,south
319,She is racing north along the west shore of the lake. In which direction is the lake?,east
3525,He is running east along the south side of a road which runs east to west. In which direction is the road?,north
5320,"I am jogging south-west along the north-west shore of an island and then turn around to head back in the direction I came from, in which direction is the sea?",north-west
953,They are racing west along the north shore of the lake. In which direction is the lake?,south
4967,"He is running north along the west shore of an island and then turns around to head back in the direction he came from, in which direction is the sea?",west
1499,"I am hiking north along the east shore of a lake and then turn around to head back in the direction I came from, in which direction is the lake?",west
2137,"He is hiking east along the middle of the north side of a park; in which direction is the bandstand, located in the centre of the park?",south
4899,"You are cycling south along the east shore of an island and then turn around to head back in the direction you came from, in which direction is the sea?",east
4657,We are cycling west along the north shore of the island. In which direction is the sea?,north
1880,"They are jogging south-west along the north-west shore of a lake and then turn around to head back in the direction they came from, in which direction is the lake?",south-east
4721,They are running west along the north shore of the island. In which direction is the sea?,north
1849,"They are walking west along the north shore of a lake and then turn around to head back in the direction they came from, in which direction is the lake?",south
2413,"I am walking east along the middle of the south side of a park; in which direction is the bandstand, located in the centre of the park?",north
5567,"She is riding south along the west shore of an island and then turns around to head back in the direction she came from, in which direction is the sea?",west
1111,"You are unicycling north along the west shore of a lake and then turn around to head back in the direction you came from, in which direction is the lake?",east
5552,"She is driving south-west along the north-west shore of an island and then turns around to head back in the direction she came from, in which direction is the sea?",north-west
4734,They are walking south-east along the south-west shore of the island. In which direction is the sea?,south-west
5735,"They are perambulating south along the west shore of an island and then turn around to head back in the direction they came from, in which direction is the sea?",west
460,They are hiking south-west along the south-east shore of the lake. In which direction is the lake?,north-west
2834,"They are jogging north-west along the middle of the north-east side of a park; in which direction is the bandstand, located in the centre of the park?",south-west
5384,"You are cycling south-west along the north-west shore of an island and then turn around to head back in the direction you came from, in which direction is the sea?",north-west
2202,"She is riding south-east along the middle of the north-east side of a park; in which direction is the bandstand, located in the centre of the park?",south-west
1017,"I am hiking east along the north shore of a lake and then turn around to head back in the direction I came from, in which direction is the lake?",south
803,We are running north along the east shore of the lake. In which direction is the lake?,west
4581,She is cycling east along the south shore of the island. In which direction is the sea?,south
5483,"He is riding north along the east shore of an island and then turns around to head back in the direction he came from, in which direction is the sea?",east
5577,"She is hiking west along the north shore of an island and then turns around to head back in the direction she came from, in which direction is the sea?",north
5659,"We are hiking north along the east shore of an island and then turn around to head back in the direction we came from, in which direction is the sea?",east
2494,"You are walking south-east along the middle of the south-west side of a park; in which direction is the bandstand, located in the centre of the park?",north-east
3871,I am driving north along the west shore of the island. In which direction is the sea?,west
3728,We are riding south-west along the north-west side of a road which runs south-west to north-east. In which direction is the road?,south-east
3618,She is cycling north-west along the north-east side of a road which runs north-west to south-east. In which direction is the road?,south-west
5375,"You are walking south along the west shore of an island and then turn around to head back in the direction you came from, in which direction is the sea?",west
1035,"I am racing south along the east shore of a lake and then turn around to head back in the direction I came from, in which direction is the lake?",west
4350,I am driving south-east along the south-west shore of the island. In which direction is the sea?,south-west
1340,"We are hiking south-west along the south-east shore of a lake and then turn around to head back in the direction we came from, in which direction is the lake?",north-west
3583,He is hiking south along the west side of a road which runs south to north. In which direction is the road?,east
1666,"He is unicycling north-west along the north-east shore of a lake and then turns around to head back in the direction he came from, in which direction is the lake?",south-west
4530,He is perambulating north-west along the north-east shore of the island. In which direction is the sea?,north-east
1869,"They are driving east along the south shore of a lake and then turn around to head back in the direction they came from, in which direction is the lake?",north
5071,"She is driving north along the west shore of an island and then turns around to head back in the direction she came from, in which direction is the sea?",west
383,We are hiking north along the west shore of the lake. In which direction is the lake?,east
1014,"I am perambulating north-west along the south-west shore of a lake and then turn around to head back in the direction I came from, in which direction is the lake?",north-east
5258,"They are hiking south-east along the north-east shore of an island and then turn around to head back in the direction they came from, in which direction is the sea?",north-east
1042,"You are running south-east along the north-east shore of a lake and then turn around to head back in the direction you came from, in which direction is the lake?",south-west
2289,"We are perambulating east along the middle of the north side of a park; in which direction is the bandstand, located in the centre of the park?",south
4635,She is racing north along the east shore of the island. In which direction is the sea?,east
3758,We are racing south-east along the south-west side of a road which runs south-east to north-west. In which direction is the road?,north-east
2212,"She is perambulating south-west along the middle of the south-east side of a park; in which direction is the bandstand, located in the centre of the park?",north-west
1808,"We are riding south-west along the north-west shore of a lake and then turn around to head back in the direction we came from, in which direction is the lake?",south-east
5618,"We are cycling north-west along the north-east shore of an island and then turn around to head back in the direction we came from, in which direction is the sea?",north-east
295,She is perambulating north along the west shore of the lake. In which direction is the lake?,east
198,He is jogging north-west along the south-west shore of the lake. In which direction is the lake?,north-east
808,We are running south-west along the north-west shore of the lake. In which direction is the lake?,south-east
1109,"You are unicycling west along the south shore of a lake and then turn around to head back in the direction you came from, in which direction is the lake?",north
4995,"He is jogging south along the east shore of an island and then turns around to head back in the direction he came from, in which direction is the sea?",east
2624,"He is hiking south-west along the middle of the north-west side of a park; in which direction is the bandstand, located in the centre of the park?",south-east
11,I am walking south along the east shore of the lake. In which direction is the lake?,west
766,She is riding south-east along the south-west shore of the lake. In which direction is the lake?,north-east
2357,"They are jogging west along the middle of the south side of a park; in which direction is the bandstand, located in the centre of the park?",north
3043,He is running south along the east side of a road which runs south to north. In which direction is the road?,west
580,You are cycling north-east along the south-east shore of the lake. In which direction is the lake?,north-west
268,She is driving south-west along the south-east shore of the lake. In which direction is the lake?,north-west
2629,"He is unicycling east along the middle of the south side of a park; in which direction is the bandstand, located in the centre of the park?",north
4876,"I am racing south-west along the south-east shore of an island and then turn around to head back in the direction I came from, in which direction is the sea?",south-east
4064,He is hiking north-east along the north-west shore of the island. In which direction is the sea?,north-west
3563,He is riding north along the east side of a road which runs north to south. In which direction is the road?,west
251,She is walking south along the east shore of the lake. In which direction is the lake?,west
3161,She is riding east along the north side of a road which runs east to west. In which direction is the road?,south
352,We are driving north-east along the north-west shore of the lake. In which direction is the lake?,south-east
5673,"We are racing west along the north shore of an island and then turn around to head back in the direction we came from, in which direction is the sea?",north
325,We are running west along the south shore of the lake. In which direction is the lake?,north
387,We are unicycling south along the east shore of the lake. In which direction is the lake?,west
441,They are riding east along the north shore of the lake. In which direction is the lake?,south
4139,She is hiking south along the east shore of the island. In which direction is the sea?,east
3606,She is running south-east along the south-west side of a road which runs south-east to north-west. In which direction is the road?,north-east
5418,"You are hiking north-west along the north-east shore of an island and then turn around to head back in the direction you came from, in which direction is the sea?",north-east
1859,"They are cycling north along the east shore of a lake and then turn around to head back in the direction they came from, in which direction is the lake?",west
1652,"He is perambulating north-east along the south-east shore of a lake and then turns around to head back in the direction he came from, in which direction is the lake?",north-west
825,We are driving west along the north shore of the lake. In which direction is the lake?,south
655,He is walking south along the west shore of the lake. In which direction is the lake?,east
3528,He is running south-west along the north-west side of a road which runs south-west to north-east. In which direction is the road?,south-east
3188,She is unicycling south-west along the south-east side of a road which runs south-west to north-east. In which direction is the road?,north-west
1382,"They are cycling north-west along the south-west shore of a lake and then turn around to head back in the direction they came from, in which direction is the lake?",north-east
4719,We are racing south along the west shore of the island. In which direction is the sea?,west
5164,"We are riding south-west along the south-east shore of an island and then turn around to head back in the direction we came from, in which direction is the sea?",south-east
3402,I am riding north-west along the north-east side of a road which runs north-west to south-east. In which direction is the road?,south-west
2722,"We are running north-west along the middle of the north-east side of a park; in which direction is the bandstand, located in the centre of the park?",south-west
5204,"They are running south-west along the south-east shore of an island and then turn around to head back in the direction they came from, in which direction is the sea?",south-east
1180,"He is hiking south-west along the south-east shore of a lake and then turns around to head back in the direction he came from, in which direction is the lake?",north-west
3916,I am racing south-west along the south-east shore of the island. In which direction is the sea?,south-east
4126,She is riding north-west along the south-west shore of the island. In which direction is the sea?,south-west
3818,They are hiking north-west along the north-east side of a road which runs north-west to south-east. In which direction is the road?,south-west
2164,"She is running south-west along the middle of the south-east side of a park; in which direction is the bandstand, located in the centre of the park?",north-west
4236,We are racing south-west along the south-east shore of the island. In which direction is the sea?,south-east
4100,She is cycling south-west along the south-east shore of the island. In which direction is the sea?,south-east
3551,He is driving south along the west side of a road which runs south to north. In which direction is the road?,east
712,He is unicycling south-west along the north-west shore of the lake. In which direction is the lake?,south-east
3617,She is cycling west along the north side of a road which runs west to east. In which direction is the road?,south
2556,"You are racing north-east along the middle of the south-east side of a park; in which direction is the bandstand, located in the centre of the park?",north-west
2904,I am cycling north-east along the north-west side of a road which runs north-east to south-west. In which direction is the road?,south-east
2835,"They are jogging north along the middle of the east side of a park; in which direction is the bandstand, located in the centre of the park?",west
3304,They are cycling north-east along the north-west side of a road which runs north-east to south-west. In which direction is the road?,south-east
860,We are hiking north-east along the south-east shore of the lake. In which direction is the lake?,north-west
156,You are racing south-west along the south-east shore of the lake. In which direction is the lake?,north-west
4479,You are racing south along the west shore of the island. In which direction is the sea?,west
5642,"We are riding north-west along the north-east shore of an island and then turn around to head back in the direction we came from, in which direction is the sea?",north-east
3554,He is jogging north-west along the north-east side of a road which runs north-west to south-east. In which direction is the road?,south-west
1469,"I am driving east along the south shore of a lake and then turn around to head back in the direction I came from, in which direction is the lake?",north
3349,They are unicycling west along the south side of a road which runs west to east. In which direction is the road?,north
1625,"He is driving west along the north shore of a lake and then turns around to head back in the direction he came from, in which direction is the lake?",south
4036,He is jogging south-west along the south-east shore of the island. In which direction is the sea?,south-east
465,They are unicycling east along the north shore of the lake. In which direction is the lake?,south
1409,"They are perambulating east along the north shore of a lake and then turn around to head back in the direction they came from, in which direction is the lake?",south
986,"I am driving south-east along the north-east shore of a lake and then turn around to head back in the direction I came from, in which direction is the lake?",south-west
4408,You are running south-west along the north-west shore of the island. In which direction is the sea?,north-west
1443,"I am running north along the east shore of a lake and then turn around to head back in the direction I came from, in which direction is the lake?",west
5003,"He is riding south along the east shore of an island and then turns around to head back in the direction he came from, in which direction is the sea?",east
5395,"You are jogging north along the east shore of an island and then turn around to head back in the direction you came from, in which direction is the sea?",east
5279,"They are racing north along the west shore of an island and then turn around to head back in the direction they came from, in which direction is the sea?",west
