id,question,direction
1,I am running east along the north shore of the lake. In which direction is the lake?,south
2,I am running south-east along the north-east shore of the lake. In which direction is the lake?,south-west
3,I am running south along the east shore of the lake. In which direction is the lake?,west
4,I am running south-west along the south-east shore of the lake. In which direction is the lake?,north-west
5,I am running west along the south shore of the lake. In which direction is the lake?,north
6,I am running north-west along the south-west shore of the lake. In which direction is the lake?,north-east
7,I am running north along the west shore of the lake. In which direction is the lake?,east
8,I am running north-east along the north-west shore of the lake. In which direction is the lake?,south-east
9,I am walking east along the north shore of the lake. In which direction is the lake?,south
10,I am walking south-east along the north-east shore of the lake. In which direction is the lake?,south-west
11,I am walking south along the east shore of the lake. In which direction is the lake?,west
12,I am walking south-west along the south-east shore of the lake. In which direction is the lake?,north-west
13,I am walking west along the south shore of the lake. In which direction is the lake?,north
14,I am walking north-west along the south-west shore of the lake. In which direction is the lake?,north-east
15,I am walking north along the west shore of the lake. In which direction is the lake?,east
16,I am walking north-east along the north-west shore of the lake. In which direction is the lake?,south-east
17,I am cycling east along the north shore of the lake. In which direction is the lake?,south
18,I am cycling south-east along the north-east shore of the lake. In which direction is the lake?,south-west
19,I am cycling south along the east shore of the lake. In which direction is the lake?,west
20,I am cycling south-west along the south-east shore of the lake. In which direction is the lake?,north-west
21,I am cycling west along the south shore of the lake. In which direction is the lake?,north
22,I am cycling north-west along the south-west shore of the lake. In which direction is the lake?,north-east
23,I am cycling north along the west shore of the lake. In which direction is the lake?,east
24,I am cycling north-east along the north-west shore of the lake. In which direction is the lake?,south-east
25,I am driving east along the north shore of the lake. In which direction is the lake?,south
26,I am driving south-east along the north-east shore of the lake. In which direction is the lake?,south-west
27,I am driving south along the east shore of the lake. In which direction is the lake?,west
28,I am driving south-west along the south-east shore of the lake. In which direction is the lake?,north-west
29,I am driving west along the south shore of the lake. In which direction is the lake?,north
30,I am driving north-west along the south-west shore of the lake. In which direction is the lake?,north-east
31,I am driving north along the west shore of the lake. In which direction is the lake?,east
32,I am driving north-east along the north-west shore of the lake. In which direction is the lake?,south-east
33,I am jogging east along the north shore of the lake. In which direction is the lake?,south
34,I am jogging south-east along the north-east shore of the lake. In which direction is the lake?,south-west
35,I am jogging south along the east shore of the lake. In which direction is the lake?,west
36,I am jogging south-west along the south-east shore of the lake. In which direction is the lake?,north-west
37,I am jogging west along the south shore of the lake. In which direction is the lake?,north
38,I am jogging north-west along the south-west shore of the lake. In which direction is the lake?,north-east
39,I am jogging north along the west shore of the lake. In which direction is the lake?,east
40,I am jogging north-east along the north-west shore of the lake. In which direction is the lake?,south-east
41,I am riding east along the north shore of the lake. In which direction is the lake?,south
42,I am riding south-east along the north-east shore of the lake. In which direction is the lake?,south-west
43,I am riding south along the east shore of the lake. In which direction is the lake?,west
44,I am riding south-west along the south-east shore of the lake. In which direction is the lake?,north-west
45,I am riding west along the south shore of the lake. In which direction is the lake?,north
46,I am riding north-west along the south-west shore of the lake. In which direction is the lake?,north-east
47,I am riding north along the west shore of the lake. In which direction is the lake?,east
48,I am riding north-east along the north-west shore of the lake. In which direction is the lake?,south-east
49,I am perambulating east along the north shore of the lake. In which direction is the lake?,south
50,I am perambulating south-east along the north-east shore of the lake. In which direction is the lake?,south-west
51,I am perambulating south along the east shore of the lake. In which direction is the lake?,west
52,I am perambulating south-west along the south-east shore of the lake. In which direction is the lake?,north-west
53,I am perambulating west along the south shore of the lake. In which direction is the lake?,north
54,I am perambulating north-west along the south-west shore of the lake. In which direction is the lake?,north-east
55,I am perambulating north along the west shore of the lake. In which direction is the lake?,east
56,I am perambulating north-east along the north-west shore of the lake. In which direction is the lake?,south-east
57,I am hiking east along the north shore of the lake. In which direction is the lake?,south
58,I am hiking south-east along the north-east shore of the lake. In which direction is the lake?,south-west
59,I am hiking south along the east shore of the lake. In which direction is the lake?,west
60,I am hiking south-west along the south-east shore of the lake. In which direction is the lake?,north-west
61,I am hiking west along the south shore of the lake. In which direction is the lake?,north
62,I am hiking north-west along the south-west shore of the lake. In which direction is the lake?,north-east
63,I am hiking north along the west shore of the lake. In which direction is the lake?,east
64,I am hiking north-east along the north-west shore of the lake. In which direction is the lake?,south-east
65,I am unicycling east along the north shore of the lake. In which direction is the lake?,south
66,I am unicycling south-east along the north-east shore of the lake. In which direction is the lake?,south-west
67,I am unicycling south along the east shore of the lake. In which direction is the lake?,west
68,I am unicycling south-west along the south-east shore of the lake. In which direction is the lake?,north-west
69,I am unicycling west along the south shore of the lake. In which direction is the lake?,north
70,I am unicycling north-west along the south-west shore of the lake. In which direction is the lake?,north-east
71,I am unicycling north along the west shore of the lake. In which direction is the lake?,east
72,I am unicycling north-east along the north-west shore of the lake. In which direction is the lake?,south-east
73,I am racing east along the north shore of the lake. In which direction is the lake?,south
74,I am racing south-east along the north-east shore of the lake. In which direction is the lake?,south-west
75,I am racing south along the east shore of the lake. In which direction is the lake?,west
76,I am racing south-west along the south-east shore of the lake. In which direction is the lake?,north-west
77,I am racing west along the south shore of the lake. In which direction is the lake?,north
78,I am racing north-west along the south-west shore of the lake. In which direction is the lake?,north-east
79,I am racing north along the west shore of the lake. In which direction is the lake?,east
80,I am racing north-east along the north-west shore of the lake. In which direction is the lake?,south-east
81,You are running east along the north shore of the lake. In which direction is the lake?,south
82,You are running south-east along the north-east shore of the lake. In which direction is the lake?,south-west
83,You are running south along the east shore of the lake. In which direction is the lake?,west
84,You are running south-west along the south-east shore of the lake. In which direction is the lake?,north-west
85,You are running west along the south shore of the lake. In which direction is the lake?,north
86,You are running north-west along the south-west shore of the lake. In which direction is the lake?,north-east
87,You are running north along the west shore of the lake. In which direction is the lake?,east
88,You are running north-east along the north-west shore of the lake. In which direction is the lake?,south-east
89,You are walking east along the north shore of the lake. In which direction is the lake?,south
90,You are walking south-east along the north-east shore of the lake. In which direction is the lake?,south-west
91,You are walking south along the east shore of the lake. In which direction is the lake?,west
92,You are walking south-west along the south-east shore of the lake. In which direction is the lake?,north-west
93,You are walking west along the south shore of the lake. In which direction is the lake?,north
94,You are walking north-west along the south-west shore of the lake. In which direction is the lake?,north-east
95,You are walking north along the west shore of the lake. In which direction is the lake?,east
96,You are walking north-east along the north-west shore of the lake. In which direction is the lake?,south-east
97,You are cycling east along the north shore of the lake. In which direction is the lake?,south
98,You are cycling south-east along the north-east shore of the lake. In which direction is the lake?,south-west
99,You are cycling south along the east shore of the lake. In which direction is the lake?,west
100,You are cycling south-west along the south-east shore of the lake. In which direction is the lake?,north-west
101,You are cycling west along the south shore of the lake. In which direction is the lake?,north
102,You are cycling north-west along the south-west shore of the lake. In which direction is the lake?,north-east
103,You are cycling north along the west shore of the lake. In which direction is the lake?,east
104,You are cycling north-east along the north-west shore of the lake. In which direction is the lake?,south-east
105,You are driving east along the north shore of the lake. In which direction is the lake?,south
106,You are driving south-east along the north-east shore of the lake. In which direction is the lake?,south-west
107,You are driving south along the east shore of the lake. In which direction is the lake?,west
108,You are driving south-west along the south-east shore of the lake. In which direction is the lake?,north-west
109,You are driving west along the south shore of the lake. In which direction is the lake?,north
110,You are driving north-west along the south-west shore of the lake. In which direction is the lake?,north-east
111,You are driving north along the west shore of the lake. In which direction is the lake?,east
112,You are driving north-east along the north-west shore of the lake. In which direction is the lake?,south-east
113,You are jogging east along the north shore of the lake. In which direction is the lake?,south
114,You are jogging south-east along the north-east shore of the lake. In which direction is the lake?,south-west
115,You are jogging south along the east shore of the lake. In which direction is the lake?,west
116,You are jogging south-west along the south-east shore of the lake. In which direction is the lake?,north-west
117,You are jogging west along the south shore of the lake. In which direction is the lake?,north
118,You are jogging north-west along the south-west shore of the lake. In which direction is the lake?,north-east
119,You are jogging north along the west shore of the lake. In which direction is the lake?,east
120,You are jogging north-east along the north-west shore of the lake. In which direction is the lake?,south-east
121,You are riding east along the north shore of the lake. In which direction is the lake?,south
122,You are riding south-east along the north-east shore of the lake. In which direction is the lake?,south-west
123,You are riding south along the east shore of the lake. In which direction is the lake?,west
124,You are riding south-west along the south-east shore of the lake. In which direction is the lake?,north-west
125,You are riding west along the south shore of the lake. In which direction is the lake?,north
126,You are riding north-west along the south-west shore of the lake. In which direction is the lake?,north-east
127,You are riding north along the west shore of the lake. In which direction is the lake?,east
128,You are riding north-east along the north-west shore of the lake. In which direction is the lake?,south-east
129,You are perambulating east along the north shore of the lake. In which direction is the lake?,south
130,You are perambulating south-east along the north-east shore of the lake. In which direction is the lake?,south-west
131,You are perambulating south along the east shore of the lake. In which direction is the lake?,west
132,You are perambulating south-west along the south-east shore of the lake. In which direction is the lake?,north-west
133,You are perambulating west along the south shore of the lake. In which direction is the lake?,north
134,You are perambulating north-west along the south-west shore of the lake. In which direction is the lake?,north-east
135,You are perambulating north along the west shore of the lake. In which direction is the lake?,east
136,You are perambulating north-east along the north-west shore of the lake. In which direction is the lake?,south-east
137,You are hiking east along the north shore of the lake. In which direction is the lake?,south
138,You are hiking south-east along the north-east shore of the lake. In which direction is the lake?,south-west
139,You are hiking south along the east shore of the lake. In which direction is the lake?,west
140,You are hiking south-west along the south-east shore of the lake. In which direction is the lake?,north-west
141,You are hiking west along the south shore of the lake. In which direction is the lake?,north
142,You are hiking north-west along the south-west shore of the lake. In which direction is the lake?,north-east
143,You are hiking north along the west shore of the lake. In which direction is the lake?,east
144,You are hiking north-east along the north-west shore of the lake. In which direction is the lake?,south-east
145,You are unicycling east along the north shore of the lake. In which direction is the lake?,south
146,You are unicycling south-east along the north-east shore of the lake. In which direction is the lake?,south-west
147,You are unicycling south along the east shore of the lake. In which direction is the lake?,west
148,You are unicycling south-west along the south-east shore of the lake. In which direction is the lake?,north-west
149,You are unicycling west along the south shore of the lake. In which direction is the lake?,north
150,You are unicycling north-west along the south-west shore of the lake. In which direction is the lake?,north-east
151,You are unicycling north along the west shore of the lake. In which direction is the lake?,east
152,You are unicycling north-east along the north-west shore of the lake. In which direction is the lake?,south-east
153,You are racing east along the north shore of the lake. In which direction is the lake?,south
154,You are racing south-east along the north-east shore of the lake. In which direction is the lake?,south-west
155,You are racing south along the east shore of the lake. In which direction is the lake?,west
156,You are racing south-west along the south-east shore of the lake. In which direction is the lake?,north-west
157,You are racing west along the south shore of the lake. In which direction is the lake?,north
158,You are racing north-west along the south-west shore of the lake. In which direction is the lake?,north-east
159,You are racing north along the west shore of the lake. In which direction is the lake?,east
160,You are racing north-east along the north-west shore of the lake. In which direction is the lake?,south-east
161,He is running east along the north shore of the lake. In which direction is the lake?,south
162,He is running south-east along the north-east shore of the lake. In which direction is the lake?,south-west
163,He is running south along the east shore of the lake. In which direction is the lake?,west
164,He is running south-west along the south-east shore of the lake. In which direction is the lake?,north-west
165,He is running west along the south shore of the lake. In which direction is the lake?,north
166,He is running north-west along the south-west shore of the lake. In which direction is the lake?,north-east
167,He is running north along the west shore of the lake. In which direction is the lake?,east
168,He is running north-east along the north-west shore of the lake. In which direction is the lake?,south-east
169,He is walking east along the north shore of the lake. In which direction is the lake?,south
170,He is walking south-east along the north-east shore of the lake. In which direction is the lake?,south-west
171,He is walking south along the east shore of the lake. In which direction is the lake?,west
172,He is walking south-west along the south-east shore of the lake. In which direction is the lake?,north-west
173,He is walking west along the south shore of the lake. In which direction is the lake?,north
174,He is walking north-west along the south-west shore of the lake. In which direction is the lake?,north-east
175,He is walking north along the west shore of the lake. In which direction is the lake?,east
176,He is walking north-east along the north-west shore of the lake. In which direction is the lake?,south-east
177,He is cycling east along the north shore of the lake. In which direction is the lake?,south
178,He is cycling south-east along the north-east shore of the lake. In which direction is the lake?,south-west
179,He is cycling south along the east shore of the lake. In which direction is the lake?,west
180,He is cycling south-west along the south-east shore of the lake. In which direction is the lake?,north-west
181,He is cycling west along the south shore of the lake. In which direction is the lake?,north
182,He is cycling north-west along the south-west shore of the lake. In which direction is the lake?,north-east
183,He is cycling north along the west shore of the lake. In which direction is the lake?,east
184,He is cycling north-east along the north-west shore of the lake. In which direction is the lake?,south-east
185,He is driving east along the north shore of the lake. In which direction is the lake?,south
186,He is driving south-east along the north-east shore of the lake. In which direction is the lake?,south-west
187,He is driving south along the east shore of the lake. In which direction is the lake?,west
188,He is driving south-west along the south-east shore of the lake. In which direction is the lake?,north-west
189,He is driving west along the south shore of the lake. In which direction is the lake?,north
190,He is driving north-west along the south-west shore of the lake. In which direction is the lake?,north-east
191,He is driving north along the west shore of the lake. In which direction is the lake?,east
192,He is driving north-east along the north-west shore of the lake. In which direction is the lake?,south-east
193,He is jogging east along the north shore of the lake. In which direction is the lake?,south
194,He is jogging south-east along the north-east shore of the lake. In which direction is the lake?,south-west
195,He is jogging south along the east shore of the lake. In which direction is the lake?,west
196,He is jogging south-west along the south-east shore of the lake. In which direction is the lake?,north-west
197,He is jogging west along the south shore of the lake. In which direction is the lake?,north
198,He is jogging north-west along the south-west shore of the lake. In which direction is the lake?,north-east
199,He is jogging north along the west shore of the lake. In which direction is the lake?,east
200,He is jogging north-east along the north-west shore of the lake. In which direction is the lake?,south-east
201,He is riding east along the north shore of the lake. In which direction is the lake?,south
202,He is riding south-east along the north-east shore of the lake. In which direction is the lake?,south-west
203,He is riding south along the east shore of the lake. In which direction is the lake?,west
204,He is riding south-west along the south-east shore of the lake. In which direction is the lake?,north-west
205,He is riding west along the south shore of the lake. In which direction is the lake?,north
206,He is riding north-west along the south-west shore of the lake. In which direction is the lake?,north-east
207,He is riding north along the west shore of the lake. In which direction is the lake?,east
208,He is riding north-east along the north-west shore of the lake. In which direction is the lake?,south-east
209,He is perambulating east along the north shore of the lake. In which direction is the lake?,south
210,He is perambulating south-east along the north-east shore of the lake. In which direction is the lake?,south-west
211,He is perambulating south along the east shore of the lake. In which direction is the lake?,west
212,He is perambulating south-west along the south-east shore of the lake. In which direction is the lake?,north-west
213,He is perambulating west along the south shore of the lake. In which direction is the lake?,north
214,He is perambulating north-west along the south-west shore of the lake. In which direction is the lake?,north-east
215,He is perambulating north along the west shore of the lake. In which direction is the lake?,east
216,He is perambulating north-east along the north-west shore of the lake. In which direction is the lake?,south-east
217,He is hiking east along the north shore of the lake. In which direction is the lake?,south
218,He is hiking south-east along the north-east shore of the lake. In which direction is the lake?,south-west
219,He is hiking south along the east shore of the lake. In which direction is the lake?,west
220,He is hiking south-west along the south-east shore of the lake. In which direction is the lake?,north-west
221,He is hiking west along the south shore of the lake. In which direction is the lake?,north
222,He is hiking north-west along the south-west shore of the lake. In which direction is the lake?,north-east
223,He is hiking north along the west shore of the lake. In which direction is the lake?,east
224,He is hiking north-east along the north-west shore of the lake. In which direction is the lake?,south-east
225,He is unicycling east along the north shore of the lake. In which direction is the lake?,south
226,He is unicycling south-east along the north-east shore of the lake. In which direction is the lake?,south-west
227,He is unicycling south along the east shore of the lake. In which direction is the lake?,west
228,He is unicycling south-west along the south-east shore of the lake. In which direction is the lake?,north-west
229,He is unicycling west along the south shore of the lake. In which direction is the lake?,north
230,He is unicycling north-west along the south-west shore of the lake. In which direction is the lake?,north-east
231,He is unicycling north along the west shore of the lake. In which direction is the lake?,east
232,He is unicycling north-east along the north-west shore of the lake. In which direction is the lake?,south-east
233,He is racing east along the north shore of the lake. In which direction is the lake?,south
234,He is racing south-east along the north-east shore of the lake. In which direction is the lake?,south-west
235,He is racing south along the east shore of the lake. In which direction is the lake?,west
236,He is racing south-west along the south-east shore of the lake. In which direction is the lake?,north-west
237,He is racing west along the south shore of the lake. In which direction is the lake?,north
238,He is racing north-west along the south-west shore of the lake. In which direction is the lake?,north-east
239,He is racing north along the west shore of the lake. In which direction is the lake?,east
240,He is racing north-east along the north-west shore of the lake. In which direction is the lake?,south-east
241,She is running east along the north shore of the lake. In which direction is the lake?,south
242,She is running south-east along the north-east shore of the lake. In which direction is the lake?,south-west
243,She is running south along the east shore of the lake. In which direction is the lake?,west
244,She is running south-west along the south-east shore of the lake. In which direction is the lake?,north-west
245,She is running west along the south shore of the lake. In which direction is the lake?,north
246,She is running north-west along the south-west shore of the lake. In which direction is the lake?,north-east
247,She is running north along the west shore of the lake. In which direction is the lake?,east
248,She is running north-east along the north-west shore of the lake. In which direction is the lake?,south-east
249,She is walking east along the north shore of the lake. In which direction is the lake?,south
250,She is walking south-east along the north-east shore of the lake. In which direction is the lake?,south-west
251,She is walking south along the east shore of the lake. In which direction is the lake?,west
252,She is walking south-west along the south-east shore of the lake. In which direction is the lake?,north-west
253,She is walking west along the south shore of the lake. In which direction is the lake?,north
254,She is walking north-west along the south-west shore of the lake. In which direction is the lake?,north-east
255,She is walking north along the west shore of the lake. In which direction is the lake?,east
256,She is walking north-east along the north-west shore of the lake. In which direction is the lake?,south-east
257,She is cycling east along the north shore of the lake. In which direction is the lake?,south
258,She is cycling south-east along the north-east shore of the lake. In which direction is the lake?,south-west
259,She is cycling south along the east shore of the lake. In which direction is the lake?,west
260,She is cycling south-west along the south-east shore of the lake. In which direction is the lake?,north-west
261,She is cycling west along the south shore of the lake. In which direction is the lake?,north
262,She is cycling north-west along the south-west shore of the lake. In which direction is the lake?,north-east
263,She is cycling north along the west shore of the lake. In which direction is the lake?,east
264,She is cycling north-east along the north-west shore of the lake. In which direction is the lake?,south-east
265,She is driving east along the north shore of the lake. In which direction is the lake?,south
266,She is driving south-east along the north-east shore of the lake. In which direction is the lake?,south-west
267,She is driving south along the east shore of the lake. In which direction is the lake?,west
268,She is driving south-west along the south-east shore of the lake. In which direction is the lake?,north-west
269,She is driving west along the south shore of the lake. In which direction is the lake?,north
270,She is driving north-west along the south-west shore of the lake. In which direction is the lake?,north-east
271,She is driving north along the west shore of the lake. In which direction is the lake?,east
272,She is driving north-east along the north-west shore of the lake. In which direction is the lake?,south-east
273,She is jogging east along the north shore of the lake. In which direction is the lake?,south
274,She is jogging south-east along the north-east shore of the lake. In which direction is the lake?,south-west
275,She is jogging south along the east shore of the lake. In which direction is the lake?,west
276,She is jogging south-west along the south-east shore of the lake. In which direction is the lake?,north-west
277,She is jogging west along the south shore of the lake. In which direction is the lake?,north
278,She is jogging north-west along the south-west shore of the lake. In which direction is the lake?,north-east
279,She is jogging north along the west shore of the lake. In which direction is the lake?,east
280,She is jogging north-east along the north-west shore of the lake. In which direction is the lake?,south-east
281,She is riding east along the north shore of the lake. In which direction is the lake?,south
282,She is riding south-east along the north-east shore of the lake. In which direction is the lake?,south-west
283,She is riding south along the east shore of the lake. In which direction is the lake?,west
284,She is riding south-west along the south-east shore of the lake. In which direction is the lake?,north-west
285,She is riding west along the south shore of the lake. In which direction is the lake?,north
286,She is riding north-west along the south-west shore of the lake. In which direction is the lake?,north-east
287,She is riding north along the west shore of the lake. In which direction is the lake?,east
288,She is riding north-east along the north-west shore of the lake. In which direction is the lake?,south-east
289,She is perambulating east along the north shore of the lake. In which direction is the lake?,south
290,She is perambulating south-east along the north-east shore of the lake. In which direction is the lake?,south-west
291,She is perambulating south along the east shore of the lake. In which direction is the lake?,west
292,She is perambulating south-west along the south-east shore of the lake. In which direction is the lake?,north-west
293,She is perambulating west along the south shore of the lake. In which direction is the lake?,north
294,She is perambulating north-west along the south-west shore of the lake. In which direction is the lake?,north-east
295,She is perambulating north along the west shore of the lake. In which direction is the lake?,east
296,She is perambulating north-east along the north-west shore of the lake. In which direction is the lake?,south-east
297,She is hiking east along the north shore of the lake. In which direction is the lake?,south
298,She is hiking south-east along the north-east shore of the lake. In which direction is the lake?,south-west
299,She is hiking south along the east shore of the lake. In which direction is the lake?,west
300,She is hiking south-west along the south-east shore of the lake. In which direction is the lake?,north-west
301,She is hiking west along the south shore of the lake. In which direction is the lake?,north
302,She is hiking north-west along the south-west shore of the lake. In which direction is the lake?,north-east
303,She is hiking north along the west shore of the lake. In which direction is the lake?,east
304,She is hiking north-east along the north-west shore of the lake. In which direction is the lake?,south-east
305,She is unicycling east along the north shore of the lake. In which direction is the lake?,south
306,She is unicycling south-east along the north-east shore of the lake. In which direction is the lake?,south-west
307,She is unicycling south along the east shore of the lake. In which direction is the lake?,west
308,She is unicycling south-west along the south-east shore of the lake. In which direction is the lake?,north-west
309,She is unicycling west along the south shore of the lake. In which direction is the lake?,north
310,She is unicycling north-west along the south-west shore of the lake. In which direction is the lake?,north-east
311,She is unicycling north along the west shore of the lake. In which direction is the lake?,east
312,She is unicycling north-east along the north-west shore of the lake. In which direction is the lake?,south-east
313,She is racing east along the north shore of the lake. In which direction is the lake?,south
314,She is racing south-east along the north-east shore of the lake. In which direction is the lake?,south-west
315,She is racing south along the east shore of the lake. In which direction is the lake?,west
316,She is racing south-west along the south-east shore of the lake. In which direction is the lake?,north-west
317,She is racing west along the south shore of the lake. In which direction is the lake?,north
318,She is racing north-west along the south-west shore of the lake. In which direction is the lake?,north-east
319,She is racing north along the west shore of the lake. In which direction is the lake?,east
320,She is racing north-east along the north-west shore of the lake. In which direction is the lake?,south-east
321,We are running east along the north shore of the lake. In which direction is the lake?,south
322,We are running south-east along the north-east shore of the lake. In which direction is the lake?,south-west
323,We are running south along the east shore of the lake. In which direction is the lake?,west
324,We are running south-west along the south-east shore of the lake. In which direction is the lake?,north-west
325,We are running west along the south shore of the lake. In which direction is the lake?,north
326,We are running north-west along the south-west shore of the lake. In which direction is the lake?,north-east
327,We are running north along the west shore of the lake. In which direction is the lake?,east
328,We are running north-east along the north-west shore of the lake. In which direction is the lake?,south-east
329,We are walking east along the north shore of the lake. In which direction is the lake?,south
330,We are walking south-east along the north-east shore of the lake. In which direction is the lake?,south-west
331,We are walking south along the east shore of the lake. In which direction is the lake?,west
332,We are walking south-west along the south-east shore of the lake. In which direction is the lake?,north-west
333,We are walking west along the south shore of the lake. In which direction is the lake?,north
334,We are walking north-west along the south-west shore of the lake. In which direction is the lake?,north-east
335,We are walking north along the west shore of the lake. In which direction is the lake?,east
336,We are walking north-east along the north-west shore of the lake. In which direction is the lake?,south-east
337,We are cycling east along the north shore of the lake. In which direction is the lake?,south
338,We are cycling south-east along the north-east shore of the lake. In which direction is the lake?,south-west
339,We are cycling south along the east shore of the lake. In which direction is the lake?,west
340,We are cycling south-west along the south-east shore of the lake. In which direction is the lake?,north-west
341,We are cycling west along the south shore of the lake. In which direction is the lake?,north
342,We are cycling north-west along the south-west shore of the lake. In which direction is the lake?,north-east
343,We are cycling north along the west shore of the lake. In which direction is the lake?,east
344,We are cycling north-east along the north-west shore of the lake. In which direction is the lake?,south-east
345,We are driving east along the north shore of the lake. In which direction is the lake?,south
346,We are driving south-east along the north-east shore of the lake. In which direction is the lake?,south-west
347,We are driving south along the east shore of the lake. In which direction is the lake?,west
348,We are driving south-west along the south-east shore of the lake. In which direction is the lake?,north-west
349,We are driving west along the south shore of the lake. In which direction is the lake?,north
350,We are driving north-west along the south-west shore of the lake. In which direction is the lake?,north-east
351,We are driving north along the west shore of the lake. In which direction is the lake?,east
352,We are driving north-east along the north-west shore of the lake. In which direction is the lake?,south-east
353,We are jogging east along the north shore of the lake. In which direction is the lake?,south
354,We are jogging south-east along the north-east shore of the lake. In which direction is the lake?,south-west
355,We are jogging south along the east shore of the lake. In which direction is the lake?,west
356,We are jogging south-west along the south-east shore of the lake. In which direction is the lake?,north-west
357,We are jogging west along the south shore of the lake. In which direction is the lake?,north
358,We are jogging north-west along the south-west shore of the lake. In which direction is the lake?,north-east
359,We are jogging north along the west shore of the lake. In which direction is the lake?,east
360,We are jogging north-east along the north-west shore of the lake. In which direction is the lake?,south-east
361,We are riding east along the north shore of the lake. In which direction is the lake?,south
362,We are riding south-east along the north-east shore of the lake. In which direction is the lake?,south-west
363,We are riding south along the east shore of the lake. In which direction is the lake?,west
364,We are riding south-west along the south-east shore of the lake. In which direction is the lake?,north-west
365,We are riding west along the south shore of the lake. In which direction is the lake?,north
366,We are riding north-west along the south-west shore of the lake. In which direction is the lake?,north-east
367,We are riding north along the west shore of the lake. In which direction is the lake?,east
368,We are riding north-east along the north-west shore of the lake. In which direction is the lake?,south-east
369,We are perambulating east along the north shore of the lake. In which direction is the lake?,south
370,We are perambulating south-east along the north-east shore of the lake. In which direction is the lake?,south-west
371,We are perambulating south along the east shore of the lake. In which direction is the lake?,west
372,We are perambulating south-west along the south-east shore of the lake. In which direction is the lake?,north-west
373,We are perambulating west along the south shore of the lake. In which direction is the lake?,north
374,We are perambulating north-west along the south-west shore of the lake. In which direction is the lake?,north-east
375,We are perambulating north along the west shore of the lake. In which direction is the lake?,east
376,We are perambulating north-east along the north-west shore of the lake. In which direction is the lake?,south-east
377,We are hiking east along the north shore of the lake. In which direction is the lake?,south
378,We are hiking south-east along the north-east shore of the lake. In which direction is the lake?,south-west
379,We are hiking south along the east shore of the lake. In which direction is the lake?,west
380,We are hiking south-west along the south-east shore of the lake. In which direction is the lake?,north-west
381,We are hiking west along the south shore of the lake. In which direction is the lake?,north
382,We are hiking north-west along the south-west shore of the lake. In which direction is the lake?,north-east
383,We are hiking north along the west shore of the lake. In which direction is the lake?,east
384,We are hiking north-east along the north-west shore of the lake. In which direction is the lake?,south-east
385,We are unicycling east along the north shore of the lake. In which direction is the lake?,south
386,We are unicycling south-east along the north-east shore of the lake. In which direction is the lake?,south-west
387,We are unicycling south along the east shore of the lake. In which direction is the lake?,west
388,We are unicycling south-west along the south-east shore of the lake. In which direction is the lake?,north-west
389,We are unicycling west along the south shore of the lake. In which direction is the lake?,north
390,We are unicycling north-west along the south-west shore of the lake. In which direction is the lake?,north-east
391,We are unicycling north along the west shore of the lake. In which direction is the lake?,east
392,We are unicycling north-east along the north-west shore of the lake. In which direction is the lake?,south-east
393,We are racing east along the north shore of the lake. In which direction is the lake?,south
394,We are racing south-east along the north-east shore of the lake. In which direction is the lake?,south-west
395,We are racing south along the east shore of the lake. In which direction is the lake?,west
396,We are racing south-west along the south-east shore of the lake. In which direction is the lake?,north-west
397,We are racing west along the south shore of the lake. In which direction is the lake?,north
398,We are racing north-west along the south-west shore of the lake. In which direction is the lake?,north-east
399,We are racing north along the west shore of the lake. In which direction is the lake?,east
400,We are racing north-east along the north-west shore of the lake. In which direction is the lake?,south-east
401,They are running east along the north shore of the lake. In which direction is the lake?,south
402,They are running south-east along the north-east shore of the lake. In which direction is the lake?,south-west
403,They are running south along the east shore of the lake. In which direction is the lake?,west
404,They are running south-west along the south-east shore of the lake. In which direction is the lake?,north-west
405,They are running west along the south shore of the lake. In which direction is the lake?,north
406,They are running north-west along the south-west shore of the lake. In which direction is the lake?,north-east
407,They are running north along the west shore of the lake. In which direction is the lake?,east
408,They are running north-east along the north-west shore of the lake. In which direction is the lake?,south-east
409,They are walking east along the north shore of the lake. In which direction is the lake?,south
410,They are walking south-east along the north-east shore of the lake. In which direction is the lake?,south-west
411,They are walking south along the east shore of the lake. In which direction is the lake?,west
412,They are walking south-west along the south-east shore of the lake. In which direction is the lake?,north-west
413,They are walking west along the south shore of the lake. In which direction is the lake?,north
414,They are walking north-west along the south-west shore of the lake. In which direction is the lake?,north-east
415,They are walking north along the west shore of the lake. In which direction is the lake?,east
416,They are walking north-east along the north-west shore of the lake. In which direction is the lake?,south-east
417,They are cycling east along the north shore of the lake. In which direction is the lake?,south
418,They are cycling south-east along the north-east shore of the lake. In which direction is the lake?,south-west
419,They are cycling south along the east shore of the lake. In which direction is the lake?,west
420,They are cycling south-west along the south-east shore of the lake. In which direction is the lake?,north-west
421,They are cycling west along the south shore of the lake. In which direction is the lake?,north
422,They are cycling north-west along the south-west shore of the lake. In which direction is the lake?,north-east
423,They are cycling north along the west shore of the lake. In which direction is the lake?,east
424,They are cycling north-east along the north-west shore of the lake. In which direction is the lake?,south-east
425,They are driving east along the north shore of the lake. In which direction is the lake?,south
426,They are driving south-east along the north-east shore of the lake. In which direction is the lake?,south-west
427,They are driving south along the east shore of the lake. In which direction is the lake?,west
428,They are driving south-west along the south-east shore of the lake. In which direction is the lake?,north-west
429,They are driving west along the south shore of the lake. In which direction is the lake?,north
430,They are driving north-west along the south-west shore of the lake. In which direction is the lake?,north-east
431,They are driving north along the west shore of the lake. In which direction is the lake?,east
432,They are driving north-east along the north-west shore of the lake. In which direction is the lake?,south-east
433,They are jogging east along the north shore of the lake. In which direction is the lake?,south
434,They are jogging south-east along the north-east shore of the lake. In which direction is the lake?,south-west
435,They are jogging south along the east shore of the lake. In which direction is the lake?,west
436,They are jogging south-west along the south-east shore of the lake. In which direction is the lake?,north-west
437,They are jogging west along the south shore of the lake. In which direction is the lake?,north
438,They are jogging north-west along the south-west shore of the lake. In which direction is the lake?,north-east
439,They are jogging north along the west shore of the lake. In which direction is the lake?,east
440,They are jogging north-east along the north-west shore of the lake. In which direction is the lake?,south-east
441,They are riding east along the north shore of the lake. In which direction is the lake?,south
442,They are riding south-east along the north-east shore of the lake. In which direction is the lake?,south-west
443,They are riding south along the east shore of the lake. In which direction is the lake?,west
444,They are riding south-west along the south-east shore of the lake. In which direction is the lake?,north-west
445,They are riding west along the south shore of the lake. In which direction is the lake?,north
446,They are riding north-west along the south-west shore of the lake. In which direction is the lake?,north-east
447,They are riding north along the west shore of the lake. In which direction is the lake?,east
448,They are riding north-east along the north-west shore of the lake. In which direction is the lake?,south-east
449,They are perambulating east along the north shore of the lake. In which direction is the lake?,south
450,They are perambulating south-east along the north-east shore of the lake. In which direction is the lake?,south-west
451,They are perambulating south along the east shore of the lake. In which direction is the lake?,west
452,They are perambulating south-west along the south-east shore of the lake. In which direction is the lake?,north-west
453,They are perambulating west along the south shore of the lake. In which direction is the lake?,north
454,They are perambulating north-west along the south-west shore of the lake. In which direction is the lake?,north-east
455,They are perambulating north along the west shore of the lake. In which direction is the lake?,east
456,They are perambulating north-east along the north-west shore of the lake. In which direction is the lake?,south-east
457,They are hiking east along the north shore of the lake. In which direction is the lake?,south
458,They are hiking south-east along the north-east shore of the lake. In which direction is the lake?,south-west
459,They are hiking south along the east shore of the lake. In which direction is the lake?,west
460,They are hiking south-west along the south-east shore of the lake. In which direction is the lake?,north-west
461,They are hiking west along the south shore of the lake. In which direction is the lake?,north
462,They are hiking north-west along the south-west shore of the lake. In which direction is the lake?,north-east
463,They are hiking north along the west shore of the lake. In which direction is the lake?,east
464,They are hiking north-east along the north-west shore of the lake. In which direction is the lake?,south-east
465,They are unicycling east along the north shore of the lake. In which direction is the lake?,south
466,They are unicycling south-east along the north-east shore of the lake. In which direction is the lake?,south-west
467,They are unicycling south along the east shore of the lake. In which direction is the lake?,west
468,They are unicycling south-west along the south-east shore of the lake. In which direction is the lake?,north-west
469,They are unicycling west along the south shore of the lake. In which direction is the lake?,north
470,They are unicycling north-west along the south-west shore of the lake. In which direction is the lake?,north-east
471,They are unicycling north along the west shore of the lake. In which direction is the lake?,east
472,They are unicycling north-east along the north-west shore of the lake. In which direction is the lake?,south-east
473,They are racing east along the north shore of the lake. In which direction is the lake?,south
474,They are racing south-east along the north-east shore of the lake. In which direction is the lake?,south-west
475,They are racing south along the east shore of the lake. In which direction is the lake?,west
476,They are racing south-west along the south-east shore of the lake. In which direction is the lake?,north-west
477,They are racing west along the south shore of the lake. In which direction is the lake?,north
478,They are racing north-west along the south-west shore of the lake. In which direction is the lake?,north-east
479,They are racing north along the west shore of the lake. In which direction is the lake?,east
480,They are racing north-east along the north-west shore of the lake. In which direction is the lake?,south-east
481,I am running west along the north shore of the lake. In which direction is the lake?,south
482,I am running north-west along the north-east shore of the lake. In which direction is the lake?,south-west
483,I am running north along the east shore of the lake. In which direction is the lake?,west
484,I am running north-east along the south-east shore of the lake. In which direction is the lake?,north-west
485,I am running east along the south shore of the lake. In which direction is the lake?,north
486,I am running south-east along the south-west shore of the lake. In which direction is the lake?,north-east
487,I am running south along the west shore of the lake. In which direction is the lake?,east
488,I am running south-west along the north-west shore of the lake. In which direction is the lake?,south-east
489,I am walking west along the north shore of the lake. In which direction is the lake?,south
490,I am walking north-west along the north-east shore of the lake. In which direction is the lake?,south-west
491,I am walking north along the east shore of the lake. In which direction is the lake?,west
492,I am walking north-east along the south-east shore of the lake. In which direction is the lake?,north-west
493,I am walking east along the south shore of the lake. In which direction is the lake?,north
494,I am walking south-east along the south-west shore of the lake. In which direction is the lake?,north-east
495,I am walking south along the west shore of the lake. In which direction is the lake?,east
496,I am walking south-west along the north-west shore of the lake. In which direction is the lake?,south-east
497,I am cycling west along the north shore of the lake. In which direction is the lake?,south
498,I am cycling north-west along the north-east shore of the lake. In which direction is the lake?,south-west
499,I am cycling north along the east shore of the lake. In which direction is the lake?,west
500,I am cycling north-east along the south-east shore of the lake. In which direction is the lake?,north-west
501,I am cycling east along the south shore of the lake. In which direction is the lake?,north
502,I am cycling south-east along the south-west shore of the lake. In which direction is the lake?,north-east
503,I am cycling south along the west shore of the lake. In which direction is the lake?,east
504,I am cycling south-west along the north-west shore of the lake. In which direction is the lake?,south-east
505,I am driving west along the north shore of the lake. In which direction is the lake?,south
506,I am driving north-west along the north-east shore of the lake. In which direction is the lake?,south-west
507,I am driving north along the east shore of the lake. In which direction is the lake?,west
508,I am driving north-east along the south-east shore of the lake. In which direction is the lake?,north-west
509,I am driving east along the south shore of the lake. In which direction is the lake?,north
510,I am driving south-east along the south-west shore of the lake. In which direction is the lake?,north-east
511,I am driving south along the west shore of the lake. In which direction is the lake?,east
512,I am driving south-west along the north-west shore of the lake. In which direction is the lake?,south-east
513,I am jogging west along the north shore of the lake. In which direction is the lake?,south
514,I am jogging north-west along the north-east shore of the lake. In which direction is the lake?,south-west
515,I am jogging north along the east shore of the lake. In which direction is the lake?,west
516,I am jogging north-east along the south-east shore of the lake. In which direction is the lake?,north-west
517,I am jogging east along the south shore of the lake. In which direction is the lake?,north
518,I am jogging south-east along the south-west shore of the lake. In which direction is the lake?,north-east
519,I am jogging south along the west shore of the lake. In which direction is the lake?,east
520,I am jogging south-west along the north-west shore of the lake. In which direction is the lake?,south-east
521,I am riding west along the north shore of the lake. In which direction is the lake?,south
522,I am riding north-west along the north-east shore of the lake. In which direction is the lake?,south-west
523,I am riding north along the east shore of the lake. In which direction is the lake?,west
524,I am riding north-east along the south-east shore of the lake. In which direction is the lake?,north-west
525,I am riding east along the south shore of the lake. In which direction is the lake?,north
526,I am riding south-east along the south-west shore of the lake. In which direction is the lake?,north-east
527,I am riding south along the west shore of the lake. In which direction is the lake?,east
528,I am riding south-west along the north-west shore of the lake. In which direction is the lake?,south-east
529,I am perambulating west along the north shore of the lake. In which direction is the lake?,south
530,I am perambulating north-west along the north-east shore of the lake. In which direction is the lake?,south-west
531,I am perambulating north along the east shore of the lake. In which direction is the lake?,west
532,I am perambulating north-east along the south-east shore of the lake. In which direction is the lake?,north-west
533,I am perambulating east along the south shore of the lake. In which direction is the lake?,north
534,I am perambulating south-east along the south-west shore of the lake. In which direction is the lake?,north-east
535,I am perambulating south along the west shore of the lake. In which direction is the lake?,east
536,I am perambulating south-west along the north-west shore of the lake. In which direction is the lake?,south-east
537,I am hiking west along the north shore of the lake. In which direction is the lake?,south
538,I am hiking north-west along the north-east shore of the lake. In which direction is the lake?,south-west
539,I am hiking north along the east shore of the lake. In which direction is the lake?,west
540,I am hiking north-east along the south-east shore of the lake. In which direction is the lake?,north-west
541,I am hiking east along the south shore of the lake. In which direction is the lake?,north
542,I am hiking south-east along the south-west shore of the lake. In which direction is the lake?,north-east
543,I am hiking south along the west shore of the lake. In which direction is the lake?,east
544,I am hiking south-west along the north-west shore of the lake. In which direction is the lake?,south-east
545,I am unicycling west along the north shore of the lake. In which direction is the lake?,south
546,I am unicycling north-west along the north-east shore of the lake. In which direction is the lake?,south-west
547,I am unicycling north along the east shore of the lake. In which direction is the lake?,west
548,I am unicycling north-east along the south-east shore of the lake. In which direction is the lake?,north-west
549,I am unicycling east along the south shore of the lake. In which direction is the lake?,north
550,I am unicycling south-east along the south-west shore of the lake. In which direction is the lake?,north-east
551,I am unicycling south along the west shore of the lake. In which direction is the lake?,east
552,I am unicycling south-west along the north-west shore of the lake. In which direction is the lake?,south-east
553,I am racing west along the north shore of the lake. In which direction is the lake?,south
554,I am racing north-west along the north-east shore of the lake. In which direction is the lake?,south-west
555,I am racing north along the east shore of the lake. In which direction is the lake?,west
556,I am racing north-east along the south-east shore of the lake. In which direction is the lake?,north-west
557,I am racing east along the south shore of the lake. In which direction is the lake?,north
558,I am racing south-east along the south-west shore of the lake. In which direction is the lake?,north-east
559,I am racing south along the west shore of the lake. In which direction is the lake?,east
560,I am racing south-west along the north-west shore of the lake. In which direction is the lake?,south-east
561,You are running west along the north shore of the lake. In which direction is the lake?,south
562,You are running north-west along the north-east shore of the lake. In which direction is the lake?,south-west
563,You are running north along the east shore of the lake. In which direction is the lake?,west
564,You are running north-east along the south-east shore of the lake. In which direction is the lake?,north-west
565,You are running east along the south shore of the lake. In which direction is the lake?,north
566,You are running south-east along the south-west shore of the lake. In which direction is the lake?,north-east
567,You are running south along the west shore of the lake. In which direction is the lake?,east
568,You are running south-west along the north-west shore of the lake. In which direction is the lake?,south-east
569,You are walking west along the north shore of the lake. In which direction is the lake?,south
570,You are walking north-west along the north-east shore of the lake. In which direction is the lake?,south-west
571,You are walking north along the east shore of the lake. In which direction is the lake?,west
572,You are walking north-east along the south-east shore of the lake. In which direction is the lake?,north-west
573,You are walking east along the south shore of the lake. In which direction is the lake?,north
574,You are walking south-east along the south-west shore of the lake. In which direction is the lake?,north-east
575,You are walking south along the west shore of the lake. In which direction is the lake?,east
576,You are walking south-west along the north-west shore of the lake. In which direction is the lake?,south-east
577,You are cycling west along the north shore of the lake. In which direction is the lake?,south
578,You are cycling north-west along the north-east shore of the lake. In which direction is the lake?,south-west
579,You are cycling north along the east shore of the lake. In which direction is the lake?,west
580,You are cycling north-east along the south-east shore of the lake. In which direction is the lake?,north-west
581,You are cycling east along the south shore of the lake. In which direction is the lake?,north
582,You are cycling south-east along the south-west shore of the lake. In which direction is the lake?,north-east
583,You are cycling south along the west shore of the lake. In which direction is the lake?,east
584,You are cycling south-west along the north-west shore of the lake. In which direction is the lake?,south-east
585,You are driving west along the north shore of the lake. In which direction is the lake?,south
586,You are driving north-west along the north-east shore of the lake. In which direction is the lake?,south-west
587,You are driving north along the east shore of the lake. In which direction is the lake?,west
588,You are driving north-east along the south-east shore of the lake. In which direction is the lake?,north-west
589,You are driving east along the south shore of the lake. In which direction is the lake?,north
590,You are driving south-east along the south-west shore of the lake. In which direction is the lake?,north-east
591,You are driving south along the west shore of the lake. In which direction is the lake?,east
592,You are driving south-west along the north-west shore of the lake. In which direction is the lake?,south-east
593,You are jogging west along the north shore of the lake. In which direction is the lake?,south
594,You are jogging north-west along the north-east shore of the lake. In which direction is the lake?,south-west
595,You are jogging north along the east shore of the lake. In which direction is the lake?,west
596,You are jogging north-east along the south-east shore of the lake. In which direction is the lake?,north-west
597,You are jogging east along the south shore of the lake. In which direction is the lake?,north
598,You are jogging south-east along the south-west shore of the lake. In which direction is the lake?,north-east
599,You are jogging south along the west shore of the lake. In which direction is the lake?,east
600,You are jogging south-west along the north-west shore of the lake. In which direction is the lake?,south-east
601,You are riding west along the north shore of the lake. In which direction is the lake?,south
602,You are riding north-west along the north-east shore of the lake. In which direction is the lake?,south-west
603,You are riding north along the east shore of the lake. In which direction is the lake?,west
604,You are riding north-east along the south-east shore of the lake. In which direction is the lake?,north-west
605,You are riding east along the south shore of the lake. In which direction is the lake?,north
606,You are riding south-east along the south-west shore of the lake. In which direction is the lake?,north-east
607,You are riding south along the west shore of the lake. In which direction is the lake?,east
608,You are riding south-west along the north-west shore of the lake. In which direction is the lake?,south-east
609,You are perambulating west along the north shore of the lake. In which direction is the lake?,south
610,You are perambulating north-west along the north-east shore of the lake. In which direction is the lake?,south-west
611,You are perambulating north along the east shore of the lake. In which direction is the lake?,west
612,You are perambulating north-east along the south-east shore of the lake. In which direction is the lake?,north-west
613,You are perambulating east along the south shore of the lake. In which direction is the lake?,north
614,You are perambulating south-east along the south-west shore of the lake. In which direction is the lake?,north-east
615,You are perambulating south along the west shore of the lake. In which direction is the lake?,east
616,You are perambulating south-west along the north-west shore of the lake. In which direction is the lake?,south-east
617,You are hiking west along the north shore of the lake. In which direction is the lake?,south
618,You are hiking north-west along the north-east shore of the lake. In which direction is the lake?,south-west
619,You are hiking north along the east shore of the lake. In which direction is the lake?,west
620,You are hiking north-east along the south-east shore of the lake. In which direction is the lake?,north-west
621,You are hiking east along the south shore of the lake. In which direction is the lake?,north
622,You are hiking south-east along the south-west shore of the lake. In which direction is the lake?,north-east
623,You are hiking south along the west shore of the lake. In which direction is the lake?,east
624,You are hiking south-west along the north-west shore of the lake. In which direction is the lake?,south-east
625,You are unicycling west along the north shore of the lake. In which direction is the lake?,south
626,You are unicycling north-west along the north-east shore of the lake. In which direction is the lake?,south-west
627,You are unicycling north along the east shore of the lake. In which direction is the lake?,west
628,You are unicycling north-east along the south-east shore of the lake. In which direction is the lake?,north-west
629,You are unicycling east along the south shore of the lake. In which direction is the lake?,north
630,You are unicycling south-east along the south-west shore of the lake. In which direction is the lake?,north-east
631,You are unicycling south along the west shore of the lake. In which direction is the lake?,east
632,You are unicycling south-west along the north-west shore of the lake. In which direction is the lake?,south-east
633,You are racing west along the north shore of the lake. In which direction is the lake?,south
634,You are racing north-west along the north-east shore of the lake. In which direction is the lake?,south-west
635,You are racing north along the east shore of the lake. In which direction is the lake?,west
636,You are racing north-east along the south-east shore of the lake. In which direction is the lake?,north-west
637,You are racing east along the south shore of the lake. In which direction is the lake?,north
638,You are racing south-east along the south-west shore of the lake. In which direction is the lake?,north-east
639,You are racing south along the west shore of the lake. In which direction is the lake?,east
640,You are racing south-west along the north-west shore of the lake. In which direction is the lake?,south-east
641,He is running west along the north shore of the lake. In which direction is the lake?,south
642,He is running north-west along the north-east shore of the lake. In which direction is the lake?,south-west
643,He is running north along the east shore of the lake. In which direction is the lake?,west
644,He is running north-east along the south-east shore of the lake. In which direction is the lake?,north-west
645,He is running east along the south shore of the lake. In which direction is the lake?,north
646,He is running south-east along the south-west shore of the lake. In which direction is the lake?,north-east
647,He is running south along the west shore of the lake. In which direction is the lake?,east
648,He is running south-west along the north-west shore of the lake. In which direction is the lake?,south-east
649,He is walking west along the north shore of the lake. In which direction is the lake?,south
650,He is walking north-west along the north-east shore of the lake. In which direction is the lake?,south-west
651,He is walking north along the east shore of the lake. In which direction is the lake?,west
652,He is walking north-east along the south-east shore of the lake. In which direction is the lake?,north-west
653,He is walking east along the south shore of the lake. In which direction is the lake?,north
654,He is walking south-east along the south-west shore of the lake. In which direction is the lake?,north-east
655,He is walking south along the west shore of the lake. In which direction is the lake?,east
656,He is walking south-west along the north-west shore of the lake. In which direction is the lake?,south-east
657,He is cycling west along the north shore of the lake. In which direction is the lake?,south
658,He is cycling north-west along the north-east shore of the lake. In which direction is the lake?,south-west
659,He is cycling north along the east shore of the lake. In which direction is the lake?,west
660,He is cycling north-east along the south-east shore of the lake. In which direction is the lake?,north-west
661,He is cycling east along the south shore of the lake. In which direction is the lake?,north
662,He is cycling south-east along the south-west shore of the lake. In which direction is the lake?,north-east
663,He is cycling south along the west shore of the lake. In which direction is the lake?,east
664,He is cycling south-west along the north-west shore of the lake. In which direction is the lake?,south-east
665,He is driving west along the north shore of the lake. In which direction is the lake?,south
666,He is driving north-west along the north-east shore of the lake. In which direction is the lake?,south-west
667,He is driving north along the east shore of the lake. In which direction is the lake?,west
668,He is driving north-east along the south-east shore of the lake. In which direction is the lake?,north-west
669,He is driving east along the south shore of the lake. In which direction is the lake?,north
670,He is driving south-east along the south-west shore of the lake. In which direction is the lake?,north-east
671,He is driving south along the west shore of the lake. In which direction is the lake?,east
672,He is driving south-west along the north-west shore of the lake. In which direction is the lake?,south-east
673,He is jogging west along the north shore of the lake. In which direction is the lake?,south
674,He is jogging north-west along the north-east shore of the lake. In which direction is the lake?,south-west
675,He is jogging north along the east shore of the lake. In which direction is the lake?,west
676,He is jogging north-east along the south-east shore of the lake. In which direction is the lake?,north-west
677,He is jogging east along the south shore of the lake. In which direction is the lake?,north
678,He is jogging south-east along the south-west shore of the lake. In which direction is the lake?,north-east
679,He is jogging south along the west shore of the lake. In which direction is the lake?,east
680,He is jogging south-west along the north-west shore of the lake. In which direction is the lake?,south-east
681,He is riding west along the north shore of the lake. In which direction is the lake?,south
682,He is riding north-west along the north-east shore of the lake. In which direction is the lake?,south-west
683,He is riding north along the east shore of the lake. In which direction is the lake?,west
684,He is riding north-east along the south-east shore of the lake. In which direction is the lake?,north-west
685,He is riding east along the south shore of the lake. In which direction is the lake?,north
686,He is riding south-east along the south-west shore of the lake. In which direction is the lake?,north-east
687,He is riding south along the west shore of the lake. In which direction is the lake?,east
688,He is riding south-west along the north-west shore of the lake. In which direction is the lake?,south-east
689,He is perambulating west along the north shore of the lake. In which direction is the lake?,south
690,He is perambulating north-west along the north-east shore of the lake. In which direction is the lake?,south-west
691,He is perambulating north along the east shore of the lake. In which direction is the lake?,west
692,He is perambulating north-east along the south-east shore of the lake. In which direction is the lake?,north-west
693,He is perambulating east along the south shore of the lake. In which direction is the lake?,north
694,He is perambulating south-east along the south-west shore of the lake. In which direction is the lake?,north-east
695,He is perambulating south along the west shore of the lake. In which direction is the lake?,east
696,He is perambulating south-west along the north-west shore of the lake. In which direction is the lake?,south-east
697,He is hiking west along the north shore of the lake. In which direction is the lake?,south
698,He is hiking north-west along the north-east shore of the lake. In which direction is the lake?,south-west
699,He is hiking north along the east shore of the lake. In which direction is the lake?,west
700,He is hiking north-east along the south-east shore of the lake. In which direction is the lake?,north-west
701,He is hiking east along the south shore of the lake. In which direction is the lake?,north
702,He is hiking south-east along the south-west shore of the lake. In which direction is the lake?,north-east
703,He is hiking south along the west shore of the lake. In which direction is the lake?,east
704,He is hiking south-west along the north-west shore of the lake. In which direction is the lake?,south-east
705,He is unicycling west along the north shore of the lake. In which direction is the lake?,south
706,He is unicycling north-west along the north-east shore of the lake. In which direction is the lake?,south-west
707,He is unicycling north along the east shore of the lake. In which direction is the lake?,west
708,He is unicycling north-east along the south-east shore of the lake. In which direction is the lake?,north-west
709,He is unicycling east along the south shore of the lake. In which direction is the lake?,north
710,He is unicycling south-east along the south-west shore of the lake. In which direction is the lake?,north-east
711,He is unicycling south along the west shore of the lake. In which direction is the lake?,east
712,He is unicycling south-west along the north-west shore of the lake. In which direction is the lake?,south-east
713,He is racing west along the north shore of the lake. In which direction is the lake?,south
714,He is racing north-west along the north-east shore of the lake. In which direction is the lake?,south-west
715,He is racing north along the east shore of the lake. In which direction is the lake?,west
716,He is racing north-east along the south-east shore of the lake. In which direction is the lake?,north-west
717,He is racing east along the south shore of the lake. In which direction is the lake?,north
718,He is racing south-east along the south-west shore of the lake. In which direction is the lake?,north-east
719,He is racing south along the west shore of the lake. In which direction is the lake?,east
720,He is racing south-west along the north-west shore of the lake. In which direction is the lake?,south-east
721,She is running west along the north shore of the lake. In which direction is the lake?,south
722,She is running north-west along the north-east shore of the lake. In which direction is the lake?,south-west
723,She is running north along the east shore of the lake. In which direction is the lake?,west
724,She is running north-east along the south-east shore of the lake. In which direction is the lake?,north-west
725,She is running east along the south shore of the lake. In which direction is the lake?,north
726,She is running south-east along the south-west shore of the lake. In which direction is the lake?,north-east
727,She is running south along the west shore of the lake. In which direction is the lake?,east
728,She is running south-west along the north-west shore of the lake. In which direction is the lake?,south-east
729,She is walking west along the north shore of the lake. In which direction is the lake?,south
730,She is walking north-west along the north-east shore of the lake. In which direction is the lake?,south-west
731,She is walking north along the east shore of the lake. In which direction is the lake?,west
732,She is walking north-east along the south-east shore of the lake. In which direction is the lake?,north-west
733,She is walking east along the south shore of the lake. In which direction is the lake?,north
734,She is walking south-east along the south-west shore of the lake. In which direction is the lake?,north-east
735,She is walking south along the west shore of the lake. In which direction is the lake?,east
736,She is walking south-west along the north-west shore of the lake. In which direction is the lake?,south-east
737,She is cycling west along the north shore of the lake. In which direction is the lake?,south
738,She is cycling north-west along the north-east shore of the lake. In which direction is the lake?,south-west
739,She is cycling north along the east shore of the lake. In which direction is the lake?,west
740,She is cycling north-east along the south-east shore of the lake. In which direction is the lake?,north-west
741,She is cycling east along the south shore of the lake. In which direction is the lake?,north
742,She is cycling south-east along the south-west shore of the lake. In which direction is the lake?,north-east
743,She is cycling south along the west shore of the lake. In which direction is the lake?,east
744,She is cycling south-west along the north-west shore of the lake. In which direction is the lake?,south-east
745,She is driving west along the north shore of the lake. In which direction is the lake?,south
746,She is driving north-west along the north-east shore of the lake. In which direction is the lake?,south-west
747,She is driving north along the east shore of the lake. In which direction is the lake?,west
748,She is driving north-east along the south-east shore of the lake. In which direction is the lake?,north-west
749,She is driving east along the south shore of the lake. In which direction is the lake?,north
750,She is driving south-east along the south-west shore of the lake. In which direction is the lake?,north-east
751,She is driving south along the west shore of the lake. In which direction is the lake?,east
752,She is driving south-west along the north-west shore of the lake. In which direction is the lake?,south-east
753,She is jogging west along the north shore of the lake. In which direction is the lake?,south
754,She is jogging north-west along the north-east shore of the lake. In which direction is the lake?,south-west
755,She is jogging north along the east shore of the lake. In which direction is the lake?,west
756,She is jogging north-east along the south-east shore of the lake. In which direction is the lake?,north-west
757,She is jogging east along the south shore of the lake. In which direction is the lake?,north
758,She is jogging south-east along the south-west shore of the lake. In which direction is the lake?,north-east
759,She is jogging south along the west shore of the lake. In which direction is the lake?,east
760,She is jogging south-west along the north-west shore of the lake. In which direction is the lake?,south-east
761,She is riding west along the north shore of the lake. In which direction is the lake?,south
762,She is riding north-west along the north-east shore of the lake. In which direction is the lake?,south-west
763,She is riding north along the east shore of the lake. In which direction is the lake?,west
764,She is riding north-east along the south-east shore of the lake. In which direction is the lake?,north-west
765,She is riding east along the south shore of the lake. In which direction is the lake?,north
766,She is riding south-east along the south-west shore of the lake. In which direction is the lake?,north-east
767,She is riding south along the west shore of the lake. In which direction is the lake?,east
768,She is riding south-west along the north-west shore of the lake. In which direction is the lake?,south-east
769,She is perambulating west along the north shore of the lake. In which direction is the lake?,south
770,She is perambulating north-west along the north-east shore of the lake. In which direction is the lake?,south-west
771,She is perambulating north along the east shore of the lake. In which direction is the lake?,west
772,She is perambulating north-east along the south-east shore of the lake. In which direction is the lake?,north-west
773,She is perambulating east along the south shore of the lake. In which direction is the lake?,north
774,She is perambulating south-east along the south-west shore of the lake. In which direction is the lake?,north-east
775,She is perambulating south along the west shore of the lake. In which direction is the lake?,east
776,She is perambulating south-west along the north-west shore of the lake. In which direction is the lake?,south-east
777,She is hiking west along the north shore of the lake. In which direction is the lake?,south
778,She is hiking north-west along the north-east shore of the lake. In which direction is the lake?,south-west
779,She is hiking north along the east shore of the lake. In which direction is the lake?,west
780,She is hiking north-east along the south-east shore of the lake. In which direction is the lake?,north-west
781,She is hiking east along the south shore of the lake. In which direction is the lake?,north
782,She is hiking south-east along the south-west shore of the lake. In which direction is the lake?,north-east
783,She is hiking south along the west shore of the lake. In which direction is the lake?,east
784,She is hiking south-west along the north-west shore of the lake. In which direction is the lake?,south-east
785,She is unicycling west along the north shore of the lake. In which direction is the lake?,south
786,She is unicycling north-west along the north-east shore of the lake. In which direction is the lake?,south-west
787,She is unicycling north along the east shore of the lake. In which direction is the lake?,west
788,She is unicycling north-east along the south-east shore of the lake. In which direction is the lake?,north-west
789,She is unicycling east along the south shore of the lake. In which direction is the lake?,north
790,She is unicycling south-east along the south-west shore of the lake. In which direction is the lake?,north-east
791,She is unicycling south along the west shore of the lake. In which direction is the lake?,east
792,She is unicycling south-west along the north-west shore of the lake. In which direction is the lake?,south-east
793,She is racing west along the north shore of the lake. In which direction is the lake?,south
794,She is racing north-west along the north-east shore of the lake. In which direction is the lake?,south-west
795,She is racing north along the east shore of the lake. In which direction is the lake?,west
796,She is racing north-east along the south-east shore of the lake. In which direction is the lake?,north-west
797,She is racing east along the south shore of the lake. In which direction is the lake?,north
798,She is racing south-east along the south-west shore of the lake. In which direction is the lake?,north-east
799,She is racing south along the west shore of the lake. In which direction is the lake?,east
800,She is racing south-west along the north-west shore of the lake. In which direction is the lake?,south-east
801,We are running west along the north shore of the lake. In which direction is the lake?,south
802,We are running north-west along the north-east shore of the lake. In which direction is the lake?,south-west
803,We are running north along the east shore of the lake. In which direction is the lake?,west
804,We are running north-east along the south-east shore of the lake. In which direction is the lake?,north-west
805,We are running east along the south shore of the lake. In which direction is the lake?,north
806,We are running south-east along the south-west shore of the lake. In which direction is the lake?,north-east
807,We are running south along the west shore of the lake. In which direction is the lake?,east
808,We are running south-west along the north-west shore of the lake. In which direction is the lake?,south-east
809,We are walking west along the north shore of the lake. In which direction is the lake?,south
810,We are walking north-west along the north-east shore of the lake. In which direction is the lake?,south-west
811,We are walking north along the east shore of the lake. In which direction is the lake?,west
812,We are walking north-east along the south-east shore of the lake. In which direction is the lake?,north-west
813,We are walking east along the south shore of the lake. In which direction is the lake?,north
814,We are walking south-east along the south-west shore of the lake. In which direction is the lake?,north-east
815,We are walking south along the west shore of the lake. In which direction is the lake?,east
816,We are walking south-west along the north-west shore of the lake. In which direction is the lake?,south-east
817,We are cycling west along the north shore of the lake. In which direction is the lake?,south
818,We are cycling north-west along the north-east shore of the lake. In which direction is the lake?,south-west
819,We are cycling north along the east shore of the lake. In which direction is the lake?,west
820,We are cycling north-east along the south-east shore of the lake. In which direction is the lake?,north-west
821,We are cycling east along the south shore of the lake. In which direction is the lake?,north
822,We are cycling south-east along the south-west shore of the lake. In which direction is the lake?,north-east
823,We are cycling south along the west shore of the lake. In which direction is the lake?,east
824,We are cycling south-west along the north-west shore of the lake. In which direction is the lake?,south-east
825,We are driving west along the north shore of the lake. In which direction is the lake?,south
826,We are driving north-west along the north-east shore of the lake. In which direction is the lake?,south-west
827,We are driving north along the east shore of the lake. In which direction is the lake?,west
828,We are driving north-east along the south-east shore of the lake. In which direction is the lake?,north-west
829,We are driving east along the south shore of the lake. In which direction is the lake?,north
830,We are driving south-east along the south-west shore of the lake. In which direction is the lake?,north-east
831,We are driving south along the west shore of the lake. In which direction is the lake?,east
832,We are driving south-west along the north-west shore of the lake. In which direction is the lake?,south-east
833,We are jogging west along the north shore of the lake. In which direction is the lake?,south
834,We are jogging north-west along the north-east shore of the lake. In which direction is the lake?,south-west
835,We are jogging north along the east shore of the lake. In which direction is the lake?,west
836,We are jogging north-east along the south-east shore of the lake. In which direction is the lake?,north-west
837,We are jogging east along the south shore of the lake. In which direction is the lake?,north
838,We are jogging south-east along the south-west shore of the lake. In which direction is the lake?,north-east
839,We are jogging south along the west shore of the lake. In which direction is the lake?,east
840,We are jogging south-west along the north-west shore of the lake. In which direction is the lake?,south-east
841,We are riding west along the north shore of the lake. In which direction is the lake?,south
842,We are riding north-west along the north-east shore of the lake. In which direction is the lake?,south-west
843,We are riding north along the east shore of the lake. In which direction is the lake?,west
844,We are riding north-east along the south-east shore of the lake. In which direction is the lake?,north-west
845,We are riding east along the south shore of the lake. In which direction is the lake?,north
846,We are riding south-east along the south-west shore of the lake. In which direction is the lake?,north-east
847,We are riding south along the west shore of the lake. In which direction is the lake?,east
848,We are riding south-west along the north-west shore of the lake. In which direction is the lake?,south-east
849,We are perambulating west along the north shore of the lake. In which direction is the lake?,south
850,We are perambulating north-west along the north-east shore of the lake. In which direction is the lake?,south-west
851,We are perambulating north along the east shore of the lake. In which direction is the lake?,west
852,We are perambulating north-east along the south-east shore of the lake. In which direction is the lake?,north-west
853,We are perambulating east along the south shore of the lake. In which direction is the lake?,north
854,We are perambulating south-east along the south-west shore of the lake. In which direction is the lake?,north-east
855,We are perambulating south along the west shore of the lake. In which direction is the lake?,east
856,We are perambulating south-west along the north-west shore of the lake. In which direction is the lake?,south-east
857,We are hiking west along the north shore of the lake. In which direction is the lake?,south
858,We are hiking north-west along the north-east shore of the lake. In which direction is the lake?,south-west
859,We are hiking north along the east shore of the lake. In which direction is the lake?,west
860,We are hiking north-east along the south-east shore of the lake. In which direction is the lake?,north-west
861,We are hiking east along the south shore of the lake. In which direction is the lake?,north
862,We are hiking south-east along the south-west shore of the lake. In which direction is the lake?,north-east
863,We are hiking south along the west shore of the lake. In which direction is the lake?,east
864,We are hiking south-west along the north-west shore of the lake. In which direction is the lake?,south-east
865,We are unicycling west along the north shore of the lake. In which direction is the lake?,south
866,We are unicycling north-west along the north-east shore of the lake. In which direction is the lake?,south-west
867,We are unicycling north along the east shore of the lake. In which direction is the lake?,west
868,We are unicycling north-east along the south-east shore of the lake. In which direction is the lake?,north-west
869,We are unicycling east along the south shore of the lake. In which direction is the lake?,north
870,We are unicycling south-east along the south-west shore of the lake. In which direction is the lake?,north-east
871,We are unicycling south along the west shore of the lake. In which direction is the lake?,east
872,We are unicycling south-west along the north-west shore of the lake. In which direction is the lake?,south-east
873,We are racing west along the north shore of the lake. In which direction is the lake?,south
874,We are racing north-west along the north-east shore of the lake. In which direction is the lake?,south-west
875,We are racing north along the east shore of the lake. In which direction is the lake?,west
876,We are racing north-east along the south-east shore of the lake. In which direction is the lake?,north-west
877,We are racing east along the south shore of the lake. In which direction is the lake?,north
878,We are racing south-east along the south-west shore of the lake. In which direction is the lake?,north-east
879,We are racing south along the west shore of the lake. In which direction is the lake?,east
880,We are racing south-west along the north-west shore of the lake. In which direction is the lake?,south-east
881,They are running west along the north shore of the lake. In which direction is the lake?,south
882,They are running north-west along the north-east shore of the lake. In which direction is the lake?,south-west
883,They are running north along the east shore of the lake. In which direction is the lake?,west
884,They are running north-east along the south-east shore of the lake. In which direction is the lake?,north-west
885,They are running east along the south shore of the lake. In which direction is the lake?,north
886,They are running south-east along the south-west shore of the lake. In which direction is the lake?,north-east
887,They are running south along the west shore of the lake. In which direction is the lake?,east
888,They are running south-west along the north-west shore of the lake. In which direction is the lake?,south-east
889,They are walking west along the north shore of the lake. In which direction is the lake?,south
890,They are walking north-west along the north-east shore of the lake. In which direction is the lake?,south-west
891,They are walking north along the east shore of the lake. In which direction is the lake?,west
892,They are walking north-east along the south-east shore of the lake. In which direction is the lake?,north-west
893,They are walking east along the south shore of the lake. In which direction is the lake?,north
894,They are walking south-east along the south-west shore of the lake. In which direction is the lake?,north-east
895,They are walking south along the west shore of the lake. In which direction is the lake?,east
896,They are walking south-west along the north-west shore of the lake. In which direction is the lake?,south-east
897,They are cycling west along the north shore of the lake. In which direction is the lake?,south
898,They are cycling north-west along the north-east shore of the lake. In which direction is the lake?,south-west
899,They are cycling north along the east shore of the lake. In which direction is the lake?,west
900,They are cycling north-east along the south-east shore of the lake. In which direction is the lake?,north-west
901,They are cycling east along the south shore of the lake. In which direction is the lake?,north
902,They are cycling south-east along the south-west shore of the lake. In which direction is the lake?,north-east
903,They are cycling south along the west shore of the lake. In which direction is the lake?,east
904,They are cycling south-west along the north-west shore of the lake. In which direction is the lake?,south-east
905,They are driving west along the north shore of the lake. In which direction is the lake?,south
906,They are driving north-west along the north-east shore of the lake. In which direction is the lake?,south-west
907,They are driving north along the east shore of the lake. In which direction is the lake?,west
908,They are driving north-east along the south-east shore of the lake. In which direction is the lake?,north-west
909,They are driving east along the south shore of the lake. In which direction is the lake?,north
910,They are driving south-east along the south-west shore of the lake. In which direction is the lake?,north-east
911,They are driving south along the west shore of the lake. In which direction is the lake?,east
912,They are driving south-west along the north-west shore of the lake. In which direction is the lake?,south-east
913,They are jogging west along the north shore of the lake. In which direction is the lake?,south
914,They are jogging north-west along the north-east shore of the lake. In which direction is the lake?,south-west
915,They are jogging north along the east shore of the lake. In which direction is the lake?,west
916,They are jogging north-east along the south-east shore of the lake. In which direction is the lake?,north-west
917,They are jogging east along the south shore of the lake. In which direction is the lake?,north
918,They are jogging south-east along the south-west shore of the lake. In which direction is the lake?,north-east
919,They are jogging south along the west shore of the lake. In which direction is the lake?,east
920,They are jogging south-west along the north-west shore of the lake. In which direction is the lake?,south-east
921,They are riding west along the north shore of the lake. In which direction is the lake?,south
922,They are riding north-west along the north-east shore of the lake. In which direction is the lake?,south-west
923,They are riding north along the east shore of the lake. In which direction is the lake?,west
924,They are riding north-east along the south-east shore of the lake. In which direction is the lake?,north-west
925,They are riding east along the south shore of the lake. In which direction is the lake?,north
926,They are riding south-east along the south-west shore of the lake. In which direction is the lake?,north-east
927,They are riding south along the west shore of the lake. In which direction is the lake?,east
928,They are riding south-west along the north-west shore of the lake. In which direction is the lake?,south-east
929,They are perambulating west along the north shore of the lake. In which direction is the lake?,south
930,They are perambulating north-west along the north-east shore of the lake. In which direction is the lake?,south-west
931,They are perambulating north along the east shore of the lake. In which direction is the lake?,west
932,They are perambulating north-east along the south-east shore of the lake. In which direction is the lake?,north-west
933,They are perambulating east along the south shore of the lake. In which direction is the lake?,north
934,They are perambulating south-east along the south-west shore of the lake. In which direction is the lake?,north-east
935,They are perambulating south along the west shore of the lake. In which direction is the lake?,east
936,They are perambulating south-west along the north-west shore of the lake. In which direction is the lake?,south-east
937,They are hiking west along the north shore of the lake. In which direction is the lake?,south
938,They are hiking north-west along the north-east shore of the lake. In which direction is the lake?,south-west
939,They are hiking north along the east shore of the lake. In which direction is the lake?,west
940,They are hiking north-east along the south-east shore of the lake. In which direction is the lake?,north-west
941,They are hiking east along the south shore of the lake. In which direction is the lake?,north
942,They are hiking south-east along the south-west shore of the lake. In which direction is the lake?,north-east
943,They are hiking south along the west shore of the lake. In which direction is the lake?,east
944,They are hiking south-west along the north-west shore of the lake. In which direction is the lake?,south-east
945,They are unicycling west along the north shore of the lake. In which direction is the lake?,south
946,They are unicycling north-west along the north-east shore of the lake. In which direction is the lake?,south-west
947,They are unicycling north along the east shore of the lake. In which direction is the lake?,west
948,They are unicycling north-east along the south-east shore of the lake. In which direction is the lake?,north-west
949,They are unicycling east along the south shore of the lake. In which direction is the lake?,north
950,They are unicycling south-east along the south-west shore of the lake. In which direction is the lake?,north-east
951,They are unicycling south along the west shore of the lake. In which direction is the lake?,east
952,They are unicycling south-west along the north-west shore of the lake. In which direction is the lake?,south-east
953,They are racing west along the north shore of the lake. In which direction is the lake?,south
954,They are racing north-west along the north-east shore of the lake. In which direction is the lake?,south-west
955,They are racing north along the east shore of the lake. In which direction is the lake?,west
956,They are racing north-east along the south-east shore of the lake. In which direction is the lake?,north-west
957,They are racing east along the south shore of the lake. In which direction is the lake?,north
958,They are racing south-east along the south-west shore of the lake. In which direction is the lake?,north-east
959,They are racing south along the west shore of the lake. In which direction is the lake?,east
960,They are racing south-west along the north-west shore of the lake. In which direction is the lake?,south-east
961,"I am running east along the north shore of a lake and then turn around to head back in the direction I came from, in which direction is the lake?",south
962,"I am running south-east along the north-east shore of a lake and then turn around to head back in the direction I came from, in which direction is the lake?",south-west
963,"I am running south along the east shore of a lake and then turn around to head back in the direction I came from, in which direction is the lake?",west
964,"I am running south-west along the south-east shore of a lake and then turn around to head back in the direction I came from, in which direction is the lake?",north-west
965,"I am running west along the south shore of a lake and then turn around to head back in the direction I came from, in which direction is the lake?",north
966,"I am running north-west along the south-west shore of a lake and then turn around to head back in the direction I came from, in which direction is the lake?",north-east
967,"I am running north along the west shore of a lake and then turn around to head back in the direction I came from, in which direction is the lake?",east
968,"I am running north-east along the north-west shore of a lake and then turn around to head back in the direction I came from, in which direction is the lake?",south-east
969,"I am walking east along the north shore of a lake and then turn around to head back in the direction I came from, in which direction is the lake?",south
970,"I am walking south-east along the north-east shore of a lake and then turn around to head back in the direction I came from, in which direction is the lake?",south-west
971,"I am walking south along the east shore of a lake and then turn around to head back in the direction I came from, in which direction is the lake?",west
972,"I am walking south-west along the south-east shore of a lake and then turn around to head back in the direction I came from, in which direction is the lake?",north-west
973,"I am walking west along the south shore of a lake and then turn around to head back in the direction I came from, in which direction is the lake?",north
974,"I am walking north-west along the south-west shore of a lake and then turn around to head back in the direction I came from, in which direction is the lake?",north-east
975,"I am walking north along the west shore of a lake and then turn around to head back in the direction I came from, in which direction is the lake?",east
976,"I am walking north-east along the north-west shore of a lake and then turn around to head back in the direction I came from, in which direction is the lake?",south-east
977,"I am cycling east along the north shore of a lake and then turn around to head back in the direction I came from, in which direction is the lake?",south
978,"I am cycling south-east along the north-east shore of a lake and then turn around to head back in the direction I came from, in which direction is the lake?",south-west
979,"I am cycling south along the east shore of a lake and then turn around to head back in the direction I came from, in which direction is the lake?",west
980,"I am cycling south-west along the south-east shore of a lake and then turn around to head back in the direction I came from, in which direction is the lake?",north-west
981,"I am cycling west along the south shore of a lake and then turn around to head back in the direction I came from, in which direction is the lake?",north
982,"I am cycling north-west along the south-west shore of a lake and then turn around to head back in the direction I came from, in which direction is the lake?",north-east
983,"I am cycling north along the west shore of a lake and then turn around to head back in the direction I came from, in which direction is the lake?",east
984,"I am cycling north-east along the north-west shore of a lake and then turn around to head back in the direction I came from, in which direction is the lake?",south-east
985,"I am driving east along the north shore of a lake and then turn around to head back in the direction I came from, in which direction is the lake?",south
986,"I am driving south-east along the north-east shore of a lake and then turn around to head back in the direction I came from, in which direction is the lake?",south-west
987,"I am driving south along the east shore of a lake and then turn around to head back in the direction I came from, in which direction is the lake?",west
988,"I am driving south-west along the south-east shore of a lake and then turn around to head back in the direction I came from, in which direction is the lake?",north-west
989,"I am driving west along the south shore of a lake and then turn around to head back in the direction I came from, in which direction is the lake?",north
990,"I am driving north-west along the south-west shore of a lake and then turn around to head back in the direction I came from, in which direction is the lake?",north-east
991,"I am driving north along the west shore of a lake and then turn around to head back in the direction I came from, in which direction is the lake?",east
992,"I am driving north-east along the north-west shore of a lake and then turn around to head back in the direction I came from, in which direction is the lake?",south-east
993,"I am jogging east along the north shore of a lake and then turn around to head back in the direction I came from, in which direction is the lake?",south
994,"I am jogging south-east along the north-east shore of a lake and then turn around to head back in the direction I came from, in which direction is the lake?",south-west
995,"I am jogging south along the east shore of a lake and then turn around to head back in the direction I came from, in which direction is the lake?",west
996,"I am jogging south-west along the south-east shore of a lake and then turn around to head back in the direction I came from, in which direction is the lake?",north-west
997,"I am jogging west along the south shore of a lake and then turn around to head back in the direction I came from, in which direction is the lake?",north
998,"I am jogging north-west along the south-west shore of a lake and then turn around to head back in the direction I came from, in which direction is the lake?",north-east
999,"I am jogging north along the west shore of a lake and then turn around to head back in the direction I came from, in which direction is the lake?",east
1000,"I am jogging north-east along the north-west shore of a lake and then turn around to head back in the direction I came from, in which direction is the lake?",south-east
1001,"I am riding east along the north shore of a lake and then turn around to head back in the direction I came from, in which direction is the lake?",south
1002,"I am riding south-east along the north-east shore of a lake and then turn around to head back in the direction I came from, in which direction is the lake?",south-west
1003,"I am riding south along the east shore of a lake and then turn around to head back in the direction I came from, in which direction is the lake?",west
1004,"I am riding south-west along the south-east shore of a lake and then turn around to head back in the direction I came from, in which direction is the lake?",north-west
1005,"I am riding west along the south shore of a lake and then turn around to head back in the direction I came from, in which direction is the lake?",north
1006,"I am riding north-west along the south-west shore of a lake and then turn around to head back in the direction I came from, in which direction is the lake?",north-east
1007,"I am riding north along the west shore of a lake and then turn around to head back in the direction I came from, in which direction is the lake?",east
1008,"I am riding north-east along the north-west shore of a lake and then turn around to head back in the direction I came from, in which direction is the lake?",south-east
1009,"I am perambulating east along the north shore of a lake and then turn around to head back in the direction I came from, in which direction is the lake?",south
1010,"I am perambulating south-east along the north-east shore of a lake and then turn around to head back in the direction I came from, in which direction is the lake?",south-west
1011,"I am perambulating south along the east shore of a lake and then turn around to head back in the direction I came from, in which direction is the lake?",west
1012,"I am perambulating south-west along the south-east shore of a lake and then turn around to head back in the direction I came from, in which direction is the lake?",north-west
1013,"I am perambulating west along the south shore of a lake and then turn around to head back in the direction I came from, in which direction is the lake?",north
1014,"I am perambulating north-west along the south-west shore of a lake and then turn around to head back in the direction I came from, in which direction is the lake?",north-east
1015,"I am perambulating north along the west shore of a lake and then turn around to head back in the direction I came from, in which direction is the lake?",east
1016,"I am perambulating north-east along the north-west shore of a lake and then turn around to head back in the direction I came from, in which direction is the lake?",south-east
1017,"I am hiking east along the north shore of a lake and then turn around to head back in the direction I came from, in which direction is the lake?",south
1018,"I am hiking south-east along the north-east shore of a lake and then turn around to head back in the direction I came from, in which direction is the lake?",south-west
1019,"I am hiking south along the east shore of a lake and then turn around to head back in the direction I came from, in which direction is the lake?",west
1020,"I am hiking south-west along the south-east shore of a lake and then turn around to head back in the direction I came from, in which direction is the lake?",north-west
1021,"I am hiking west along the south shore of a lake and then turn around to head back in the direction I came from, in which direction is the lake?",north
1022,"I am hiking north-west along the south-west shore of a lake and then turn around to head back in the direction I came from, in which direction is the lake?",north-east
1023,"I am hiking north along the west shore of a lake and then turn around to head back in the direction I came from, in which direction is the lake?",east
1024,"I am hiking north-east along the north-west shore of a lake and then turn around to head back in the direction I came from, in which direction is the lake?",south-east
1025,"I am unicycling east along the north shore of a lake and then turn around to head back in the direction I came from, in which direction is the lake?",south
1026,"I am unicycling south-east along the north-east shore of a lake and then turn around to head back in the direction I came from, in which direction is the lake?",south-west
1027,"I am unicycling south along the east shore of a lake and then turn around to head back in the direction I came from, in which direction is the lake?",west
1028,"I am unicycling south-west along the south-east shore of a lake and then turn around to head back in the direction I came from, in which direction is the lake?",north-west
1029,"I am unicycling west along the south shore of a lake and then turn around to head back in the direction I came from, in which direction is the lake?",north
1030,"I am unicycling north-west along the south-west shore of a lake and then turn around to head back in the direction I came from, in which direction is the lake?",north-east
1031,"I am unicycling north along the west shore of a lake and then turn around to head back in the direction I came from, in which direction is the lake?",east
1032,"I am unicycling north-east along the north-west shore of a lake and then turn around to head back in the direction I came from, in which direction is the lake?",south-east
1033,"I am racing east along the north shore of a lake and then turn around to head back in the direction I came from, in which direction is the lake?",south
1034,"I am racing south-east along the north-east shore of a lake and then turn around to head back in the direction I came from, in which direction is the lake?",south-west
1035,"I am racing south along the east shore of a lake and then turn around to head back in the direction I came from, in which direction is the lake?",west
1036,"I am racing south-west along the south-east shore of a lake and then turn around to head back in the direction I came from, in which direction is the lake?",north-west
1037,"I am racing west along the south shore of a lake and then turn around to head back in the direction I came from, in which direction is the lake?",north
1038,"I am racing north-west along the south-west shore of a lake and then turn around to head back in the direction I came from, in which direction is the lake?",north-east
1039,"I am racing north along the west shore of a lake and then turn around to head back in the direction I came from, in which direction is the lake?",east
1040,"I am racing north-east along the north-west shore of a lake and then turn around to head back in the direction I came from, in which direction is the lake?",south-east
1041,"You are running east along the north shore of a lake and then turn around to head back in the direction you came from, in which direction is the lake?",south
1042,"You are running south-east along the north-east shore of a lake and then turn around to head back in the direction you came from, in which direction is the lake?",south-west
1043,"You are running south along the east shore of a lake and then turn around to head back in the direction you came from, in which direction is the lake?",west
1044,"You are running south-west along the south-east shore of a lake and then turn around to head back in the direction you came from, in which direction is the lake?",north-west
1045,"You are running west along the south shore of a lake and then turn around to head back in the direction you came from, in which direction is the lake?",north
1046,"You are running north-west along the south-west shore of a lake and then turn around to head back in the direction you came from, in which direction is the lake?",north-east
1047,"You are running north along the west shore of a lake and then turn around to head back in the direction you came from, in which direction is the lake?",east
1048,"You are running north-east along the north-west shore of a lake and then turn around to head back in the direction you came from, in which direction is the lake?",south-east
1049,"You are walking east along the north shore of a lake and then turn around to head back in the direction you came from, in which direction is the lake?",south
1050,"You are walking south-east along the north-east shore of a lake and then turn around to head back in the direction you came from, in which direction is the lake?",south-west
1051,"You are walking south along the east shore of a lake and then turn around to head back in the direction you came from, in which direction is the lake?",west
1052,"You are walking south-west along the south-east shore of a lake and then turn around to head back in the direction you came from, in which direction is the lake?",north-west
1053,"You are walking west along the south shore of a lake and then turn around to head back in the direction you came from, in which direction is the lake?",north
1054,"You are walking north-west along the south-west shore of a lake and then turn around to head back in the direction you came from, in which direction is the lake?",north-east
1055,"You are walking north along the west shore of a lake and then turn around to head back in the direction you came from, in which direction is the lake?",east
1056,"You are walking north-east along the north-west shore of a lake and then turn around to head back in the direction you came from, in which direction is the lake?",south-east
1057,"You are cycling east along the north shore of a lake and then turn around to head back in the direction you came from, in which direction is the lake?",south
1058,"You are cycling south-east along the north-east shore of a lake and then turn around to head back in the direction you came from, in which direction is the lake?",south-west
1059,"You are cycling south along the east shore of a lake and then turn around to head back in the direction you came from, in which direction is the lake?",west
1060,"You are cycling south-west along the south-east shore of a lake and then turn around to head back in the direction you came from, in which direction is the lake?",north-west
1061,"You are cycling west along the south shore of a lake and then turn around to head back in the direction you came from, in which direction is the lake?",north
1062,"You are cycling north-west along the south-west shore of a lake and then turn around to head back in the direction you came from, in which direction is the lake?",north-east
1063,"You are cycling north along the west shore of a lake and then turn around to head back in the direction you came from, in which direction is the lake?",east
1064,"You are cycling north-east along the north-west shore of a lake and then turn around to head back in the direction you came from, in which direction is the lake?",south-east
1065,"You are driving east along the north shore of a lake and then turn around to head back in the direction you came from, in which direction is the lake?",south
1066,"You are driving south-east along the north-east shore of a lake and then turn around to head back in the direction you came from, in which direction is the lake?",south-west
1067,"You are driving south along the east shore of a lake and then turn around to head back in the direction you came from, in which direction is the lake?",west
1068,"You are driving south-west along the south-east shore of a lake and then turn around to head back in the direction you came from, in which direction is the lake?",north-west
1069,"You are driving west along the south shore of a lake and then turn around to head back in the direction you came from, in which direction is the lake?",north
1070,"You are driving north-west along the south-west shore of a lake and then turn around to head back in the direction you came from, in which direction is the lake?",north-east
1071,"You are driving north along the west shore of a lake and then turn around to head back in the direction you came from, in which direction is the lake?",east
1072,"You are driving north-east along the north-west shore of a lake and then turn around to head back in the direction you came from, in which direction is the lake?",south-east
1073,"You are jogging east along the north shore of a lake and then turn around to head back in the direction you came from, in which direction is the lake?",south
1074,"You are jogging south-east along the north-east shore of a lake and then turn around to head back in the direction you came from, in which direction is the lake?",south-west
1075,"You are jogging south along the east shore of a lake and then turn around to head back in the direction you came from, in which direction is the lake?",west
1076,"You are jogging south-west along the south-east shore of a lake and then turn around to head back in the direction you came from, in which direction is the lake?",north-west
1077,"You are jogging west along the south shore of a lake and then turn around to head back in the direction you came from, in which direction is the lake?",north
1078,"You are jogging north-west along the south-west shore of a lake and then turn around to head back in the direction you came from, in which direction is the lake?",north-east
1079,"You are jogging north along the west shore of a lake and then turn around to head back in the direction you came from, in which direction is the lake?",east
1080,"You are jogging north-east along the north-west shore of a lake and then turn around to head back in the direction you came from, in which direction is the lake?",south-east
1081,"You are riding east along the north shore of a lake and then turn around to head back in the direction you came from, in which direction is the lake?",south
1082,"You are riding south-east along the north-east shore of a lake and then turn around to head back in the direction you came from, in which direction is the lake?",south-west
1083,"You are riding south along the east shore of a lake and then turn around to head back in the direction you came from, in which direction is the lake?",west
1084,"You are riding south-west along the south-east shore of a lake and then turn around to head back in the direction you came from, in which direction is the lake?",north-west
1085,"You are riding west along the south shore of a lake and then turn around to head back in the direction you came from, in which direction is the lake?",north
1086,"You are riding north-west along the south-west shore of a lake and then turn around to head back in the direction you came from, in which direction is the lake?",north-east
1087,"You are riding north along the west shore of a lake and then turn around to head back in the direction you came from, in which direction is the lake?",east
1088,"You are riding north-east along the north-west shore of a lake and then turn around to head back in the direction you came from, in which direction is the lake?",south-east
1089,"You are perambulating east along the north shore of a lake and then turn around to head back in the direction you came from, in which direction is the lake?",south
1090,"You are perambulating south-east along the north-east shore of a lake and then turn around to head back in the direction you came from, in which direction is the lake?",south-west
1091,"You are perambulating south along the east shore of a lake and then turn around to head back in the direction you came from, in which direction is the lake?",west
1092,"You are perambulating south-west along the south-east shore of a lake and then turn around to head back in the direction you came from, in which direction is the lake?",north-west
1093,"You are perambulating west along the south shore of a lake and then turn around to head back in the direction you came from, in which direction is the lake?",north
1094,"You are perambulating north-west along the south-west shore of a lake and then turn around to head back in the direction you came from, in which direction is the lake?",north-east
1095,"You are perambulating north along the west shore of a lake and then turn around to head back in the direction you came from, in which direction is the lake?",east
1096,"You are perambulating north-east along the north-west shore of a lake and then turn around to head back in the direction you came from, in which direction is the lake?",south-east
1097,"You are hiking east along the north shore of a lake and then turn around to head back in the direction you came from, in which direction is the lake?",south
1098,"You are hiking south-east along the north-east shore of a lake and then turn around to head back in the direction you came from, in which direction is the lake?",south-west
1099,"You are hiking south along the east shore of a lake and then turn around to head back in the direction you came from, in which direction is the lake?",west
1100,"You are hiking south-west along the south-east shore of a lake and then turn around to head back in the direction you came from, in which direction is the lake?",north-west
1101,"You are hiking west along the south shore of a lake and then turn around to head back in the direction you came from, in which direction is the lake?",north
1102,"You are hiking north-west along the south-west shore of a lake and then turn around to head back in the direction you came from, in which direction is the lake?",north-east
1103,"You are hiking north along the west shore of a lake and then turn around to head back in the direction you came from, in which direction is the lake?",east
1104,"You are hiking north-east along the north-west shore of a lake and then turn around to head back in the direction you came from, in which direction is the lake?",south-east
1105,"You are unicycling east along the north shore of a lake and then turn around to head back in the direction you came from, in which direction is the lake?",south
1106,"You are unicycling south-east along the north-east shore of a lake and then turn around to head back in the direction you came from, in which direction is the lake?",south-west
1107,"You are unicycling south along the east shore of a lake and then turn around to head back in the direction you came from, in which direction is the lake?",west
1108,"You are unicycling south-west along the south-east shore of a lake and then turn around to head back in the direction you came from, in which direction is the lake?",north-west
1109,"You are unicycling west along the south shore of a lake and then turn around to head back in the direction you came from, in which direction is the lake?",north
1110,"You are unicycling north-west along the south-west shore of a lake and then turn around to head back in the direction you came from, in which direction is the lake?",north-east
1111,"You are unicycling north along the west shore of a lake and then turn around to head back in the direction you came from, in which direction is the lake?",east
1112,"You are unicycling north-east along the north-west shore of a lake and then turn around to head back in the direction you came from, in which direction is the lake?",south-east
1113,"You are racing east along the north shore of a lake and then turn around to head back in the direction you came from, in which direction is the lake?",south
1114,"You are racing south-east along the north-east shore of a lake and then turn around to head back in the direction you came from, in which direction is the lake?",south-west
1115,"You are racing south along the east shore of a lake and then turn around to head back in the direction you came from, in which direction is the lake?",west
1116,"You are racing south-west along the south-east shore of a lake and then turn around to head back in the direction you came from, in which direction is the lake?",north-west
1117,"You are racing west along the south shore of a lake and then turn around to head back in the direction you came from, in which direction is the lake?",north
1118,"You are racing north-west along the south-west shore of a lake and then turn around to head back in the direction you came from, in which direction is the lake?",north-east
1119,"You are racing north along the west shore of a lake and then turn around to head back in the direction you came from, in which direction is the lake?",east
1120,"You are racing north-east along the north-west shore of a lake and then turn around to head back in the direction you came from, in which direction is the lake?",south-east
1121,"He is running east along the north shore of a lake and then turns around to head back in the direction he came from, in which direction is the lake?",south
1122,"He is running south-east along the north-east shore of a lake and then turns around to head back in the direction he came from, in which direction is the lake?",south-west
1123,"He is running south along the east shore of a lake and then turns around to head back in the direction he came from, in which direction is the lake?",west
1124,"He is running south-west along the south-east shore of a lake and then turns around to head back in the direction he came from, in which direction is the lake?",north-west
1125,"He is running west along the south shore of a lake and then turns around to head back in the direction he came from, in which direction is the lake?",north
1126,"He is running north-west along the south-west shore of a lake and then turns around to head back in the direction he came from, in which direction is the lake?",north-east
1127,"He is running north along the west shore of a lake and then turns around to head back in the direction he came from, in which direction is the lake?",east
1128,"He is running north-east along the north-west shore of a lake and then turns around to head back in the direction he came from, in which direction is the lake?",south-east
1129,"He is walking east along the north shore of a lake and then turns around to head back in the direction he came from, in which direction is the lake?",south
1130,"He is walking south-east along the north-east shore of a lake and then turns around to head back in the direction he came from, in which direction is the lake?",south-west
1131,"He is walking south along the east shore of a lake and then turns around to head back in the direction he came from, in which direction is the lake?",west
1132,"He is walking south-west along the south-east shore of a lake and then turns around to head back in the direction he came from, in which direction is the lake?",north-west
1133,"He is walking west along the south shore of a lake and then turns around to head back in the direction he came from, in which direction is the lake?",north
1134,"He is walking north-west along the south-west shore of a lake and then turns around to head back in the direction he came from, in which direction is the lake?",north-east
1135,"He is walking north along the west shore of a lake and then turns around to head back in the direction he came from, in which direction is the lake?",east
1136,"He is walking north-east along the north-west shore of a lake and then turns around to head back in the direction he came from, in which direction is the lake?",south-east
1137,"He is cycling east along the north shore of a lake and then turns around to head back in the direction he came from, in which direction is the lake?",south
1138,"He is cycling south-east along the north-east shore of a lake and then turns around to head back in the direction he came from, in which direction is the lake?",south-west
1139,"He is cycling south along the east shore of a lake and then turns around to head back in the direction he came from, in which direction is the lake?",west
1140,"He is cycling south-west along the south-east shore of a lake and then turns around to head back in the direction he came from, in which direction is the lake?",north-west
1141,"He is cycling west along the south shore of a lake and then turns around to head back in the direction he came from, in which direction is the lake?",north
1142,"He is cycling north-west along the south-west shore of a lake and then turns around to head back in the direction he came from, in which direction is the lake?",north-east
1143,"He is cycling north along the west shore of a lake and then turns around to head back in the direction he came from, in which direction is the lake?",east
1144,"He is cycling north-east along the north-west shore of a lake and then turns around to head back in the direction he came from, in which direction is the lake?",south-east
1145,"He is driving east along the north shore of a lake and then turns around to head back in the direction he came from, in which direction is the lake?",south
1146,"He is driving south-east along the north-east shore of a lake and then turns around to head back in the direction he came from, in which direction is the lake?",south-west
1147,"He is driving south along the east shore of a lake and then turns around to head back in the direction he came from, in which direction is the lake?",west
1148,"He is driving south-west along the south-east shore of a lake and then turns around to head back in the direction he came from, in which direction is the lake?",north-west
1149,"He is driving west along the south shore of a lake and then turns around to head back in the direction he came from, in which direction is the lake?",north
1150,"He is driving north-west along the south-west shore of a lake and then turns around to head back in the direction he came from, in which direction is the lake?",north-east
1151,"He is driving north along the west shore of a lake and then turns around to head back in the direction he came from, in which direction is the lake?",east
1152,"He is driving north-east along the north-west shore of a lake and then turns around to head back in the direction he came from, in which direction is the lake?",south-east
1153,"He is jogging east along the north shore of a lake and then turns around to head back in the direction he came from, in which direction is the lake?",south
1154,"He is jogging south-east along the north-east shore of a lake and then turns around to head back in the direction he came from, in which direction is the lake?",south-west
1155,"He is jogging south along the east shore of a lake and then turns around to head back in the direction he came from, in which direction is the lake?",west
1156,"He is jogging south-west along the south-east shore of a lake and then turns around to head back in the direction he came from, in which direction is the lake?",north-west
1157,"He is jogging west along the south shore of a lake and then turns around to head back in the direction he came from, in which direction is the lake?",north
1158,"He is jogging north-west along the south-west shore of a lake and then turns around to head back in the direction he came from, in which direction is the lake?",north-east
1159,"He is jogging north along the west shore of a lake and then turns around to head back in the direction he came from, in which direction is the lake?",east
1160,"He is jogging north-east along the north-west shore of a lake and then turns around to head back in the direction he came from, in which direction is the lake?",south-east
1161,"He is riding east along the north shore of a lake and then turns around to head back in the direction he came from, in which direction is the lake?",south
1162,"He is riding south-east along the north-east shore of a lake and then turns around to head back in the direction he came from, in which direction is the lake?",south-west
1163,"He is riding south along the east shore of a lake and then turns around to head back in the direction he came from, in which direction is the lake?",west
1164,"He is riding south-west along the south-east shore of a lake and then turns around to head back in the direction he came from, in which direction is the lake?",north-west
1165,"He is riding west along the south shore of a lake and then turns around to head back in the direction he came from, in which direction is the lake?",north
1166,"He is riding north-west along the south-west shore of a lake and then turns around to head back in the direction he came from, in which direction is the lake?",north-east
1167,"He is riding north along the west shore of a lake and then turns around to head back in the direction he came from, in which direction is the lake?",east
1168,"He is riding north-east along the north-west shore of a lake and then turns around to head back in the direction he came from, in which direction is the lake?",south-east
1169,"He is perambulating east along the north shore of a lake and then turns around to head back in the direction he came from, in which direction is the lake?",south
1170,"He is perambulating south-east along the north-east shore of a lake and then turns around to head back in the direction he came from, in which direction is the lake?",south-west
1171,"He is perambulating south along the east shore of a lake and then turns around to head back in the direction he came from, in which direction is the lake?",west
1172,"He is perambulating south-west along the south-east shore of a lake and then turns around to head back in the direction he came from, in which direction is the lake?",north-west
1173,"He is perambulating west along the south shore of a lake and then turns around to head back in the direction he came from, in which direction is the lake?",north
1174,"He is perambulating north-west along the south-west shore of a lake and then turns around to head back in the direction he came from, in which direction is the lake?",north-east
1175,"He is perambulating north along the west shore of a lake and then turns around to head back in the direction he came from, in which direction is the lake?",east
1176,"He is perambulating north-east along the north-west shore of a lake and then turns around to head back in the direction he came from, in which direction is the lake?",south-east
1177,"He is hiking east along the north shore of a lake and then turns around to head back in the direction he came from, in which direction is the lake?",south
1178,"He is hiking south-east along the north-east shore of a lake and then turns around to head back in the direction he came from, in which direction is the lake?",south-west
1179,"He is hiking south along the east shore of a lake and then turns around to head back in the direction he came from, in which direction is the lake?",west
1180,"He is hiking south-west along the south-east shore of a lake and then turns around to head back in the direction he came from, in which direction is the lake?",north-west
1181,"He is hiking west along the south shore of a lake and then turns around to head back in the direction he came from, in which direction is the lake?",north
1182,"He is hiking north-west along the south-west shore of a lake and then turns around to head back in the direction he came from, in which direction is the lake?",north-east
1183,"He is hiking north along the west shore of a lake and then turns around to head back in the direction he came from, in which direction is the lake?",east
1184,"He is hiking north-east along the north-west shore of a lake and then turns around to head back in the direction he came from, in which direction is the lake?",south-east
1185,"He is unicycling east along the north shore of a lake and then turns around to head back in the direction he came from, in which direction is the lake?",south
1186,"He is unicycling south-east along the north-east shore of a lake and then turns around to head back in the direction he came from, in which direction is the lake?",south-west
1187,"He is unicycling south along the east shore of a lake and then turns around to head back in the direction he came from, in which direction is the lake?",west
1188,"He is unicycling south-west along the south-east shore of a lake and then turns around to head back in the direction he came from, in which direction is the lake?",north-west
1189,"He is unicycling west along the south shore of a lake and then turns around to head back in the direction he came from, in which direction is the lake?",north
1190,"He is unicycling north-west along the south-west shore of a lake and then turns around to head back in the direction he came from, in which direction is the lake?",north-east
1191,"He is unicycling north along the west shore of a lake and then turns around to head back in the direction he came from, in which direction is the lake?",east
1192,"He is unicycling north-east along the north-west shore of a lake and then turns around to head back in the direction he came from, in which direction is the lake?",south-east
1193,"He is racing east along the north shore of a lake and then turns around to head back in the direction he came from, in which direction is the lake?",south
1194,"He is racing south-east along the north-east shore of a lake and then turns around to head back in the direction he came from, in which direction is the lake?",south-west
1195,"He is racing south along the east shore of a lake and then turns around to head back in the direction he came from, in which direction is the lake?",west
1196,"He is racing south-west along the south-east shore of a lake and then turns around to head back in the direction he came from, in which direction is the lake?",north-west
1197,"He is racing west along the south shore of a lake and then turns around to head back in the direction he came from, in which direction is the lake?",north
1198,"He is racing north-west along the south-west shore of a lake and then turns around to head back in the direction he came from, in which direction is the lake?",north-east
1199,"He is racing north along the west shore of a lake and then turns around to head back in the direction he came from, in which direction is the lake?",east
1200,"He is racing north-east along the north-west shore of a lake and then turns around to head back in the direction he came from, in which direction is the lake?",south-east
1201,"She is running east along the north shore of a lake and then turns around to head back in the direction she came from, in which direction is the lake?",south
1202,"She is running south-east along the north-east shore of a lake and then turns around to head back in the direction she came from, in which direction is the lake?",south-west
1203,"She is running south along the east shore of a lake and then turns around to head back in the direction she came from, in which direction is the lake?",west
1204,"She is running south-west along the south-east shore of a lake and then turns around to head back in the direction she came from, in which direction is the lake?",north-west
1205,"She is running west along the south shore of a lake and then turns around to head back in the direction she came from, in which direction is the lake?",north
1206,"She is running north-west along the south-west shore of a lake and then turns around to head back in the direction she came from, in which direction is the lake?",north-east
1207,"She is running north along the west shore of a lake and then turns around to head back in the direction she came from, in which direction is the lake?",east
1208,"She is running north-east along the north-west shore of a lake and then turns around to head back in the direction she came from, in which direction is the lake?",south-east
1209,"She is walking east along the north shore of a lake and then turns around to head back in the direction she came from, in which direction is the lake?",south
1210,"She is walking south-east along the north-east shore of a lake and then turns around to head back in the direction she came from, in which direction is the lake?",south-west
1211,"She is walking south along the east shore of a lake and then turns around to head back in the direction she came from, in which direction is the lake?",west
1212,"She is walking south-west along the south-east shore of a lake and then turns around to head back in the direction she came from, in which direction is the lake?",north-west
1213,"She is walking west along the south shore of a lake and then turns around to head back in the direction she came from, in which direction is the lake?",north
1214,"She is walking north-west along the south-west shore of a lake and then turns around to head back in the direction she came from, in which direction is the lake?",north-east
1215,"She is walking north along the west shore of a lake and then turns around to head back in the direction she came from, in which direction is the lake?",east
1216,"She is walking north-east along the north-west shore of a lake and then turns around to head back in the direction she came from, in which direction is the lake?",south-east
1217,"She is cycling east along the north shore of a lake and then turns around to head back in the direction she came from, in which direction is the lake?",south
1218,"She is cycling south-east along the north-east shore of a lake and then turns around to head back in the direction she came from, in which direction is the lake?",south-west
1219,"She is cycling south along the east shore of a lake and then turns around to head back in the direction she came from, in which direction is the lake?",west
1220,"She is cycling south-west along the south-east shore of a lake and then turns around to head back in the direction she came from, in which direction is the lake?",north-west
1221,"She is cycling west along the south shore of a lake and then turns around to head back in the direction she came from, in which direction is the lake?",north
1222,"She is cycling north-west along the south-west shore of a lake and then turns around to head back in the direction she came from, in which direction is the lake?",north-east
1223,"She is cycling north along the west shore of a lake and then turns around to head back in the direction she came from, in which direction is the lake?",east
1224,"She is cycling north-east along the north-west shore of a lake and then turns around to head back in the direction she came from, in which direction is the lake?",south-east
1225,"She is driving east along the north shore of a lake and then turns around to head back in the direction she came from, in which direction is the lake?",south
1226,"She is driving south-east along the north-east shore of a lake and then turns around to head back in the direction she came from, in which direction is the lake?",south-west
1227,"She is driving south along the east shore of a lake and then turns around to head back in the direction she came from, in which direction is the lake?",west
1228,"She is driving south-west along the south-east shore of a lake and then turns around to head back in the direction she came from, in which direction is the lake?",north-west
1229,"She is driving west along the south shore of a lake and then turns around to head back in the direction she came from, in which direction is the lake?",north
1230,"She is driving north-west along the south-west shore of a lake and then turns around to head back in the direction she came from, in which direction is the lake?",north-east
1231,"She is driving north along the west shore of a lake and then turns around to head back in the direction she came from, in which direction is the lake?",east
1232,"She is driving north-east along the north-west shore of a lake and then turns around to head back in the direction she came from, in which direction is the lake?",south-east
1233,"She is jogging east along the north shore of a lake and then turns around to head back in the direction she came from, in which direction is the lake?",south
1234,"She is jogging south-east along the north-east shore of a lake and then turns around to head back in the direction she came from, in which direction is the lake?",south-west
1235,"She is jogging south along the east shore of a lake and then turns around to head back in the direction she came from, in which direction is the lake?",west
1236,"She is jogging south-west along the south-east shore of a lake and then turns around to head back in the direction she came from, in which direction is the lake?",north-west
1237,"She is jogging west along the south shore of a lake and then turns around to head back in the direction she came from, in which direction is the lake?",north
1238,"She is jogging north-west along the south-west shore of a lake and then turns around to head back in the direction she came from, in which direction is the lake?",north-east
1239,"She is jogging north along the west shore of a lake and then turns around to head back in the direction she came from, in which direction is the lake?",east
1240,"She is jogging north-east along the north-west shore of a lake and then turns around to head back in the direction she came from, in which direction is the lake?",south-east
1241,"She is riding east along the north shore of a lake and then turns around to head back in the direction she came from, in which direction is the lake?",south
1242,"She is riding south-east along the north-east shore of a lake and then turns around to head back in the direction she came from, in which direction is the lake?",south-west
1243,"She is riding south along the east shore of a lake and then turns around to head back in the direction she came from, in which direction is the lake?",west
1244,"She is riding south-west along the south-east shore of a lake and then turns around to head back in the direction she came from, in which direction is the lake?",north-west
1245,"She is riding west along the south shore of a lake and then turns around to head back in the direction she came from, in which direction is the lake?",north
1246,"She is riding north-west along the south-west shore of a lake and then turns around to head back in the direction she came from, in which direction is the lake?",north-east
1247,"She is riding north along the west shore of a lake and then turns around to head back in the direction she came from, in which direction is the lake?",east
1248,"She is riding north-east along the north-west shore of a lake and then turns around to head back in the direction she came from, in which direction is the lake?",south-east
1249,"She is perambulating east along the north shore of a lake and then turns around to head back in the direction she came from, in which direction is the lake?",south
1250,"She is perambulating south-east along the north-east shore of a lake and then turns around to head back in the direction she came from, in which direction is the lake?",south-west
1251,"She is perambulating south along the east shore of a lake and then turns around to head back in the direction she came from, in which direction is the lake?",west
1252,"She is perambulating south-west along the south-east shore of a lake and then turns around to head back in the direction she came from, in which direction is the lake?",north-west
1253,"She is perambulating west along the south shore of a lake and then turns around to head back in the direction she came from, in which direction is the lake?",north
1254,"She is perambulating north-west along the south-west shore of a lake and then turns around to head back in the direction she came from, in which direction is the lake?",north-east
1255,"She is perambulating north along the west shore of a lake and then turns around to head back in the direction she came from, in which direction is the lake?",east
1256,"She is perambulating north-east along the north-west shore of a lake and then turns around to head back in the direction she came from, in which direction is the lake?",south-east
1257,"She is hiking east along the north shore of a lake and then turns around to head back in the direction she came from, in which direction is the lake?",south
1258,"She is hiking south-east along the north-east shore of a lake and then turns around to head back in the direction she came from, in which direction is the lake?",south-west
1259,"She is hiking south along the east shore of a lake and then turns around to head back in the direction she came from, in which direction is the lake?",west
1260,"She is hiking south-west along the south-east shore of a lake and then turns around to head back in the direction she came from, in which direction is the lake?",north-west
1261,"She is hiking west along the south shore of a lake and then turns around to head back in the direction she came from, in which direction is the lake?",north
1262,"She is hiking north-west along the south-west shore of a lake and then turns around to head back in the direction she came from, in which direction is the lake?",north-east
1263,"She is hiking north along the west shore of a lake and then turns around to head back in the direction she came from, in which direction is the lake?",east
1264,"She is hiking north-east along the north-west shore of a lake and then turns around to head back in the direction she came from, in which direction is the lake?",south-east
1265,"She is unicycling east along the north shore of a lake and then turns around to head back in the direction she came from, in which direction is the lake?",south
1266,"She is unicycling south-east along the north-east shore of a lake and then turns around to head back in the direction she came from, in which direction is the lake?",south-west
1267,"She is unicycling south along the east shore of a lake and then turns around to head back in the direction she came from, in which direction is the lake?",west
1268,"She is unicycling south-west along the south-east shore of a lake and then turns around to head back in the direction she came from, in which direction is the lake?",north-west
1269,"She is unicycling west along the south shore of a lake and then turns around to head back in the direction she came from, in which direction is the lake?",north
1270,"She is unicycling north-west along the south-west shore of a lake and then turns around to head back in the direction she came from, in which direction is the lake?",north-east
1271,"She is unicycling north along the west shore of a lake and then turns around to head back in the direction she came from, in which direction is the lake?",east
1272,"She is unicycling north-east along the north-west shore of a lake and then turns around to head back in the direction she came from, in which direction is the lake?",south-east
1273,"She is racing east along the north shore of a lake and then turns around to head back in the direction she came from, in which direction is the lake?",south
1274,"She is racing south-east along the north-east shore of a lake and then turns around to head back in the direction she came from, in which direction is the lake?",south-west
1275,"She is racing south along the east shore of a lake and then turns around to head back in the direction she came from, in which direction is the lake?",west
1276,"She is racing south-west along the south-east shore of a lake and then turns around to head back in the direction she came from, in which direction is the lake?",north-west
1277,"She is racing west along the south shore of a lake and then turns around to head back in the direction she came from, in which direction is the lake?",north
1278,"She is racing north-west along the south-west shore of a lake and then turns around to head back in the direction she came from, in which direction is the lake?",north-east
1279,"She is racing north along the west shore of a lake and then turns around to head back in the direction she came from, in which direction is the lake?",east
1280,"She is racing north-east along the north-west shore of a lake and then turns around to head back in the direction she came from, in which direction is the lake?",south-east
1281,"We are running east along the north shore of a lake and then turn around to head back in the direction we came from, in which direction is the lake?",south
1282,"We are running south-east along the north-east shore of a lake and then turn around to head back in the direction we came from, in which direction is the lake?",south-west
1283,"We are running south along the east shore of a lake and then turn around to head back in the direction we came from, in which direction is the lake?",west
1284,"We are running south-west along the south-east shore of a lake and then turn around to head back in the direction we came from, in which direction is the lake?",north-west
1285,"We are running west along the south shore of a lake and then turn around to head back in the direction we came from, in which direction is the lake?",north
1286,"We are running north-west along the south-west shore of a lake and then turn around to head back in the direction we came from, in which direction is the lake?",north-east
1287,"We are running north along the west shore of a lake and then turn around to head back in the direction we came from, in which direction is the lake?",east
1288,"We are running north-east along the north-west shore of a lake and then turn around to head back in the direction we came from, in which direction is the lake?",south-east
1289,"We are walking east along the north shore of a lake and then turn around to head back in the direction we came from, in which direction is the lake?",south
1290,"We are walking south-east along the north-east shore of a lake and then turn around to head back in the direction we came from, in which direction is the lake?",south-west
1291,"We are walking south along the east shore of a lake and then turn around to head back in the direction we came from, in which direction is the lake?",west
1292,"We are walking south-west along the south-east shore of a lake and then turn around to head back in the direction we came from, in which direction is the lake?",north-west
1293,"We are walking west along the south shore of a lake and then turn around to head back in the direction we came from, in which direction is the lake?",north
1294,"We are walking north-west along the south-west shore of a lake and then turn around to head back in the direction we came from, in which direction is the lake?",north-east
1295,"We are walking north along the west shore of a lake and then turn around to head back in the direction we came from, in which direction is the lake?",east
1296,"We are walking north-east along the north-west shore of a lake and then turn around to head back in the direction we came from, in which direction is the lake?",south-east
1297,"We are cycling east along the north shore of a lake and then turn around to head back in the direction we came from, in which direction is the lake?",south
1298,"We are cycling south-east along the north-east shore of a lake and then turn around to head back in the direction we came from, in which direction is the lake?",south-west
1299,"We are cycling south along the east shore of a lake and then turn around to head back in the direction we came from, in which direction is the lake?",west
1300,"We are cycling south-west along the south-east shore of a lake and then turn around to head back in the direction we came from, in which direction is the lake?",north-west
1301,"We are cycling west along the south shore of a lake and then turn around to head back in the direction we came from, in which direction is the lake?",north
1302,"We are cycling north-west along the south-west shore of a lake and then turn around to head back in the direction we came from, in which direction is the lake?",north-east
1303,"We are cycling north along the west shore of a lake and then turn around to head back in the direction we came from, in which direction is the lake?",east
1304,"We are cycling north-east along the north-west shore of a lake and then turn around to head back in the direction we came from, in which direction is the lake?",south-east
1305,"We are driving east along the north shore of a lake and then turn around to head back in the direction we came from, in which direction is the lake?",south
1306,"We are driving south-east along the north-east shore of a lake and then turn around to head back in the direction we came from, in which direction is the lake?",south-west
1307,"We are driving south along the east shore of a lake and then turn around to head back in the direction we came from, in which direction is the lake?",west
1308,"We are driving south-west along the south-east shore of a lake and then turn around to head back in the direction we came from, in which direction is the lake?",north-west
1309,"We are driving west along the south shore of a lake and then turn around to head back in the direction we came from, in which direction is the lake?",north
1310,"We are driving north-west along the south-west shore of a lake and then turn around to head back in the direction we came from, in which direction is the lake?",north-east
1311,"We are driving north along the west shore of a lake and then turn around to head back in the direction we came from, in which direction is the lake?",east
1312,"We are driving north-east along the north-west shore of a lake and then turn around to head back in the direction we came from, in which direction is the lake?",south-east
1313,"We are jogging east along the north shore of a lake and then turn around to head back in the direction we came from, in which direction is the lake?",south
1314,"We are jogging south-east along the north-east shore of a lake and then turn around to head back in the direction we came from, in which direction is the lake?",south-west
1315,"We are jogging south along the east shore of a lake and then turn around to head back in the direction we came from, in which direction is the lake?",west
1316,"We are jogging south-west along the south-east shore of a lake and then turn around to head back in the direction we came from, in which direction is the lake?",north-west
1317,"We are jogging west along the south shore of a lake and then turn around to head back in the direction we came from, in which direction is the lake?",north
1318,"We are jogging north-west along the south-west shore of a lake and then turn around to head back in the direction we came from, in which direction is the lake?",north-east
1319,"We are jogging north along the west shore of a lake and then turn around to head back in the direction we came from, in which direction is the lake?",east
1320,"We are jogging north-east along the north-west shore of a lake and then turn around to head back in the direction we came from, in which direction is the lake?",south-east
1321,"We are riding east along the north shore of a lake and then turn around to head back in the direction we came from, in which direction is the lake?",south
1322,"We are riding south-east along the north-east shore of a lake and then turn around to head back in the direction we came from, in which direction is the lake?",south-west
1323,"We are riding south along the east shore of a lake and then turn around to head back in the direction we came from, in which direction is the lake?",west
1324,"We are riding south-west along the south-east shore of a lake and then turn around to head back in the direction we came from, in which direction is the lake?",north-west
1325,"We are riding west along the south shore of a lake and then turn around to head back in the direction we came from, in which direction is the lake?",north
1326,"We are riding north-west along the south-west shore of a lake and then turn around to head back in the direction we came from, in which direction is the lake?",north-east
1327,"We are riding north along the west shore of a lake and then turn around to head back in the direction we came from, in which direction is the lake?",east
1328,"We are riding north-east along the north-west shore of a lake and then turn around to head back in the direction we came from, in which direction is the lake?",south-east
1329,"We are perambulating east along the north shore of a lake and then turn around to head back in the direction we came from, in which direction is the lake?",south
1330,"We are perambulating south-east along the north-east shore of a lake and then turn around to head back in the direction we came from, in which direction is the lake?",south-west
1331,"We are perambulating south along the east shore of a lake and then turn around to head back in the direction we came from, in which direction is the lake?",west
1332,"We are perambulating south-west along the south-east shore of a lake and then turn around to head back in the direction we came from, in which direction is the lake?",north-west
1333,"We are perambulating west along the south shore of a lake and then turn around to head back in the direction we came from, in which direction is the lake?",north
1334,"We are perambulating north-west along the south-west shore of a lake and then turn around to head back in the direction we came from, in which direction is the lake?",north-east
1335,"We are perambulating north along the west shore of a lake and then turn around to head back in the direction we came from, in which direction is the lake?",east
1336,"We are perambulating north-east along the north-west shore of a lake and then turn around to head back in the direction we came from, in which direction is the lake?",south-east
1337,"We are hiking east along the north shore of a lake and then turn around to head back in the direction we came from, in which direction is the lake?",south
1338,"We are hiking south-east along the north-east shore of a lake and then turn around to head back in the direction we came from, in which direction is the lake?",south-west
1339,"We are hiking south along the east shore of a lake and then turn around to head back in the direction we came from, in which direction is the lake?",west
1340,"We are hiking south-west along the south-east shore of a lake and then turn around to head back in the direction we came from, in which direction is the lake?",north-west
1341,"We are hiking west along the south shore of a lake and then turn around to head back in the direction we came from, in which direction is the lake?",north
1342,"We are hiking north-west along the south-west shore of a lake and then turn around to head back in the direction we came from, in which direction is the lake?",north-east
1343,"We are hiking north along the west shore of a lake and then turn around to head back in the direction we came from, in which direction is the lake?",east
1344,"We are hiking north-east along the north-west shore of a lake and then turn around to head back in the direction we came from, in which direction is the lake?",south-east
1345,"We are unicycling east along the north shore of a lake and then turn around to head back in the direction we came from, in which direction is the lake?",south
1346,"We are unicycling south-east along the north-east shore of a lake and then turn around to head back in the direction we came from, in which direction is the lake?",south-west
1347,"We are unicycling south along the east shore of a lake and then turn around to head back in the direction we came from, in which direction is the lake?",west
1348,"We are unicycling south-west along the south-east shore of a lake and then turn around to head back in the direction we came from, in which direction is the lake?",north-west
1349,"We are unicycling west along the south shore of a lake and then turn around to head back in the direction we came from, in which direction is the lake?",north
1350,"We are unicycling north-west along the south-west shore of a lake and then turn around to head back in the direction we came from, in which direction is the lake?",north-east
1351,"We are unicycling north along the west shore of a lake and then turn around to head back in the direction we came from, in which direction is the lake?",east
1352,"We are unicycling north-east along the north-west shore of a lake and then turn around to head back in the direction we came from, in which direction is the lake?",south-east
1353,"We are racing east along the north shore of a lake and then turn around to head back in the direction we came from, in which direction is the lake?",south
1354,"We are racing south-east along the north-east shore of a lake and then turn around to head back in the direction we came from, in which direction is the lake?",south-west
1355,"We are racing south along the east shore of a lake and then turn around to head back in the direction we came from, in which direction is the lake?",west
1356,"We are racing south-west along the south-east shore of a lake and then turn around to head back in the direction we came from, in which direction is the lake?",north-west
1357,"We are racing west along the south shore of a lake and then turn around to head back in the direction we came from, in which direction is the lake?",north
1358,"We are racing north-west along the south-west shore of a lake and then turn around to head back in the direction we came from, in which direction is the lake?",north-east
1359,"We are racing north along the west shore of a lake and then turn around to head back in the direction we came from, in which direction is the lake?",east
1360,"We are racing north-east along the north-west shore of a lake and then turn around to head back in the direction we came from, in which direction is the lake?",south-east
1361,"They are running east along the north shore of a lake and then turn around to head back in the direction they came from, in which direction is the lake?",south
1362,"They are running south-east along the north-east shore of a lake and then turn around to head back in the direction they came from, in which direction is the lake?",south-west
1363,"They are running south along the east shore of a lake and then turn around to head back in the direction they came from, in which direction is the lake?",west
1364,"They are running south-west along the south-east shore of a lake and then turn around to head back in the direction they came from, in which direction is the lake?",north-west
1365,"They are running west along the south shore of a lake and then turn around to head back in the direction they came from, in which direction is the lake?",north
1366,"They are running north-west along the south-west shore of a lake and then turn around to head back in the direction they came from, in which direction is the lake?",north-east
1367,"They are running north along the west shore of a lake and then turn around to head back in the direction they came from, in which direction is the lake?",east
1368,"They are running north-east along the north-west shore of a lake and then turn around to head back in the direction they came from, in which direction is the lake?",south-east
1369,"They are walking east along the north shore of a lake and then turn around to head back in the direction they came from, in which direction is the lake?",south
1370,"They are walking south-east along the north-east shore of a lake and then turn around to head back in the direction they came from, in which direction is the lake?",south-west
1371,"They are walking south along the east shore of a lake and then turn around to head back in the direction they came from, in which direction is the lake?",west
1372,"They are walking south-west along the south-east shore of a lake and then turn around to head back in the direction they came from, in which direction is the lake?",north-west
1373,"They are walking west along the south shore of a lake and then turn around to head back in the direction they came from, in which direction is the lake?",north
1374,"They are walking north-west along the south-west shore of a lake and then turn around to head back in the direction they came from, in which direction is the lake?",north-east
1375,"They are walking north along the west shore of a lake and then turn around to head back in the direction they came from, in which direction is the lake?",east
1376,"They are walking north-east along the north-west shore of a lake and then turn around to head back in the direction they came from, in which direction is the lake?",south-east
1377,"They are cycling east along the north shore of a lake and then turn around to head back in the direction they came from, in which direction is the lake?",south
1378,"They are cycling south-east along the north-east shore of a lake and then turn around to head back in the direction they came from, in which direction is the lake?",south-west
1379,"They are cycling south along the east shore of a lake and then turn around to head back in the direction they came from, in which direction is the lake?",west
1380,"They are cycling south-west along the south-east shore of a lake and then turn around to head back in the direction they came from, in which direction is the lake?",north-west
1381,"They are cycling west along the south shore of a lake and then turn around to head back in the direction they came from, in which direction is the lake?",north
1382,"They are cycling north-west along the south-west shore of a lake and then turn around to head back in the direction they came from, in which direction is the lake?",north-east
1383,"They are cycling north along the west shore of a lake and then turn around to head back in the direction they came from, in which direction is the lake?",east
1384,"They are cycling north-east along the north-west shore of a lake and then turn around to head back in the direction they came from, in which direction is the lake?",south-east
1385,"They are driving east along the north shore of a lake and then turn around to head back in the direction they came from, in which direction is the lake?",south
1386,"They are driving south-east along the north-east shore of a lake and then turn around to head back in the direction they came from, in which direction is the lake?",south-west
1387,"They are driving south along the east shore of a lake and then turn around to head back in the direction they came from, in which direction is the lake?",west
1388,"They are driving south-west along the south-east shore of a lake and then turn around to head back in the direction they came from, in which direction is the lake?",north-west
1389,"They are driving west along the south shore of a lake and then turn around to head back in the direction they came from, in which direction is the lake?",north
1390,"They are driving north-west along the south-west shore of a lake and then turn around to head back in the direction they came from, in which direction is the lake?",north-east
1391,"They are driving north along the west shore of a lake and then turn around to head back in the direction they came from, in which direction is the lake?",east
1392,"They are driving north-east along the north-west shore of a lake and then turn around to head back in the direction they came from, in which direction is the lake?",south-east
1393,"They are jogging east along the north shore of a lake and then turn around to head back in the direction they came from, in which direction is the lake?",south
1394,"They are jogging south-east along the north-east shore of a lake and then turn around to head back in the direction they came from, in which direction is the lake?",south-west
1395,"They are jogging south along the east shore of a lake and then turn around to head back in the direction they came from, in which direction is the lake?",west
1396,"They are jogging south-west along the south-east shore of a lake and then turn around to head back in the direction they came from, in which direction is the lake?",north-west
1397,"They are jogging west along the south shore of a lake and then turn around to head back in the direction they came from, in which direction is the lake?",north
1398,"They are jogging north-west along the south-west shore of a lake and then turn around to head back in the direction they came from, in which direction is the lake?",north-east
1399,"They are jogging north along the west shore of a lake and then turn around to head back in the direction they came from, in which direction is the lake?",east
1400,"They are jogging north-east along the north-west shore of a lake and then turn around to head back in the direction they came from, in which direction is the lake?",south-east
1401,"They are riding east along the north shore of a lake and then turn around to head back in the direction they came from, in which direction is the lake?",south
1402,"They are riding south-east along the north-east shore of a lake and then turn around to head back in the direction they came from, in which direction is the lake?",south-west
1403,"They are riding south along the east shore of a lake and then turn around to head back in the direction they came from, in which direction is the lake?",west
1404,"They are riding south-west along the south-east shore of a lake and then turn around to head back in the direction they came from, in which direction is the lake?",north-west
1405,"They are riding west along the south shore of a lake and then turn around to head back in the direction they came from, in which direction is the lake?",north
1406,"They are riding north-west along the south-west shore of a lake and then turn around to head back in the direction they came from, in which direction is the lake?",north-east
1407,"They are riding north along the west shore of a lake and then turn around to head back in the direction they came from, in which direction is the lake?",east
1408,"They are riding north-east along the north-west shore of a lake and then turn around to head back in the direction they came from, in which direction is the lake?",south-east
1409,"They are perambulating east along the north shore of a lake and then turn around to head back in the direction they came from, in which direction is the lake?",south
1410,"They are perambulating south-east along the north-east shore of a lake and then turn around to head back in the direction they came from, in which direction is the lake?",south-west
1411,"They are perambulating south along the east shore of a lake and then turn around to head back in the direction they came from, in which direction is the lake?",west
1412,"They are perambulating south-west along the south-east shore of a lake and then turn around to head back in the direction they came from, in which direction is the lake?",north-west
1413,"They are perambulating west along the south shore of a lake and then turn around to head back in the direction they came from, in which direction is the lake?",north
1414,"They are perambulating north-west along the south-west shore of a lake and then turn around to head back in the direction they came from, in which direction is the lake?",north-east
1415,"They are perambulating north along the west shore of a lake and then turn around to head back in the direction they came from, in which direction is the lake?",east
1416,"They are perambulating north-east along the north-west shore of a lake and then turn around to head back in the direction they came from, in which direction is the lake?",south-east
1417,"They are hiking east along the north shore of a lake and then turn around to head back in the direction they came from, in which direction is the lake?",south
1418,"They are hiking south-east along the north-east shore of a lake and then turn around to head back in the direction they came from, in which direction is the lake?",south-west
1419,"They are hiking south along the east shore of a lake and then turn around to head back in the direction they came from, in which direction is the lake?",west
1420,"They are hiking south-west along the south-east shore of a lake and then turn around to head back in the direction they came from, in which direction is the lake?",north-west
1421,"They are hiking west along the south shore of a lake and then turn around to head back in the direction they came from, in which direction is the lake?",north
1422,"They are hiking north-west along the south-west shore of a lake and then turn around to head back in the direction they came from, in which direction is the lake?",north-east
1423,"They are hiking north along the west shore of a lake and then turn around to head back in the direction they came from, in which direction is the lake?",east
1424,"They are hiking north-east along the north-west shore of a lake and then turn around to head back in the direction they came from, in which direction is the lake?",south-east
1425,"They are unicycling east along the north shore of a lake and then turn around to head back in the direction they came from, in which direction is the lake?",south
1426,"They are unicycling south-east along the north-east shore of a lake and then turn around to head back in the direction they came from, in which direction is the lake?",south-west
1427,"They are unicycling south along the east shore of a lake and then turn around to head back in the direction they came from, in which direction is the lake?",west
1428,"They are unicycling south-west along the south-east shore of a lake and then turn around to head back in the direction they came from, in which direction is the lake?",north-west
1429,"They are unicycling west along the south shore of a lake and then turn around to head back in the direction they came from, in which direction is the lake?",north
1430,"They are unicycling north-west along the south-west shore of a lake and then turn around to head back in the direction they came from, in which direction is the lake?",north-east
1431,"They are unicycling north along the west shore of a lake and then turn around to head back in the direction they came from, in which direction is the lake?",east
1432,"They are unicycling north-east along the north-west shore of a lake and then turn around to head back in the direction they came from, in which direction is the lake?",south-east
1433,"They are racing east along the north shore of a lake and then turn around to head back in the direction they came from, in which direction is the lake?",south
1434,"They are racing south-east along the north-east shore of a lake and then turn around to head back in the direction they came from, in which direction is the lake?",south-west
1435,"They are racing south along the east shore of a lake and then turn around to head back in the direction they came from, in which direction is the lake?",west
1436,"They are racing south-west along the south-east shore of a lake and then turn around to head back in the direction they came from, in which direction is the lake?",north-west
1437,"They are racing west along the south shore of a lake and then turn around to head back in the direction they came from, in which direction is the lake?",north
1438,"They are racing north-west along the south-west shore of a lake and then turn around to head back in the direction they came from, in which direction is the lake?",north-east
1439,"They are racing north along the west shore of a lake and then turn around to head back in the direction they came from, in which direction is the lake?",east
1440,"They are racing north-east along the north-west shore of a lake and then turn around to head back in the direction they came from, in which direction is the lake?",south-east
1441,"I am running west along the north shore of a lake and then turn around to head back in the direction I came from, in which direction is the lake?",south
1442,"I am running north-west along the north-east shore of a lake and then turn around to head back in the direction I came from, in which direction is the lake?",south-west
1443,"I am running north along the east shore of a lake and then turn around to head back in the direction I came from, in which direction is the lake?",west
1444,"I am running north-east along the south-east shore of a lake and then turn around to head back in the direction I came from, in which direction is the lake?",north-west
1445,"I am running east along the south shore of a lake and then turn around to head back in the direction I came from, in which direction is the lake?",north
1446,"I am running south-east along the south-west shore of a lake and then turn around to head back in the direction I came from, in which direction is the lake?",north-east
1447,"I am running south along the west shore of a lake and then turn around to head back in the direction I came from, in which direction is the lake?",east
1448,"I am running south-west along the north-west shore of a lake and then turn around to head back in the direction I came from, in which direction is the lake?",south-east
1449,"I am walking west along the north shore of a lake and then turn around to head back in the direction I came from, in which direction is the lake?",south
1450,"I am walking north-west along the north-east shore of a lake and then turn around to head back in the direction I came from, in which direction is the lake?",south-west
1451,"I am walking north along the east shore of a lake and then turn around to head back in the direction I came from, in which direction is the lake?",west
1452,"I am walking north-east along the south-east shore of a lake and then turn around to head back in the direction I came from, in which direction is the lake?",north-west
1453,"I am walking east along the south shore of a lake and then turn around to head back in the direction I came from, in which direction is the lake?",north
1454,"I am walking south-east along the south-west shore of a lake and then turn around to head back in the direction I came from, in which direction is the lake?",north-east
1455,"I am walking south along the west shore of a lake and then turn around to head back in the direction I came from, in which direction is the lake?",east
1456,"I am walking south-west along the north-west shore of a lake and then turn around to head back in the direction I came from, in which direction is the lake?",south-east
1457,"I am cycling west along the north shore of a lake and then turn around to head back in the direction I came from, in which direction is the lake?",south
1458,"I am cycling north-west along the north-east shore of a lake and then turn around to head back in the direction I came from, in which direction is the lake?",south-west
1459,"I am cycling north along the east shore of a lake and then turn around to head back in the direction I came from, in which direction is the lake?",west
1460,"I am cycling north-east along the south-east shore of a lake and then turn around to head back in the direction I came from, in which direction is the lake?",north-west
1461,"I am cycling east along the south shore of a lake and then turn around to head back in the direction I came from, in which direction is the lake?",north
1462,"I am cycling south-east along the south-west shore of a lake and then turn around to head back in the direction I came from, in which direction is the lake?",north-east
1463,"I am cycling south along the west shore of a lake and then turn around to head back in the direction I came from, in which direction is the lake?",east
1464,"I am cycling south-west along the north-west shore of a lake and then turn around to head back in the direction I came from, in which direction is the lake?",south-east
1465,"I am driving west along the north shore of a lake and then turn around to head back in the direction I came from, in which direction is the lake?",south
1466,"I am driving north-west along the north-east shore of a lake and then turn around to head back in the direction I came from, in which direction is the lake?",south-west
1467,"I am driving north along the east shore of a lake and then turn around to head back in the direction I came from, in which direction is the lake?",west
1468,"I am driving north-east along the south-east shore of a lake and then turn around to head back in the direction I came from, in which direction is the lake?",north-west
1469,"I am driving east along the south shore of a lake and then turn around to head back in the direction I came from, in which direction is the lake?",north
1470,"I am driving south-east along the south-west shore of a lake and then turn around to head back in the direction I came from, in which direction is the lake?",north-east
1471,"I am driving south along the west shore of a lake and then turn around to head back in the direction I came from, in which direction is the lake?",east
1472,"I am driving south-west along the north-west shore of a lake and then turn around to head back in the direction I came from, in which direction is the lake?",south-east
1473,"I am jogging west along the north shore of a lake and then turn around to head back in the direction I came from, in which direction is the lake?",south
1474,"I am jogging north-west along the north-east shore of a lake and then turn around to head back in the direction I came from, in which direction is the lake?",south-west
1475,"I am jogging north along the east shore of a lake and then turn around to head back in the direction I came from, in which direction is the lake?",west
1476,"I am jogging north-east along the south-east shore of a lake and then turn around to head back in the direction I came from, in which direction is the lake?",north-west
1477,"I am jogging east along the south shore of a lake and then turn around to head back in the direction I came from, in which direction is the lake?",north
1478,"I am jogging south-east along the south-west shore of a lake and then turn around to head back in the direction I came from, in which direction is the lake?",north-east
1479,"I am jogging south along the west shore of a lake and then turn around to head back in the direction I came from, in which direction is the lake?",east
1480,"I am jogging south-west along the north-west shore of a lake and then turn around to head back in the direction I came from, in which direction is the lake?",south-east
1481,"I am riding west along the north shore of a lake and then turn around to head back in the direction I came from, in which direction is the lake?",south
1482,"I am riding north-west along the north-east shore of a lake and then turn around to head back in the direction I came from, in which direction is the lake?",south-west
1483,"I am riding north along the east shore of a lake and then turn around to head back in the direction I came from, in which direction is the lake?",west
1484,"I am riding north-east along the south-east shore of a lake and then turn around to head back in the direction I came from, in which direction is the lake?",north-west
1485,"I am riding east along the south shore of a lake and then turn around to head back in the direction I came from, in which direction is the lake?",north
1486,"I am riding south-east along the south-west shore of a lake and then turn around to head back in the direction I came from, in which direction is the lake?",north-east
1487,"I am riding south along the west shore of a lake and then turn around to head back in the direction I came from, in which direction is the lake?",east
1488,"I am riding south-west along the north-west shore of a lake and then turn around to head back in the direction I came from, in which direction is the lake?",south-east
1489,"I am perambulating west along the north shore of a lake and then turn around to head back in the direction I came from, in which direction is the lake?",south
1490,"I am perambulating north-west along the north-east shore of a lake and then turn around to head back in the direction I came from, in which direction is the lake?",south-west
1491,"I am perambulating north along the east shore of a lake and then turn around to head back in the direction I came from, in which direction is the lake?",west
1492,"I am perambulating north-east along the south-east shore of a lake and then turn around to head back in the direction I came from, in which direction is the lake?",north-west
1493,"I am perambulating east along the south shore of a lake and then turn around to head back in the direction I came from, in which direction is the lake?",north
1494,"I am perambulating south-east along the south-west shore of a lake and then turn around to head back in the direction I came from, in which direction is the lake?",north-east
1495,"I am perambulating south along the west shore of a lake and then turn around to head back in the direction I came from, in which direction is the lake?",east
1496,"I am perambulating south-west along the north-west shore of a lake and then turn around to head back in the direction I came from, in which direction is the lake?",south-east
1497,"I am hiking west along the north shore of a lake and then turn around to head back in the direction I came from, in which direction is the lake?",south
1498,"I am hiking north-west along the north-east shore of a lake and then turn around to head back in the direction I came from, in which direction is the lake?",south-west
1499,"I am hiking north along the east shore of a lake and then turn around to head back in the direction I came from, in which direction is the lake?",west
1500,"I am hiking north-east along the south-east shore of a lake and then turn around to head back in the direction I came from, in which direction is the lake?",north-west
1501,"I am hiking east along the south shore of a lake and then turn around to head back in the direction I came from, in which direction is the lake?",north
1502,"I am hiking south-east along the south-west shore of a lake and then turn around to head back in the direction I came from, in which direction is the lake?",north-east
1503,"I am hiking south along the west shore of a lake and then turn around to head back in the direction I came from, in which direction is the lake?",east
1504,"I am hiking south-west along the north-west shore of a lake and then turn around to head back in the direction I came from, in which direction is the lake?",south-east
1505,"I am unicycling west along the north shore of a lake and then turn around to head back in the direction I came from, in which direction is the lake?",south
1506,"I am unicycling north-west along the north-east shore of a lake and then turn around to head back in the direction I came from, in which direction is the lake?",south-west
1507,"I am unicycling north along the east shore of a lake and then turn around to head back in the direction I came from, in which direction is the lake?",west
1508,"I am unicycling north-east along the south-east shore of a lake and then turn around to head back in the direction I came from, in which direction is the lake?",north-west
1509,"I am unicycling east along the south shore of a lake and then turn around to head back in the direction I came from, in which direction is the lake?",north
1510,"I am unicycling south-east along the south-west shore of a lake and then turn around to head back in the direction I came from, in which direction is the lake?",north-east
1511,"I am unicycling south along the west shore of a lake and then turn around to head back in the direction I came from, in which direction is the lake?",east
1512,"I am unicycling south-west along the north-west shore of a lake and then turn around to head back in the direction I came from, in which direction is the lake?",south-east
1513,"I am racing west along the north shore of a lake and then turn around to head back in the direction I came from, in which direction is the lake?",south
1514,"I am racing north-west along the north-east shore of a lake and then turn around to head back in the direction I came from, in which direction is the lake?",south-west
1515,"I am racing north along the east shore of a lake and then turn around to head back in the direction I came from, in which direction is the lake?",west
1516,"I am racing north-east along the south-east shore of a lake and then turn around to head back in the direction I came from, in which direction is the lake?",north-west
1517,"I am racing east along the south shore of a lake and then turn around to head back in the direction I came from, in which direction is the lake?",north
1518,"I am racing south-east along the south-west shore of a lake and then turn around to head back in the direction I came from, in which direction is the lake?",north-east
1519,"I am racing south along the west shore of a lake and then turn around to head back in the direction I came from, in which direction is the lake?",east
1520,"I am racing south-west along the north-west shore of a lake and then turn around to head back in the direction I came from, in which direction is the lake?",south-east
1521,"You are running west along the north shore of a lake and then turn around to head back in the direction you came from, in which direction is the lake?",south
1522,"You are running north-west along the north-east shore of a lake and then turn around to head back in the direction you came from, in which direction is the lake?",south-west
1523,"You are running north along the east shore of a lake and then turn around to head back in the direction you came from, in which direction is the lake?",west
1524,"You are running north-east along the south-east shore of a lake and then turn around to head back in the direction you came from, in which direction is the lake?",north-west
1525,"You are running east along the south shore of a lake and then turn around to head back in the direction you came from, in which direction is the lake?",north
1526,"You are running south-east along the south-west shore of a lake and then turn around to head back in the direction you came from, in which direction is the lake?",north-east
1527,"You are running south along the west shore of a lake and then turn around to head back in the direction you came from, in which direction is the lake?",east
1528,"You are running south-west along the north-west shore of a lake and then turn around to head back in the direction you came from, in which direction is the lake?",south-east
1529,"You are walking west along the north shore of a lake and then turn around to head back in the direction you came from, in which direction is the lake?",south
1530,"You are walking north-west along the north-east shore of a lake and then turn around to head back in the direction you came from, in which direction is the lake?",south-west
1531,"You are walking north along the east shore of a lake and then turn around to head back in the direction you came from, in which direction is the lake?",west
1532,"You are walking north-east along the south-east shore of a lake and then turn around to head back in the direction you came from, in which direction is the lake?",north-west
1533,"You are walking east along the south shore of a lake and then turn around to head back in the direction you came from, in which direction is the lake?",north
1534,"You are walking south-east along the south-west shore of a lake and then turn around to head back in the direction you came from, in which direction is the lake?",north-east
1535,"You are walking south along the west shore of a lake and then turn around to head back in the direction you came from, in which direction is the lake?",east
1536,"You are walking south-west along the north-west shore of a lake and then turn around to head back in the direction you came from, in which direction is the lake?",south-east
1537,"You are cycling west along the north shore of a lake and then turn around to head back in the direction you came from, in which direction is the lake?",south
1538,"You are cycling north-west along the north-east shore of a lake and then turn around to head back in the direction you came from, in which direction is the lake?",south-west
1539,"You are cycling north along the east shore of a lake and then turn around to head back in the direction you came from, in which direction is the lake?",west
1540,"You are cycling north-east along the south-east shore of a lake and then turn around to head back in the direction you came from, in which direction is the lake?",north-west
1541,"You are cycling east along the south shore of a lake and then turn around to head back in the direction you came from, in which direction is the lake?",north
1542,"You are cycling south-east along the south-west shore of a lake and then turn around to head back in the direction you came from, in which direction is the lake?",north-east
1543,"You are cycling south along the west shore of a lake and then turn around to head back in the direction you came from, in which direction is the lake?",east
1544,"You are cycling south-west along the north-west shore of a lake and then turn around to head back in the direction you came from, in which direction is the lake?",south-east
1545,"You are driving west along the north shore of a lake and then turn around to head back in the direction you came from, in which direction is the lake?",south
1546,"You are driving north-west along the north-east shore of a lake and then turn around to head back in the direction you came from, in which direction is the lake?",south-west
1547,"You are driving north along the east shore of a lake and then turn around to head back in the direction you came from, in which direction is the lake?",west
1548,"You are driving north-east along the south-east shore of a lake and then turn around to head back in the direction you came from, in which direction is the lake?",north-west
1549,"You are driving east along the south shore of a lake and then turn around to head back in the direction you came from, in which direction is the lake?",north
1550,"You are driving south-east along the south-west shore of a lake and then turn around to head back in the direction you came from, in which direction is the lake?",north-east
1551,"You are driving south along the west shore of a lake and then turn around to head back in the direction you came from, in which direction is the lake?",east
1552,"You are driving south-west along the north-west shore of a lake and then turn around to head back in the direction you came from, in which direction is the lake?",south-east
1553,"You are jogging west along the north shore of a lake and then turn around to head back in the direction you came from, in which direction is the lake?",south
1554,"You are jogging north-west along the north-east shore of a lake and then turn around to head back in the direction you came from, in which direction is the lake?",south-west
1555,"You are jogging north along the east shore of a lake and then turn around to head back in the direction you came from, in which direction is the lake?",west
1556,"You are jogging north-east along the south-east shore of a lake and then turn around to head back in the direction you came from, in which direction is the lake?",north-west
1557,"You are jogging east along the south shore of a lake and then turn around to head back in the direction you came from, in which direction is the lake?",north
1558,"You are jogging south-east along the south-west shore of a lake and then turn around to head back in the direction you came from, in which direction is the lake?",north-east
1559,"You are jogging south along the west shore of a lake and then turn around to head back in the direction you came from, in which direction is the lake?",east
1560,"You are jogging south-west along the north-west shore of a lake and then turn around to head back in the direction you came from, in which direction is the lake?",south-east
1561,"You are riding west along the north shore of a lake and then turn around to head back in the direction you came from, in which direction is the lake?",south
1562,"You are riding north-west along the north-east shore of a lake and then turn around to head back in the direction you came from, in which direction is the lake?",south-west
1563,"You are riding north along the east shore of a lake and then turn around to head back in the direction you came from, in which direction is the lake?",west
1564,"You are riding north-east along the south-east shore of a lake and then turn around to head back in the direction you came from, in which direction is the lake?",north-west
1565,"You are riding east along the south shore of a lake and then turn around to head back in the direction you came from, in which direction is the lake?",north
1566,"You are riding south-east along the south-west shore of a lake and then turn around to head back in the direction you came from, in which direction is the lake?",north-east
1567,"You are riding south along the west shore of a lake and then turn around to head back in the direction you came from, in which direction is the lake?",east
1568,"You are riding south-west along the north-west shore of a lake and then turn around to head back in the direction you came from, in which direction is the lake?",south-east
1569,"You are perambulating west along the north shore of a lake and then turn around to head back in the direction you came from, in which direction is the lake?",south
1570,"You are perambulating north-west along the north-east shore of a lake and then turn around to head back in the direction you came from, in which direction is the lake?",south-west
1571,"You are perambulating north along the east shore of a lake and then turn around to head back in the direction you came from, in which direction is the lake?",west
1572,"You are perambulating north-east along the south-east shore of a lake and then turn around to head back in the direction you came from, in which direction is the lake?",north-west
1573,"You are perambulating east along the south shore of a lake and then turn around to head back in the direction you came from, in which direction is the lake?",north
1574,"You are perambulating south-east along the south-west shore of a lake and then turn around to head back in the direction you came from, in which direction is the lake?",north-east
1575,"You are perambulating south along the west shore of a lake and then turn around to head back in the direction you came from, in which direction is the lake?",east
1576,"You are perambulating south-west along the north-west shore of a lake and then turn around to head back in the direction you came from, in which direction is the lake?",south-east
1577,"You are hiking west along the north shore of a lake and then turn around to head back in the direction you came from, in which direction is the lake?",south
1578,"You are hiking north-west along the north-east shore of a lake and then turn around to head back in the direction you came from, in which direction is the lake?",south-west
1579,"You are hiking north along the east shore of a lake and then turn around to head back in the direction you came from, in which direction is the lake?",west
1580,"You are hiking north-east along the south-east shore of a lake and then turn around to head back in the direction you came from, in which direction is the lake?",north-west
1581,"You are hiking east along the south shore of a lake and then turn around to head back in the direction you came from, in which direction is the lake?",north
1582,"You are hiking south-east along the south-west shore of a lake and then turn around to head back in the direction you came from, in which direction is the lake?",north-east
1583,"You are hiking south along the west shore of a lake and then turn around to head back in the direction you came from, in which direction is the lake?",east
1584,"You are hiking south-west along the north-west shore of a lake and then turn around to head back in the direction you came from, in which direction is the lake?",south-east
1585,"You are unicycling west along the north shore of a lake and then turn around to head back in the direction you came from, in which direction is the lake?",south
1586,"You are unicycling north-west along the north-east shore of a lake and then turn around to head back in the direction you came from, in which direction is the lake?",south-west
1587,"You are unicycling north along the east shore of a lake and then turn around to head back in the direction you came from, in which direction is the lake?",west
1588,"You are unicycling north-east along the south-east shore of a lake and then turn around to head back in the direction you came from, in which direction is the lake?",north-west
1589,"You are unicycling east along the south shore of a lake and then turn around to head back in the direction you came from, in which direction is the lake?",north
1590,"You are unicycling south-east along the south-west shore of a lake and then turn around to head back in the direction you came from, in which direction is the lake?",north-east
1591,"You are unicycling south along the west shore of a lake and then turn around to head back in the direction you came from, in which direction is the lake?",east
1592,"You are unicycling south-west along the north-west shore of a lake and then turn around to head back in the direction you came from, in which direction is the lake?",south-east
1593,"You are racing west along the north shore of a lake and then turn around to head back in the direction you came from, in which direction is the lake?",south
1594,"You are racing north-west along the north-east shore of a lake and then turn around to head back in the direction you came from, in which direction is the lake?",south-west
1595,"You are racing north along the east shore of a lake and then turn around to head back in the direction you came from, in which direction is the lake?",west
1596,"You are racing north-east along the south-east shore of a lake and then turn around to head back in the direction you came from, in which direction is the lake?",north-west
1597,"You are racing east along the south shore of a lake and then turn around to head back in the direction you came from, in which direction is the lake?",north
1598,"You are racing south-east along the south-west shore of a lake and then turn around to head back in the direction you came from, in which direction is the lake?",north-east
1599,"You are racing south along the west shore of a lake and then turn around to head back in the direction you came from, in which direction is the lake?",east
1600,"You are racing south-west along the north-west shore of a lake and then turn around to head back in the direction you came from, in which direction is the lake?",south-east
1601,"He is running west along the north shore of a lake and then turns around to head back in the direction he came from, in which direction is the lake?",south
1602,"He is running north-west along the north-east shore of a lake and then turns around to head back in the direction he came from, in which direction is the lake?",south-west
1603,"He is running north along the east shore of a lake and then turns around to head back in the direction he came from, in which direction is the lake?",west
1604,"He is running north-east along the south-east shore of a lake and then turns around to head back in the direction he came from, in which direction is the lake?",north-west
1605,"He is running east along the south shore of a lake and then turns around to head back in the direction he came from, in which direction is the lake?",north
1606,"He is running south-east along the south-west shore of a lake and then turns around to head back in the direction he came from, in which direction is the lake?",north-east
1607,"He is running south along the west shore of a lake and then turns around to head back in the direction he came from, in which direction is the lake?",east
1608,"He is running south-west along the north-west shore of a lake and then turns around to head back in the direction he came from, in which direction is the lake?",south-east
1609,"He is walking west along the north shore of a lake and then turns around to head back in the direction he came from, in which direction is the lake?",south
1610,"He is walking north-west along the north-east shore of a lake and then turns around to head back in the direction he came from, in which direction is the lake?",south-west
1611,"He is walking north along the east shore of a lake and then turns around to head back in the direction he came from, in which direction is the lake?",west
1612,"He is walking north-east along the south-east shore of a lake and then turns around to head back in the direction he came from, in which direction is the lake?",north-west
1613,"He is walking east along the south shore of a lake and then turns around to head back in the direction he came from, in which direction is the lake?",north
1614,"He is walking south-east along the south-west shore of a lake and then turns around to head back in the direction he came from, in which direction is the lake?",north-east
1615,"He is walking south along the west shore of a lake and then turns around to head back in the direction he came from, in which direction is the lake?",east
1616,"He is walking south-west along the north-west shore of a lake and then turns around to head back in the direction he came from, in which direction is the lake?",south-east
1617,"He is cycling west along the north shore of a lake and then turns around to head back in the direction he came from, in which direction is the lake?",south
1618,"He is cycling north-west along the north-east shore of a lake and then turns around to head back in the direction he came from, in which direction is the lake?",south-west
1619,"He is cycling north along the east shore of a lake and then turns around to head back in the direction he came from, in which direction is the lake?",west
1620,"He is cycling north-east along the south-east shore of a lake and then turns around to head back in the direction he came from, in which direction is the lake?",north-west
1621,"He is cycling east along the south shore of a lake and then turns around to head back in the direction he came from, in which direction is the lake?",north
1622,"He is cycling south-east along the south-west shore of a lake and then turns around to head back in the direction he came from, in which direction is the lake?",north-east
1623,"He is cycling south along the west shore of a lake and then turns around to head back in the direction he came from, in which direction is the lake?",east
1624,"He is cycling south-west along the north-west shore of a lake and then turns around to head back in the direction he came from, in which direction is the lake?",south-east
1625,"He is driving west along the north shore of a lake and then turns around to head back in the direction he came from, in which direction is the lake?",south
1626,"He is driving north-west along the north-east shore of a lake and then turns around to head back in the direction he came from, in which direction is the lake?",south-west
1627,"He is driving north along the east shore of a lake and then turns around to head back in the direction he came from, in which direction is the lake?",west
1628,"He is driving north-east along the south-east shore of a lake and then turns around to head back in the direction he came from, in which direction is the lake?",north-west
1629,"He is driving east along the south shore of a lake and then turns around to head back in the direction he came from, in which direction is the lake?",north
1630,"He is driving south-east along the south-west shore of a lake and then turns around to head back in the direction he came from, in which direction is the lake?",north-east
1631,"He is driving south along the west shore of a lake and then turns around to head back in the direction he came from, in which direction is the lake?",east
1632,"He is driving south-west along the north-west shore of a lake and then turns around to head back in the direction he came from, in which direction is the lake?",south-east
1633,"He is jogging west along the north shore of a lake and then turns around to head back in the direction he came from, in which direction is the lake?",south
1634,"He is jogging north-west along the north-east shore of a lake and then turns around to head back in the direction he came from, in which direction is the lake?",south-west
1635,"He is jogging north along the east shore of a lake and then turns around to head back in the direction he came from, in which direction is the lake?",west
1636,"He is jogging north-east along the south-east shore of a lake and then turns around to head back in the direction he came from, in which direction is the lake?",north-west
1637,"He is jogging east along the south shore of a lake and then turns around to head back in the direction he came from, in which direction is the lake?",north
1638,"He is jogging south-east along the south-west shore of a lake and then turns around to head back in the direction he came from, in which direction is the lake?",north-east
1639,"He is jogging south along the west shore of a lake and then turns around to head back in the direction he came from, in which direction is the lake?",east
1640,"He is jogging south-west along the north-west shore of a lake and then turns around to head back in the direction he came from, in which direction is the lake?",south-east
1641,"He is riding west along the north shore of a lake and then turns around to head back in the direction he came from, in which direction is the lake?",south
1642,"He is riding north-west along the north-east shore of a lake and then turns around to head back in the direction he came from, in which direction is the lake?",south-west
1643,"He is riding north along the east shore of a lake and then turns around to head back in the direction he came from, in which direction is the lake?",west
1644,"He is riding north-east along the south-east shore of a lake and then turns around to head back in the direction he came from, in which direction is the lake?",north-west
1645,"He is riding east along the south shore of a lake and then turns around to head back in the direction he came from, in which direction is the lake?",north
1646,"He is riding south-east along the south-west shore of a lake and then turns around to head back in the direction he came from, in which direction is the lake?",north-east
1647,"He is riding south along the west shore of a lake and then turns around to head back in the direction he came from, in which direction is the lake?",east
1648,"He is riding south-west along the north-west shore of a lake and then turns around to head back in the direction he came from, in which direction is the lake?",south-east
1649,"He is perambulating west along the north shore of a lake and then turns around to head back in the direction he came from, in which direction is the lake?",south
1650,"He is perambulating north-west along the north-east shore of a lake and then turns around to head back in the direction he came from, in which direction is the lake?",south-west
1651,"He is perambulating north along the east shore of a lake and then turns around to head back in the direction he came from, in which direction is the lake?",west
1652,"He is perambulating north-east along the south-east shore of a lake and then turns around to head back in the direction he came from, in which direction is the lake?",north-west
1653,"He is perambulating east along the south shore of a lake and then turns around to head back in the direction he came from, in which direction is the lake?",north
1654,"He is perambulating south-east along the south-west shore of a lake and then turns around to head back in the direction he came from, in which direction is the lake?",north-east
1655,"He is perambulating south along the west shore of a lake and then turns around to head back in the direction he came from, in which direction is the lake?",east
1656,"He is perambulating south-west along the north-west shore of a lake and then turns around to head back in the direction he came from, in which direction is the lake?",south-east
1657,"He is hiking west along the north shore of a lake and then turns around to head back in the direction he came from, in which direction is the lake?",south
1658,"He is hiking north-west along the north-east shore of a lake and then turns around to head back in the direction he came from, in which direction is the lake?",south-west
1659,"He is hiking north along the east shore of a lake and then turns around to head back in the direction he came from, in which direction is the lake?",west
1660,"He is hiking north-east along the south-east shore of a lake and then turns around to head back in the direction he came from, in which direction is the lake?",north-west
1661,"He is hiking east along the south shore of a lake and then turns around to head back in the direction he came from, in which direction is the lake?",north
1662,"He is hiking south-east along the south-west shore of a lake and then turns around to head back in the direction he came from, in which direction is the lake?",north-east
1663,"He is hiking south along the west shore of a lake and then turns around to head back in the direction he came from, in which direction is the lake?",east
1664,"He is hiking south-west along the north-west shore of a lake and then turns around to head back in the direction he came from, in which direction is the lake?",south-east
1665,"He is unicycling west along the north shore of a lake and then turns around to head back in the direction he came from, in which direction is the lake?",south
1666,"He is unicycling north-west along the north-east shore of a lake and then turns around to head back in the direction he came from, in which direction is the lake?",south-west
1667,"He is unicycling north along the east shore of a lake and then turns around to head back in the direction he came from, in which direction is the lake?",west
1668,"He is unicycling north-east along the south-east shore of a lake and then turns around to head back in the direction he came from, in which direction is the lake?",north-west
1669,"He is unicycling east along the south shore of a lake and then turns around to head back in the direction he came from, in which direction is the lake?",north
1670,"He is unicycling south-east along the south-west shore of a lake and then turns around to head back in the direction he came from, in which direction is the lake?",north-east
1671,"He is unicycling south along the west shore of a lake and then turns around to head back in the direction he came from, in which direction is the lake?",east
1672,"He is unicycling south-west along the north-west shore of a lake and then turns around to head back in the direction he came from, in which direction is the lake?",south-east
1673,"He is racing west along the north shore of a lake and then turns around to head back in the direction he came from, in which direction is the lake?",south
1674,"He is racing north-west along the north-east shore of a lake and then turns around to head back in the direction he came from, in which direction is the lake?",south-west
1675,"He is racing north along the east shore of a lake and then turns around to head back in the direction he came from, in which direction is the lake?",west
1676,"He is racing north-east along the south-east shore of a lake and then turns around to head back in the direction he came from, in which direction is the lake?",north-west
1677,"He is racing east along the south shore of a lake and then turns around to head back in the direction he came from, in which direction is the lake?",north
1678,"He is racing south-east along the south-west shore of a lake and then turns around to head back in the direction he came from, in which direction is the lake?",north-east
1679,"He is racing south along the west shore of a lake and then turns around to head back in the direction he came from, in which direction is the lake?",east
1680,"He is racing south-west along the north-west shore of a lake and then turns around to head back in the direction he came from, in which direction is the lake?",south-east
1681,"She is running west along the north shore of a lake and then turns around to head back in the direction she came from, in which direction is the lake?",south
1682,"She is running north-west along the north-east shore of a lake and then turns around to head back in the direction she came from, in which direction is the lake?",south-west
1683,"She is running north along the east shore of a lake and then turns around to head back in the direction she came from, in which direction is the lake?",west
1684,"She is running north-east along the south-east shore of a lake and then turns around to head back in the direction she came from, in which direction is the lake?",north-west
1685,"She is running east along the south shore of a lake and then turns around to head back in the direction she came from, in which direction is the lake?",north
1686,"She is running south-east along the south-west shore of a lake and then turns around to head back in the direction she came from, in which direction is the lake?",north-east
1687,"She is running south along the west shore of a lake and then turns around to head back in the direction she came from, in which direction is the lake?",east
1688,"She is running south-west along the north-west shore of a lake and then turns around to head back in the direction she came from, in which direction is the lake?",south-east
1689,"She is walking west along the north shore of a lake and then turns around to head back in the direction she came from, in which direction is the lake?",south
1690,"She is walking north-west along the north-east shore of a lake and then turns around to head back in the direction she came from, in which direction is the lake?",south-west
1691,"She is walking north along the east shore of a lake and then turns around to head back in the direction she came from, in which direction is the lake?",west
1692,"She is walking north-east along the south-east shore of a lake and then turns around to head back in the direction she came from, in which direction is the lake?",north-west
1693,"She is walking east along the south shore of a lake and then turns around to head back in the direction she came from, in which direction is the lake?",north
1694,"She is walking south-east along the south-west shore of a lake and then turns around to head back in the direction she came from, in which direction is the lake?",north-east
1695,"She is walking south along the west shore of a lake and then turns around to head back in the direction she came from, in which direction is the lake?",east
1696,"She is walking south-west along the north-west shore of a lake and then turns around to head back in the direction she came from, in which direction is the lake?",south-east
1697,"She is cycling west along the north shore of a lake and then turns around to head back in the direction she came from, in which direction is the lake?",south
1698,"She is cycling north-west along the north-east shore of a lake and then turns around to head back in the direction she came from, in which direction is the lake?",south-west
1699,"She is cycling north along the east shore of a lake and then turns around to head back in the direction she came from, in which direction is the lake?",west
1700,"She is cycling north-east along the south-east shore of a lake and then turns around to head back in the direction she came from, in which direction is the lake?",north-west
1701,"She is cycling east along the south shore of a lake and then turns around to head back in the direction she came from, in which direction is the lake?",north
1702,"She is cycling south-east along the south-west shore of a lake and then turns around to head back in the direction she came from, in which direction is the lake?",north-east
1703,"She is cycling south along the west shore of a lake and then turns around to head back in the direction she came from, in which direction is the lake?",east
1704,"She is cycling south-west along the north-west shore of a lake and then turns around to head back in the direction she came from, in which direction is the lake?",south-east
1705,"She is driving west along the north shore of a lake and then turns around to head back in the direction she came from, in which direction is the lake?",south
1706,"She is driving north-west along the north-east shore of a lake and then turns around to head back in the direction she came from, in which direction is the lake?",south-west
1707,"She is driving north along the east shore of a lake and then turns around to head back in the direction she came from, in which direction is the lake?",west
1708,"She is driving north-east along the south-east shore of a lake and then turns around to head back in the direction she came from, in which direction is the lake?",north-west
1709,"She is driving east along the south shore of a lake and then turns around to head back in the direction she came from, in which direction is the lake?",north
1710,"She is driving south-east along the south-west shore of a lake and then turns around to head back in the direction she came from, in which direction is the lake?",north-east
1711,"She is driving south along the west shore of a lake and then turns around to head back in the direction she came from, in which direction is the lake?",east
1712,"She is driving south-west along the north-west shore of a lake and then turns around to head back in the direction she came from, in which direction is the lake?",south-east
1713,"She is jogging west along the north shore of a lake and then turns around to head back in the direction she came from, in which direction is the lake?",south
1714,"She is jogging north-west along the north-east shore of a lake and then turns around to head back in the direction she came from, in which direction is the lake?",south-west
1715,"She is jogging north along the east shore of a lake and then turns around to head back in the direction she came from, in which direction is the lake?",west
1716,"She is jogging north-east along the south-east shore of a lake and then turns around to head back in the direction she came from, in which direction is the lake?",north-west
1717,"She is jogging east along the south shore of a lake and then turns around to head back in the direction she came from, in which direction is the lake?",north
1718,"She is jogging south-east along the south-west shore of a lake and then turns around to head back in the direction she came from, in which direction is the lake?",north-east
1719,"She is jogging south along the west shore of a lake and then turns around to head back in the direction she came from, in which direction is the lake?",east
1720,"She is jogging south-west along the north-west shore of a lake and then turns around to head back in the direction she came from, in which direction is the lake?",south-east
1721,"She is riding west along the north shore of a lake and then turns around to head back in the direction she came from, in which direction is the lake?",south
1722,"She is riding north-west along the north-east shore of a lake and then turns around to head back in the direction she came from, in which direction is the lake?",south-west
1723,"She is riding north along the east shore of a lake and then turns around to head back in the direction she came from, in which direction is the lake?",west
1724,"She is riding north-east along the south-east shore of a lake and then turns around to head back in the direction she came from, in which direction is the lake?",north-west
1725,"She is riding east along the south shore of a lake and then turns around to head back in the direction she came from, in which direction is the lake?",north
1726,"She is riding south-east along the south-west shore of a lake and then turns around to head back in the direction she came from, in which direction is the lake?",north-east
1727,"She is riding south along the west shore of a lake and then turns around to head back in the direction she came from, in which direction is the lake?",east
1728,"She is riding south-west along the north-west shore of a lake and then turns around to head back in the direction she came from, in which direction is the lake?",south-east
1729,"She is perambulating west along the north shore of a lake and then turns around to head back in the direction she came from, in which direction is the lake?",south
1730,"She is perambulating north-west along the north-east shore of a lake and then turns around to head back in the direction she came from, in which direction is the lake?",south-west
1731,"She is perambulating north along the east shore of a lake and then turns around to head back in the direction she came from, in which direction is the lake?",west
1732,"She is perambulating north-east along the south-east shore of a lake and then turns around to head back in the direction she came from, in which direction is the lake?",north-west
1733,"She is perambulating east along the south shore of a lake and then turns around to head back in the direction she came from, in which direction is the lake?",north
1734,"She is perambulating south-east along the south-west shore of a lake and then turns around to head back in the direction she came from, in which direction is the lake?",north-east
1735,"She is perambulating south along the west shore of a lake and then turns around to head back in the direction she came from, in which direction is the lake?",east
1736,"She is perambulating south-west along the north-west shore of a lake and then turns around to head back in the direction she came from, in which direction is the lake?",south-east
1737,"She is hiking west along the north shore of a lake and then turns around to head back in the direction she came from, in which direction is the lake?",south
1738,"She is hiking north-west along the north-east shore of a lake and then turns around to head back in the direction she came from, in which direction is the lake?",south-west
1739,"She is hiking north along the east shore of a lake and then turns around to head back in the direction she came from, in which direction is the lake?",west
1740,"She is hiking north-east along the south-east shore of a lake and then turns around to head back in the direction she came from, in which direction is the lake?",north-west
1741,"She is hiking east along the south shore of a lake and then turns around to head back in the direction she came from, in which direction is the lake?",north
1742,"She is hiking south-east along the south-west shore of a lake and then turns around to head back in the direction she came from, in which direction is the lake?",north-east
1743,"She is hiking south along the west shore of a lake and then turns around to head back in the direction she came from, in which direction is the lake?",east
1744,"She is hiking south-west along the north-west shore of a lake and then turns around to head back in the direction she came from, in which direction is the lake?",south-east
1745,"She is unicycling west along the north shore of a lake and then turns around to head back in the direction she came from, in which direction is the lake?",south
1746,"She is unicycling north-west along the north-east shore of a lake and then turns around to head back in the direction she came from, in which direction is the lake?",south-west
1747,"She is unicycling north along the east shore of a lake and then turns around to head back in the direction she came from, in which direction is the lake?",west
1748,"She is unicycling north-east along the south-east shore of a lake and then turns around to head back in the direction she came from, in which direction is the lake?",north-west
1749,"She is unicycling east along the south shore of a lake and then turns around to head back in the direction she came from, in which direction is the lake?",north
1750,"She is unicycling south-east along the south-west shore of a lake and then turns around to head back in the direction she came from, in which direction is the lake?",north-east
1751,"She is unicycling south along the west shore of a lake and then turns around to head back in the direction she came from, in which direction is the lake?",east
1752,"She is unicycling south-west along the north-west shore of a lake and then turns around to head back in the direction she came from, in which direction is the lake?",south-east
1753,"She is racing west along the north shore of a lake and then turns around to head back in the direction she came from, in which direction is the lake?",south
1754,"She is racing north-west along the north-east shore of a lake and then turns around to head back in the direction she came from, in which direction is the lake?",south-west
1755,"She is racing north along the east shore of a lake and then turns around to head back in the direction she came from, in which direction is the lake?",west
1756,"She is racing north-east along the south-east shore of a lake and then turns around to head back in the direction she came from, in which direction is the lake?",north-west
1757,"She is racing east along the south shore of a lake and then turns around to head back in the direction she came from, in which direction is the lake?",north
1758,"She is racing south-east along the south-west shore of a lake and then turns around to head back in the direction she came from, in which direction is the lake?",north-east
1759,"She is racing south along the west shore of a lake and then turns around to head back in the direction she came from, in which direction is the lake?",east
1760,"She is racing south-west along the north-west shore of a lake and then turns around to head back in the direction she came from, in which direction is the lake?",south-east
1761,"We are running west along the north shore of a lake and then turn around to head back in the direction we came from, in which direction is the lake?",south
1762,"We are running north-west along the north-east shore of a lake and then turn around to head back in the direction we came from, in which direction is the lake?",south-west
1763,"We are running north along the east shore of a lake and then turn around to head back in the direction we came from, in which direction is the lake?",west
1764,"We are running north-east along the south-east shore of a lake and then turn around to head back in the direction we came from, in which direction is the lake?",north-west
1765,"We are running east along the south shore of a lake and then turn around to head back in the direction we came from, in which direction is the lake?",north
1766,"We are running south-east along the south-west shore of a lake and then turn around to head back in the direction we came from, in which direction is the lake?",north-east
1767,"We are running south along the west shore of a lake and then turn around to head back in the direction we came from, in which direction is the lake?",east
1768,"We are running south-west along the north-west shore of a lake and then turn around to head back in the direction we came from, in which direction is the lake?",south-east
1769,"We are walking west along the north shore of a lake and then turn around to head back in the direction we came from, in which direction is the lake?",south
1770,"We are walking north-west along the north-east shore of a lake and then turn around to head back in the direction we came from, in which direction is the lake?",south-west
1771,"We are walking north along the east shore of a lake and then turn around to head back in the direction we came from, in which direction is the lake?",west
1772,"We are walking north-east along the south-east shore of a lake and then turn around to head back in the direction we came from, in which direction is the lake?",north-west
1773,"We are walking east along the south shore of a lake and then turn around to head back in the direction we came from, in which direction is the lake?",north
1774,"We are walking south-east along the south-west shore of a lake and then turn around to head back in the direction we came from, in which direction is the lake?",north-east
1775,"We are walking south along the west shore of a lake and then turn around to head back in the direction we came from, in which direction is the lake?",east
1776,"We are walking south-west along the north-west shore of a lake and then turn around to head back in the direction we came from, in which direction is the lake?",south-east
1777,"We are cycling west along the north shore of a lake and then turn around to head back in the direction we came from, in which direction is the lake?",south
1778,"We are cycling north-west along the north-east shore of a lake and then turn around to head back in the direction we came from, in which direction is the lake?",south-west
1779,"We are cycling north along the east shore of a lake and then turn around to head back in the direction we came from, in which direction is the lake?",west
1780,"We are cycling north-east along the south-east shore of a lake and then turn around to head back in the direction we came from, in which direction is the lake?",north-west
1781,"We are cycling east along the south shore of a lake and then turn around to head back in the direction we came from, in which direction is the lake?",north
1782,"We are cycling south-east along the south-west shore of a lake and then turn around to head back in the direction we came from, in which direction is the lake?",north-east
1783,"We are cycling south along the west shore of a lake and then turn around to head back in the direction we came from, in which direction is the lake?",east
1784,"We are cycling south-west along the north-west shore of a lake and then turn around to head back in the direction we came from, in which direction is the lake?",south-east
1785,"We are driving west along the north shore of a lake and then turn around to head back in the direction we came from, in which direction is the lake?",south
1786,"We are driving north-west along the north-east shore of a lake and then turn around to head back in the direction we came from, in which direction is the lake?",south-west
1787,"We are driving north along the east shore of a lake and then turn around to head back in the direction we came from, in which direction is the lake?",west
1788,"We are driving north-east along the south-east shore of a lake and then turn around to head back in the direction we came from, in which direction is the lake?",north-west
1789,"We are driving east along the south shore of a lake and then turn around to head back in the direction we came from, in which direction is the lake?",north
1790,"We are driving south-east along the south-west shore of a lake and then turn around to head back in the direction we came from, in which direction is the lake?",north-east
1791,"We are driving south along the west shore of a lake and then turn around to head back in the direction we came from, in which direction is the lake?",east
1792,"We are driving south-west along the north-west shore of a lake and then turn around to head back in the direction we came from, in which direction is the lake?",south-east
1793,"We are jogging west along the north shore of a lake and then turn around to head back in the direction we came from, in which direction is the lake?",south
1794,"We are jogging north-west along the north-east shore of a lake and then turn around to head back in the direction we came from, in which direction is the lake?",south-west
1795,"We are jogging north along the east shore of a lake and then turn around to head back in the direction we came from, in which direction is the lake?",west
1796,"We are jogging north-east along the south-east shore of a lake and then turn around to head back in the direction we came from, in which direction is the lake?",north-west
1797,"We are jogging east along the south shore of a lake and then turn around to head back in the direction we came from, in which direction is the lake?",north
1798,"We are jogging south-east along the south-west shore of a lake and then turn around to head back in the direction we came from, in which direction is the lake?",north-east
1799,"We are jogging south along the west shore of a lake and then turn around to head back in the direction we came from, in which direction is the lake?",east
1800,"We are jogging south-west along the north-west shore of a lake and then turn around to head back in the direction we came from, in which direction is the lake?",south-east
1801,"We are riding west along the north shore of a lake and then turn around to head back in the direction we came from, in which direction is the lake?",south
1802,"We are riding north-west along the north-east shore of a lake and then turn around to head back in the direction we came from, in which direction is the lake?",south-west
1803,"We are riding north along the east shore of a lake and then turn around to head back in the direction we came from, in which direction is the lake?",west
1804,"We are riding north-east along the south-east shore of a lake and then turn around to head back in the direction we came from, in which direction is the lake?",north-west
1805,"We are riding east along the south shore of a lake and then turn around to head back in the direction we came from, in which direction is the lake?",north
1806,"We are riding south-east along the south-west shore of a lake and then turn around to head back in the direction we came from, in which direction is the lake?",north-east
1807,"We are riding south along the west shore of a lake and then turn around to head back in the direction we came from, in which direction is the lake?",east
1808,"We are riding south-west along the north-west shore of a lake and then turn around to head back in the direction we came from, in which direction is the lake?",south-east
1809,"We are perambulating west along the north shore of a lake and then turn around to head back in the direction we came from, in which direction is the lake?",south
1810,"We are perambulating north-west along the north-east shore of a lake and then turn around to head back in the direction we came from, in which direction is the lake?",south-west
1811,"We are perambulating north along the east shore of a lake and then turn around to head back in the direction we came from, in which direction is the lake?",west
1812,"We are perambulating north-east along the south-east shore of a lake and then turn around to head back in the direction we came from, in which direction is the lake?",north-west
1813,"We are perambulating east along the south shore of a lake and then turn around to head back in the direction we came from, in which direction is the lake?",north
1814,"We are perambulating south-east along the south-west shore of a lake and then turn around to head back in the direction we came from, in which direction is the lake?",north-east
1815,"We are perambulating south along the west shore of a lake and then turn around to head back in the direction we came from, in which direction is the lake?",east
1816,"We are perambulating south-west along the north-west shore of a lake and then turn around to head back in the direction we came from, in which direction is the lake?",south-east
1817,"We are hiking west along the north shore of a lake and then turn around to head back in the direction we came from, in which direction is the lake?",south
1818,"We are hiking north-west along the north-east shore of a lake and then turn around to head back in the direction we came from, in which direction is the lake?",south-west
1819,"We are hiking north along the east shore of a lake and then turn around to head back in the direction we came from, in which direction is the lake?",west
1820,"We are hiking north-east along the south-east shore of a lake and then turn around to head back in the direction we came from, in which direction is the lake?",north-west
1821,"We are hiking east along the south shore of a lake and then turn around to head back in the direction we came from, in which direction is the lake?",north
1822,"We are hiking south-east along the south-west shore of a lake and then turn around to head back in the direction we came from, in which direction is the lake?",north-east
1823,"We are hiking south along the west shore of a lake and then turn around to head back in the direction we came from, in which direction is the lake?",east
1824,"We are hiking south-west along the north-west shore of a lake and then turn around to head back in the direction we came from, in which direction is the lake?",south-east
1825,"We are unicycling west along the north shore of a lake and then turn around to head back in the direction we came from, in which direction is the lake?",south
1826,"We are unicycling north-west along the north-east shore of a lake and then turn around to head back in the direction we came from, in which direction is the lake?",south-west
1827,"We are unicycling north along the east shore of a lake and then turn around to head back in the direction we came from, in which direction is the lake?",west
1828,"We are unicycling north-east along the south-east shore of a lake and then turn around to head back in the direction we came from, in which direction is the lake?",north-west
1829,"We are unicycling east along the south shore of a lake and then turn around to head back in the direction we came from, in which direction is the lake?",north
1830,"We are unicycling south-east along the south-west shore of a lake and then turn around to head back in the direction we came from, in which direction is the lake?",north-east
1831,"We are unicycling south along the west shore of a lake and then turn around to head back in the direction we came from, in which direction is the lake?",east
1832,"We are unicycling south-west along the north-west shore of a lake and then turn around to head back in the direction we came from, in which direction is the lake?",south-east
1833,"We are racing west along the north shore of a lake and then turn around to head back in the direction we came from, in which direction is the lake?",south
1834,"We are racing north-west along the north-east shore of a lake and then turn around to head back in the direction we came from, in which direction is the lake?",south-west
1835,"We are racing north along the east shore of a lake and then turn around to head back in the direction we came from, in which direction is the lake?",west
1836,"We are racing north-east along the south-east shore of a lake and then turn around to head back in the direction we came from, in which direction is the lake?",north-west
1837,"We are racing east along the south shore of a lake and then turn around to head back in the direction we came from, in which direction is the lake?",north
1838,"We are racing south-east along the south-west shore of a lake and then turn around to head back in the direction we came from, in which direction is the lake?",north-east
1839,"We are racing south along the west shore of a lake and then turn around to head back in the direction we came from, in which direction is the lake?",east
1840,"We are racing south-west along the north-west shore of a lake and then turn around to head back in the direction we came from, in which direction is the lake?",south-east
1841,"They are running west along the north shore of a lake and then turn around to head back in the direction they came from, in which direction is the lake?",south
1842,"They are running north-west along the north-east shore of a lake and then turn around to head back in the direction they came from, in which direction is the lake?",south-west
1843,"They are running north along the east shore of a lake and then turn around to head back in the direction they came from, in which direction is the lake?",west
1844,"They are running north-east along the south-east shore of a lake and then turn around to head back in the direction they came from, in which direction is the lake?",north-west
1845,"They are running east along the south shore of a lake and then turn around to head back in the direction they came from, in which direction is the lake?",north
1846,"They are running south-east along the south-west shore of a lake and then turn around to head back in the direction they came from, in which direction is the lake?",north-east
1847,"They are running south along the west shore of a lake and then turn around to head back in the direction they came from, in which direction is the lake?",east
1848,"They are running south-west along the north-west shore of a lake and then turn around to head back in the direction they came from, in which direction is the lake?",south-east
1849,"They are walking west along the north shore of a lake and then turn around to head back in the direction they came from, in which direction is the lake?",south
1850,"They are walking north-west along the north-east shore of a lake and then turn around to head back in the direction they came from, in which direction is the lake?",south-west
1851,"They are walking north along the east shore of a lake and then turn around to head back in the direction they came from, in which direction is the lake?",west
1852,"They are walking north-east along the south-east shore of a lake and then turn around to head back in the direction they came from, in which direction is the lake?",north-west
1853,"They are walking east along the south shore of a lake and then turn around to head back in the direction they came from, in which direction is the lake?",north
1854,"They are walking south-east along the south-west shore of a lake and then turn around to head back in the direction they came from, in which direction is the lake?",north-east
1855,"They are walking south along the west shore of a lake and then turn around to head back in the direction they came from, in which direction is the lake?",east
1856,"They are walking south-west along the north-west shore of a lake and then turn around to head back in the direction they came from, in which direction is the lake?",south-east
1857,"They are cycling west along the north shore of a lake and then turn around to head back in the direction they came from, in which direction is the lake?",south
1858,"They are cycling north-west along the north-east shore of a lake and then turn around to head back in the direction they came from, in which direction is the lake?",south-west
1859,"They are cycling north along the east shore of a lake and then turn around to head back in the direction they came from, in which direction is the lake?",west
1860,"They are cycling north-east along the south-east shore of a lake and then turn around to head back in the direction they came from, in which direction is the lake?",north-west
1861,"They are cycling east along the south shore of a lake and then turn around to head back in the direction they came from, in which direction is the lake?",north
1862,"They are cycling south-east along the south-west shore of a lake and then turn around to head back in the direction they came from, in which direction is the lake?",north-east
1863,"They are cycling south along the west shore of a lake and then turn around to head back in the direction they came from, in which direction is the lake?",east
1864,"They are cycling south-west along the north-west shore of a lake and then turn around to head back in the direction they came from, in which direction is the lake?",south-east
1865,"They are driving west along the north shore of a lake and then turn around to head back in the direction they came from, in which direction is the lake?",south
1866,"They are driving north-west along the north-east shore of a lake and then turn around to head back in the direction they came from, in which direction is the lake?",south-west
1867,"They are driving north along the east shore of a lake and then turn around to head back in the direction they came from, in which direction is the lake?",west
1868,"They are driving north-east along the south-east shore of a lake and then turn around to head back in the direction they came from, in which direction is the lake?",north-west
1869,"They are driving east along the south shore of a lake and then turn around to head back in the direction they came from, in which direction is the lake?",north
1870,"They are driving south-east along the south-west shore of a lake and then turn around to head back in the direction they came from, in which direction is the lake?",north-east
1871,"They are driving south along the west shore of a lake and then turn around to head back in the direction they came from, in which direction is the lake?",east
1872,"They are driving south-west along the north-west shore of a lake and then turn around to head back in the direction they came from, in which direction is the lake?",south-east
1873,"They are jogging west along the north shore of a lake and then turn around to head back in the direction they came from, in which direction is the lake?",south
1874,"They are jogging north-west along the north-east shore of a lake and then turn around to head back in the direction they came from, in which direction is the lake?",south-west
1875,"They are jogging north along the east shore of a lake and then turn around to head back in the direction they came from, in which direction is the lake?",west
1876,"They are jogging north-east along the south-east shore of a lake and then turn around to head back in the direction they came from, in which direction is the lake?",north-west
1877,"They are jogging east along the south shore of a lake and then turn around to head back in the direction they came from, in which direction is the lake?",north
1878,"They are jogging south-east along the south-west shore of a lake and then turn around to head back in the direction they came from, in which direction is the lake?",north-east
1879,"They are jogging south along the west shore of a lake and then turn around to head back in the direction they came from, in which direction is the lake?",east
1880,"They are jogging south-west along the north-west shore of a lake and then turn around to head back in the direction they came from, in which direction is the lake?",south-east
1881,"They are riding west along the north shore of a lake and then turn around to head back in the direction they came from, in which direction is the lake?",south
1882,"They are riding north-west along the north-east shore of a lake and then turn around to head back in the direction they came from, in which direction is the lake?",south-west
1883,"They are riding north along the east shore of a lake and then turn around to head back in the direction they came from, in which direction is the lake?",west
1884,"They are riding north-east along the south-east shore of a lake and then turn around to head back in the direction they came from, in which direction is the lake?",north-west
1885,"They are riding east along the south shore of a lake and then turn around to head back in the direction they came from, in which direction is the lake?",north
1886,"They are riding south-east along the south-west shore of a lake and then turn around to head back in the direction they came from, in which direction is the lake?",north-east
1887,"They are riding south along the west shore of a lake and then turn around to head back in the direction they came from, in which direction is the lake?",east
1888,"They are riding south-west along the north-west shore of a lake and then turn around to head back in the direction they came from, in which direction is the lake?",south-east
1889,"They are perambulating west along the north shore of a lake and then turn around to head back in the direction they came from, in which direction is the lake?",south
1890,"They are perambulating north-west along the north-east shore of a lake and then turn around to head back in the direction they came from, in which direction is the lake?",south-west
1891,"They are perambulating north along the east shore of a lake and then turn around to head back in the direction they came from, in which direction is the lake?",west
1892,"They are perambulating north-east along the south-east shore of a lake and then turn around to head back in the direction they came from, in which direction is the lake?",north-west
1893,"They are perambulating east along the south shore of a lake and then turn around to head back in the direction they came from, in which direction is the lake?",north
1894,"They are perambulating south-east along the south-west shore of a lake and then turn around to head back in the direction they came from, in which direction is the lake?",north-east
1895,"They are perambulating south along the west shore of a lake and then turn around to head back in the direction they came from, in which direction is the lake?",east
1896,"They are perambulating south-west along the north-west shore of a lake and then turn around to head back in the direction they came from, in which direction is the lake?",south-east
1897,"They are hiking west along the north shore of a lake and then turn around to head back in the direction they came from, in which direction is the lake?",south
1898,"They are hiking north-west along the north-east shore of a lake and then turn around to head back in the direction they came from, in which direction is the lake?",south-west
1899,"They are hiking north along the east shore of a lake and then turn around to head back in the direction they came from, in which direction is the lake?",west
1900,"They are hiking north-east along the south-east shore of a lake and then turn around to head back in the direction they came from, in which direction is the lake?",north-west
1901,"They are hiking east along the south shore of a lake and then turn around to head back in the direction they came from, in which direction is the lake?",north
1902,"They are hiking south-east along the south-west shore of a lake and then turn around to head back in the direction they came from, in which direction is the lake?",north-east
1903,"They are hiking south along the west shore of a lake and then turn around to head back in the direction they came from, in which direction is the lake?",east
1904,"They are hiking south-west along the north-west shore of a lake and then turn around to head back in the direction they came from, in which direction is the lake?",south-east
1905,"They are unicycling west along the north shore of a lake and then turn around to head back in the direction they came from, in which direction is the lake?",south
1906,"They are unicycling north-west along the north-east shore of a lake and then turn around to head back in the direction they came from, in which direction is the lake?",south-west
1907,"They are unicycling north along the east shore of a lake and then turn around to head back in the direction they came from, in which direction is the lake?",west
1908,"They are unicycling north-east along the south-east shore of a lake and then turn around to head back in the direction they came from, in which direction is the lake?",north-west
1909,"They are unicycling east along the south shore of a lake and then turn around to head back in the direction they came from, in which direction is the lake?",north
1910,"They are unicycling south-east along the south-west shore of a lake and then turn around to head back in the direction they came from, in which direction is the lake?",north-east
1911,"They are unicycling south along the west shore of a lake and then turn around to head back in the direction they came from, in which direction is the lake?",east
1912,"They are unicycling south-west along the north-west shore of a lake and then turn around to head back in the direction they came from, in which direction is the lake?",south-east
1913,"They are racing west along the north shore of a lake and then turn around to head back in the direction they came from, in which direction is the lake?",south
1914,"They are racing north-west along the north-east shore of a lake and then turn around to head back in the direction they came from, in which direction is the lake?",south-west
1915,"They are racing north along the east shore of a lake and then turn around to head back in the direction they came from, in which direction is the lake?",west
1916,"They are racing north-east along the south-east shore of a lake and then turn around to head back in the direction they came from, in which direction is the lake?",north-west
1917,"They are racing east along the south shore of a lake and then turn around to head back in the direction they came from, in which direction is the lake?",north
1918,"They are racing south-east along the south-west shore of a lake and then turn around to head back in the direction they came from, in which direction is the lake?",north-east
1919,"They are racing south along the west shore of a lake and then turn around to head back in the direction they came from, in which direction is the lake?",east
1920,"They are racing south-west along the north-west shore of a lake and then turn around to head back in the direction they came from, in which direction is the lake?",south-east
1921,"I am running east along the middle of the north side of a park; in which direction is the bandstand, located in the centre of the park?",south
1922,"I am running south-east along the middle of the north-east side of a park; in which direction is the bandstand, located in the centre of the park?",south-west
1923,"I am running south along the middle of the east side of a park; in which direction is the bandstand, located in the centre of the park?",west
1924,"I am running south-west along the middle of the south-east side of a park; in which direction is the bandstand, located in the centre of the park?",north-west
1925,"I am running west along the middle of the south side of a park; in which direction is the bandstand, located in the centre of the park?",north
1926,"I am running north-west along the middle of the south-west side of a park; in which direction is the bandstand, located in the centre of the park?",north-east
1927,"I am running north along the middle of the west side of a park; in which direction is the bandstand, located in the centre of the park?",east
1928,"I am running north-east along the middle of the north-west side of a park; in which direction is the bandstand, located in the centre of the park?",south-east
1929,"I am walking east along the middle of the north side of a park; in which direction is the bandstand, located in the centre of the park?",south
1930,"I am walking south-east along the middle of the north-east side of a park; in which direction is the bandstand, located in the centre of the park?",south-west
1931,"I am walking south along the middle of the east side of a park; in which direction is the bandstand, located in the centre of the park?",west
1932,"I am walking south-west along the middle of the south-east side of a park; in which direction is the bandstand, located in the centre of the park?",north-west
1933,"I am walking west along the middle of the south side of a park; in which direction is the bandstand, located in the centre of the park?",north
1934,"I am walking north-west along the middle of the south-west side of a park; in which direction is the bandstand, located in the centre of the park?",north-east
1935,"I am walking north along the middle of the west side of a park; in which direction is the bandstand, located in the centre of the park?",east
1936,"I am walking north-east along the middle of the north-west side of a park; in which direction is the bandstand, located in the centre of the park?",south-east
1937,"I am cycling east along the middle of the north side of a park; in which direction is the bandstand, located in the centre of the park?",south
1938,"I am cycling south-east along the middle of the north-east side of a park; in which direction is the bandstand, located in the centre of the park?",south-west
1939,"I am cycling south along the middle of the east side of a park; in which direction is the bandstand, located in the centre of the park?",west
1940,"I am cycling south-west along the middle of the south-east side of a park; in which direction is the bandstand, located in the centre of the park?",north-west
1941,"I am cycling west along the middle of the south side of a park; in which direction is the bandstand, located in the centre of the park?",north
1942,"I am cycling north-west along the middle of the south-west side of a park; in which direction is the bandstand, located in the centre of the park?",north-east
1943,"I am cycling north along the middle of the west side of a park; in which direction is the bandstand, located in the centre of the park?",east
1944,"I am cycling north-east along the middle of the north-west side of a park; in which direction is the bandstand, located in the centre of the park?",south-east
1945,"I am driving east along the middle of the north side of a park; in which direction is the bandstand, located in the centre of the park?",south
1946,"I am driving south-east along the middle of the north-east side of a park; in which direction is the bandstand, located in the centre of the park?",south-west
1947,"I am driving south along the middle of the east side of a park; in which direction is the bandstand, located in the centre of the park?",west
1948,"I am driving south-west along the middle of the south-east side of a park; in which direction is the bandstand, located in the centre of the park?",north-west
1949,"I am driving west along the middle of the south side of a park; in which direction is the bandstand, located in the centre of the park?",north
1950,"I am driving north-west along the middle of the south-west side of a park; in which direction is the bandstand, located in the centre of the park?",north-east
1951,"I am driving north along the middle of the west side of a park; in which direction is the bandstand, located in the centre of the park?",east
1952,"I am driving north-east along the middle of the north-west side of a park; in which direction is the bandstand, located in the centre of the park?",south-east
1953,"I am jogging east along the middle of the north side of a park; in which direction is the bandstand, located in the centre of the park?",south
1954,"I am jogging south-east along the middle of the north-east side of a park; in which direction is the bandstand, located in the centre of the park?",south-west
1955,"I am jogging south along the middle of the east side of a park; in which direction is the bandstand, located in the centre of the park?",west
1956,"I am jogging south-west along the middle of the south-east side of a park; in which direction is the bandstand, located in the centre of the park?",north-west
1957,"I am jogging west along the middle of the south side of a park; in which direction is the bandstand, located in the centre of the park?",north
1958,"I am jogging north-west along the middle of the south-west side of a park; in which direction is the bandstand, located in the centre of the park?",north-east
1959,"I am jogging north along the middle of the west side of a park; in which direction is the bandstand, located in the centre of the park?",east
1960,"I am jogging north-east along the middle of the north-west side of a park; in which direction is the bandstand, located in the centre of the park?",south-east
1961,"I am riding east along the middle of the north side of a park; in which direction is the bandstand, located in the centre of the park?",south
1962,"I am riding south-east along the middle of the north-east side of a park; in which direction is the bandstand, located in the centre of the park?",south-west
1963,"I am riding south along the middle of the east side of a park; in which direction is the bandstand, located in the centre of the park?",west
1964,"I am riding south-west along the middle of the south-east side of a park; in which direction is the bandstand, located in the centre of the park?",north-west
1965,"I am riding west along the middle of the south side of a park; in which direction is the bandstand, located in the centre of the park?",north
1966,"I am riding north-west along the middle of the south-west side of a park; in which direction is the bandstand, located in the centre of the park?",north-east
1967,"I am riding north along the middle of the west side of a park; in which direction is the bandstand, located in the centre of the park?",east
1968,"I am riding north-east along the middle of the north-west side of a park; in which direction is the bandstand, located in the centre of the park?",south-east
1969,"I am perambulating east along the middle of the north side of a park; in which direction is the bandstand, located in the centre of the park?",south
1970,"I am perambulating south-east along the middle of the north-east side of a park; in which direction is the bandstand, located in the centre of the park?",south-west
1971,"I am perambulating south along the middle of the east side of a park; in which direction is the bandstand, located in the centre of the park?",west
1972,"I am perambulating south-west along the middle of the south-east side of a park; in which direction is the bandstand, located in the centre of the park?",north-west
1973,"I am perambulating west along the middle of the south side of a park; in which direction is the bandstand, located in the centre of the park?",north
1974,"I am perambulating north-west along the middle of the south-west side of a park; in which direction is the bandstand, located in the centre of the park?",north-east
1975,"I am perambulating north along the middle of the west side of a park; in which direction is the bandstand, located in the centre of the park?",east
1976,"I am perambulating north-east along the middle of the north-west side of a park; in which direction is the bandstand, located in the centre of the park?",south-east
1977,"I am hiking east along the middle of the north side of a park; in which direction is the bandstand, located in the centre of the park?",south
1978,"I am hiking south-east along the middle of the north-east side of a park; in which direction is the bandstand, located in the centre of the park?",south-west
1979,"I am hiking south along the middle of the east side of a park; in which direction is the bandstand, located in the centre of the park?",west
1980,"I am hiking south-west along the middle of the south-east side of a park; in which direction is the bandstand, located in the centre of the park?",north-west
1981,"I am hiking west along the middle of the south side of a park; in which direction is the bandstand, located in the centre of the park?",north
1982,"I am hiking north-west along the middle of the south-west side of a park; in which direction is the bandstand, located in the centre of the park?",north-east
1983,"I am hiking north along the middle of the west side of a park; in which direction is the bandstand, located in the centre of the park?",east
1984,"I am hiking north-east along the middle of the north-west side of a park; in which direction is the bandstand, located in the centre of the park?",south-east
1985,"I am unicycling east along the middle of the north side of a park; in which direction is the bandstand, located in the centre of the park?",south
1986,"I am unicycling south-east along the middle of the north-east side of a park; in which direction is the bandstand, located in the centre of the park?",south-west
1987,"I am unicycling south along the middle of the east side of a park; in which direction is the bandstand, located in the centre of the park?",west
1988,"I am unicycling south-west along the middle of the south-east side of a park; in which direction is the bandstand, located in the centre of the park?",north-west
1989,"I am unicycling west along the middle of the south side of a park; in which direction is the bandstand, located in the centre of the park?",north
1990,"I am unicycling north-west along the middle of the south-west side of a park; in which direction is the bandstand, located in the centre of the park?",north-east
1991,"I am unicycling north along the middle of the west side of a park; in which direction is the bandstand, located in the centre of the park?",east
1992,"I am unicycling north-east along the middle of the north-west side of a park; in which direction is the bandstand, located in the centre of the park?",south-east
1993,"I am racing east along the middle of the north side of a park; in which direction is the bandstand, located in the centre of the park?",south
1994,"I am racing south-east along the middle of the north-east side of a park; in which direction is the bandstand, located in the centre of the park?",south-west
1995,"I am racing south along the middle of the east side of a park; in which direction is the bandstand, located in the centre of the park?",west
1996,"I am racing south-west along the middle of the south-east side of a park; in which direction is the bandstand, located in the centre of the park?",north-west
1997,"I am racing west along the middle of the south side of a park; in which direction is the bandstand, located in the centre of the park?",north
1998,"I am racing north-west along the middle of the south-west side of a park; in which direction is the bandstand, located in the centre of the park?",north-east
1999,"I am racing north along the middle of the west side of a park; in which direction is the bandstand, located in the centre of the park?",east
2000,"I am racing north-east along the middle of the north-west side of a park; in which direction is the bandstand, located in the centre of the park?",south-east
2001,"You are running east along the middle of the north side of a park; in which direction is the bandstand, located in the centre of the park?",south
2002,"You are running south-east along the middle of the north-east side of a park; in which direction is the bandstand, located in the centre of the park?",south-west
2003,"You are running south along the middle of the east side of a park; in which direction is the bandstand, located in the centre of the park?",west
2004,"You are running south-west along the middle of the south-east side of a park; in which direction is the bandstand, located in the centre of the park?",north-west
2005,"You are running west along the middle of the south side of a park; in which direction is the bandstand, located in the centre of the park?",north
2006,"You are running north-west along the middle of the south-west side of a park; in which direction is the bandstand, located in the centre of the park?",north-east
2007,"You are running north along the middle of the west side of a park; in which direction is the bandstand, located in the centre of the park?",east
2008,"You are running north-east along the middle of the north-west side of a park; in which direction is the bandstand, located in the centre of the park?",south-east
2009,"You are walking east along the middle of the north side of a park; in which direction is the bandstand, located in the centre of the park?",south
2010,"You are walking south-east along the middle of the north-east side of a park; in which direction is the bandstand, located in the centre of the park?",south-west
2011,"You are walking south along the middle of the east side of a park; in which direction is the bandstand, located in the centre of the park?",west
2012,"You are walking south-west along the middle of the south-east side of a park; in which direction is the bandstand, located in the centre of the park?",north-west
2013,"You are walking west along the middle of the south side of a park; in which direction is the bandstand, located in the centre of the park?",north
2014,"You are walking north-west along the middle of the south-west side of a park; in which direction is the bandstand, located in the centre of the park?",north-east
2015,"You are walking north along the middle of the west side of a park; in which direction is the bandstand, located in the centre of the park?",east
2016,"You are walking north-east along the middle of the north-west side of a park; in which direction is the bandstand, located in the centre of the park?",south-east
2017,"You are cycling east along the middle of the north side of a park; in which direction is the bandstand, located in the centre of the park?",south
2018,"You are cycling south-east along the middle of the north-east side of a park; in which direction is the bandstand, located in the centre of the park?",south-west
2019,"You are cycling south along the middle of the east side of a park; in which direction is the bandstand, located in the centre of the park?",west
2020,"You are cycling south-west along the middle of the south-east side of a park; in which direction is the bandstand, located in the centre of the park?",north-west
2021,"You are cycling west along the middle of the south side of a park; in which direction is the bandstand, located in the centre of the park?",north
2022,"You are cycling north-west along the middle of the south-west side of a park; in which direction is the bandstand, located in the centre of the park?",north-east
2023,"You are cycling north along the middle of the west side of a park; in which direction is the bandstand, located in the centre of the park?",east
2024,"You are cycling north-east along the middle of the north-west side of a park; in which direction is the bandstand, located in the centre of the park?",south-east
2025,"You are driving east along the middle of the north side of a park; in which direction is the bandstand, located in the centre of the park?",south
2026,"You are driving south-east along the middle of the north-east side of a park; in which direction is the bandstand, located in the centre of the park?",south-west
2027,"You are driving south along the middle of the east side of a park; in which direction is the bandstand, located in the centre of the park?",west
2028,"You are driving south-west along the middle of the south-east side of a park; in which direction is the bandstand, located in the centre of the park?",north-west
2029,"You are driving west along the middle of the south side of a park; in which direction is the bandstand, located in the centre of the park?",north
2030,"You are driving north-west along the middle of the south-west side of a park; in which direction is the bandstand, located in the centre of the park?",north-east
2031,"You are driving north along the middle of the west side of a park; in which direction is the bandstand, located in the centre of the park?",east
2032,"You are driving north-east along the middle of the north-west side of a park; in which direction is the bandstand, located in the centre of the park?",south-east
2033,"You are jogging east along the middle of the north side of a park; in which direction is the bandstand, located in the centre of the park?",south
2034,"You are jogging south-east along the middle of the north-east side of a park; in which direction is the bandstand, located in the centre of the park?",south-west
2035,"You are jogging south along the middle of the east side of a park; in which direction is the bandstand, located in the centre of the park?",west
2036,"You are jogging south-west along the middle of the south-east side of a park; in which direction is the bandstand, located in the centre of the park?",north-west
2037,"You are jogging west along the middle of the south side of a park; in which direction is the bandstand, located in the centre of the park?",north
2038,"You are jogging north-west along the middle of the south-west side of a park; in which direction is the bandstand, located in the centre of the park?",north-east
2039,"You are jogging north along the middle of the west side of a park; in which direction is the bandstand, located in the centre of the park?",east
2040,"You are jogging north-east along the middle of the north-west side of a park; in which direction is the bandstand, located in the centre of the park?",south-east
2041,"You are riding east along the middle of the north side of a park; in which direction is the bandstand, located in the centre of the park?",south
2042,"You are riding south-east along the middle of the north-east side of a park; in which direction is the bandstand, located in the centre of the park?",south-west
2043,"You are riding south along the middle of the east side of a park; in which direction is the bandstand, located in the centre of the park?",west
2044,"You are riding south-west along the middle of the south-east side of a park; in which direction is the bandstand, located in the centre of the park?",north-west
2045,"You are riding west along the middle of the south side of a park; in which direction is the bandstand, located in the centre of the park?",north
2046,"You are riding north-west along the middle of the south-west side of a park; in which direction is the bandstand, located in the centre of the park?",north-east
2047,"You are riding north along the middle of the west side of a park; in which direction is the bandstand, located in the centre of the park?",east
2048,"You are riding north-east along the middle of the north-west side of a park; in which direction is the bandstand, located in the centre of the park?",south-east
2049,"You are perambulating east along the middle of the north side of a park; in which direction is the bandstand, located in the centre of the park?",south
2050,"You are perambulating south-east along the middle of the north-east side of a park; in which direction is the bandstand, located in the centre of the park?",south-west
2051,"You are perambulating south along the middle of the east side of a park; in which direction is the bandstand, located in the centre of the park?",west
2052,"You are perambulating south-west along the middle of the south-east side of a park; in which direction is the bandstand, located in the centre of the park?",north-west
2053,"You are perambulating west along the middle of the south side of a park; in which direction is the bandstand, located in the centre of the park?",north
2054,"You are perambulating north-west along the middle of the south-west side of a park; in which direction is the bandstand, located in the centre of the park?",north-east
2055,"You are perambulating north along the middle of the west side of a park; in which direction is the bandstand, located in the centre of the park?",east
2056,"You are perambulating north-east along the middle of the north-west side of a park; in which direction is the bandstand, located in the centre of the park?",south-east
2057,"You are hiking east along the middle of the north side of a park; in which direction is the bandstand, located in the centre of the park?",south
2058,"You are hiking south-east along the middle of the north-east side of a park; in which direction is the bandstand, located in the centre of the park?",south-west
2059,"You are hiking south along the middle of the east side of a park; in which direction is the bandstand, located in the centre of the park?",west
2060,"You are hiking south-west along the middle of the south-east side of a park; in which direction is the bandstand, located in the centre of the park?",north-west
2061,"You are hiking west along the middle of the south side of a park; in which direction is the bandstand, located in the centre of the park?",north
2062,"You are hiking north-west along the middle of the south-west side of a park; in which direction is the bandstand, located in the centre of the park?",north-east
2063,"You are hiking north along the middle of the west side of a park; in which direction is the bandstand, located in the centre of the park?",east
2064,"You are hiking north-east along the middle of the north-west side of a park; in which direction is the bandstand, located in the centre of the park?",south-east
2065,"You are unicycling east along the middle of the north side of a park; in which direction is the bandstand, located in the centre of the park?",south
2066,"You are unicycling south-east along the middle of the north-east side of a park; in which direction is the bandstand, located in the centre of the park?",south-west
2067,"You are unicycling south along the middle of the east side of a park; in which direction is the bandstand, located in the centre of the park?",west
2068,"You are unicycling south-west along the middle of the south-east side of a park; in which direction is the bandstand, located in the centre of the park?",north-west
2069,"You are unicycling west along the middle of the south side of a park; in which direction is the bandstand, located in the centre of the park?",north
2070,"You are unicycling north-west along the middle of the south-west side of a park; in which direction is the bandstand, located in the centre of the park?",north-east
2071,"You are unicycling north along the middle of the west side of a park; in which direction is the bandstand, located in the centre of the park?",east
2072,"You are unicycling north-east along the middle of the north-west side of a park; in which direction is the bandstand, located in the centre of the park?",south-east
2073,"You are racing east along the middle of the north side of a park; in which direction is the bandstand, located in the centre of the park?",south
2074,"You are racing south-east along the middle of the north-east side of a park; in which direction is the bandstand, located in the centre of the park?",south-west
2075,"You are racing south along the middle of the east side of a park; in which direction is the bandstand, located in the centre of the park?",west
2076,"You are racing south-west along the middle of the south-east side of a park; in which direction is the bandstand, located in the centre of the park?",north-west
2077,"You are racing west along the middle of the south side of a park; in which direction is the bandstand, located in the centre of the park?",north
2078,"You are racing north-west along the middle of the south-west side of a park; in which direction is the bandstand, located in the centre of the park?",north-east
2079,"You are racing north along the middle of the west side of a park; in which direction is the bandstand, located in the centre of the park?",east
2080,"You are racing north-east along the middle of the north-west side of a park; in which direction is the bandstand, located in the centre of the park?",south-east
2081,"He is running east along the middle of the north side of a park; in which direction is the bandstand, located in the centre of the park?",south
2082,"He is running south-east along the middle of the north-east side of a park; in which direction is the bandstand, located in the centre of the park?",south-west
2083,"He is running south along the middle of the east side of a park; in which direction is the bandstand, located in the centre of the park?",west
2084,"He is running south-west along the middle of the south-east side of a park; in which direction is the bandstand, located in the centre of the park?",north-west
2085,"He is running west along the middle of the south side of a park; in which direction is the bandstand, located in the centre of the park?",north
2086,"He is running north-west along the middle of the south-west side of a park; in which direction is the bandstand, located in the centre of the park?",north-east
2087,"He is running north along the middle of the west side of a park; in which direction is the bandstand, located in the centre of the park?",east
2088,"He is running north-east along the middle of the north-west side of a park; in which direction is the bandstand, located in the centre of the park?",south-east
2089,"He is walking east along the middle of the north side of a park; in which direction is the bandstand, located in the centre of the park?",south
2090,"He is walking south-east along the middle of the north-east side of a park; in which direction is the bandstand, located in the centre of the park?",south-west
2091,"He is walking south along the middle of the east side of a park; in which direction is the bandstand, located in the centre of the park?",west
2092,"He is walking south-west along the middle of the south-east side of a park; in which direction is the bandstand, located in the centre of the park?",north-west
2093,"He is walking west along the middle of the south side of a park; in which direction is the bandstand, located in the centre of the park?",north
2094,"He is walking north-west along the middle of the south-west side of a park; in which direction is the bandstand, located in the centre of the park?",north-east
2095,"He is walking north along the middle of the west side of a park; in which direction is the bandstand, located in the centre of the park?",east
2096,"He is walking north-east along the middle of the north-west side of a park; in which direction is the bandstand, located in the centre of the park?",south-east
2097,"He is cycling east along the middle of the north side of a park; in which direction is the bandstand, located in the centre of the park?",south
2098,"He is cycling south-east along the middle of the north-east side of a park; in which direction is the bandstand, located in the centre of the park?",south-west
2099,"He is cycling south along the middle of the east side of a park; in which direction is the bandstand, located in the centre of the park?",west
2100,"He is cycling south-west along the middle of the south-east side of a park; in which direction is the bandstand, located in the centre of the park?",north-west
2101,"He is cycling west along the middle of the south side of a park; in which direction is the bandstand, located in the centre of the park?",north
2102,"He is cycling north-west along the middle of the south-west side of a park; in which direction is the bandstand, located in the centre of the park?",north-east
2103,"He is cycling north along the middle of the west side of a park; in which direction is the bandstand, located in the centre of the park?",east
2104,"He is cycling north-east along the middle of the north-west side of a park; in which direction is the bandstand, located in the centre of the park?",south-east
2105,"He is driving east along the middle of the north side of a park; in which direction is the bandstand, located in the centre of the park?",south
2106,"He is driving south-east along the middle of the north-east side of a park; in which direction is the bandstand, located in the centre of the park?",south-west
2107,"He is driving south along the middle of the east side of a park; in which direction is the bandstand, located in the centre of the park?",west
2108,"He is driving south-west along the middle of the south-east side of a park; in which direction is the bandstand, located in the centre of the park?",north-west
2109,"He is driving west along the middle of the south side of a park; in which direction is the bandstand, located in the centre of the park?",north
2110,"He is driving north-west along the middle of the south-west side of a park; in which direction is the bandstand, located in the centre of the park?",north-east
2111,"He is driving north along the middle of the west side of a park; in which direction is the bandstand, located in the centre of the park?",east
2112,"He is driving north-east along the middle of the north-west side of a park; in which direction is the bandstand, located in the centre of the park?",south-east
2113,"He is jogging east along the middle of the north side of a park; in which direction is the bandstand, located in the centre of the park?",south
2114,"He is jogging south-east along the middle of the north-east side of a park; in which direction is the bandstand, located in the centre of the park?",south-west
2115,"He is jogging south along the middle of the east side of a park; in which direction is the bandstand, located in the centre of the park?",west
2116,"He is jogging south-west along the middle of the south-east side of a park; in which direction is the bandstand, located in the centre of the park?",north-west
2117,"He is jogging west along the middle of the south side of a park; in which direction is the bandstand, located in the centre of the park?",north
2118,"He is jogging north-west along the middle of the south-west side of a park; in which direction is the bandstand, located in the centre of the park?",north-east
2119,"He is jogging north along the middle of the west side of a park; in which direction is the bandstand, located in the centre of the park?",east
2120,"He is jogging north-east along the middle of the north-west side of a park; in which direction is the bandstand, located in the centre of the park?",south-east
2121,"He is riding east along the middle of the north side of a park; in which direction is the bandstand, located in the centre of the park?",south
2122,"He is riding south-east along the middle of the north-east side of a park; in which direction is the bandstand, located in the centre of the park?",south-west
2123,"He is riding south along the middle of the east side of a park; in which direction is the bandstand, located in the centre of the park?",west
2124,"He is riding south-west along the middle of the south-east side of a park; in which direction is the bandstand, located in the centre of the park?",north-west
2125,"He is riding west along the middle of the south side of a park; in which direction is the bandstand, located in the centre of the park?",north
2126,"He is riding north-west along the middle of the south-west side of a park; in which direction is the bandstand, located in the centre of the park?",north-east
2127,"He is riding north along the middle of the west side of a park; in which direction is the bandstand, located in the centre of the park?",east
2128,"He is riding north-east along the middle of the north-west side of a park; in which direction is the bandstand, located in the centre of the park?",south-east
2129,"He is perambulating east along the middle of the north side of a park; in which direction is the bandstand, located in the centre of the park?",south
2130,"He is perambulating south-east along the middle of the north-east side of a park; in which direction is the bandstand, located in the centre of the park?",south-west
2131,"He is perambulating south along the middle of the east side of a park; in which direction is the bandstand, located in the centre of the park?",west
2132,"He is perambulating south-west along the middle of the south-east side of a park; in which direction is the bandstand, located in the centre of the park?",north-west
2133,"He is perambulating west along the middle of the south side of a park; in which direction is the bandstand, located in the centre of the park?",north
2134,"He is perambulating north-west along the middle of the south-west side of a park; in which direction is the bandstand, located in the centre of the park?",north-east
2135,"He is perambulating north along the middle of the west side of a park; in which direction is the bandstand, located in the centre of the park?",east
2136,"He is perambulating north-east along the middle of the north-west side of a park; in which direction is the bandstand, located in the centre of the park?",south-east
2137,"He is hiking east along the middle of the north side of a park; in which direction is the bandstand, located in the centre of the park?",south
2138,"He is hiking south-east along the middle of the north-east side of a park; in which direction is the bandstand, located in the centre of the park?",south-west
2139,"He is hiking south along the middle of the east side of a park; in which direction is the bandstand, located in the centre of the park?",west
2140,"He is hiking south-west along the middle of the south-east side of a park; in which direction is the bandstand, located in the centre of the park?",north-west
2141,"He is hiking west along the middle of the south side of a park; in which direction is the bandstand, located in the centre of the park?",north
2142,"He is hiking north-west along the middle of the south-west side of a park; in which direction is the bandstand, located in the centre of the park?",north-east
2143,"He is hiking north along the middle of the west side of a park; in which direction is the bandstand, located in the centre of the park?",east
2144,"He is hiking north-east along the middle of the north-west side of a park; in which direction is the bandstand, located in the centre of the park?",south-east
2145,"He is unicycling east along the middle of the north side of a park; in which direction is the bandstand, located in the centre of the park?",south
2146,"He is unicycling south-east along the middle of the north-east side of a park; in which direction is the bandstand, located in the centre of the park?",south-west
2147,"He is unicycling south along the middle of the east side of a park; in which direction is the bandstand, located in the centre of the park?",west
2148,"He is unicycling south-west along the middle of the south-east side of a park; in which direction is the bandstand, located in the centre of the park?",north-west
2149,"He is unicycling west along the middle of the south side of a park; in which direction is the bandstand, located in the centre of the park?",north
2150,"He is unicycling north-west along the middle of the south-west side of a park; in which direction is the bandstand, located in the centre of the park?",north-east
2151,"He is unicycling north along the middle of the west side of a park; in which direction is the bandstand, located in the centre of the park?",east
2152,"He is unicycling north-east along the middle of the north-west side of a park; in which direction is the bandstand, located in the centre of the park?",south-east
2153,"He is racing east along the middle of the north side of a park; in which direction is the bandstand, located in the centre of the park?",south
2154,"He is racing south-east along the middle of the north-east side of a park; in which direction is the bandstand, located in the centre of the park?",south-west
2155,"He is racing south along the middle of the east side of a park; in which direction is the bandstand, located in the centre of the park?",west
2156,"He is racing south-west along the middle of the south-east side of a park; in which direction is the bandstand, located in the centre of the park?",north-west
2157,"He is racing west along the middle of the south side of a park; in which direction is the bandstand, located in the centre of the park?",north
2158,"He is racing north-west along the middle of the south-west side of a park; in which direction is the bandstand, located in the centre of the park?",north-east
2159,"He is racing north along the middle of the west side of a park; in which direction is the bandstand, located in the centre of the park?",east
2160,"He is racing north-east along the middle of the north-west side of a park; in which direction is the bandstand, located in the centre of the park?",south-east
2161,"She is running east along the middle of the north side of a park; in which direction is the bandstand, located in the centre of the park?",south
2162,"She is running south-east along the middle of the north-east side of a park; in which direction is the bandstand, located in the centre of the park?",south-west
2163,"She is running south along the middle of the east side of a park; in which direction is the bandstand, located in the centre of the park?",west
2164,"She is running south-west along the middle of the south-east side of a park; in which direction is the bandstand, located in the centre of the park?",north-west
2165,"She is running west along the middle of the south side of a park; in which direction is the bandstand, located in the centre of the park?",north
2166,"She is running north-west along the middle of the south-west side of a park; in which direction is the bandstand, located in the centre of the park?",north-east
2167,"She is running north along the middle of the west side of a park; in which direction is the bandstand, located in the centre of the park?",east
2168,"She is running north-east along the middle of the north-west side of a park; in which direction is the bandstand, located in the centre of the park?",south-east
2169,"She is walking east along the middle of the north side of a park; in which direction is the bandstand, located in the centre of the park?",south
2170,"She is walking south-east along the middle of the north-east side of a park; in which direction is the bandstand, located in the centre of the park?",south-west
2171,"She is walking south along the middle of the east side of a park; in which direction is the bandstand, located in the centre of the park?",west
2172,"She is walking south-west along the middle of the south-east side of a park; in which direction is the bandstand, located in the centre of the park?",north-west
2173,"She is walking west along the middle of the south side of a park; in which direction is the bandstand, located in the centre of the park?",north
2174,"She is walking north-west along the middle of the south-west side of a park; in which direction is the bandstand, located in the centre of the park?",north-east
2175,"She is walking north along the middle of the west side of a park; in which direction is the bandstand, located in the centre of the park?",east
2176,"She is walking north-east along the middle of the north-west side of a park; in which direction is the bandstand, located in the centre of the park?",south-east
2177,"She is cycling east along the middle of the north side of a park; in which direction is the bandstand, located in the centre of the park?",south
2178,"She is cycling south-east along the middle of the north-east side of a park; in which direction is the bandstand, located in the centre of the park?",south-west
2179,"She is cycling south along the middle of the east side of a park; in which direction is the bandstand, located in the centre of the park?",west
2180,"She is cycling south-west along the middle of the south-east side of a park; in which direction is the bandstand, located in the centre of the park?",north-west
2181,"She is cycling west along the middle of the south side of a park; in which direction is the bandstand, located in the centre of the park?",north
2182,"She is cycling north-west along the middle of the south-west side of a park; in which direction is the bandstand, located in the centre of the park?",north-east
2183,"She is cycling north along the middle of the west side of a park; in which direction is the bandstand, located in the centre of the park?",east
2184,"She is cycling north-east along the middle of the north-west side of a park; in which direction is the bandstand, located in the centre of the park?",south-east
2185,"She is driving east along the middle of the north side of a park; in which direction is the bandstand, located in the centre of the park?",south
2186,"She is driving south-east along the middle of the north-east side of a park; in which direction is the bandstand, located in the centre of the park?",south-west
2187,"She is driving south along the middle of the east side of a park; in which direction is the bandstand, located in the centre of the park?",west
2188,"She is driving south-west along the middle of the south-east side of a park; in which direction is the bandstand, located in the centre of the park?",north-west
2189,"She is driving west along the middle of the south side of a park; in which direction is the bandstand, located in the centre of the park?",north
2190,"She is driving north-west along the middle of the south-west side of a park; in which direction is the bandstand, located in the centre of the park?",north-east
2191,"She is driving north along the middle of the west side of a park; in which direction is the bandstand, located in the centre of the park?",east
2192,"She is driving north-east along the middle of the north-west side of a park; in which direction is the bandstand, located in the centre of the park?",south-east
2193,"She is jogging east along the middle of the north side of a park; in which direction is the bandstand, located in the centre of the park?",south
2194,"She is jogging south-east along the middle of the north-east side of a park; in which direction is the bandstand, located in the centre of the park?",south-west
2195,"She is jogging south along the middle of the east side of a park; in which direction is the bandstand, located in the centre of the park?",west
2196,"She is jogging south-west along the middle of the south-east side of a park; in which direction is the bandstand, located in the centre of the park?",north-west
2197,"She is jogging west along the middle of the south side of a park; in which direction is the bandstand, located in the centre of the park?",north
2198,"She is jogging north-west along the middle of the south-west side of a park; in which direction is the bandstand, located in the centre of the park?",north-east
2199,"She is jogging north along the middle of the west side of a park; in which direction is the bandstand, located in the centre of the park?",east
2200,"She is jogging north-east along the middle of the north-west side of a park; in which direction is the bandstand, located in the centre of the park?",south-east
2201,"She is riding east along the middle of the north side of a park; in which direction is the bandstand, located in the centre of the park?",south
2202,"She is riding south-east along the middle of the north-east side of a park; in which direction is the bandstand, located in the centre of the park?",south-west
2203,"She is riding south along the middle of the east side of a park; in which direction is the bandstand, located in the centre of the park?",west
2204,"She is riding south-west along the middle of the south-east side of a park; in which direction is the bandstand, located in the centre of the park?",north-west
2205,"She is riding west along the middle of the south side of a park; in which direction is the bandstand, located in the centre of the park?",north
2206,"She is riding north-west along the middle of the south-west side of a park; in which direction is the bandstand, located in the centre of the park?",north-east
2207,"She is riding north along the middle of the west side of a park; in which direction is the bandstand, located in the centre of the park?",east
2208,"She is riding north-east along the middle of the north-west side of a park; in which direction is the bandstand, located in the centre of the park?",south-east
2209,"She is perambulating east along the middle of the north side of a park; in which direction is the bandstand, located in the centre of the park?",south
2210,"She is perambulating south-east along the middle of the north-east side of a park; in which direction is the bandstand, located in the centre of the park?",south-west
2211,"She is perambulating south along the middle of the east side of a park; in which direction is the bandstand, located in the centre of the park?",west
2212,"She is perambulating south-west along the middle of the south-east side of a park; in which direction is the bandstand, located in the centre of the park?",north-west
2213,"She is perambulating west along the middle of the south side of a park; in which direction is the bandstand, located in the centre of the park?",north
2214,"She is perambulating north-west along the middle of the south-west side of a park; in which direction is the bandstand, located in the centre of the park?",north-east
2215,"She is perambulating north along the middle of the west side of a park; in which direction is the bandstand, located in the centre of the park?",east
2216,"She is perambulating north-east along the middle of the north-west side of a park; in which direction is the bandstand, located in the centre of the park?",south-east
2217,"She is hiking east along the middle of the north side of a park; in which direction is the bandstand, located in the centre of the park?",south
2218,"She is hiking south-east along the middle of the north-east side of a park; in which direction is the bandstand, located in the centre of the park?",south-west
2219,"She is hiking south along the middle of the east side of a park; in which direction is the bandstand, located in the centre of the park?",west
2220,"She is hiking south-west along the middle of the south-east side of a park; in which direction is the bandstand, located in the centre of the park?",north-west
2221,"She is hiking west along the middle of the south side of a park; in which direction is the bandstand, located in the centre of the park?",north
2222,"She is hiking north-west along the middle of the south-west side of a park; in which direction is the bandstand, located in the centre of the park?",north-east
2223,"She is hiking north along the middle of the west side of a park; in which direction is the bandstand, located in the centre of the park?",east
2224,"She is hiking north-east along the middle of the north-west side of a park; in which direction is the bandstand, located in the centre of the park?",south-east
2225,"She is unicycling east along the middle of the north side of a park; in which direction is the bandstand, located in the centre of the park?",south
2226,"She is unicycling south-east along the middle of the north-east side of a park; in which direction is the bandstand, located in the centre of the park?",south-west
2227,"She is unicycling south along the middle of the east side of a park; in which direction is the bandstand, located in the centre of the park?",west
2228,"She is unicycling south-west along the middle of the south-east side of a park; in which direction is the bandstand, located in the centre of the park?",north-west
2229,"She is unicycling west along the middle of the south side of a park; in which direction is the bandstand, located in the centre of the park?",north
2230,"She is unicycling north-west along the middle of the south-west side of a park; in which direction is the bandstand, located in the centre of the park?",north-east
2231,"She is unicycling north along the middle of the west side of a park; in which direction is the bandstand, located in the centre of the park?",east
2232,"She is unicycling north-east along the middle of the north-west side of a park; in which direction is the bandstand, located in the centre of the park?",south-east
2233,"She is racing east along the middle of the north side of a park; in which direction is the bandstand, located in the centre of the park?",south
2234,"She is racing south-east along the middle of the north-east side of a park; in which direction is the bandstand, located in the centre of the park?",south-west
2235,"She is racing south along the middle of the east side of a park; in which direction is the bandstand, located in the centre of the park?",west
2236,"She is racing south-west along the middle of the south-east side of a park; in which direction is the bandstand, located in the centre of the park?",north-west
2237,"She is racing west along the middle of the south side of a park; in which direction is the bandstand, located in the centre of the park?",north
2238,"She is racing north-west along the middle of the south-west side of a park; in which direction is the bandstand, located in the centre of the park?",north-east
2239,"She is racing north along the middle of the west side of a park; in which direction is the bandstand, located in the centre of the park?",east
2240,"She is racing north-east along the middle of the north-west side of a park; in which direction is the bandstand, located in the centre of the park?",south-east
2241,"We are running east along the middle of the north side of a park; in which direction is the bandstand, located in the centre of the park?",south
2242,"We are running south-east along the middle of the north-east side of a park; in which direction is the bandstand, located in the centre of the park?",south-west
2243,"We are running south along the middle of the east side of a park; in which direction is the bandstand, located in the centre of the park?",west
2244,"We are running south-west along the middle of the south-east side of a park; in which direction is the bandstand, located in the centre of the park?",north-west
2245,"We are running west along the middle of the south side of a park; in which direction is the bandstand, located in the centre of the park?",north
2246,"We are running north-west along the middle of the south-west side of a park; in which direction is the bandstand, located in the centre of the park?",north-east
2247,"We are running north along the middle of the west side of a park; in which direction is the bandstand, located in the centre of the park?",east
2248,"We are running north-east along the middle of the north-west side of a park; in which direction is the bandstand, located in the centre of the park?",south-east
2249,"We are walking east along the middle of the north side of a park; in which direction is the bandstand, located in the centre of the park?",south
2250,"We are walking south-east along the middle of the north-east side of a park; in which direction is the bandstand, located in the centre of the park?",south-west
2251,"We are walking south along the middle of the east side of a park; in which direction is the bandstand, located in the centre of the park?",west
2252,"We are walking south-west along the middle of the south-east side of a park; in which direction is the bandstand, located in the centre of the park?",north-west
2253,"We are walking west along the middle of the south side of a park; in which direction is the bandstand, located in the centre of the park?",north
2254,"We are walking north-west along the middle of the south-west side of a park; in which direction is the bandstand, located in the centre of the park?",north-east
2255,"We are walking north along the middle of the west side of a park; in which direction is the bandstand, located in the centre of the park?",east
2256,"We are walking north-east along the middle of the north-west side of a park; in which direction is the bandstand, located in the centre of the park?",south-east
2257,"We are cycling east along the middle of the north side of a park; in which direction is the bandstand, located in the centre of the park?",south
2258,"We are cycling south-east along the middle of the north-east side of a park; in which direction is the bandstand, located in the centre of the park?",south-west
2259,"We are cycling south along the middle of the east side of a park; in which direction is the bandstand, located in the centre of the park?",west
2260,"We are cycling south-west along the middle of the south-east side of a park; in which direction is the bandstand, located in the centre of the park?",north-west
2261,"We are cycling west along the middle of the south side of a park; in which direction is the bandstand, located in the centre of the park?",north
2262,"We are cycling north-west along the middle of the south-west side of a park; in which direction is the bandstand, located in the centre of the park?",north-east
2263,"We are cycling north along the middle of the west side of a park; in which direction is the bandstand, located in the centre of the park?",east
2264,"We are cycling north-east along the middle of the north-west side of a park; in which direction is the bandstand, located in the centre of the park?",south-east
2265,"We are driving east along the middle of the north side of a park; in which direction is the bandstand, located in the centre of the park?",south
2266,"We are driving south-east along the middle of the north-east side of a park; in which direction is the bandstand, located in the centre of the park?",south-west
2267,"We are driving south along the middle of the east side of a park; in which direction is the bandstand, located in the centre of the park?",west
2268,"We are driving south-west along the middle of the south-east side of a park; in which direction is the bandstand, located in the centre of the park?",north-west
2269,"We are driving west along the middle of the south side of a park; in which direction is the bandstand, located in the centre of the park?",north
2270,"We are driving north-west along the middle of the south-west side of a park; in which direction is the bandstand, located in the centre of the park?",north-east
2271,"We are driving north along the middle of the west side of a park; in which direction is the bandstand, located in the centre of the park?",east
2272,"We are driving north-east along the middle of the north-west side of a park; in which direction is the bandstand, located in the centre of the park?",south-east
2273,"We are jogging east along the middle of the north side of a park; in which direction is the bandstand, located in the centre of the park?",south
2274,"We are jogging south-east along the middle of the north-east side of a park; in which direction is the bandstand, located in the centre of the park?",south-west
2275,"We are jogging south along the middle of the east side of a park; in which direction is the bandstand, located in the centre of the park?",west
2276,"We are jogging south-west along the middle of the south-east side of a park; in which direction is the bandstand, located in the centre of the park?",north-west
2277,"We are jogging west along the middle of the south side of a park; in which direction is the bandstand, located in the centre of the park?",north
2278,"We are jogging north-west along the middle of the south-west side of a park; in which direction is the bandstand, located in the centre of the park?",north-east
2279,"We are jogging north along the middle of the west side of a park; in which direction is the bandstand, located in the centre of the park?",east
2280,"We are jogging north-east along the middle of the north-west side of a park; in which direction is the bandstand, located in the centre of the park?",south-east
2281,"We are riding east along the middle of the north side of a park; in which direction is the bandstand, located in the centre of the park?",south
2282,"We are riding south-east along the middle of the north-east side of a park; in which direction is the bandstand, located in the centre of the park?",south-west
2283,"We are riding south along the middle of the east side of a park; in which direction is the bandstand, located in the centre of the park?",west
2284,"We are riding south-west along the middle of the south-east side of a park; in which direction is the bandstand, located in the centre of the park?",north-west
2285,"We are riding west along the middle of the south side of a park; in which direction is the bandstand, located in the centre of the park?",north
2286,"We are riding north-west along the middle of the south-west side of a park; in which direction is the bandstand, located in the centre of the park?",north-east
2287,"We are riding north along the middle of the west side of a park; in which direction is the bandstand, located in the centre of the park?",east
2288,"We are riding north-east along the middle of the north-west side of a park; in which direction is the bandstand, located in the centre of the park?",south-east
2289,"We are perambulating east along the middle of the north side of a park; in which direction is the bandstand, located in the centre of the park?",south
2290,"We are perambulating south-east along the middle of the north-east side of a park; in which direction is the bandstand, located in the centre of the park?",south-west
2291,"We are perambulating south along the middle of the east side of a park; in which direction is the bandstand, located in the centre of the park?",west
2292,"We are perambulating south-west along the middle of the south-east side of a park; in which direction is the bandstand, located in the centre of the park?",north-west
2293,"We are perambulating west along the middle of the south side of a park; in which direction is the bandstand, located in the centre of the park?",north
2294,"We are perambulating north-west along the middle of the south-west side of a park; in which direction is the bandstand, located in the centre of the park?",north-east
2295,"We are perambulating north along the middle of the west side of a park; in which direction is the bandstand, located in the centre of the park?",east
2296,"We are perambulating north-east along the middle of the north-west side of a park; in which direction is the bandstand, located in the centre of the park?",south-east
2297,"We are hiking east along the middle of the north side of a park; in which direction is the bandstand, located in the centre of the park?",south
2298,"We are hiking south-east along the middle of the north-east side of a park; in which direction is the bandstand, located in the centre of the park?",south-west
2299,"We are hiking south along the middle of the east side of a park; in which direction is the bandstand, located in the centre of the park?",west
2300,"We are hiking south-west along the middle of the south-east side of a park; in which direction is the bandstand, located in the centre of the park?",north-west
2301,"We are hiking west along the middle of the south side of a park; in which direction is the bandstand, located in the centre of the park?",north
2302,"We are hiking north-west along the middle of the south-west side of a park; in which direction is the bandstand, located in the centre of the park?",north-east
2303,"We are hiking north along the middle of the west side of a park; in which direction is the bandstand, located in the centre of the park?",east
2304,"We are hiking north-east along the middle of the north-west side of a park; in which direction is the bandstand, located in the centre of the park?",south-east
2305,"We are unicycling east along the middle of the north side of a park; in which direction is the bandstand, located in the centre of the park?",south
2306,"We are unicycling south-east along the middle of the north-east side of a park; in which direction is the bandstand, located in the centre of the park?",south-west
2307,"We are unicycling south along the middle of the east side of a park; in which direction is the bandstand, located in the centre of the park?",west
2308,"We are unicycling south-west along the middle of the south-east side of a park; in which direction is the bandstand, located in the centre of the park?",north-west
2309,"We are unicycling west along the middle of the south side of a park; in which direction is the bandstand, located in the centre of the park?",north
2310,"We are unicycling north-west along the middle of the south-west side of a park; in which direction is the bandstand, located in the centre of the park?",north-east
2311,"We are unicycling north along the middle of the west side of a park; in which direction is the bandstand, located in the centre of the park?",east
2312,"We are unicycling north-east along the middle of the north-west side of a park; in which direction is the bandstand, located in the centre of the park?",south-east
2313,"We are racing east along the middle of the north side of a park; in which direction is the bandstand, located in the centre of the park?",south
2314,"We are racing south-east along the middle of the north-east side of a park; in which direction is the bandstand, located in the centre of the park?",south-west
2315,"We are racing south along the middle of the east side of a park; in which direction is the bandstand, located in the centre of the park?",west
2316,"We are racing south-west along the middle of the south-east side of a park; in which direction is the bandstand, located in the centre of the park?",north-west
2317,"We are racing west along the middle of the south side of a park; in which direction is the bandstand, located in the centre of the park?",north
2318,"We are racing north-west along the middle of the south-west side of a park; in which direction is the bandstand, located in the centre of the park?",north-east
2319,"We are racing north along the middle of the west side of a park; in which direction is the bandstand, located in the centre of the park?",east
2320,"We are racing north-east along the middle of the north-west side of a park; in which direction is the bandstand, located in the centre of the park?",south-east
2321,"They are running east along the middle of the north side of a park; in which direction is the bandstand, located in the centre of the park?",south
2322,"They are running south-east along the middle of the north-east side of a park; in which direction is the bandstand, located in the centre of the park?",south-west
2323,"They are running south along the middle of the east side of a park; in which direction is the bandstand, located in the centre of the park?",west
2324,"They are running south-west along the middle of the south-east side of a park; in which direction is the bandstand, located in the centre of the park?",north-west
2325,"They are running west along the middle of the south side of a park; in which direction is the bandstand, located in the centre of the park?",north
2326,"They are running north-west along the middle of the south-west side of a park; in which direction is the bandstand, located in the centre of the park?",north-east
2327,"They are running north along the middle of the west side of a park; in which direction is the bandstand, located in the centre of the park?",east
2328,"They are running north-east along the middle of the north-west side of a park; in which direction is the bandstand, located in the centre of the park?",south-east
2329,"They are walking east along the middle of the north side of a park; in which direction is the bandstand, located in the centre of the park?",south
2330,"They are walking south-east along the middle of the north-east side of a park; in which direction is the bandstand, located in the centre of the park?",south-west
2331,"They are walking south along the middle of the east side of a park; in which direction is the bandstand, located in the centre of the park?",west
2332,"They are walking south-west along the middle of the south-east side of a park; in which direction is the bandstand, located in the centre of the park?",north-west
2333,"They are walking west along the middle of the south side of a park; in which direction is the bandstand, located in the centre of the park?",north
2334,"They are walking north-west along the middle of the south-west side of a park; in which direction is the bandstand, located in the centre of the park?",north-east
2335,"They are walking north along the middle of the west side of a park; in which direction is the bandstand, located in the centre of the park?",east
2336,"They are walking north-east along the middle of the north-west side of a park; in which direction is the bandstand, located in the centre of the park?",south-east
2337,"They are cycling east along the middle of the north side of a park; in which direction is the bandstand, located in the centre of the park?",south
2338,"They are cycling south-east along the middle of the north-east side of a park; in which direction is the bandstand, located in the centre of the park?",south-west
2339,"They are cycling south along the middle of the east side of a park; in which direction is the bandstand, located in the centre of the park?",west
2340,"They are cycling south-west along the middle of the south-east side of a park; in which direction is the bandstand, located in the centre of the park?",north-west
2341,"They are cycling west along the middle of the south side of a park; in which direction is the bandstand, located in the centre of the park?",north
2342,"They are cycling north-west along the middle of the south-west side of a park; in which direction is the bandstand, located in the centre of the park?",north-east
2343,"They are cycling north along the middle of the west side of a park; in which direction is the bandstand, located in the centre of the park?",east
2344,"They are cycling north-east along the middle of the north-west side of a park; in which direction is the bandstand, located in the centre of the park?",south-east
2345,"They are driving east along the middle of the north side of a park; in which direction is the bandstand, located in the centre of the park?",south
2346,"They are driving south-east along the middle of the north-east side of a park; in which direction is the bandstand, located in the centre of the park?",south-west
2347,"They are driving south along the middle of the east side of a park; in which direction is the bandstand, located in the centre of the park?",west
2348,"They are driving south-west along the middle of the south-east side of a park; in which direction is the bandstand, located in the centre of the park?",north-west
2349,"They are driving west along the middle of the south side of a park; in which direction is the bandstand, located in the centre of the park?",north
2350,"They are driving north-west along the middle of the south-west side of a park; in which direction is the bandstand, located in the centre of the park?",north-east
2351,"They are driving north along the middle of the west side of a park; in which direction is the bandstand, located in the centre of the park?",east
2352,"They are driving north-east along the middle of the north-west side of a park; in which direction is the bandstand, located in the centre of the park?",south-east
2353,"They are jogging east along the middle of the north side of a park; in which direction is the bandstand, located in the centre of the park?",south
2354,"They are jogging south-east along the middle of the north-east side of a park; in which direction is the bandstand, located in the centre of the park?",south-west
2355,"They are jogging south along the middle of the east side of a park; in which direction is the bandstand, located in the centre of the park?",west
2356,"They are jogging south-west along the middle of the south-east side of a park; in which direction is the bandstand, located in the centre of the park?",north-west
2357,"They are jogging west along the middle of the south side of a park; in which direction is the bandstand, located in the centre of the park?",north
2358,"They are jogging north-west along the middle of the south-west side of a park; in which direction is the bandstand, located in the centre of the park?",north-east
2359,"They are jogging north along the middle of the west side of a park; in which direction is the bandstand, located in the centre of the park?",east
2360,"They are jogging north-east along the middle of the north-west side of a park; in which direction is the bandstand, located in the centre of the park?",south-east
2361,"They are riding east along the middle of the north side of a park; in which direction is the bandstand, located in the centre of the park?",south
2362,"They are riding south-east along the middle of the north-east side of a park; in which direction is the bandstand, located in the centre of the park?",south-west
2363,"They are riding south along the middle of the east side of a park; in which direction is the bandstand, located in the centre of the park?",west
2364,"They are riding south-west along the middle of the south-east side of a park; in which direction is the bandstand, located in the centre of the park?",north-west
2365,"They are riding west along the middle of the south side of a park; in which direction is the bandstand, located in the centre of the park?",north
2366,"They are riding north-west along the middle of the south-west side of a park; in which direction is the bandstand, located in the centre of the park?",north-east
2367,"They are riding north along the middle of the west side of a park; in which direction is the bandstand, located in the centre of the park?",east
2368,"They are riding north-east along the middle of the north-west side of a park; in which direction is the bandstand, located in the centre of the park?",south-east
2369,"They are perambulating east along the middle of the north side of a park; in which direction is the bandstand, located in the centre of the park?",south
2370,"They are perambulating south-east along the middle of the north-east side of a park; in which direction is the bandstand, located in the centre of the park?",south-west
2371,"They are perambulating south along the middle of the east side of a park; in which direction is the bandstand, located in the centre of the park?",west
2372,"They are perambulating south-west along the middle of the south-east side of a park; in which direction is the bandstand, located in the centre of the park?",north-west
2373,"They are perambulating west along the middle of the south side of a park; in which direction is the bandstand, located in the centre of the park?",north
2374,"They are perambulating north-west along the middle of the south-west side of a park; in which direction is the bandstand, located in the centre of the park?",north-east
2375,"They are perambulating north along the middle of the west side of a park; in which direction is the bandstand, located in the centre of the park?",east
2376,"They are perambulating north-east along the middle of the north-west side of a park; in which direction is the bandstand, located in the centre of the park?",south-east
2377,"They are hiking east along the middle of the north side of a park; in which direction is the bandstand, located in the centre of the park?",south
2378,"They are hiking south-east along the middle of the north-east side of a park; in which direction is the bandstand, located in the centre of the park?",south-west
2379,"They are hiking south along the middle of the east side of a park; in which direction is the bandstand, located in the centre of the park?",west
2380,"They are hiking south-west along the middle of the south-east side of a park; in which direction is the bandstand, located in the centre of the park?",north-west
2381,"They are hiking west along the middle of the south side of a park; in which direction is the bandstand, located in the centre of the park?",north
2382,"They are hiking north-west along the middle of the south-west side of a park; in which direction is the bandstand, located in the centre of the park?",north-east
2383,"They are hiking north along the middle of the west side of a park; in which direction is the bandstand, located in the centre of the park?",east
2384,"They are hiking north-east along the middle of the north-west side of a park; in which direction is the bandstand, located in the centre of the park?",south-east
2385,"They are unicycling east along the middle of the north side of a park; in which direction is the bandstand, located in the centre of the park?",south
2386,"They are unicycling south-east along the middle of the north-east side of a park; in which direction is the bandstand, located in the centre of the park?",south-west
2387,"They are unicycling south along the middle of the east side of a park; in which direction is the bandstand, located in the centre of the park?",west
2388,"They are unicycling south-west along the middle of the south-east side of a park; in which direction is the bandstand, located in the centre of the park?",north-west
2389,"They are unicycling west along the middle of the south side of a park; in which direction is the bandstand, located in the centre of the park?",north
2390,"They are unicycling north-west along the middle of the south-west side of a park; in which direction is the bandstand, located in the centre of the park?",north-east
2391,"They are unicycling north along the middle of the west side of a park; in which direction is the bandstand, located in the centre of the park?",east
2392,"They are unicycling north-east along the middle of the north-west side of a park; in which direction is the bandstand, located in the centre of the park?",south-east
2393,"They are racing east along the middle of the north side of a park; in which direction is the bandstand, located in the centre of the park?",south
2394,"They are racing south-east along the middle of the north-east side of a park; in which direction is the bandstand, located in the centre of the park?",south-west
2395,"They are racing south along the middle of the east side of a park; in which direction is the bandstand, located in the centre of the park?",west
2396,"They are racing south-west along the middle of the south-east side of a park; in which direction is the bandstand, located in the centre of the park?",north-west
2397,"They are racing west along the middle of the south side of a park; in which direction is the bandstand, located in the centre of the park?",north
2398,"They are racing north-west along the middle of the south-west side of a park; in which direction is the bandstand, located in the centre of the park?",north-east
2399,"They are racing north along the middle of the west side of a park; in which direction is the bandstand, located in the centre of the park?",east
2400,"They are racing north-east along the middle of the north-west side of a park; in which direction is the bandstand, located in the centre of the park?",south-east
2401,"I am running west along the middle of the north side of a park; in which direction is the bandstand, located in the centre of the park?",south
2402,"I am running north-west along the middle of the north-east side of a park; in which direction is the bandstand, located in the centre of the park?",south-west
2403,"I am running north along the middle of the east side of a park; in which direction is the bandstand, located in the centre of the park?",west
2404,"I am running north-east along the middle of the south-east side of a park; in which direction is the bandstand, located in the centre of the park?",north-west
2405,"I am running east along the middle of the south side of a park; in which direction is the bandstand, located in the centre of the park?",north
2406,"I am running south-east along the middle of the south-west side of a park; in which direction is the bandstand, located in the centre of the park?",north-east
2407,"I am running south along the middle of the west side of a park; in which direction is the bandstand, located in the centre of the park?",east
2408,"I am running south-west along the middle of the north-west side of a park; in which direction is the bandstand, located in the centre of the park?",south-east
2409,"I am walking west along the middle of the north side of a park; in which direction is the bandstand, located in the centre of the park?",south
2410,"I am walking north-west along the middle of the north-east side of a park; in which direction is the bandstand, located in the centre of the park?",south-west
2411,"I am walking north along the middle of the east side of a park; in which direction is the bandstand, located in the centre of the park?",west
2412,"I am walking north-east along the middle of the south-east side of a park; in which direction is the bandstand, located in the centre of the park?",north-west
2413,"I am walking east along the middle of the south side of a park; in which direction is the bandstand, located in the centre of the park?",north
2414,"I am walking south-east along the middle of the south-west side of a park; in which direction is the bandstand, located in the centre of the park?",north-east
2415,"I am walking south along the middle of the west side of a park; in which direction is the bandstand, located in the centre of the park?",east
2416,"I am walking south-west along the middle of the north-west side of a park; in which direction is the bandstand, located in the centre of the park?",south-east
2417,"I am cycling west along the middle of the north side of a park; in which direction is the bandstand, located in the centre of the park?",south
2418,"I am cycling north-west along the middle of the north-east side of a park; in which direction is the bandstand, located in the centre of the park?",south-west
2419,"I am cycling north along the middle of the east side of a park; in which direction is the bandstand, located in the centre of the park?",west
2420,"I am cycling north-east along the middle of the south-east side of a park; in which direction is the bandstand, located in the centre of the park?",north-west
2421,"I am cycling east along the middle of the south side of a park; in which direction is the bandstand, located in the centre of the park?",north
2422,"I am cycling south-east along the middle of the south-west side of a park; in which direction is the bandstand, located in the centre of the park?",north-east
2423,"I am cycling south along the middle of the west side of a park; in which direction is the bandstand, located in the centre of the park?",east
2424,"I am cycling south-west along the middle of the north-west side of a park; in which direction is the bandstand, located in the centre of the park?",south-east
2425,"I am driving west along the middle of the north side of a park; in which direction is the bandstand, located in the centre of the park?",south
2426,"I am driving north-west along the middle of the north-east side of a park; in which direction is the bandstand, located in the centre of the park?",south-west
2427,"I am driving north along the middle of the east side of a park; in which direction is the bandstand, located in the centre of the park?",west
2428,"I am driving north-east along the middle of the south-east side of a park; in which direction is the bandstand, located in the centre of the park?",north-west
2429,"I am driving east along the middle of the south side of a park; in which direction is the bandstand, located in the centre of the park?",north
2430,"I am driving south-east along the middle of the south-west side of a park; in which direction is the bandstand, located in the centre of the park?",north-east
2431,"I am driving south along the middle of the west side of a park; in which direction is the bandstand, located in the centre of the park?",east
2432,"I am driving south-west along the middle of the north-west side of a park; in which direction is the bandstand, located in the centre of the park?",south-east
2433,"I am jogging west along the middle of the north side of a park; in which direction is the bandstand, located in the centre of the park?",south
2434,"I am jogging north-west along the middle of the north-east side of a park; in which direction is the bandstand, located in the centre of the park?",south-west
2435,"I am jogging north along the middle of the east side of a park; in which direction is the bandstand, located in the centre of the park?",west
2436,"I am jogging north-east along the middle of the south-east side of a park; in which direction is the bandstand, located in the centre of the park?",north-west
2437,"I am jogging east along the middle of the south side of a park; in which direction is the bandstand, located in the centre of the park?",north
2438,"I am jogging south-east along the middle of the south-west side of a park; in which direction is the bandstand, located in the centre of the park?",north-east
2439,"I am jogging south along the middle of the west side of a park; in which direction is the bandstand, located in the centre of the park?",east
2440,"I am jogging south-west along the middle of the north-west side of a park; in which direction is the bandstand, located in the centre of the park?",south-east
2441,"I am riding west along the middle of the north side of a park; in which direction is the bandstand, located in the centre of the park?",south
2442,"I am riding north-west along the middle of the north-east side of a park; in which direction is the bandstand, located in the centre of the park?",south-west
2443,"I am riding north along the middle of the east side of a park; in which direction is the bandstand, located in the centre of the park?",west
2444,"I am riding north-east along the middle of the south-east side of a park; in which direction is the bandstand, located in the centre of the park?",north-west
2445,"I am riding east along the middle of the south side of a park; in which direction is the bandstand, located in the centre of the park?",north
2446,"I am riding south-east along the middle of the south-west side of a park; in which direction is the bandstand, located in the centre of the park?",north-east
2447,"I am riding south along the middle of the west side of a park; in which direction is the bandstand, located in the centre of the park?",east
2448,"I am riding south-west along the middle of the north-west side of a park; in which direction is the bandstand, located in the centre of the park?",south-east
2449,"I am perambulating west along the middle of the north side of a park; in which direction is the bandstand, located in the centre of the park?",south
2450,"I am perambulating north-west along the middle of the north-east side of a park; in which direction is the bandstand, located in the centre of the park?",south-west
2451,"I am perambulating north along the middle of the east side of a park; in which direction is the bandstand, located in the centre of the park?",west
2452,"I am perambulating north-east along the middle of the south-east side of a park; in which direction is the bandstand, located in the centre of the park?",north-west
2453,"I am perambulating east along the middle of the south side of a park; in which direction is the bandstand, located in the centre of the park?",north
2454,"I am perambulating south-east along the middle of the south-west side of a park; in which direction is the bandstand, located in the centre of the park?",north-east
2455,"I am perambulating south along the middle of the west side of a park; in which direction is the bandstand, located in the centre of the park?",east
2456,"I am perambulating south-west along the middle of the north-west side of a park; in which direction is the bandstand, located in the centre of the park?",south-east
2457,"I am hiking west along the middle of the north side of a park; in which direction is the bandstand, located in the centre of the park?",south
2458,"I am hiking north-west along the middle of the north-east side of a park; in which direction is the bandstand, located in the centre of the park?",south-west
2459,"I am hiking north along the middle of the east side of a park; in which direction is the bandstand, located in the centre of the park?",west
2460,"I am hiking north-east along the middle of the south-east side of a park; in which direction is the bandstand, located in the centre of the park?",north-west
2461,"I am hiking east along the middle of the south side of a park; in which direction is the bandstand, located in the centre of the park?",north
2462,"I am hiking south-east along the middle of the south-west side of a park; in which direction is the bandstand, located in the centre of the park?",north-east
2463,"I am hiking south along the middle of the west side of a park; in which direction is the bandstand, located in the centre of the park?",east
2464,"I am hiking south-west along the middle of the north-west side of a park; in which direction is the bandstand, located in the centre of the park?",south-east
2465,"I am unicycling west along the middle of the north side of a park; in which direction is the bandstand, located in the centre of the park?",south
2466,"I am unicycling north-west along the middle of the north-east side of a park; in which direction is the bandstand, located in the centre of the park?",south-west
2467,"I am unicycling north along the middle of the east side of a park; in which direction is the bandstand, located in the centre of the park?",west
2468,"I am unicycling north-east along the middle of the south-east side of a park; in which direction is the bandstand, located in the centre of the park?",north-west
2469,"I am unicycling east along the middle of the south side of a park; in which direction is the bandstand, located in the centre of the park?",north
2470,"I am unicycling south-east along the middle of the south-west side of a park; in which direction is the bandstand, located in the centre of the park?",north-east
2471,"I am unicycling south along the middle of the west side of a park; in which direction is the bandstand, located in the centre of the park?",east
2472,"I am unicycling south-west along the middle of the north-west side of a park; in which direction is the bandstand, located in the centre of the park?",south-east
2473,"I am racing west along the middle of the north side of a park; in which direction is the bandstand, located in the centre of the park?",south
2474,"I am racing north-west along the middle of the north-east side of a park; in which direction is the bandstand, located in the centre of the park?",south-west
2475,"I am racing north along the middle of the east side of a park; in which direction is the bandstand, located in the centre of the park?",west
2476,"I am racing north-east along the middle of the south-east side of a park; in which direction is the bandstand, located in the centre of the park?",north-west
2477,"I am racing east along the middle of the south side of a park; in which direction is the bandstand, located in the centre of the park?",north
2478,"I am racing south-east along the middle of the south-west side of a park; in which direction is the bandstand, located in the centre of the park?",north-east
2479,"I am racing south along the middle of the west side of a park; in which direction is the bandstand, located in the centre of the park?",east
2480,"I am racing south-west along the middle of the north-west side of a park; in which direction is the bandstand, located in the centre of the park?",south-east
2481,"You are running west along the middle of the north side of a park; in which direction is the bandstand, located in the centre of the park?",south
2482,"You are running north-west along the middle of the north-east side of a park; in which direction is the bandstand, located in the centre of the park?",south-west
2483,"You are running north along the middle of the east side of a park; in which direction is the bandstand, located in the centre of the park?",west
2484,"You are running north-east along the middle of the south-east side of a park; in which direction is the bandstand, located in the centre of the park?",north-west
2485,"You are running east along the middle of the south side of a park; in which direction is the bandstand, located in the centre of the park?",north
2486,"You are running south-east along the middle of the south-west side of a park; in which direction is the bandstand, located in the centre of the park?",north-east
2487,"You are running south along the middle of the west side of a park; in which direction is the bandstand, located in the centre of the park?",east
2488,"You are running south-west along the middle of the north-west side of a park; in which direction is the bandstand, located in the centre of the park?",south-east
2489,"You are walking west along the middle of the north side of a park; in which direction is the bandstand, located in the centre of the park?",south
2490,"You are walking north-west along the middle of the north-east side of a park; in which direction is the bandstand, located in the centre of the park?",south-west
2491,"You are walking north along the middle of the east side of a park; in which direction is the bandstand, located in the centre of the park?",west
2492,"You are walking north-east along the middle of the south-east side of a park; in which direction is the bandstand, located in the centre of the park?",north-west
2493,"You are walking east along the middle of the south side of a park; in which direction is the bandstand, located in the centre of the park?",north
2494,"You are walking south-east along the middle of the south-west side of a park; in which direction is the bandstand, located in the centre of the park?",north-east
2495,"You are walking south along the middle of the west side of a park; in which direction is the bandstand, located in the centre of the park?",east
2496,"You are walking south-west along the middle of the north-west side of a park; in which direction is the bandstand, located in the centre of the park?",south-east
2497,"You are cycling west along the middle of the north side of a park; in which direction is the bandstand, located in the centre of the park?",south
2498,"You are cycling north-west along the middle of the north-east side of a park; in which direction is the bandstand, located in the centre of the park?",south-west
2499,"You are cycling north along the middle of the east side of a park; in which direction is the bandstand, located in the centre of the park?",west
2500,"You are cycling north-east along the middle of the south-east side of a park; in which direction is the bandstand, located in the centre of the park?",north-west
2501,"You are cycling east along the middle of the south side of a park; in which direction is the bandstand, located in the centre of the park?",north
2502,"You are cycling south-east along the middle of the south-west side of a park; in which direction is the bandstand, located in the centre of the park?",north-east
2503,"You are cycling south along the middle of the west side of a park; in which direction is the bandstand, located in the centre of the park?",east
2504,"You are cycling south-west along the middle of the north-west side of a park; in which direction is the bandstand, located in the centre of the park?",south-east
2505,"You are driving west along the middle of the north side of a park; in which direction is the bandstand, located in the centre of the park?",south
2506,"You are driving north-west along the middle of the north-east side of a park; in which direction is the bandstand, located in the centre of the park?",south-west
2507,"You are driving north along the middle of the east side of a park; in which direction is the bandstand, located in the centre of the park?",west
2508,"You are driving north-east along the middle of the south-east side of a park; in which direction is the bandstand, located in the centre of the park?",north-west
2509,"You are driving east along the middle of the south side of a park; in which direction is the bandstand, located in the centre of the park?",north
2510,"You are driving south-east along the middle of the south-west side of a park; in which direction is the bandstand, located in the centre of the park?",north-east
2511,"You are driving south along the middle of the west side of a park; in which direction is the bandstand, located in the centre of the park?",east
2512,"You are driving south-west along the middle of the north-west side of a park; in which direction is the bandstand, located in the centre of the park?",south-east
2513,"You are jogging west along the middle of the north side of a park; in which direction is the bandstand, located in the centre of the park?",south
2514,"You are jogging north-west along the middle of the north-east side of a park; in which direction is the bandstand, located in the centre of the park?",south-west
2515,"You are jogging north along the middle of the east side of a park; in which direction is the bandstand, located in the centre of the park?",west
2516,"You are jogging north-east along the middle of the south-east side of a park; in which direction is the bandstand, located in the centre of the park?",north-west
2517,"You are jogging east along the middle of the south side of a park; in which direction is the bandstand, located in the centre of the park?",north
2518,"You are jogging south-east along the middle of the south-west side of a park; in which direction is the bandstand, located in the centre of the park?",north-east
2519,"You are jogging south along the middle of the west side of a park; in which direction is the bandstand, located in the centre of the park?",east
2520,"You are jogging south-west along the middle of the north-west side of a park; in which direction is the bandstand, located in the centre of the park?",south-east
2521,"You are riding west along the middle of the north side of a park; in which direction is the bandstand, located in the centre of the park?",south
2522,"You are riding north-west along the middle of the north-east side of a park; in which direction is the bandstand, located in the centre of the park?",south-west
2523,"You are riding north along the middle of the east side of a park; in which direction is the bandstand, located in the centre of the park?",west
2524,"You are riding north-east along the middle of the south-east side of a park; in which direction is the bandstand, located in the centre of the park?",north-west
2525,"You are riding east along the middle of the south side of a park; in which direction is the bandstand, located in the centre of the park?",north
2526,"You are riding south-east along the middle of the south-west side of a park; in which direction is the bandstand, located in the centre of the park?",north-east
2527,"You are riding south along the middle of the west side of a park; in which direction is the bandstand, located in the centre of the park?",east
2528,"You are riding south-west along the middle of the north-west side of a park; in which direction is the bandstand, located in the centre of the park?",south-east
2529,"You are perambulating west along the middle of the north side of a park; in which direction is the bandstand, located in the centre of the park?",south
2530,"You are perambulating north-west along the middle of the north-east side of a park; in which direction is the bandstand, located in the centre of the park?",south-west
2531,"You are perambulating north along the middle of the east side of a park; in which direction is the bandstand, located in the centre of the park?",west
2532,"You are perambulating north-east along the middle of the south-east side of a park; in which direction is the bandstand, located in the centre of the park?",north-west
2533,"You are perambulating east along the middle of the south side of a park; in which direction is the bandstand, located in the centre of the park?",north
2534,"You are perambulating south-east along the middle of the south-west side of a park; in which direction is the bandstand, located in the centre of the park?",north-east
2535,"You are perambulating south along the middle of the west side of a park; in which direction is the bandstand, located in the centre of the park?",east
2536,"You are perambulating south-west along the middle of the north-west side of a park; in which direction is the bandstand, located in the centre of the park?",south-east
2537,"You are hiking west along the middle of the north side of a park; in which direction is the bandstand, located in the centre of the park?",south
2538,"You are hiking north-west along the middle of the north-east side of a park; in which direction is the bandstand, located in the centre of the park?",south-west
2539,"You are hiking north along the middle of the east side of a park; in which direction is the bandstand, located in the centre of the park?",west
2540,"You are hiking north-east along the middle of the south-east side of a park; in which direction is the bandstand, located in the centre of the park?",north-west
2541,"You are hiking east along the middle of the south side of a park; in which direction is the bandstand, located in the centre of the park?",north
2542,"You are hiking south-east along the middle of the south-west side of a park; in which direction is the bandstand, located in the centre of the park?",north-east
2543,"You are hiking south along the middle of the west side of a park; in which direction is the bandstand, located in the centre of the park?",east
2544,"You are hiking south-west along the middle of the north-west side of a park; in which direction is the bandstand, located in the centre of the park?",south-east
2545,"You are unicycling west along the middle of the north side of a park; in which direction is the bandstand, located in the centre of the park?",south
2546,"You are unicycling north-west along the middle of the north-east side of a park; in which direction is the bandstand, located in the centre of the park?",south-west
2547,"You are unicycling north along the middle of the east side of a park; in which direction is the bandstand, located in the centre of the park?",west
2548,"You are unicycling north-east along the middle of the south-east side of a park; in which direction is the bandstand, located in the centre of the park?",north-west
2549,"You are unicycling east along the middle of the south side of a park; in which direction is the bandstand, located in the centre of the park?",north
2550,"You are unicycling south-east along the middle of the south-west side of a park; in which direction is the bandstand, located in the centre of the park?",north-east
2551,"You are unicycling south along the middle of the west side of a park; in which direction is the bandstand, located in the centre of the park?",east
2552,"You are unicycling south-west along the middle of the north-west side of a park; in which direction is the bandstand, located in the centre of the park?",south-east
2553,"You are racing west along the middle of the north side of a park; in which direction is the bandstand, located in the centre of the park?",south
2554,"You are racing north-west along the middle of the north-east side of a park; in which direction is the bandstand, located in the centre of the park?",south-west
2555,"You are racing north along the middle of the east side of a park; in which direction is the bandstand, located in the centre of the park?",west
2556,"You are racing north-east along the middle of the south-east side of a park; in which direction is the bandstand, located in the centre of the park?",north-west
2557,"You are racing east along the middle of the south side of a park; in which direction is the bandstand, located in the centre of the park?",north
2558,"You are racing south-east along the middle of the south-west side of a park; in which direction is the bandstand, located in the centre of the park?",north-east
2559,"You are racing south along the middle of the west side of a park; in which direction is the bandstand, located in the centre of the park?",east
2560,"You are racing south-west along the middle of the north-west side of a park; in which direction is the bandstand, located in the centre of the park?",south-east
2561,"He is running west along the middle of the north side of a park; in which direction is the bandstand, located in the centre of the park?",south
2562,"He is running north-west along the middle of the north-east side of a park; in which direction is the bandstand, located in the centre of the park?",south-west
2563,"He is running north along the middle of the east side of a park; in which direction is the bandstand, located in the centre of the park?",west
2564,"He is running north-east along the middle of the south-east side of a park; in which direction is the bandstand, located in the centre of the park?",north-west
2565,"He is running east along the middle of the south side of a park; in which direction is the bandstand, located in the centre of the park?",north
2566,"He is running south-east along the middle of the south-west side of a park; in which direction is the bandstand, located in the centre of the park?",north-east
2567,"He is running south along the middle of the west side of a park; in which direction is the bandstand, located in the centre of the park?",east
2568,"He is running south-west along the middle of the north-west side of a park; in which direction is the bandstand, located in the centre of the park?",south-east
2569,"He is walking west along the middle of the north side of a park; in which direction is the bandstand, located in the centre of the park?",south
2570,"He is walking north-west along the middle of the north-east side of a park; in which direction is the bandstand, located in the centre of the park?",south-west
2571,"He is walking north along the middle of the east side of a park; in which direction is the bandstand, located in the centre of the park?",west
2572,"He is walking north-east along the middle of the south-east side of a park; in which direction is the bandstand, located in the centre of the park?",north-west
2573,"He is walking east along the middle of the south side of a park; in which direction is the bandstand, located in the centre of the park?",north
2574,"He is walking south-east along the middle of the south-west side of a park; in which direction is the bandstand, located in the centre of the park?",north-east
2575,"He is walking south along the middle of the west side of a park; in which direction is the bandstand, located in the centre of the park?",east
2576,"He is walking south-west along the middle of the north-west side of a park; in which direction is the bandstand, located in the centre of the park?",south-east
2577,"He is cycling west along the middle of the north side of a park; in which direction is the bandstand, located in the centre of the park?",south
2578,"He is cycling north-west along the middle of the north-east side of a park; in which direction is the bandstand, located in the centre of the park?",south-west
2579,"He is cycling north along the middle of the east side of a park; in which direction is the bandstand, located in the centre of the park?",west
2580,"He is cycling north-east along the middle of the south-east side of a park; in which direction is the bandstand, located in the centre of the park?",north-west
2581,"He is cycling east along the middle of the south side of a park; in which direction is the bandstand, located in the centre of the park?",north
2582,"He is cycling south-east along the middle of the south-west side of a park; in which direction is the bandstand, located in the centre of the park?",north-east
2583,"He is cycling south along the middle of the west side of a park; in which direction is the bandstand, located in the centre of the park?",east
2584,"He is cycling south-west along the middle of the north-west side of a park; in which direction is the bandstand, located in the centre of the park?",south-east
2585,"He is driving west along the middle of the north side of a park; in which direction is the bandstand, located in the centre of the park?",south
2586,"He is driving north-west along the middle of the north-east side of a park; in which direction is the bandstand, located in the centre of the park?",south-west
2587,"He is driving north along the middle of the east side of a park; in which direction is the bandstand, located in the centre of the park?",west
2588,"He is driving north-east along the middle of the south-east side of a park; in which direction is the bandstand, located in the centre of the park?",north-west
2589,"He is driving east along the middle of the south side of a park; in which direction is the bandstand, located in the centre of the park?",north
2590,"He is driving south-east along the middle of the south-west side of a park; in which direction is the bandstand, located in the centre of the park?",north-east
2591,"He is driving south along the middle of the west side of a park; in which direction is the bandstand, located in the centre of the park?",east
2592,"He is driving south-west along the middle of the north-west side of a park; in which direction is the bandstand, located in the centre of the park?",south-east
2593,"He is jogging west along the middle of the north side of a park; in which direction is the bandstand, located in the centre of the park?",south
2594,"He is jogging north-west along the middle of the north-east side of a park; in which direction is the bandstand, located in the centre of the park?",south-west
2595,"He is jogging north along the middle of the east side of a park; in which direction is the bandstand, located in the centre of the park?",west
2596,"He is jogging north-east along the middle of the south-east side of a park; in which direction is the bandstand, located in the centre of the park?",north-west
2597,"He is jogging east along the middle of the south side of a park; in which direction is the bandstand, located in the centre of the park?",north
2598,"He is jogging south-east along the middle of the south-west side of a park; in which direction is the bandstand, located in the centre of the park?",north-east
2599,"He is jogging south along the middle of the west side of a park; in which direction is the bandstand, located in the centre of the park?",east
2600,"He is jogging south-west along the middle of the north-west side of a park; in which direction is the bandstand, located in the centre of the park?",south-east
2601,"He is riding west along the middle of the north side of a park; in which direction is the bandstand, located in the centre of the park?",south
2602,"He is riding north-west along the middle of the north-east side of a park; in which direction is the bandstand, located in the centre of the park?",south-west
2603,"He is riding north along the middle of the east side of a park; in which direction is the bandstand, located in the centre of the park?",west
2604,"He is riding north-east along the middle of the south-east side of a park; in which direction is the bandstand, located in the centre of the park?",north-west
2605,"He is riding east along the middle of the south side of a park; in which direction is the bandstand, located in the centre of the park?",north
2606,"He is riding south-east along the middle of the south-west side of a park; in which direction is the bandstand, located in the centre of the park?",north-east
2607,"He is riding south along the middle of the west side of a park; in which direction is the bandstand, located in the centre of the park?",east
2608,"He is riding south-west along the middle of the north-west side of a park; in which direction is the bandstand, located in the centre of the park?",south-east
2609,"He is perambulating west along the middle of the north side of a park; in which direction is the bandstand, located in the centre of the park?",south
2610,"He is perambulating north-west along the middle of the north-east side of a park; in which direction is the bandstand, located in the centre of the park?",south-west
2611,"He is perambulating north along the middle of the east side of a park; in which direction is the bandstand, located in the centre of the park?",west
2612,"He is perambulating north-east along the middle of the south-east side of a park; in which direction is the bandstand, located in the centre of the park?",north-west
2613,"He is perambulating east along the middle of the south side of a park; in which direction is the bandstand, located in the centre of the park?",north
2614,"He is perambulating south-east along the middle of the south-west side of a park; in which direction is the bandstand, located in the centre of the park?",north-east
2615,"He is perambulating south along the middle of the west side of a park; in which direction is the bandstand, located in the centre of the park?",east
2616,"He is perambulating south-west along the middle of the north-west side of a park; in which direction is the bandstand, located in the centre of the park?",south-east
2617,"He is hiking west along the middle of the north side of a park; in which direction is the bandstand, located in the centre of the park?",south
2618,"He is hiking north-west along the middle of the north-east side of a park; in which direction is the bandstand, located in the centre of the park?",south-west
2619,"He is hiking north along the middle of the east side of a park; in which direction is the bandstand, located in the centre of the park?",west
2620,"He is hiking north-east along the middle of the south-east side of a park; in which direction is the bandstand, located in the centre of the park?",north-west
2621,"He is hiking east along the middle of the south side of a park; in which direction is the bandstand, located in the centre of the park?",north
2622,"He is hiking south-east along the middle of the south-west side of a park; in which direction is the bandstand, located in the centre of the park?",north-east
2623,"He is hiking south along the middle of the west side of a park; in which direction is the bandstand, located in the centre of the park?",east
2624,"He is hiking south-west along the middle of the north-west side of a park; in which direction is the bandstand, located in the centre of the park?",south-east
2625,"He is unicycling west along the middle of the north side of a park; in which direction is the bandstand, located in the centre of the park?",south
2626,"He is unicycling north-west along the middle of the north-east side of a park; in which direction is the bandstand, located in the centre of the park?",south-west
2627,"He is unicycling north along the middle of the east side of a park; in which direction is the bandstand, located in the centre of the park?",west
2628,"He is unicycling north-east along the middle of the south-east side of a park; in which direction is the bandstand, located in the centre of the park?",north-west
2629,"He is unicycling east along the middle of the south side of a park; in which direction is the bandstand, located in the centre of the park?",north
2630,"He is unicycling south-east along the middle of the south-west side of a park; in which direction is the bandstand, located in the centre of the park?",north-east
2631,"He is unicycling south along the middle of the west side of a park; in which direction is the bandstand, located in the centre of the park?",east
2632,"He is unicycling south-west along the middle of the north-west side of a park; in which direction is the bandstand, located in the centre of the park?",south-east
2633,"He is racing west along the middle of the north side of a park; in which direction is the bandstand, located in the centre of the park?",south
2634,"He is racing north-west along the middle of the north-east side of a park; in which direction is the bandstand, located in the centre of the park?",south-west
2635,"He is racing north along the middle of the east side of a park; in which direction is the bandstand, located in the centre of the park?",west
2636,"He is racing north-east along the middle of the south-east side of a park; in which direction is the bandstand, located in the centre of the park?",north-west
2637,"He is racing east along the middle of the south side of a park; in which direction is the bandstand, located in the centre of the park?",north
2638,"He is racing south-east along the middle of the south-west side of a park; in which direction is the bandstand, located in the centre of the park?",north-east
2639,"He is racing south along the middle of the west side of a park; in which direction is the bandstand, located in the centre of the park?",east
2640,"He is racing south-west along the middle of the north-west side of a park; in which direction is the bandstand, located in the centre of the park?",south-east
2641,"She is running west along the middle of the north side of a park; in which direction is the bandstand, located in the centre of the park?",south
2642,"She is running north-west along the middle of the north-east side of a park; in which direction is the bandstand, located in the centre of the park?",south-west
2643,"She is running north along the middle of the east side of a park; in which direction is the bandstand, located in the centre of the park?",west
2644,"She is running north-east along the middle of the south-east side of a park; in which direction is the bandstand, located in the centre of the park?",north-west
2645,"She is running east along the middle of the south side of a park; in which direction is the bandstand, located in the centre of the park?",north
2646,"She is running south-east along the middle of the south-west side of a park; in which direction is the bandstand, located in the centre of the park?",north-east
2647,"She is running south along the middle of the west side of a park; in which direction is the bandstand, located in the centre of the park?",east
2648,"She is running south-west along the middle of the north-west side of a park; in which direction is the bandstand, located in the centre of the park?",south-east
2649,"She is walking west along the middle of the north side of a park; in which direction is the bandstand, located in the centre of the park?",south
2650,"She is walking north-west along the middle of the north-east side of a park; in which direction is the bandstand, located in the centre of the park?",south-west
2651,"She is walking north along the middle of the east side of a park; in which direction is the bandstand, located in the centre of the park?",west
2652,"She is walking north-east along the middle of the south-east side of a park; in which direction is the bandstand, located in the centre of the park?",north-west
2653,"She is walking east along the middle of the south side of a park; in which direction is the bandstand, located in the centre of the park?",north
2654,"She is walking south-east along the middle of the south-west side of a park; in which direction is the bandstand, located in the centre of the park?",north-east
2655,"She is walking south along the middle of the west side of a park; in which direction is the bandstand, located in the centre of the park?",east
2656,"She is walking south-west along the middle of the north-west side of a park; in which direction is the bandstand, located in the centre of the park?",south-east
2657,"She is cycling west along the middle of the north side of a park; in which direction is the bandstand, located in the centre of the park?",south
2658,"She is cycling north-west along the middle of the north-east side of a park; in which direction is the bandstand, located in the centre of the park?",south-west
2659,"She is cycling north along the middle of the east side of a park; in which direction is the bandstand, located in the centre of the park?",west
2660,"She is cycling north-east along the middle of the south-east side of a park; in which direction is the bandstand, located in the centre of the park?",north-west
2661,"She is cycling east along the middle of the south side of a park; in which direction is the bandstand, located in the centre of the park?",north
2662,"She is cycling south-east along the middle of the south-west side of a park; in which direction is the bandstand, located in the centre of the park?",north-east
2663,"She is cycling south along the middle of the west side of a park; in which direction is the bandstand, located in the centre of the park?",east
2664,"She is cycling south-west along the middle of the north-west side of a park; in which direction is the bandstand, located in the centre of the park?",south-east
2665,"She is driving west along the middle of the north side of a park; in which direction is the bandstand, located in the centre of the park?",south
2666,"She is driving north-west along the middle of the north-east side of a park; in which direction is the bandstand, located in the centre of the park?",south-west
2667,"She is driving north along the middle of the east side of a park; in which direction is the bandstand, located in the centre of the park?",west
2668,"She is driving north-east along the middle of the south-east side of a park; in which direction is the bandstand, located in the centre of the park?",north-west
2669,"She is driving east along the middle of the south side of a park; in which direction is the bandstand, located in the centre of the park?",north
2670,"She is driving south-east along the middle of the south-west side of a park; in which direction is the bandstand, located in the centre of the park?",north-east
2671,"She is driving south along the middle of the west side of a park; in which direction is the bandstand, located in the centre of the park?",east
2672,"She is driving south-west along the middle of the north-west side of a park; in which direction is the bandstand, located in the centre of the park?",south-east
2673,"She is jogging west along the middle of the north side of a park; in which direction is the bandstand, located in the centre of the park?",south
2674,"She is jogging north-west along the middle of the north-east side of a park; in which direction is the bandstand, located in the centre of the park?",south-west
2675,"She is jogging north along the middle of the east side of a park; in which direction is the bandstand, located in the centre of the park?",west
2676,"She is jogging north-east along the middle of the south-east side of a park; in which direction is the bandstand, located in the centre of the park?",north-west
2677,"She is jogging east along the middle of the south side of a park; in which direction is the bandstand, located in the centre of the park?",north
2678,"She is jogging south-east along the middle of the south-west side of a park; in which direction is the bandstand, located in the centre of the park?",north-east
2679,"She is jogging south along the middle of the west side of a park; in which direction is the bandstand, located in the centre of the park?",east
2680,"She is jogging south-west along the middle of the north-west side of a park; in which direction is the bandstand, located in the centre of the park?",south-east
2681,"She is riding west along the middle of the north side of a park; in which direction is the bandstand, located in the centre of the park?",south
2682,"She is riding north-west along the middle of the north-east side of a park; in which direction is the bandstand, located in the centre of the park?",south-west
2683,"She is riding north along the middle of the east side of a park; in which direction is the bandstand, located in the centre of the park?",west
2684,"She is riding north-east along the middle of the south-east side of a park; in which direction is the bandstand, located in the centre of the park?",north-west
2685,"She is riding east along the middle of the south side of a park; in which direction is the bandstand, located in the centre of the park?",north
2686,"She is riding south-east along the middle of the south-west side of a park; in which direction is the bandstand, located in the centre of the park?",north-east
2687,"She is riding south along the middle of the west side of a park; in which direction is the bandstand, located in the centre of the park?",east
2688,"She is riding south-west along the middle of the north-west side of a park; in which direction is the bandstand, located in the centre of the park?",south-east
2689,"She is perambulating west along the middle of the north side of a park; in which direction is the bandstand, located in the centre of the park?",south
2690,"She is perambulating north-west along the middle of the north-east side of a park; in which direction is the bandstand, located in the centre of the park?",south-west
2691,"She is perambulating north along the middle of the east side of a park; in which direction is the bandstand, located in the centre of the park?",west
2692,"She is perambulating north-east along the middle of the south-east side of a park; in which direction is the bandstand, located in the centre of the park?",north-west
2693,"She is perambulating east along the middle of the south side of a park; in which direction is the bandstand, located in the centre of the park?",north
2694,"She is perambulating south-east along the middle of the south-west side of a park; in which direction is the bandstand, located in the centre of the park?",north-east
2695,"She is perambulating south along the middle of the west side of a park; in which direction is the bandstand, located in the centre of the park?",east
2696,"She is perambulating south-west along the middle of the north-west side of a park; in which direction is the bandstand, located in the centre of the park?",south-east
2697,"She is hiking west along the middle of the north side of a park; in which direction is the bandstand, located in the centre of the park?",south
2698,"She is hiking north-west along the middle of the north-east side of a park; in which direction is the bandstand, located in the centre of the park?",south-west
2699,"She is hiking north along the middle of the east side of a park; in which direction is the bandstand, located in the centre of the park?",west
2700,"She is hiking north-east along the middle of the south-east side of a park; in which direction is the bandstand, located in the centre of the park?",north-west
2701,"She is hiking east along the middle of the south side of a park; in which direction is the bandstand, located in the centre of the park?",north
2702,"She is hiking south-east along the middle of the south-west side of a park; in which direction is the bandstand, located in the centre of the park?",north-east
2703,"She is hiking south along the middle of the west side of a park; in which direction is the bandstand, located in the centre of the park?",east
2704,"She is hiking south-west along the middle of the north-west side of a park; in which direction is the bandstand, located in the centre of the park?",south-east
2705,"She is unicycling west along the middle of the north side of a park; in which direction is the bandstand, located in the centre of the park?",south
2706,"She is unicycling north-west along the middle of the north-east side of a park; in which direction is the bandstand, located in the centre of the park?",south-west
2707,"She is unicycling north along the middle of the east side of a park; in which direction is the bandstand, located in the centre of the park?",west
2708,"She is unicycling north-east along the middle of the south-east side of a park; in which direction is the bandstand, located in the centre of the park?",north-west
2709,"She is unicycling east along the middle of the south side of a park; in which direction is the bandstand, located in the centre of the park?",north
2710,"She is unicycling south-east along the middle of the south-west side of a park; in which direction is the bandstand, located in the centre of the park?",north-east
2711,"She is unicycling south along the middle of the west side of a park; in which direction is the bandstand, located in the centre of the park?",east
2712,"She is unicycling south-west along the middle of the north-west side of a park; in which direction is the bandstand, located in the centre of the park?",south-east
2713,"She is racing west along the middle of the north side of a park; in which direction is the bandstand, located in the centre of the park?",south
2714,"She is racing north-west along the middle of the north-east side of a park; in which direction is the bandstand, located in the centre of the park?",south-west
2715,"She is racing north along the middle of the east side of a park; in which direction is the bandstand, located in the centre of the park?",west
2716,"She is racing north-east along the middle of the south-east side of a park; in which direction is the bandstand, located in the centre of the park?",north-west
2717,"She is racing east along the middle of the south side of a park; in which direction is the bandstand, located in the centre of the park?",north
2718,"She is racing south-east along the middle of the south-west side of a park; in which direction is the bandstand, located in the centre of the park?",north-east
2719,"She is racing south along the middle of the west side of a park; in which direction is the bandstand, located in the centre of the park?",east
2720,"She is racing south-west along the middle of the north-west side of a park; in which direction is the bandstand, located in the centre of the park?",south-east
2721,"We are running west along the middle of the north side of a park; in which direction is the bandstand, located in the centre of the park?",south
2722,"We are running north-west along the middle of the north-east side of a park; in which direction is the bandstand, located in the centre of the park?",south-west
2723,"We are running north along the middle of the east side of a park; in which direction is the bandstand, located in the centre of the park?",west
2724,"We are running north-east along the middle of the south-east side of a park; in which direction is the bandstand, located in the centre of the park?",north-west
2725,"We are running east along the middle of the south side of a park; in which direction is the bandstand, located in the centre of the park?",north
2726,"We are running south-east along the middle of the south-west side of a park; in which direction is the bandstand, located in the centre of the park?",north-east
2727,"We are running south along the middle of the west side of a park; in which direction is the bandstand, located in the centre of the park?",east
2728,"We are running south-west along the middle of the north-west side of a park; in which direction is the bandstand, located in the centre of the park?",south-east
2729,"We are walking west along the middle of the north side of a park; in which direction is the bandstand, located in the centre of the park?",south
2730,"We are walking north-west along the middle of the north-east side of a park; in which direction is the bandstand, located in the centre of the park?",south-west
2731,"We are walking north along the middle of the east side of a park; in which direction is the bandstand, located in the centre of the park?",west
2732,"We are walking north-east along the middle of the south-east side of a park; in which direction is the bandstand, located in the centre of the park?",north-west
2733,"We are walking east along the middle of the south side of a park; in which direction is the bandstand, located in the centre of the park?",north
2734,"We are walking south-east along the middle of the south-west side of a park; in which direction is the bandstand, located in the centre of the park?",north-east
2735,"We are walking south along the middle of the west side of a park; in which direction is the bandstand, located in the centre of the park?",east
2736,"We are walking south-west along the middle of the north-west side of a park; in which direction is the bandstand, located in the centre of the park?",south-east
2737,"We are cycling west along the middle of the north side of a park; in which direction is the bandstand, located in the centre of the park?",south
2738,"We are cycling north-west along the middle of the north-east side of a park; in which direction is the bandstand, located in the centre of the park?",south-west
2739,"We are cycling north along the middle of the east side of a park; in which direction is the bandstand, located in the centre of the park?",west
2740,"We are cycling north-east along the middle of the south-east side of a park; in which direction is the bandstand, located in the centre of the park?",north-west
2741,"We are cycling east along the middle of the south side of a park; in which direction is the bandstand, located in the centre of the park?",north
2742,"We are cycling south-east along the middle of the south-west side of a park; in which direction is the bandstand, located in the centre of the park?",north-east
2743,"We are cycling south along the middle of the west side of a park; in which direction is the bandstand, located in the centre of the park?",east
2744,"We are cycling south-west along the middle of the north-west side of a park; in which direction is the bandstand, located in the centre of the park?",south-east
2745,"We are driving west along the middle of the north side of a park; in which direction is the bandstand, located in the centre of the park?",south
2746,"We are driving north-west along the middle of the north-east side of a park; in which direction is the bandstand, located in the centre of the park?",south-west
2747,"We are driving north along the middle of the east side of a park; in which direction is the bandstand, located in the centre of the park?",west
2748,"We are driving north-east along the middle of the south-east side of a park; in which direction is the bandstand, located in the centre of the park?",north-west
2749,"We are driving east along the middle of the south side of a park; in which direction is the bandstand, located in the centre of the park?",north
2750,"We are driving south-east along the middle of the south-west side of a park; in which direction is the bandstand, located in the centre of the park?",north-east
2751,"We are driving south along the middle of the west side of a park; in which direction is the bandstand, located in the centre of the park?",east
2752,"We are driving south-west along the middle of the north-west side of a park; in which direction is the bandstand, located in the centre of the park?",south-east
2753,"We are jogging west along the middle of the north side of a park; in which direction is the bandstand, located in the centre of the park?",south
2754,"We are jogging north-west along the middle of the north-east side of a park; in which direction is the bandstand, located in the centre of the park?",south-west
2755,"We are jogging north along the middle of the east side of a park; in which direction is the bandstand, located in the centre of the park?",west
2756,"We are jogging north-east along the middle of the south-east side of a park; in which direction is the bandstand, located in the centre of the park?",north-west
2757,"We are jogging east along the middle of the south side of a park; in which direction is the bandstand, located in the centre of the park?",north
2758,"We are jogging south-east along the middle of the south-west side of a park; in which direction is the bandstand, located in the centre of the park?",north-east
2759,"We are jogging south along the middle of the west side of a park; in which direction is the bandstand, located in the centre of the park?",east
2760,"We are jogging south-west along the middle of the north-west side of a park; in which direction is the bandstand, located in the centre of the park?",south-east
2761,"We are riding west along the middle of the north side of a park; in which direction is the bandstand, located in the centre of the park?",south
2762,"We are riding north-west along the middle of the north-east side of a park; in which direction is the bandstand, located in the centre of the park?",south-west
2763,"We are riding north along the middle of the east side of a park; in which direction is the bandstand, located in the centre of the park?",west
2764,"We are riding north-east along the middle of the south-east side of a park; in which direction is the bandstand, located in the centre of the park?",north-west
2765,"We are riding east along the middle of the south side of a park; in which direction is the bandstand, located in the centre of the park?",north
2766,"We are riding south-east along the middle of the south-west side of a park; in which direction is the bandstand, located in the centre of the park?",north-east
2767,"We are riding south along the middle of the west side of a park; in which direction is the bandstand, located in the centre of the park?",east
2768,"We are riding south-west along the middle of the north-west side of a park; in which direction is the bandstand, located in the centre of the park?",south-east
2769,"We are perambulating west along the middle of the north side of a park; in which direction is the bandstand, located in the centre of the park?",south
2770,"We are perambulating north-west along the middle of the north-east side of a park; in which direction is the bandstand, located in the centre of the park?",south-west
2771,"We are perambulating north along the middle of the east side of a park; in which direction is the bandstand, located in the centre of the park?",west
2772,"We are perambulating north-east along the middle of the south-east side of a park; in which direction is the bandstand, located in the centre of the park?",north-west
2773,"We are perambulating east along the middle of the south side of a park; in which direction is the bandstand, located in the centre of the park?",north
2774,"We are perambulating south-east along the middle of the south-west side of a park; in which direction is the bandstand, located in the centre of the park?",north-east
2775,"We are perambulating south along the middle of the west side of a park; in which direction is the bandstand, located in the centre of the park?",east
2776,"We are perambulating south-west along the middle of the north-west side of a park; in which direction is the bandstand, located in the centre of the park?",south-east
2777,"We are hiking west along the middle of the north side of a park; in which direction is the bandstand, located in the centre of the park?",south
2778,"We are hiking north-west along the middle of the north-east side of a park; in which direction is the bandstand, located in the centre of the park?",south-west
2779,"We are hiking north along the middle of the east side of a park; in which direction is the bandstand, located in the centre of the park?",west
2780,"We are hiking north-east along the middle of the south-east side of a park; in which direction is the bandstand, located in the centre of the park?",north-west
2781,"We are hiking east along the middle of the south side of a park; in which direction is the bandstand, located in the centre of the park?",north
2782,"We are hiking south-east along the middle of the south-west side of a park; in which direction is the bandstand, located in the centre of the park?",north-east
2783,"We are hiking south along the middle of the west side of a park; in which direction is the bandstand, located in the centre of the park?",east
2784,"We are hiking south-west along the middle of the north-west side of a park; in which direction is the bandstand, located in the centre of the park?",south-east
2785,"We are unicycling west along the middle of the north side of a park; in which direction is the bandstand, located in the centre of the park?",south
2786,"We are unicycling north-west along the middle of the north-east side of a park; in which direction is the bandstand, located in the centre of the park?",south-west
2787,"We are unicycling north along the middle of the east side of a park; in which direction is the bandstand, located in the centre of the park?",west
2788,"We are unicycling north-east along the middle of the south-east side of a park; in which direction is the bandstand, located in the centre of the park?",north-west
2789,"We are unicycling east along the middle of the south side of a park; in which direction is the bandstand, located in the centre of the park?",north
2790,"We are unicycling south-east along the middle of the south-west side of a park; in which direction is the bandstand, located in the centre of the park?",north-east
2791,"We are unicycling south along the middle of the west side of a park; in which direction is the bandstand, located in the centre of the park?",east
2792,"We are unicycling south-west along the middle of the north-west side of a park; in which direction is the bandstand, located in the centre of the park?",south-east
2793,"We are racing west along the middle of the north side of a park; in which direction is the bandstand, located in the centre of the park?",south
2794,"We are racing north-west along the middle of the north-east side of a park; in which direction is the bandstand, located in the centre of the park?",south-west
2795,"We are racing north along the middle of the east side of a park; in which direction is the bandstand, located in the centre of the park?",west
2796,"We are racing north-east along the middle of the south-east side of a park; in which direction is the bandstand, located in the centre of the park?",north-west
2797,"We are racing east along the middle of the south side of a park; in which direction is the bandstand, located in the centre of the park?",north
2798,"We are racing south-east along the middle of the south-west side of a park; in which direction is the bandstand, located in the centre of the park?",north-east
2799,"We are racing south along the middle of the west side of a park; in which direction is the bandstand, located in the centre of the park?",east
2800,"We are racing south-west along the middle of the north-west side of a park; in which direction is the bandstand, located in the centre of the park?",south-east
2801,"They are running west along the middle of the north side of a park; in which direction is the bandstand, located in the centre of the park?",south
2802,"They are running north-west along the middle of the north-east side of a park; in which direction is the bandstand, located in the centre of the park?",south-west
2803,"They are running north along the middle of the east side of a park; in which direction is the bandstand, located in the centre of the park?",west
2804,"They are running north-east along the middle of the south-east side of a park; in which direction is the bandstand, located in the centre of the park?",north-west
2805,"They are running east along the middle of the south side of a park; in which direction is the bandstand, located in the centre of the park?",north
2806,"They are running south-east along the middle of the south-west side of a park; in which direction is the bandstand, located in the centre of the park?",north-east
2807,"They are running south along the middle of the west side of a park; in which direction is the bandstand, located in the centre of the park?",east
2808,"They are running south-west along the middle of the north-west side of a park; in which direction is the bandstand, located in the centre of the park?",south-east
2809,"They are walking west along the middle of the north side of a park; in which direction is the bandstand, located in the centre of the park?",south
2810,"They are walking north-west along the middle of the north-east side of a park; in which direction is the bandstand, located in the centre of the park?",south-west
2811,"They are walking north along the middle of the east side of a park; in which direction is the bandstand, located in the centre of the park?",west
2812,"They are walking north-east along the middle of the south-east side of a park; in which direction is the bandstand, located in the centre of the park?",north-west
2813,"They are walking east along the middle of the south side of a park; in which direction is the bandstand, located in the centre of the park?",north
2814,"They are walking south-east along the middle of the south-west side of a park; in which direction is the bandstand, located in the centre of the park?",north-east
2815,"They are walking south along the middle of the west side of a park; in which direction is the bandstand, located in the centre of the park?",east
2816,"They are walking south-west along the middle of the north-west side of a park; in which direction is the bandstand, located in the centre of the park?",south-east
2817,"They are cycling west along the middle of the north side of a park; in which direction is the bandstand, located in the centre of the park?",south
2818,"They are cycling north-west along the middle of the north-east side of a park; in which direction is the bandstand, located in the centre of the park?",south-west
2819,"They are cycling north along the middle of the east side of a park; in which direction is the bandstand, located in the centre of the park?",west
2820,"They are cycling north-east along the middle of the south-east side of a park; in which direction is the bandstand, located in the centre of the park?",north-west
2821,"They are cycling east along the middle of the south side of a park; in which direction is the bandstand, located in the centre of the park?",north
2822,"They are cycling south-east along the middle of the south-west side of a park; in which direction is the bandstand, located in the centre of the park?",north-east
2823,"They are cycling south along the middle of the west side of a park; in which direction is the bandstand, located in the centre of the park?",east
2824,"They are cycling south-west along the middle of the north-west side of a park; in which direction is the bandstand, located in the centre of the park?",south-east
2825,"They are driving west along the middle of the north side of a park; in which direction is the bandstand, located in the centre of the park?",south
2826,"They are driving north-west along the middle of the north-east side of a park; in which direction is the bandstand, located in the centre of the park?",south-west
2827,"They are driving north along the middle of the east side of a park; in which direction is the bandstand, located in the centre of the park?",west
2828,"They are driving north-east along the middle of the south-east side of a park; in which direction is the bandstand, located in the centre of the park?",north-west
2829,"They are driving east along the middle of the south side of a park; in which direction is the bandstand, located in the centre of the park?",north
2830,"They are driving south-east along the middle of the south-west side of a park; in which direction is the bandstand, located in the centre of the park?",north-east
2831,"They are driving south along the middle of the west side of a park; in which direction is the bandstand, located in the centre of the park?",east
2832,"They are driving south-west along the middle of the north-west side of a park; in which direction is the bandstand, located in the centre of the park?",south-east
2833,"They are jogging west along the middle of the north side of a park; in which direction is the bandstand, located in the centre of the park?",south
2834,"They are jogging north-west along the middle of the north-east side of a park; in which direction is the bandstand, located in the centre of the park?",south-west
2835,"They are jogging north along the middle of the east side of a park; in which direction is the bandstand, located in the centre of the park?",west
2836,"They are jogging north-east along the middle of the south-east side of a park; in which direction is the bandstand, located in the centre of the park?",north-west
2837,"They are jogging east along the middle of the south side of a park; in which direction is the bandstand, located in the centre of the park?",north
2838,"They are jogging south-east along the middle of the south-west side of a park; in which direction is the bandstand, located in the centre of the park?",north-east
2839,"They are jogging south along the middle of the west side of a park; in which direction is the bandstand, located in the centre of the park?",east
2840,"They are jogging south-west along the middle of the north-west side of a park; in which direction is the bandstand, located in the centre of the park?",south-east
2841,"They are riding west along the middle of the north side of a park; in which direction is the bandstand, located in the centre of the park?",south
2842,"They are riding north-west along the middle of the north-east side of a park; in which direction is the bandstand, located in the centre of the park?",south-west
2843,"They are riding north along the middle of the east side of a park; in which direction is the bandstand, located in the centre of the park?",west
2844,"They are riding north-east along the middle of the south-east side of a park; in which direction is the bandstand, located in the centre of the park?",north-west
2845,"They are riding east along the middle of the south side of a park; in which direction is the bandstand, located in the centre of the park?",north
2846,"They are riding south-east along the middle of the south-west side of a park; in which direction is the bandstand, located in the centre of the park?",north-east
2847,"They are riding south along the middle of the west side of a park; in which direction is the bandstand, located in the centre of the park?",east
2848,"They are riding south-west along the middle of the north-west side of a park; in which direction is the bandstand, located in the centre of the park?",south-east
2849,"They are perambulating west along the middle of the north side of a park; in which direction is the bandstand, located in the centre of the park?",south
2850,"They are perambulating north-west along the middle of the north-east side of a park; in which direction is the bandstand, located in the centre of the park?",south-west
2851,"They are perambulating north along the middle of the east side of a park; in which direction is the bandstand, located in the centre of the park?",west
2852,"They are perambulating north-east along the middle of the south-east side of a park; in which direction is the bandstand, located in the centre of the park?",north-west
2853,"They are perambulating east along the middle of the south side of a park; in which direction is the bandstand, located in the centre of the park?",north
2854,"They are perambulating south-east along the middle of the south-west side of a park; in which direction is the bandstand, located in the centre of the park?",north-east
2855,"They are perambulating south along the middle of the west side of a park; in which direction is the bandstand, located in the centre of the park?",east
2856,"They are perambulating south-west along the middle of the north-west side of a park; in which direction is the bandstand, located in the centre of the park?",south-east
2857,"They are hiking west along the middle of the north side of a park; in which direction is the bandstand, located in the centre of the park?",south
2858,"They are hiking north-west along the middle of the north-east side of a park; in which direction is the bandstand, located in the centre of the park?",south-west
2859,"They are hiking north along the middle of the east side of a park; in which direction is the bandstand, located in the centre of the park?",west
2860,"They are hiking north-east along the middle of the south-east side of a park; in which direction is the bandstand, located in the centre of the park?",north-west
2861,"They are hiking east along the middle of the south side of a park; in which direction is the bandstand, located in the centre of the park?",north
2862,"They are hiking south-east along the middle of the south-west side of a park; in which direction is the bandstand, located in the centre of the park?",north-east
2863,"They are hiking south along the middle of the west side of a park; in which direction is the bandstand, located in the centre of the park?",east
2864,"They are hiking south-west along the middle of the north-west side of a park; in which direction is the bandstand, located in the centre of the park?",south-east
2865,"They are unicycling west along the middle of the north side of a park; in which direction is the bandstand, located in the centre of the park?",south
2866,"They are unicycling north-west along the middle of the north-east side of a park; in which direction is the bandstand, located in the centre of the park?",south-west
2867,"They are unicycling north along the middle of the east side of a park; in which direction is the bandstand, located in the centre of the park?",west
2868,"They are unicycling north-east along the middle of the south-east side of a park; in which direction is the bandstand, located in the centre of the park?",north-west
2869,"They are unicycling east along the middle of the south side of a park; in which direction is the bandstand, located in the centre of the park?",north
2870,"They are unicycling south-east along the middle of the south-west side of a park; in which direction is the bandstand, located in the centre of the park?",north-east
2871,"They are unicycling south along the middle of the west side of a park; in which direction is the bandstand, located in the centre of the park?",east
2872,"They are unicycling south-west along the middle of the north-west side of a park; in which direction is the bandstand, located in the centre of the park?",south-east
2873,"They are racing west along the middle of the north side of a park; in which direction is the bandstand, located in the centre of the park?",south
2874,"They are racing north-west along the middle of the north-east side of a park; in which direction is the bandstand, located in the centre of the park?",south-west
2875,"They are racing north along the middle of the east side of a park; in which direction is the bandstand, located in the centre of the park?",west
2876,"They are racing north-east along the middle of the south-east side of a park; in which direction is the bandstand, located in the centre of the park?",north-west
2877,"They are racing east along the middle of the south side of a park; in which direction is the bandstand, located in the centre of the park?",north
2878,"They are racing south-east along the middle of the south-west side of a park; in which direction is the bandstand, located in the centre of the park?",north-east
2879,"They are racing south along the middle of the west side of a park; in which direction is the bandstand, located in the centre of the park?",east
2880,"They are racing south-west along the middle of the north-west side of a park; in which direction is the bandstand, located in the centre of the park?",south-east
2881,I am running east along the north side of a road which runs east to west. In which direction is the road?,south
2882,I am running south-east along the north-east side of a road which runs south-east to north-west. In which direction is the road?,south-west
2883,I am running south along the east side of a road which runs south to north. In which direction is the road?,west
2884,I am running south-west along the south-east side of a road which runs south-west to north-east. In which direction is the road?,north-west
2885,I am running west along the south side of a road which runs west to east. In which direction is the road?,north
2886,I am running north-west along the south-west side of a road which runs north-west to south-east. In which direction is the road?,north-east
2887,I am running north along the west side of a road which runs north to south. In which direction is the road?,east
2888,I am running north-east along the north-west side of a road which runs north-east to south-west. In which direction is the road?,south-east
2889,I am walking east along the north side of a road which runs east to west. In which direction is the road?,south
2890,I am walking south-east along the north-east side of a road which runs south-east to north-west. In which direction is the road?,south-west
2891,I am walking south along the east side of a road which runs south to north. In which direction is the road?,west
2892,I am walking south-west along the south-east side of a road which runs south-west to north-east. In which direction is the road?,north-west
2893,I am walking west along the south side of a road which runs west to east. In which direction is the road?,north
2894,I am walking north-west along the south-west side of a road which runs north-west to south-east. In which direction is the road?,north-east
2895,I am walking north along the west side of a road which runs north to south. In which direction is the road?,east
2896,I am walking north-east along the north-west side of a road which runs north-east to south-west. In which direction is the road?,south-east
2897,I am cycling east along the north side of a road which runs east to west. In which direction is the road?,south
2898,I am cycling south-east along the north-east side of a road which runs south-east to north-west. In which direction is the road?,south-west
2899,I am cycling south along the east side of a road which runs south to north. In which direction is the road?,west
2900,I am cycling south-west along the south-east side of a road which runs south-west to north-east. In which direction is the road?,north-west
2901,I am cycling west along the south side of a road which runs west to east. In which direction is the road?,north
2902,I am cycling north-west along the south-west side of a road which runs north-west to south-east. In which direction is the road?,north-east
2903,I am cycling north along the west side of a road which runs north to south. In which direction is the road?,east
2904,I am cycling north-east along the north-west side of a road which runs north-east to south-west. In which direction is the road?,south-east
2905,I am driving east along the north side of a road which runs east to west. In which direction is the road?,south
2906,I am driving south-east along the north-east side of a road which runs south-east to north-west. In which direction is the road?,south-west
2907,I am driving south along the east side of a road which runs south to north. In which direction is the road?,west
2908,I am driving south-west along the south-east side of a road which runs south-west to north-east. In which direction is the road?,north-west
2909,I am driving west along the south side of a road which runs west to east. In which direction is the road?,north
2910,I am driving north-west along the south-west side of a road which runs north-west to south-east. In which direction is the road?,north-east
2911,I am driving north along the west side of a road which runs north to south. In which direction is the road?,east
2912,I am driving north-east along the north-west side of a road which runs north-east to south-west. In which direction is the road?,south-east
2913,I am jogging east along the north side of a road which runs east to west. In which direction is the road?,south
2914,I am jogging south-east along the north-east side of a road which runs south-east to north-west. In which direction is the road?,south-west
2915,I am jogging south along the east side of a road which runs south to north. In which direction is the road?,west
2916,I am jogging south-west along the south-east side of a road which runs south-west to north-east. In which direction is the road?,north-west
2917,I am jogging west along the south side of a road which runs west to east. In which direction is the road?,north
2918,I am jogging north-west along the south-west side of a road which runs north-west to south-east. In which direction is the road?,north-east
2919,I am jogging north along the west side of a road which runs north to south. In which direction is the road?,east
2920,I am jogging north-east along the north-west side of a road which runs north-east to south-west. In which direction is the road?,south-east
2921,I am riding east along the north side of a road which runs east to west. In which direction is the road?,south
2922,I am riding south-east along the north-east side of a road which runs south-east to north-west. In which direction is the road?,south-west
2923,I am riding south along the east side of a road which runs south to north. In which direction is the road?,west
2924,I am riding south-west along the south-east side of a road which runs south-west to north-east. In which direction is the road?,north-west
2925,I am riding west along the south side of a road which runs west to east. In which direction is the road?,north
2926,I am riding north-west along the south-west side of a road which runs north-west to south-east. In which direction is the road?,north-east
2927,I am riding north along the west side of a road which runs north to south. In which direction is the road?,east
2928,I am riding north-east along the north-west side of a road which runs north-east to south-west. In which direction is the road?,south-east
2929,I am perambulating east along the north side of a road which runs east to west. In which direction is the road?,south
2930,I am perambulating south-east along the north-east side of a road which runs south-east to north-west. In which direction is the road?,south-west
2931,I am perambulating south along the east side of a road which runs south to north. In which direction is the road?,west
2932,I am perambulating south-west along the south-east side of a road which runs south-west to north-east. In which direction is the road?,north-west
2933,I am perambulating west along the south side of a road which runs west to east. In which direction is the road?,north
2934,I am perambulating north-west along the south-west side of a road which runs north-west to south-east. In which direction is the road?,north-east
2935,I am perambulating north along the west side of a road which runs north to south. In which direction is the road?,east
2936,I am perambulating north-east along the north-west side of a road which runs north-east to south-west. In which direction is the road?,south-east
2937,I am hiking east along the north side of a road which runs east to west. In which direction is the road?,south
2938,I am hiking south-east along the north-east side of a road which runs south-east to north-west. In which direction is the road?,south-west
2939,I am hiking south along the east side of a road which runs south to north. In which direction is the road?,west
2940,I am hiking south-west along the south-east side of a road which runs south-west to north-east. In which direction is the road?,north-west
2941,I am hiking west along the south side of a road which runs west to east. In which direction is the road?,north
2942,I am hiking north-west along the south-west side of a road which runs north-west to south-east. In which direction is the road?,north-east
2943,I am hiking north along the west side of a road which runs north to south. In which direction is the road?,east
2944,I am hiking north-east along the north-west side of a road which runs north-east to south-west. In which direction is the road?,south-east
2945,I am unicycling east along the north side of a road which runs east to west. In which direction is the road?,south
2946,I am unicycling south-east along the north-east side of a road which runs south-east to north-west. In which direction is the road?,south-west
2947,I am unicycling south along the east side of a road which runs south to north. In which direction is the road?,west
2948,I am unicycling south-west along the south-east side of a road which runs south-west to north-east. In which direction is the road?,north-west
2949,I am unicycling west along the south side of a road which runs west to east. In which direction is the road?,north
2950,I am unicycling north-west along the south-west side of a road which runs north-west to south-east. In which direction is the road?,north-east
2951,I am unicycling north along the west side of a road which runs north to south. In which direction is the road?,east
2952,I am unicycling north-east along the north-west side of a road which runs north-east to south-west. In which direction is the road?,south-east
2953,I am racing east along the north side of a road which runs east to west. In which direction is the road?,south
2954,I am racing south-east along the north-east side of a road which runs south-east to north-west. In which direction is the road?,south-west
2955,I am racing south along the east side of a road which runs south to north. In which direction is the road?,west
2956,I am racing south-west along the south-east side of a road which runs south-west to north-east. In which direction is the road?,north-west
2957,I am racing west along the south side of a road which runs west to east. In which direction is the road?,north
2958,I am racing north-west along the south-west side of a road which runs north-west to south-east. In which direction is the road?,north-east
2959,I am racing north along the west side of a road which runs north to south. In which direction is the road?,east
2960,I am racing north-east along the north-west side of a road which runs north-east to south-west. In which direction is the road?,south-east
2961,You are running east along the north side of a road which runs east to west. In which direction is the road?,south
2962,You are running south-east along the north-east side of a road which runs south-east to north-west. In which direction is the road?,south-west
2963,You are running south along the east side of a road which runs south to north. In which direction is the road?,west
2964,You are running south-west along the south-east side of a road which runs south-west to north-east. In which direction is the road?,north-west
2965,You are running west along the south side of a road which runs west to east. In which direction is the road?,north
2966,You are running north-west along the south-west side of a road which runs north-west to south-east. In which direction is the road?,north-east
2967,You are running north along the west side of a road which runs north to south. In which direction is the road?,east
2968,You are running north-east along the north-west side of a road which runs north-east to south-west. In which direction is the road?,south-east
2969,You are walking east along the north side of a road which runs east to west. In which direction is the road?,south
2970,You are walking south-east along the north-east side of a road which runs south-east to north-west. In which direction is the road?,south-west
2971,You are walking south along the east side of a road which runs south to north. In which direction is the road?,west
2972,You are walking south-west along the south-east side of a road which runs south-west to north-east. In which direction is the road?,north-west
2973,You are walking west along the south side of a road which runs west to east. In which direction is the road?,north
2974,You are walking north-west along the south-west side of a road which runs north-west to south-east. In which direction is the road?,north-east
2975,You are walking north along the west side of a road which runs north to south. In which direction is the road?,east
2976,You are walking north-east along the north-west side of a road which runs north-east to south-west. In which direction is the road?,south-east
2977,You are cycling east along the north side of a road which runs east to west. In which direction is the road?,south
2978,You are cycling south-east along the north-east side of a road which runs south-east to north-west. In which direction is the road?,south-west
2979,You are cycling south along the east side of a road which runs south to north. In which direction is the road?,west
2980,You are cycling south-west along the south-east side of a road which runs south-west to north-east. In which direction is the road?,north-west
2981,You are cycling west along the south side of a road which runs west to east. In which direction is the road?,north
2982,You are cycling north-west along the south-west side of a road which runs north-west to south-east. In which direction is the road?,north-east
2983,You are cycling north along the west side of a road which runs north to south. In which direction is the road?,east
2984,You are cycling north-east along the north-west side of a road which runs north-east to south-west. In which direction is the road?,south-east
2985,You are driving east along the north side of a road which runs east to west. In which direction is the road?,south
2986,You are driving south-east along the north-east side of a road which runs south-east to north-west. In which direction is the road?,south-west
2987,You are driving south along the east side of a road which runs south to north. In which direction is the road?,west
2988,You are driving south-west along the south-east side of a road which runs south-west to north-east. In which direction is the road?,north-west
2989,You are driving west along the south side of a road which runs west to east. In which direction is the road?,north
2990,You are driving north-west along the south-west side of a road which runs north-west to south-east. In which direction is the road?,north-east
2991,You are driving north along the west side of a road which runs north to south. In which direction is the road?,east
2992,You are driving north-east along the north-west side of a road which runs north-east to south-west. In which direction is the road?,south-east
2993,You are jogging east along the north side of a road which runs east to west. In which direction is the road?,south
2994,You are jogging south-east along the north-east side of a road which runs south-east to north-west. In which direction is the road?,south-west
2995,You are jogging south along the east side of a road which runs south to north. In which direction is the road?,west
2996,You are jogging south-west along the south-east side of a road which runs south-west to north-east. In which direction is the road?,north-west
2997,You are jogging west along the south side of a road which runs west to east. In which direction is the road?,north
2998,You are jogging north-west along the south-west side of a road which runs north-west to south-east. In which direction is the road?,north-east
2999,You are jogging north along the west side of a road which runs north to south. In which direction is the road?,east
3000,You are jogging north-east along the north-west side of a road which runs north-east to south-west. In which direction is the road?,south-east
3001,You are riding east along the north side of a road which runs east to west. In which direction is the road?,south
3002,You are riding south-east along the north-east side of a road which runs south-east to north-west. In which direction is the road?,south-west
3003,You are riding south along the east side of a road which runs south to north. In which direction is the road?,west
3004,You are riding south-west along the south-east side of a road which runs south-west to north-east. In which direction is the road?,north-west
3005,You are riding west along the south side of a road which runs west to east. In which direction is the road?,north
3006,You are riding north-west along the south-west side of a road which runs north-west to south-east. In which direction is the road?,north-east
3007,You are riding north along the west side of a road which runs north to south. In which direction is the road?,east
3008,You are riding north-east along the north-west side of a road which runs north-east to south-west. In which direction is the road?,south-east
3009,You are perambulating east along the north side of a road which runs east to west. In which direction is the road?,south
3010,You are perambulating south-east along the north-east side of a road which runs south-east to north-west. In which direction is the road?,south-west
3011,You are perambulating south along the east side of a road which runs south to north. In which direction is the road?,west
3012,You are perambulating south-west along the south-east side of a road which runs south-west to north-east. In which direction is the road?,north-west
3013,You are perambulating west along the south side of a road which runs west to east. In which direction is the road?,north
3014,You are perambulating north-west along the south-west side of a road which runs north-west to south-east. In which direction is the road?,north-east
3015,You are perambulating north along the west side of a road which runs north to south. In which direction is the road?,east
3016,You are perambulating north-east along the north-west side of a road which runs north-east to south-west. In which direction is the road?,south-east
3017,You are hiking east along the north side of a road which runs east to west. In which direction is the road?,south
3018,You are hiking south-east along the north-east side of a road which runs south-east to north-west. In which direction is the road?,south-west
3019,You are hiking south along the east side of a road which runs south to north. In which direction is the road?,west
3020,You are hiking south-west along the south-east side of a road which runs south-west to north-east. In which direction is the road?,north-west
3021,You are hiking west along the south side of a road which runs west to east. In which direction is the road?,north
3022,You are hiking north-west along the south-west side of a road which runs north-west to south-east. In which direction is the road?,north-east
3023,You are hiking north along the west side of a road which runs north to south. In which direction is the road?,east
3024,You are hiking north-east along the north-west side of a road which runs north-east to south-west. In which direction is the road?,south-east
3025,You are unicycling east along the north side of a road which runs east to west. In which direction is the road?,south
3026,You are unicycling south-east along the north-east side of a road which runs south-east to north-west. In which direction is the road?,south-west
3027,You are unicycling south along the east side of a road which runs south to north. In which direction is the road?,west
3028,You are unicycling south-west along the south-east side of a road which runs south-west to north-east. In which direction is the road?,north-west
3029,You are unicycling west along the south side of a road which runs west to east. In which direction is the road?,north
3030,You are unicycling north-west along the south-west side of a road which runs north-west to south-east. In which direction is the road?,north-east
3031,You are unicycling north along the west side of a road which runs north to south. In which direction is the road?,east
3032,You are unicycling north-east along the north-west side of a road which runs north-east to south-west. In which direction is the road?,south-east
3033,You are racing east along the north side of a road which runs east to west. In which direction is the road?,south
3034,You are racing south-east along the north-east side of a road which runs south-east to north-west. In which direction is the road?,south-west
3035,You are racing south along the east side of a road which runs south to north. In which direction is the road?,west
3036,You are racing south-west along the south-east side of a road which runs south-west to north-east. In which direction is the road?,north-west
3037,You are racing west along the south side of a road which runs west to east. In which direction is the road?,north
3038,You are racing north-west along the south-west side of a road which runs north-west to south-east. In which direction is the road?,north-east
3039,You are racing north along the west side of a road which runs north to south. In which direction is the road?,east
3040,You are racing north-east along the north-west side of a road which runs north-east to south-west. In which direction is the road?,south-east
3041,He is running east along the north side of a road which runs east to west. In which direction is the road?,south
3042,He is running south-east along the north-east side of a road which runs south-east to north-west. In which direction is the road?,south-west
3043,He is running south along the east side of a road which runs south to north. In which direction is the road?,west
3044,He is running south-west along the south-east side of a road which runs south-west to north-east. In which direction is the road?,north-west
3045,He is running west along the south side of a road which runs west to east. In which direction is the road?,north
3046,He is running north-west along the south-west side of a road which runs north-west to south-east. In which direction is the road?,north-east
3047,He is running north along the west side of a road which runs north to south. In which direction is the road?,east
3048,He is running north-east along the north-west side of a road which runs north-east to south-west. In which direction is the road?,south-east
3049,He is walking east along the north side of a road which runs east to west. In which direction is the road?,south
3050,He is walking south-east along the north-east side of a road which runs south-east to north-west. In which direction is the road?,south-west
3051,He is walking south along the east side of a road which runs south to north. In which direction is the road?,west
3052,He is walking south-west along the south-east side of a road which runs south-west to north-east. In which direction is the road?,north-west
3053,He is walking west along the south side of a road which runs west to east. In which direction is the road?,north
3054,He is walking north-west along the south-west side of a road which runs north-west to south-east. In which direction is the road?,north-east
3055,He is walking north along the west side of a road which runs north to south. In which direction is the road?,east
3056,He is walking north-east along the north-west side of a road which runs north-east to south-west. In which direction is the road?,south-east
3057,He is cycling east along the north side of a road which runs east to west. In which direction is the road?,south
3058,He is cycling south-east along the north-east side of a road which runs south-east to north-west. In which direction is the road?,south-west
3059,He is cycling south along the east side of a road which runs south to north. In which direction is the road?,west
3060,He is cycling south-west along the south-east side of a road which runs south-west to north-east. In which direction is the road?,north-west
3061,He is cycling west along the south side of a road which runs west to east. In which direction is the road?,north
3062,He is cycling north-west along the south-west side of a road which runs north-west to south-east. In which direction is the road?,north-east
3063,He is cycling north along the west side of a road which runs north to south. In which direction is the road?,east
3064,He is cycling north-east along the north-west side of a road which runs north-east to south-west. In which direction is the road?,south-east
3065,He is driving east along the north side of a road which runs east to west. In which direction is the road?,south
3066,He is driving south-east along the north-east side of a road which runs south-east to north-west. In which direction is the road?,south-west
3067,He is driving south along the east side of a road which runs south to north. In which direction is the road?,west
3068,He is driving south-west along the south-east side of a road which runs south-west to north-east. In which direction is the road?,north-west
3069,He is driving west along the south side of a road which runs west to east. In which direction is the road?,north
3070,He is driving north-west along the south-west side of a road which runs north-west to south-east. In which direction is the road?,north-east
3071,He is driving north along the west side of a road which runs north to south. In which direction is the road?,east
3072,He is driving north-east along the north-west side of a road which runs north-east to south-west. In which direction is the road?,south-east
3073,He is jogging east along the north side of a road which runs east to west. In which direction is the road?,south
3074,He is jogging south-east along the north-east side of a road which runs south-east to north-west. In which direction is the road?,south-west
3075,He is jogging south along the east side of a road which runs south to north. In which direction is the road?,west
3076,He is jogging south-west along the south-east side of a road which runs south-west to north-east. In which direction is the road?,north-west
3077,He is jogging west along the south side of a road which runs west to east. In which direction is the road?,north
3078,He is jogging north-west along the south-west side of a road which runs north-west to south-east. In which direction is the road?,north-east
3079,He is jogging north along the west side of a road which runs north to south. In which direction is the road?,east
3080,He is jogging north-east along the north-west side of a road which runs north-east to south-west. In which direction is the road?,south-east
3081,He is riding east along the north side of a road which runs east to west. In which direction is the road?,south
3082,He is riding south-east along the north-east side of a road which runs south-east to north-west. In which direction is the road?,south-west
3083,He is riding south along the east side of a road which runs south to north. In which direction is the road?,west
3084,He is riding south-west along the south-east side of a road which runs south-west to north-east. In which direction is the road?,north-west
3085,He is riding west along the south side of a road which runs west to east. In which direction is the road?,north
3086,He is riding north-west along the south-west side of a road which runs north-west to south-east. In which direction is the road?,north-east
3087,He is riding north along the west side of a road which runs north to south. In which direction is the road?,east
3088,He is riding north-east along the north-west side of a road which runs north-east to south-west. In which direction is the road?,south-east
3089,He is perambulating east along the north side of a road which runs east to west. In which direction is the road?,south
3090,He is perambulating south-east along the north-east side of a road which runs south-east to north-west. In which direction is the road?,south-west
3091,He is perambulating south along the east side of a road which runs south to north. In which direction is the road?,west
3092,He is perambulating south-west along the south-east side of a road which runs south-west to north-east. In which direction is the road?,north-west
3093,He is perambulating west along the south side of a road which runs west to east. In which direction is the road?,north
3094,He is perambulating north-west along the south-west side of a road which runs north-west to south-east. In which direction is the road?,north-east
3095,He is perambulating north along the west side of a road which runs north to south. In which direction is the road?,east
3096,He is perambulating north-east along the north-west side of a road which runs north-east to south-west. In which direction is the road?,south-east
3097,He is hiking east along the north side of a road which runs east to west. In which direction is the road?,south
3098,He is hiking south-east along the north-east side of a road which runs south-east to north-west. In which direction is the road?,south-west
3099,He is hiking south along the east side of a road which runs south to north. In which direction is the road?,west
3100,He is hiking south-west along the south-east side of a road which runs south-west to north-east. In which direction is the road?,north-west
3101,He is hiking west along the south side of a road which runs west to east. In which direction is the road?,north
3102,He is hiking north-west along the south-west side of a road which runs north-west to south-east. In which direction is the road?,north-east
3103,He is hiking north along the west side of a road which runs north to south. In which direction is the road?,east
3104,He is hiking north-east along the north-west side of a road which runs north-east to south-west. In which direction is the road?,south-east
3105,He is unicycling east along the north side of a road which runs east to west. In which direction is the road?,south
3106,He is unicycling south-east along the north-east side of a road which runs south-east to north-west. In which direction is the road?,south-west
3107,He is unicycling south along the east side of a road which runs south to north. In which direction is the road?,west
3108,He is unicycling south-west along the south-east side of a road which runs south-west to north-east. In which direction is the road?,north-west
3109,He is unicycling west along the south side of a road which runs west to east. In which direction is the road?,north
3110,He is unicycling north-west along the south-west side of a road which runs north-west to south-east. In which direction is the road?,north-east
3111,He is unicycling north along the west side of a road which runs north to south. In which direction is the road?,east
3112,He is unicycling north-east along the north-west side of a road which runs north-east to south-west. In which direction is the road?,south-east
3113,He is racing east along the north side of a road which runs east to west. In which direction is the road?,south
3114,He is racing south-east along the north-east side of a road which runs south-east to north-west. In which direction is the road?,south-west
3115,He is racing south along the east side of a road which runs south to north. In which direction is the road?,west
3116,He is racing south-west along the south-east side of a road which runs south-west to north-east. In which direction is the road?,north-west
3117,He is racing west along the south side of a road which runs west to east. In which direction is the road?,north
3118,He is racing north-west along the south-west side of a road which runs north-west to south-east. In which direction is the road?,north-east
3119,He is racing north along the west side of a road which runs north to south. In which direction is the road?,east
3120,He is racing north-east along the north-west side of a road which runs north-east to south-west. In which direction is the road?,south-east
3121,She is running east along the north side of a road which runs east to west. In which direction is the road?,south
3122,She is running south-east along the north-east side of a road which runs south-east to north-west. In which direction is the road?,south-west
3123,She is running south along the east side of a road which runs south to north. In which direction is the road?,west
3124,She is running south-west along the south-east side of a road which runs south-west to north-east. In which direction is the road?,north-west
3125,She is running west along the south side of a road which runs west to east. In which direction is the road?,north
3126,She is running north-west along the south-west side of a road which runs north-west to south-east. In which direction is the road?,north-east
3127,She is running north along the west side of a road which runs north to south. In which direction is the road?,east
3128,She is running north-east along the north-west side of a road which runs north-east to south-west. In which direction is the road?,south-east
3129,She is walking east along the north side of a road which runs east to west. In which direction is the road?,south
3130,She is walking south-east along the north-east side of a road which runs south-east to north-west. In which direction is the road?,south-west
3131,She is walking south along the east side of a road which runs south to north. In which direction is the road?,west
3132,She is walking south-west along the south-east side of a road which runs south-west to north-east. In which direction is the road?,north-west
3133,She is walking west along the south side of a road which runs west to east. In which direction is the road?,north
3134,She is walking north-west along the south-west side of a road which runs north-west to south-east. In which direction is the road?,north-east
3135,She is walking north along the west side of a road which runs north to south. In which direction is the road?,east
3136,She is walking north-east along the north-west side of a road which runs north-east to south-west. In which direction is the road?,south-east
3137,She is cycling east along the north side of a road which runs east to west. In which direction is the road?,south
3138,She is cycling south-east along the north-east side of a road which runs south-east to north-west. In which direction is the road?,south-west
3139,She is cycling south along the east side of a road which runs south to north. In which direction is the road?,west
3140,She is cycling south-west along the south-east side of a road which runs south-west to north-east. In which direction is the road?,north-west
3141,She is cycling west along the south side of a road which runs west to east. In which direction is the road?,north
3142,She is cycling north-west along the south-west side of a road which runs north-west to south-east. In which direction is the road?,north-east
3143,She is cycling north along the west side of a road which runs north to south. In which direction is the road?,east
3144,She is cycling north-east along the north-west side of a road which runs north-east to south-west. In which direction is the road?,south-east
3145,She is driving east along the north side of a road which runs east to west. In which direction is the road?,south
3146,She is driving south-east along the north-east side of a road which runs south-east to north-west. In which direction is the road?,south-west
3147,She is driving south along the east side of a road which runs south to north. In which direction is the road?,west
3148,She is driving south-west along the south-east side of a road which runs south-west to north-east. In which direction is the road?,north-west
3149,She is driving west along the south side of a road which runs west to east. In which direction is the road?,north
3150,She is driving north-west along the south-west side of a road which runs north-west to south-east. In which direction is the road?,north-east
3151,She is driving north along the west side of a road which runs north to south. In which direction is the road?,east
3152,She is driving north-east along the north-west side of a road which runs north-east to south-west. In which direction is the road?,south-east
3153,She is jogging east along the north side of a road which runs east to west. In which direction is the road?,south
3154,She is jogging south-east along the north-east side of a road which runs south-east to north-west. In which direction is the road?,south-west
3155,She is jogging south along the east side of a road which runs south to north. In which direction is the road?,west
3156,She is jogging south-west along the south-east side of a road which runs south-west to north-east. In which direction is the road?,north-west
3157,She is jogging west along the south side of a road which runs west to east. In which direction is the road?,north
3158,She is jogging north-west along the south-west side of a road which runs north-west to south-east. In which direction is the road?,north-east
3159,She is jogging north along the west side of a road which runs north to south. In which direction is the road?,east
3160,She is jogging north-east along the north-west side of a road which runs north-east to south-west. In which direction is the road?,south-east
3161,She is riding east along the north side of a road which runs east to west. In which direction is the road?,south
3162,She is riding south-east along the north-east side of a road which runs south-east to north-west. In which direction is the road?,south-west
3163,She is riding south along the east side of a road which runs south to north. In which direction is the road?,west
3164,She is riding south-west along the south-east side of a road which runs south-west to north-east. In which direction is the road?,north-west
3165,She is riding west along the south side of a road which runs west to east. In which direction is the road?,north
3166,She is riding north-west along the south-west side of a road which runs north-west to south-east. In which direction is the road?,north-east
3167,She is riding north along the west side of a road which runs north to south. In which direction is the road?,east
3168,She is riding north-east along the north-west side of a road which runs north-east to south-west. In which direction is the road?,south-east
3169,She is perambulating east along the north side of a road which runs east to west. In which direction is the road?,south
3170,She is perambulating south-east along the north-east side of a road which runs south-east to north-west. In which direction is the road?,south-west
3171,She is perambulating south along the east side of a road which runs south to north. In which direction is the road?,west
3172,She is perambulating south-west along the south-east side of a road which runs south-west to north-east. In which direction is the road?,north-west
3173,She is perambulating west along the south side of a road which runs west to east. In which direction is the road?,north
3174,She is perambulating north-west along the south-west side of a road which runs north-west to south-east. In which direction is the road?,north-east
3175,She is perambulating north along the west side of a road which runs north to south. In which direction is the road?,east
3176,She is perambulating north-east along the north-west side of a road which runs north-east to south-west. In which direction is the road?,south-east
3177,She is hiking east along the north side of a road which runs east to west. In which direction is the road?,south
3178,She is hiking south-east along the north-east side of a road which runs south-east to north-west. In which direction is the road?,south-west
3179,She is hiking south along the east side of a road which runs south to north. In which direction is the road?,west
3180,She is hiking south-west along the south-east side of a road which runs south-west to north-east. In which direction is the road?,north-west
3181,She is hiking west along the south side of a road which runs west to east. In which direction is the road?,north
3182,She is hiking north-west along the south-west side of a road which runs north-west to south-east. In which direction is the road?,north-east
3183,She is hiking north along the west side of a road which runs north to south. In which direction is the road?,east
3184,She is hiking north-east along the north-west side of a road which runs north-east to south-west. In which direction is the road?,south-east
3185,She is unicycling east along the north side of a road which runs east to west. In which direction is the road?,south
3186,She is unicycling south-east along the north-east side of a road which runs south-east to north-west. In which direction is the road?,south-west
3187,She is unicycling south along the east side of a road which runs south to north. In which direction is the road?,west
3188,She is unicycling south-west along the south-east side of a road which runs south-west to north-east. In which direction is the road?,north-west
3189,She is unicycling west along the south side of a road which runs west to east. In which direction is the road?,north
3190,She is unicycling north-west along the south-west side of a road which runs north-west to south-east. In which direction is the road?,north-east
3191,She is unicycling north along the west side of a road which runs north to south. In which direction is the road?,east
3192,She is unicycling north-east along the north-west side of a road which runs north-east to south-west. In which direction is the road?,south-east
3193,She is racing east along the north side of a road which runs east to west. In which direction is the road?,south
3194,She is racing south-east along the north-east side of a road which runs south-east to north-west. In which direction is the road?,south-west
3195,She is racing south along the east side of a road which runs south to north. In which direction is the road?,west
3196,She is racing south-west along the south-east side of a road which runs south-west to north-east. In which direction is the road?,north-west
3197,She is racing west along the south side of a road which runs west to east. In which direction is the road?,north
3198,She is racing north-west along the south-west side of a road which runs north-west to south-east. In which direction is the road?,north-east
3199,She is racing north along the west side of a road which runs north to south. In which direction is the road?,east
3200,She is racing north-east along the north-west side of a road which runs north-east to south-west. In which direction is the road?,south-east
3201,We are running east along the north side of a road which runs east to west. In which direction is the road?,south
3202,We are running south-east along the north-east side of a road which runs south-east to north-west. In which direction is the road?,south-west
3203,We are running south along the east side of a road which runs south to north. In which direction is the road?,west
3204,We are running south-west along the south-east side of a road which runs south-west to north-east. In which direction is the road?,north-west
3205,We are running west along the south side of a road which runs west to east. In which direction is the road?,north
3206,We are running north-west along the south-west side of a road which runs north-west to south-east. In which direction is the road?,north-east
3207,We are running north along the west side of a road which runs north to south. In which direction is the road?,east
3208,We are running north-east along the north-west side of a road which runs north-east to south-west. In which direction is the road?,south-east
3209,We are walking east along the north side of a road which runs east to west. In which direction is the road?,south
3210,We are walking south-east along the north-east side of a road which runs south-east to north-west. In which direction is the road?,south-west
3211,We are walking south along the east side of a road which runs south to north. In which direction is the road?,west
3212,We are walking south-west along the south-east side of a road which runs south-west to north-east. In which direction is the road?,north-west
3213,We are walking west along the south side of a road which runs west to east. In which direction is the road?,north
3214,We are walking north-west along the south-west side of a road which runs north-west to south-east. In which direction is the road?,north-east
3215,We are walking north along the west side of a road which runs north to south. In which direction is the road?,east
3216,We are walking north-east along the north-west side of a road which runs north-east to south-west. In which direction is the road?,south-east
3217,We are cycling east along the north side of a road which runs east to west. In which direction is the road?,south
3218,We are cycling south-east along the north-east side of a road which runs south-east to north-west. In which direction is the road?,south-west
3219,We are cycling south along the east side of a road which runs south to north. In which direction is the road?,west
3220,We are cycling south-west along the south-east side of a road which runs south-west to north-east. In which direction is the road?,north-west
3221,We are cycling west along the south side of a road which runs west to east. In which direction is the road?,north
3222,We are cycling north-west along the south-west side of a road which runs north-west to south-east. In which direction is the road?,north-east
3223,We are cycling north along the west side of a road which runs north to south. In which direction is the road?,east
3224,We are cycling north-east along the north-west side of a road which runs north-east to south-west. In which direction is the road?,south-east
3225,We are driving east along the north side of a road which runs east to west. In which direction is the road?,south
3226,We are driving south-east along the north-east side of a road which runs south-east to north-west. In which direction is the road?,south-west
3227,We are driving south along the east side of a road which runs south to north. In which direction is the road?,west
3228,We are driving south-west along the south-east side of a road which runs south-west to north-east. In which direction is the road?,north-west
3229,We are driving west along the south side of a road which runs west to east. In which direction is the road?,north
3230,We are driving north-west along the south-west side of a road which runs north-west to south-east. In which direction is the road?,north-east
3231,We are driving north along the west side of a road which runs north to south. In which direction is the road?,east
3232,We are driving north-east along the north-west side of a road which runs north-east to south-west. In which direction is the road?,south-east
3233,We are jogging east along the north side of a road which runs east to west. In which direction is the road?,south
3234,We are jogging south-east along the north-east side of a road which runs south-east to north-west. In which direction is the road?,south-west
3235,We are jogging south along the east side of a road which runs south to north. In which direction is the road?,west
3236,We are jogging south-west along the south-east side of a road which runs south-west to north-east. In which direction is the road?,north-west
3237,We are jogging west along the south side of a road which runs west to east. In which direction is the road?,north
3238,We are jogging north-west along the south-west side of a road which runs north-west to south-east. In which direction is the road?,north-east
3239,We are jogging north along the west side of a road which runs north to south. In which direction is the road?,east
3240,We are jogging north-east along the north-west side of a road which runs north-east to south-west. In which direction is the road?,south-east
3241,We are riding east along the north side of a road which runs east to west. In which direction is the road?,south
3242,We are riding south-east along the north-east side of a road which runs south-east to north-west. In which direction is the road?,south-west
3243,We are riding south along the east side of a road which runs south to north. In which direction is the road?,west
3244,We are riding south-west along the south-east side of a road which runs south-west to north-east. In which direction is the road?,north-west
3245,We are riding west along the south side of a road which runs west to east. In which direction is the road?,north
3246,We are riding north-west along the south-west side of a road which runs north-west to south-east. In which direction is the road?,north-east
3247,We are riding north along the west side of a road which runs north to south. In which direction is the road?,east
3248,We are riding north-east along the north-west side of a road which runs north-east to south-west. In which direction is the road?,south-east
3249,We are perambulating east along the north side of a road which runs east to west. In which direction is the road?,south
3250,We are perambulating south-east along the north-east side of a road which runs south-east to north-west. In which direction is the road?,south-west
3251,We are perambulating south along the east side of a road which runs south to north. In which direction is the road?,west
3252,We are perambulating south-west along the south-east side of a road which runs south-west to north-east. In which direction is the road?,north-west
3253,We are perambulating west along the south side of a road which runs west to east. In which direction is the road?,north
3254,We are perambulating north-west along the south-west side of a road which runs north-west to south-east. In which direction is the road?,north-east
3255,We are perambulating north along the west side of a road which runs north to south. In which direction is the road?,east
3256,We are perambulating north-east along the north-west side of a road which runs north-east to south-west. In which direction is the road?,south-east
3257,We are hiking east along the north side of a road which runs east to west. In which direction is the road?,south
3258,We are hiking south-east along the north-east side of a road which runs south-east to north-west. In which direction is the road?,south-west
3259,We are hiking south along the east side of a road which runs south to north. In which direction is the road?,west
3260,We are hiking south-west along the south-east side of a road which runs south-west to north-east. In which direction is the road?,north-west
3261,We are hiking west along the south side of a road which runs west to east. In which direction is the road?,north
3262,We are hiking north-west along the south-west side of a road which runs north-west to south-east. In which direction is the road?,north-east
3263,We are hiking north along the west side of a road which runs north to south. In which direction is the road?,east
3264,We are hiking north-east along the north-west side of a road which runs north-east to south-west. In which direction is the road?,south-east
3265,We are unicycling east along the north side of a road which runs east to west. In which direction is the road?,south
3266,We are unicycling south-east along the north-east side of a road which runs south-east to north-west. In which direction is the road?,south-west
3267,We are unicycling south along the east side of a road which runs south to north. In which direction is the road?,west
3268,We are unicycling south-west along the south-east side of a road which runs south-west to north-east. In which direction is the road?,north-west
3269,We are unicycling west along the south side of a road which runs west to east. In which direction is the road?,north
3270,We are unicycling north-west along the south-west side of a road which runs north-west to south-east. In which direction is the road?,north-east
3271,We are unicycling north along the west side of a road which runs north to south. In which direction is the road?,east
3272,We are unicycling north-east along the north-west side of a road which runs north-east to south-west. In which direction is the road?,south-east
3273,We are racing east along the north side of a road which runs east to west. In which direction is the road?,south
3274,We are racing south-east along the north-east side of a road which runs south-east to north-west. In which direction is the road?,south-west
3275,We are racing south along the east side of a road which runs south to north. In which direction is the road?,west
3276,We are racing south-west along the south-east side of a road which runs south-west to north-east. In which direction is the road?,north-west
3277,We are racing west along the south side of a road which runs west to east. In which direction is the road?,north
3278,We are racing north-west along the south-west side of a road which runs north-west to south-east. In which direction is the road?,north-east
3279,We are racing north along the west side of a road which runs north to south. In which direction is the road?,east
3280,We are racing north-east along the north-west side of a road which runs north-east to south-west. In which direction is the road?,south-east
3281,They are running east along the north side of a road which runs east to west. In which direction is the road?,south
3282,They are running south-east along the north-east side of a road which runs south-east to north-west. In which direction is the road?,south-west
3283,They are running south along the east side of a road which runs south to north. In which direction is the road?,west
3284,They are running south-west along the south-east side of a road which runs south-west to north-east. In which direction is the road?,north-west
3285,They are running west along the south side of a road which runs west to east. In which direction is the road?,north
3286,They are running north-west along the south-west side of a road which runs north-west to south-east. In which direction is the road?,north-east
3287,They are running north along the west side of a road which runs north to south. In which direction is the road?,east
3288,They are running north-east along the north-west side of a road which runs north-east to south-west. In which direction is the road?,south-east
3289,They are walking east along the north side of a road which runs east to west. In which direction is the road?,south
3290,They are walking south-east along the north-east side of a road which runs south-east to north-west. In which direction is the road?,south-west
3291,They are walking south along the east side of a road which runs south to north. In which direction is the road?,west
3292,They are walking south-west along the south-east side of a road which runs south-west to north-east. In which direction is the road?,north-west
3293,They are walking west along the south side of a road which runs west to east. In which direction is the road?,north
3294,They are walking north-west along the south-west side of a road which runs north-west to south-east. In which direction is the road?,north-east
3295,They are walking north along the west side of a road which runs north to south. In which direction is the road?,east
3296,They are walking north-east along the north-west side of a road which runs north-east to south-west. In which direction is the road?,south-east
3297,They are cycling east along the north side of a road which runs east to west. In which direction is the road?,south
3298,They are cycling south-east along the north-east side of a road which runs south-east to north-west. In which direction is the road?,south-west
3299,They are cycling south along the east side of a road which runs south to north. In which direction is the road?,west
3300,They are cycling south-west along the south-east side of a road which runs south-west to north-east. In which direction is the road?,north-west
3301,They are cycling west along the south side of a road which runs west to east. In which direction is the road?,north
3302,They are cycling north-west along the south-west side of a road which runs north-west to south-east. In which direction is the road?,north-east
3303,They are cycling north along the west side of a road which runs north to south. In which direction is the road?,east
3304,They are cycling north-east along the north-west side of a road which runs north-east to south-west. In which direction is the road?,south-east
3305,They are driving east along the north side of a road which runs east to west. In which direction is the road?,south
3306,They are driving south-east along the north-east side of a road which runs south-east to north-west. In which direction is the road?,south-west
3307,They are driving south along the east side of a road which runs south to north. In which direction is the road?,west
3308,They are driving south-west along the south-east side of a road which runs south-west to north-east. In which direction is the road?,north-west
3309,They are driving west along the south side of a road which runs west to east. In which direction is the road?,north
3310,They are driving north-west along the south-west side of a road which runs north-west to south-east. In which direction is the road?,north-east
3311,They are driving north along the west side of a road which runs north to south. In which direction is the road?,east
3312,They are driving north-east along the north-west side of a road which runs north-east to south-west. In which direction is the road?,south-east
3313,They are jogging east along the north side of a road which runs east to west. In which direction is the road?,south
3314,They are jogging south-east along the north-east side of a road which runs south-east to north-west. In which direction is the road?,south-west
3315,They are jogging south along the east side of a road which runs south to north. In which direction is the road?,west
3316,They are jogging south-west along the south-east side of a road which runs south-west to north-east. In which direction is the road?,north-west
3317,They are jogging west along the south side of a road which runs west to east. In which direction is the road?,north
3318,They are jogging north-west along the south-west side of a road which runs north-west to south-east. In which direction is the road?,north-east
3319,They are jogging north along the west side of a road which runs north to south. In which direction is the road?,east
3320,They are jogging north-east along the north-west side of a road which runs north-east to south-west. In which direction is the road?,south-east
3321,They are riding east along the north side of a road which runs east to west. In which direction is the road?,south
3322,They are riding south-east along the north-east side of a road which runs south-east to north-west. In which direction is the road?,south-west
3323,They are riding south along the east side of a road which runs south to north. In which direction is the road?,west
3324,They are riding south-west along the south-east side of a road which runs south-west to north-east. In which direction is the road?,north-west
3325,They are riding west along the south side of a road which runs west to east. In which direction is the road?,north
3326,They are riding north-west along the south-west side of a road which runs north-west to south-east. In which direction is the road?,north-east
3327,They are riding north along the west side of a road which runs north to south. In which direction is the road?,east
3328,They are riding north-east along the north-west side of a road which runs north-east to south-west. In which direction is the road?,south-east
3329,They are perambulating east along the north side of a road which runs east to west. In which direction is the road?,south
3330,They are perambulating south-east along the north-east side of a road which runs south-east to north-west. In which direction is the road?,south-west
3331,They are perambulating south along the east side of a road which runs south to north. In which direction is the road?,west
3332,They are perambulating south-west along the south-east side of a road which runs south-west to north-east. In which direction is the road?,north-west
3333,They are perambulating west along the south side of a road which runs west to east. In which direction is the road?,north
3334,They are perambulating north-west along the south-west side of a road which runs north-west to south-east. In which direction is the road?,north-east
3335,They are perambulating north along the west side of a road which runs north to south. In which direction is the road?,east
3336,They are perambulating north-east along the north-west side of a road which runs north-east to south-west. In which direction is the road?,south-east
3337,They are hiking east along the north side of a road which runs east to west. In which direction is the road?,south
3338,They are hiking south-east along the north-east side of a road which runs south-east to north-west. In which direction is the road?,south-west
3339,They are hiking south along the east side of a road which runs south to north. In which direction is the road?,west
3340,They are hiking south-west along the south-east side of a road which runs south-west to north-east. In which direction is the road?,north-west
3341,They are hiking west along the south side of a road which runs west to east. In which direction is the road?,north
3342,They are hiking north-west along the south-west side of a road which runs north-west to south-east. In which direction is the road?,north-east
3343,They are hiking north along the west side of a road which runs north to south. In which direction is the road?,east
3344,They are hiking north-east along the north-west side of a road which runs north-east to south-west. In which direction is the road?,south-east
3345,They are unicycling east along the north side of a road which runs east to west. In which direction is the road?,south
3346,They are unicycling south-east along the north-east side of a road which runs south-east to north-west. In which direction is the road?,south-west
3347,They are unicycling south along the east side of a road which runs south to north. In which direction is the road?,west
3348,They are unicycling south-west along the south-east side of a road which runs south-west to north-east. In which direction is the road?,north-west
3349,They are unicycling west along the south side of a road which runs west to east. In which direction is the road?,north
3350,They are unicycling north-west along the south-west side of a road which runs north-west to south-east. In which direction is the road?,north-east
3351,They are unicycling north along the west side of a road which runs north to south. In which direction is the road?,east
3352,They are unicycling north-east along the north-west side of a road which runs north-east to south-west. In which direction is the road?,south-east
3353,They are racing east along the north side of a road which runs east to west. In which direction is the road?,south
3354,They are racing south-east along the north-east side of a road which runs south-east to north-west. In which direction is the road?,south-west
3355,They are racing south along the east side of a road which runs south to north. In which direction is the road?,west
3356,They are racing south-west along the south-east side of a road which runs south-west to north-east. In which direction is the road?,north-west
3357,They are racing west along the south side of a road which runs west to east. In which direction is the road?,north
3358,They are racing north-west along the south-west side of a road which runs north-west to south-east. In which direction is the road?,north-east
3359,They are racing north along the west side of a road which runs north to south. In which direction is the road?,east
3360,They are racing north-east along the north-west side of a road which runs north-east to south-west. In which direction is the road?,south-east
3361,I am running west along the north side of a road which runs west to east. In which direction is the road?,south
3362,I am running north-west along the north-east side of a road which runs north-west to south-east. In which direction is the road?,south-west
3363,I am running north along the east side of a road which runs north to south. In which direction is the road?,west
3364,I am running north-east along the south-east side of a road which runs north-east to south-west. In which direction is the road?,north-west
3365,I am running east along the south side of a road which runs east to west. In which direction is the road?,north
3366,I am running south-east along the south-west side of a road which runs south-east to north-west. In which direction is the road?,north-east
3367,I am running south along the west side of a road which runs south to north. In which direction is the road?,east
3368,I am running south-west along the north-west side of a road which runs south-west to north-east. In which direction is the road?,south-east
3369,I am walking west along the north side of a road which runs west to east. In which direction is the road?,south
3370,I am walking north-west along the north-east side of a road which runs north-west to south-east. In which direction is the road?,south-west
3371,I am walking north along the east side of a road which runs north to south. In which direction is the road?,west
3372,I am walking north-east along the south-east side of a road which runs north-east to south-west. In which direction is the road?,north-west
3373,I am walking east along the south side of a road which runs east to west. In which direction is the road?,north
3374,I am walking south-east along the south-west side of a road which runs south-east to north-west. In which direction is the road?,north-east
3375,I am walking south along the west side of a road which runs south to north. In which direction is the road?,east
3376,I am walking south-west along the north-west side of a road which runs south-west to north-east. In which direction is the road?,south-east
3377,I am cycling west along the north side of a road which runs west to east. In which direction is the road?,south
3378,I am cycling north-west along the north-east side of a road which runs north-west to south-east. In which direction is the road?,south-west
3379,I am cycling north along the east side of a road which runs north to south. In which direction is the road?,west
3380,I am cycling north-east along the south-east side of a road which runs north-east to south-west. In which direction is the road?,north-west
3381,I am cycling east along the south side of a road which runs east to west. In which direction is the road?,north
3382,I am cycling south-east along the south-west side of a road which runs south-east to north-west. In which direction is the road?,north-east
3383,I am cycling south along the west side of a road which runs south to north. In which direction is the road?,east
3384,I am cycling south-west along the north-west side of a road which runs south-west to north-east. In which direction is the road?,south-east
3385,I am driving west along the north side of a road which runs west to east. In which direction is the road?,south
3386,I am driving north-west along the north-east side of a road which runs north-west to south-east. In which direction is the road?,south-west
3387,I am driving north along the east side of a road which runs north to south. In which direction is the road?,west
3388,I am driving north-east along the south-east side of a road which runs north-east to south-west. In which direction is the road?,north-west
3389,I am driving east along the south side of a road which runs east to west. In which direction is the road?,north
3390,I am driving south-east along the south-west side of a road which runs south-east to north-west. In which direction is the road?,north-east
3391,I am driving south along the west side of a road which runs south to north. In which direction is the road?,east
3392,I am driving south-west along the north-west side of a road which runs south-west to north-east. In which direction is the road?,south-east
3393,I am jogging west along the north side of a road which runs west to east. In which direction is the road?,south
3394,I am jogging north-west along the north-east side of a road which runs north-west to south-east. In which direction is the road?,south-west
3395,I am jogging north along the east side of a road which runs north to south. In which direction is the road?,west
3396,I am jogging north-east along the south-east side of a road which runs north-east to south-west. In which direction is the road?,north-west
3397,I am jogging east along the south side of a road which runs east to west. In which direction is the road?,north
3398,I am jogging south-east along the south-west side of a road which runs south-east to north-west. In which direction is the road?,north-east
3399,I am jogging south along the west side of a road which runs south to north. In which direction is the road?,east
3400,I am jogging south-west along the north-west side of a road which runs south-west to north-east. In which direction is the road?,south-east
3401,I am riding west along the north side of a road which runs west to east. In which direction is the road?,south
3402,I am riding north-west along the north-east side of a road which runs north-west to south-east. In which direction is the road?,south-west
3403,I am riding north along the east side of a road which runs north to south. In which direction is the road?,west
3404,I am riding north-east along the south-east side of a road which runs north-east to south-west. In which direction is the road?,north-west
3405,I am riding east along the south side of a road which runs east to west. In which direction is the road?,north
3406,I am riding south-east along the south-west side of a road which runs south-east to north-west. In which direction is the road?,north-east
3407,I am riding south along the west side of a road which runs south to north. In which direction is the road?,east
3408,I am riding south-west along the north-west side of a road which runs south-west to north-east. In which direction is the road?,south-east
3409,I am perambulating west along the north side of a road which runs west to east. In which direction is the road?,south
3410,I am perambulating north-west along the north-east side of a road which runs north-west to south-east. In which direction is the road?,south-west
3411,I am perambulating north along the east side of a road which runs north to south. In which direction is the road?,west
3412,I am perambulating north-east along the south-east side of a road which runs north-east to south-west. In which direction is the road?,north-west
3413,I am perambulating east along the south side of a road which runs east to west. In which direction is the road?,north
3414,I am perambulating south-east along the south-west side of a road which runs south-east to north-west. In which direction is the road?,north-east
3415,I am perambulating south along the west side of a road which runs south to north. In which direction is the road?,east
3416,I am perambulating south-west along the north-west side of a road which runs south-west to north-east. In which direction is the road?,south-east
3417,I am hiking west along the north side of a road which runs west to east. In which direction is the road?,south
3418,I am hiking north-west along the north-east side of a road which runs north-west to south-east. In which direction is the road?,south-west
3419,I am hiking north along the east side of a road which runs north to south. In which direction is the road?,west
3420,I am hiking north-east along the south-east side of a road which runs north-east to south-west. In which direction is the road?,north-west
3421,I am hiking east along the south side of a road which runs east to west. In which direction is the road?,north
3422,I am hiking south-east along the south-west side of a road which runs south-east to north-west. In which direction is the road?,north-east
3423,I am hiking south along the west side of a road which runs south to north. In which direction is the road?,east
3424,I am hiking south-west along the north-west side of a road which runs south-west to north-east. In which direction is the road?,south-east
3425,I am unicycling west along the north side of a road which runs west to east. In which direction is the road?,south
3426,I am unicycling north-west along the north-east side of a road which runs north-west to south-east. In which direction is the road?,south-west
3427,I am unicycling north along the east side of a road which runs north to south. In which direction is the road?,west
3428,I am unicycling north-east along the south-east side of a road which runs north-east to south-west. In which direction is the road?,north-west
3429,I am unicycling east along the south side of a road which runs east to west. In which direction is the road?,north
3430,I am unicycling south-east along the south-west side of a road which runs south-east to north-west. In which direction is the road?,north-east
3431,I am unicycling south along the west side of a road which runs south to north. In which direction is the road?,east
3432,I am unicycling south-west along the north-west side of a road which runs south-west to north-east. In which direction is the road?,south-east
3433,I am racing west along the north side of a road which runs west to east. In which direction is the road?,south
3434,I am racing north-west along the north-east side of a road which runs north-west to south-east. In which direction is the road?,south-west
3435,I am racing north along the east side of a road which runs north to south. In which direction is the road?,west
3436,I am racing north-east along the south-east side of a road which runs north-east to south-west. In which direction is the road?,north-west
3437,I am racing east along the south side of a road which runs east to west. In which direction is the road?,north
3438,I am racing south-east along the south-west side of a road which runs south-east to north-west. In which direction is the road?,north-east
3439,I am racing south along the west side of a road which runs south to north. In which direction is the road?,east
3440,I am racing south-west along the north-west side of a road which runs south-west to north-east. In which direction is the road?,south-east
3441,You are running west along the north side of a road which runs west to east. In which direction is the road?,south
3442,You are running north-west along the north-east side of a road which runs north-west to south-east. In which direction is the road?,south-west
3443,You are running north along the east side of a road which runs north to south. In which direction is the road?,west
3444,You are running north-east along the south-east side of a road which runs north-east to south-west. In which direction is the road?,north-west
3445,You are running east along the south side of a road which runs east to west. In which direction is the road?,north
3446,You are running south-east along the south-west side of a road which runs south-east to north-west. In which direction is the road?,north-east
3447,You are running south along the west side of a road which runs south to north. In which direction is the road?,east
3448,You are running south-west along the north-west side of a road which runs south-west to north-east. In which direction is the road?,south-east
3449,You are walking west along the north side of a road which runs west to east. In which direction is the road?,south
3450,You are walking north-west along the north-east side of a road which runs north-west to south-east. In which direction is the road?,south-west
3451,You are walking north along the east side of a road which runs north to south. In which direction is the road?,west
3452,You are walking north-east along the south-east side of a road which runs north-east to south-west. In which direction is the road?,north-west
3453,You are walking east along the south side of a road which runs east to west. In which direction is the road?,north
3454,You are walking south-east along the south-west side of a road which runs south-east to north-west. In which direction is the road?,north-east
3455,You are walking south along the west side of a road which runs south to north. In which direction is the road?,east
3456,You are walking south-west along the north-west side of a road which runs south-west to north-east. In which direction is the road?,south-east
3457,You are cycling west along the north side of a road which runs west to east. In which direction is the road?,south
3458,You are cycling north-west along the north-east side of a road which runs north-west to south-east. In which direction is the road?,south-west
3459,You are cycling north along the east side of a road which runs north to south. In which direction is the road?,west
3460,You are cycling north-east along the south-east side of a road which runs north-east to south-west. In which direction is the road?,north-west
3461,You are cycling east along the south side of a road which runs east to west. In which direction is the road?,north
3462,You are cycling south-east along the south-west side of a road which runs south-east to north-west. In which direction is the road?,north-east
3463,You are cycling south along the west side of a road which runs south to north. In which direction is the road?,east
3464,You are cycling south-west along the north-west side of a road which runs south-west to north-east. In which direction is the road?,south-east
3465,You are driving west along the north side of a road which runs west to east. In which direction is the road?,south
3466,You are driving north-west along the north-east side of a road which runs north-west to south-east. In which direction is the road?,south-west
3467,You are driving north along the east side of a road which runs north to south. In which direction is the road?,west
3468,You are driving north-east along the south-east side of a road which runs north-east to south-west. In which direction is the road?,north-west
3469,You are driving east along the south side of a road which runs east to west. In which direction is the road?,north
3470,You are driving south-east along the south-west side of a road which runs south-east to north-west. In which direction is the road?,north-east
3471,You are driving south along the west side of a road which runs south to north. In which direction is the road?,east
3472,You are driving south-west along the north-west side of a road which runs south-west to north-east. In which direction is the road?,south-east
3473,You are jogging west along the north side of a road which runs west to east. In which direction is the road?,south
3474,You are jogging north-west along the north-east side of a road which runs north-west to south-east. In which direction is the road?,south-west
3475,You are jogging north along the east side of a road which runs north to south. In which direction is the road?,west
3476,You are jogging north-east along the south-east side of a road which runs north-east to south-west. In which direction is the road?,north-west
3477,You are jogging east along the south side of a road which runs east to west. In which direction is the road?,north
3478,You are jogging south-east along the south-west side of a road which runs south-east to north-west. In which direction is the road?,north-east
3479,You are jogging south along the west side of a road which runs south to north. In which direction is the road?,east
3480,You are jogging south-west along the north-west side of a road which runs south-west to north-east. In which direction is the road?,south-east
3481,You are riding west along the north side of a road which runs west to east. In which direction is the road?,south
3482,You are riding north-west along the north-east side of a road which runs north-west to south-east. In which direction is the road?,south-west
3483,You are riding north along the east side of a road which runs north to south. In which direction is the road?,west
3484,You are riding north-east along the south-east side of a road which runs north-east to south-west. In which direction is the road?,north-west
3485,You are riding east along the south side of a road which runs east to west. In which direction is the road?,north
3486,You are riding south-east along the south-west side of a road which runs south-east to north-west. In which direction is the road?,north-east
3487,You are riding south along the west side of a road which runs south to north. In which direction is the road?,east
3488,You are riding south-west along the north-west side of a road which runs south-west to north-east. In which direction is the road?,south-east
3489,You are perambulating west along the north side of a road which runs west to east. In which direction is the road?,south
3490,You are perambulating north-west along the north-east side of a road which runs north-west to south-east. In which direction is the road?,south-west
3491,You are perambulating north along the east side of a road which runs north to south. In which direction is the road?,west
3492,You are perambulating north-east along the south-east side of a road which runs north-east to south-west. In which direction is the road?,north-west
3493,You are perambulating east along the south side of a road which runs east to west. In which direction is the road?,north
3494,You are perambulating south-east along the south-west side of a road which runs south-east to north-west. In which direction is the road?,north-east
3495,You are perambulating south along the west side of a road which runs south to north. In which direction is the road?,east
3496,You are perambulating south-west along the north-west side of a road which runs south-west to north-east. In which direction is the road?,south-east
3497,You are hiking west along the north side of a road which runs west to east. In which direction is the road?,south
3498,You are hiking north-west along the north-east side of a road which runs north-west to south-east. In which direction is the road?,south-west
3499,You are hiking north along the east side of a road which runs north to south. In which direction is the road?,west
3500,You are hiking north-east along the south-east side of a road which runs north-east to south-west. In which direction is the road?,north-west
3501,You are hiking east along the south side of a road which runs east to west. In which direction is the road?,north
3502,You are hiking south-east along the south-west side of a road which runs south-east to north-west. In which direction is the road?,north-east
3503,You are hiking south along the west side of a road which runs south to north. In which direction is the road?,east
3504,You are hiking south-west along the north-west side of a road which runs south-west to north-east. In which direction is the road?,south-east
3505,You are unicycling west along the north side of a road which runs west to east. In which direction is the road?,south
3506,You are unicycling north-west along the north-east side of a road which runs north-west to south-east. In which direction is the road?,south-west
3507,You are unicycling north along the east side of a road which runs north to south. In which direction is the road?,west
3508,You are unicycling north-east along the south-east side of a road which runs north-east to south-west. In which direction is the road?,north-west
3509,You are unicycling east along the south side of a road which runs east to west. In which direction is the road?,north
3510,You are unicycling south-east along the south-west side of a road which runs south-east to north-west. In which direction is the road?,north-east
3511,You are unicycling south along the west side of a road which runs south to north. In which direction is the road?,east
3512,You are unicycling south-west along the north-west side of a road which runs south-west to north-east. In which direction is the road?,south-east
3513,You are racing west along the north side of a road which runs west to east. In which direction is the road?,south
3514,You are racing north-west along the north-east side of a road which runs north-west to south-east. In which direction is the road?,south-west
3515,You are racing north along the east side of a road which runs north to south. In which direction is the road?,west
3516,You are racing north-east along the south-east side of a road which runs north-east to south-west. In which direction is the road?,north-west
3517,You are racing east along the south side of a road which runs east to west. In which direction is the road?,north
3518,You are racing south-east along the south-west side of a road which runs south-east to north-west. In which direction is the road?,north-east
3519,You are racing south along the west side of a road which runs south to north. In which direction is the road?,east
3520,You are racing south-west along the north-west side of a road which runs south-west to north-east. In which direction is the road?,south-east
3521,He is running west along the north side of a road which runs west to east. In which direction is the road?,south
3522,He is running north-west along the north-east side of a road which runs north-west to south-east. In which direction is the road?,south-west
3523,He is running north along the east side of a road which runs north to south. In which direction is the road?,west
3524,He is running north-east along the south-east side of a road which runs north-east to south-west. In which direction is the road?,north-west
3525,He is running east along the south side of a road which runs east to west. In which direction is the road?,north
3526,He is running south-east along the south-west side of a road which runs south-east to north-west. In which direction is the road?,north-east
3527,He is running south along the west side of a road which runs south to north. In which direction is the road?,east
3528,He is running south-west along the north-west side of a road which runs south-west to north-east. In which direction is the road?,south-east
3529,He is walking west along the north side of a road which runs west to east. In which direction is the road?,south
3530,He is walking north-west along the north-east side of a road which runs north-west to south-east. In which direction is the road?,south-west
3531,He is walking north along the east side of a road which runs north to south. In which direction is the road?,west
3532,He is walking north-east along the south-east side of a road which runs north-east to south-west. In which direction is the road?,north-west
3533,He is walking east along the south side of a road which runs east to west. In which direction is the road?,north
3534,He is walking south-east along the south-west side of a road which runs south-east to north-west. In which direction is the road?,north-east
3535,He is walking south along the west side of a road which runs south to north. In which direction is the road?,east
3536,He is walking south-west along the north-west side of a road which runs south-west to north-east. In which direction is the road?,south-east
3537,He is cycling west along the north side of a road which runs west to east. In which direction is the road?,south
3538,He is cycling north-west along the north-east side of a road which runs north-west to south-east. In which direction is the road?,south-west
3539,He is cycling north along the east side of a road which runs north to south. In which direction is the road?,west
3540,He is cycling north-east along the south-east side of a road which runs north-east to south-west. In which direction is the road?,north-west
3541,He is cycling east along the south side of a road which runs east to west. In which direction is the road?,north
3542,He is cycling south-east along the south-west side of a road which runs south-east to north-west. In which direction is the road?,north-east
3543,He is cycling south along the west side of a road which runs south to north. In which direction is the road?,east
3544,He is cycling south-west along the north-west side of a road which runs south-west to north-east. In which direction is the road?,south-east
3545,He is driving west along the north side of a road which runs west to east. In which direction is the road?,south
3546,He is driving north-west along the north-east side of a road which runs north-west to south-east. In which direction is the road?,south-west
3547,He is driving north along the east side of a road which runs north to south. In which direction is the road?,west
3548,He is driving north-east along the south-east side of a road which runs north-east to south-west. In which direction is the road?,north-west
3549,He is driving east along the south side of a road which runs east to west. In which direction is the road?,north
3550,He is driving south-east along the south-west side of a road which runs south-east to north-west. In which direction is the road?,north-east
3551,He is driving south along the west side of a road which runs south to north. In which direction is the road?,east
3552,He is driving south-west along the north-west side of a road which runs south-west to north-east. In which direction is the road?,south-east
3553,He is jogging west along the north side of a road which runs west to east. In which direction is the road?,south
3554,He is jogging north-west along the north-east side of a road which runs north-west to south-east. In which direction is the road?,south-west
3555,He is jogging north along the east side of a road which runs north to south. In which direction is the road?,west
3556,He is jogging north-east along the south-east side of a road which runs north-east to south-west. In which direction is the road?,north-west
3557,He is jogging east along the south side of a road which runs east to west. In which direction is the road?,north
3558,He is jogging south-east along the south-west side of a road which runs south-east to north-west. In which direction is the road?,north-east
3559,He is jogging south along the west side of a road which runs south to north. In which direction is the road?,east
3560,He is jogging south-west along the north-west side of a road which runs south-west to north-east. In which direction is the road?,south-east
3561,He is riding west along the north side of a road which runs west to east. In which direction is the road?,south
3562,He is riding north-west along the north-east side of a road which runs north-west to south-east. In which direction is the road?,south-west
3563,He is riding north along the east side of a road which runs north to south. In which direction is the road?,west
3564,He is riding north-east along the south-east side of a road which runs north-east to south-west. In which direction is the road?,north-west
3565,He is riding east along the south side of a road which runs east to west. In which direction is the road?,north
3566,He is riding south-east along the south-west side of a road which runs south-east to north-west. In which direction is the road?,north-east
3567,He is riding south along the west side of a road which runs south to north. In which direction is the road?,east
3568,He is riding south-west along the north-west side of a road which runs south-west to north-east. In which direction is the road?,south-east
3569,He is perambulating west along the north side of a road which runs west to east. In which direction is the road?,south
3570,He is perambulating north-west along the north-east side of a road which runs north-west to south-east. In which direction is the road?,south-west
3571,He is perambulating north along the east side of a road which runs north to south. In which direction is the road?,west
3572,He is perambulating north-east along the south-east side of a road which runs north-east to south-west. In which direction is the road?,north-west
3573,He is perambulating east along the south side of a road which runs east to west. In which direction is the road?,north
3574,He is perambulating south-east along the south-west side of a road which runs south-east to north-west. In which direction is the road?,north-east
3575,He is perambulating south along the west side of a road which runs south to north. In which direction is the road?,east
3576,He is perambulating south-west along the north-west side of a road which runs south-west to north-east. In which direction is the road?,south-east
3577,He is hiking west along the north side of a road which runs west to east. In which direction is the road?,south
3578,He is hiking north-west along the north-east side of a road which runs north-west to south-east. In which direction is the road?,south-west
3579,He is hiking north along the east side of a road which runs north to south. In which direction is the road?,west
3580,He is hiking north-east along the south-east side of a road which runs north-east to south-west. In which direction is the road?,north-west
3581,He is hiking east along the south side of a road which runs east to west. In which direction is the road?,north
3582,He is hiking south-east along the south-west side of a road which runs south-east to north-west. In which direction is the road?,north-east
3583,He is hiking south along the west side of a road which runs south to north. In which direction is the road?,east
3584,He is hiking south-west along the north-west side of a road which runs south-west to north-east. In which direction is the road?,south-east
3585,He is unicycling west along the north side of a road which runs west to east. In which direction is the road?,south
3586,He is unicycling north-west along the north-east side of a road which runs north-west to south-east. In which direction is the road?,south-west
3587,He is unicycling north along the east side of a road which runs north to south. In which direction is the road?,west
3588,He is unicycling north-east along the south-east side of a road which runs north-east to south-west. In which direction is the road?,north-west
3589,He is unicycling east along the south side of a road which runs east to west. In which direction is the road?,north
3590,He is unicycling south-east along the south-west side of a road which runs south-east to north-west. In which direction is the road?,north-east
3591,He is unicycling south along the west side of a road which runs south to north. In which direction is the road?,east
3592,He is unicycling south-west along the north-west side of a road which runs south-west to north-east. In which direction is the road?,south-east
3593,He is racing west along the north side of a road which runs west to east. In which direction is the road?,south
3594,He is racing north-west along the north-east side of a road which runs north-west to south-east. In which direction is the road?,south-west
3595,He is racing north along the east side of a road which runs north to south. In which direction is the road?,west
3596,He is racing north-east along the south-east side of a road which runs north-east to south-west. In which direction is the road?,north-west
3597,He is racing east along the south side of a road which runs east to west. In which direction is the road?,north
3598,He is racing south-east along the south-west side of a road which runs south-east to north-west. In which direction is the road?,north-east
3599,He is racing south along the west side of a road which runs south to north. In which direction is the road?,east
3600,He is racing south-west along the north-west side of a road which runs south-west to north-east. In which direction is the road?,south-east
3601,She is running west along the north side of a road which runs west to east. In which direction is the road?,south
3602,She is running north-west along the north-east side of a road which runs north-west to south-east. In which direction is the road?,south-west
3603,She is running north along the east side of a road which runs north to south. In which direction is the road?,west
3604,She is running north-east along the south-east side of a road which runs north-east to south-west. In which direction is the road?,north-west
3605,She is running east along the south side of a road which runs east to west. In which direction is the road?,north
3606,She is running south-east along the south-west side of a road which runs south-east to north-west. In which direction is the road?,north-east
3607,She is running south along the west side of a road which runs south to north. In which direction is the road?,east
3608,She is running south-west along the north-west side of a road which runs south-west to north-east. In which direction is the road?,south-east
3609,She is walking west along the north side of a road which runs west to east. In which direction is the road?,south
3610,She is walking north-west along the north-east side of a road which runs north-west to south-east. In which direction is the road?,south-west
3611,She is walking north along the east side of a road which runs north to south. In which direction is the road?,west
3612,She is walking north-east along the south-east side of a road which runs north-east to south-west. In which direction is the road?,north-west
3613,She is walking east along the south side of a road which runs east to west. In which direction is the road?,north
3614,She is walking south-east along the south-west side of a road which runs south-east to north-west. In which direction is the road?,north-east
3615,She is walking south along the west side of a road which runs south to north. In which direction is the road?,east
3616,She is walking south-west along the north-west side of a road which runs south-west to north-east. In which direction is the road?,south-east
3617,She is cycling west along the north side of a road which runs west to east. In which direction is the road?,south
3618,She is cycling north-west along the north-east side of a road which runs north-west to south-east. In which direction is the road?,south-west
3619,She is cycling north along the east side of a road which runs north to south. In which direction is the road?,west
3620,She is cycling north-east along the south-east side of a road which runs north-east to south-west. In which direction is the road?,north-west
3621,She is cycling east along the south side of a road which runs east to west. In which direction is the road?,north
3622,She is cycling south-east along the south-west side of a road which runs south-east to north-west. In which direction is the road?,north-east
3623,She is cycling south along the west side of a road which runs south to north. In which direction is the road?,east
3624,She is cycling south-west along the north-west side of a road which runs south-west to north-east. In which direction is the road?,south-east
3625,She is driving west along the north side of a road which runs west to east. In which direction is the road?,south
3626,She is driving north-west along the north-east side of a road which runs north-west to south-east. In which direction is the road?,south-west
3627,She is driving north along the east side of a road which runs north to south. In which direction is the road?,west
3628,She is driving north-east along the south-east side of a road which runs north-east to south-west. In which direction is the road?,north-west
3629,She is driving east along the south side of a road which runs east to west. In which direction is the road?,north
3630,She is driving south-east along the south-west side of a road which runs south-east to north-west. In which direction is the road?,north-east
3631,She is driving south along the west side of a road which runs south to north. In which direction is the road?,east
3632,She is driving south-west along the north-west side of a road which runs south-west to north-east. In which direction is the road?,south-east
3633,She is jogging west along the north side of a road which runs west to east. In which direction is the road?,south
3634,She is jogging north-west along the north-east side of a road which runs north-west to south-east. In which direction is the road?,south-west
3635,She is jogging north along the east side of a road which runs north to south. In which direction is the road?,west
3636,She is jogging north-east along the south-east side of a road which runs north-east to south-west. In which direction is the road?,north-west
3637,She is jogging east along the south side of a road which runs east to west. In which direction is the road?,north
3638,She is jogging south-east along the south-west side of a road which runs south-east to north-west. In which direction is the road?,north-east
3639,She is jogging south along the west side of a road which runs south to north. In which direction is the road?,east
3640,She is jogging south-west along the north-west side of a road which runs south-west to north-east. In which direction is the road?,south-east
3641,She is riding west along the north side of a road which runs west to east. In which direction is the road?,south
3642,She is riding north-west along the north-east side of a road which runs north-west to south-east. In which direction is the road?,south-west
3643,She is riding north along the east side of a road which runs north to south. In which direction is the road?,west
3644,She is riding north-east along the south-east side of a road which runs north-east to south-west. In which direction is the road?,north-west
3645,She is riding east along the south side of a road which runs east to west. In which direction is the road?,north
3646,She is riding south-east along the south-west side of a road which runs south-east to north-west. In which direction is the road?,north-east
3647,She is riding south along the west side of a road which runs south to north. In which direction is the road?,east
3648,She is riding south-west along the north-west side of a road which runs south-west to north-east. In which direction is the road?,south-east
3649,She is perambulating west along the north side of a road which runs west to east. In which direction is the road?,south
3650,She is perambulating north-west along the north-east side of a road which runs north-west to south-east. In which direction is the road?,south-west
3651,She is perambulating north along the east side of a road which runs north to south. In which direction is the road?,west
3652,She is perambulating north-east along the south-east side of a road which runs north-east to south-west. In which direction is the road?,north-west
3653,She is perambulating east along the south side of a road which runs east to west. In which direction is the road?,north
3654,She is perambulating south-east along the south-west side of a road which runs south-east to north-west. In which direction is the road?,north-east
3655,She is perambulating south along the west side of a road which runs south to north. In which direction is the road?,east
3656,She is perambulating south-west along the north-west side of a road which runs south-west to north-east. In which direction is the road?,south-east
3657,She is hiking west along the north side of a road which runs west to east. In which direction is the road?,south
3658,She is hiking north-west along the north-east side of a road which runs north-west to south-east. In which direction is the road?,south-west
3659,She is hiking north along the east side of a road which runs north to south. In which direction is the road?,west
3660,She is hiking north-east along the south-east side of a road which runs north-east to south-west. In which direction is the road?,north-west
3661,She is hiking east along the south side of a road which runs east to west. In which direction is the road?,north
3662,She is hiking south-east along the south-west side of a road which runs south-east to north-west. In which direction is the road?,north-east
3663,She is hiking south along the west side of a road which runs south to north. In which direction is the road?,east
3664,She is hiking south-west along the north-west side of a road which runs south-west to north-east. In which direction is the road?,south-east
3665,She is unicycling west along the north side of a road which runs west to east. In which direction is the road?,south
3666,She is unicycling north-west along the north-east side of a road which runs north-west to south-east. In which direction is the road?,south-west
3667,She is unicycling north along the east side of a road which runs north to south. In which direction is the road?,west
3668,She is unicycling north-east along the south-east side of a road which runs north-east to south-west. In which direction is the road?,north-west
3669,She is unicycling east along the south side of a road which runs east to west. In which direction is the road?,north
3670,She is unicycling south-east along the south-west side of a road which runs south-east to north-west. In which direction is the road?,north-east
3671,She is unicycling south along the west side of a road which runs south to north. In which direction is the road?,east
3672,She is unicycling south-west along the north-west side of a road which runs south-west to north-east. In which direction is the road?,south-east
3673,She is racing west along the north side of a road which runs west to east. In which direction is the road?,south
3674,She is racing north-west along the north-east side of a road which runs north-west to south-east. In which direction is the road?,south-west
3675,She is racing north along the east side of a road which runs north to south. In which direction is the road?,west
3676,She is racing north-east along the south-east side of a road which runs north-east to south-west. In which direction is the road?,north-west
3677,She is racing east along the south side of a road which runs east to west. In which direction is the road?,north
3678,She is racing south-east along the south-west side of a road which runs south-east to north-west. In which direction is the road?,north-east
3679,She is racing south along the west side of a road which runs south to north. In which direction is the road?,east
3680,She is racing south-west along the north-west side of a road which runs south-west to north-east. In which direction is the road?,south-east
3681,We are running west along the north side of a road which runs west to east. In which direction is the road?,south
3682,We are running north-west along the north-east side of a road which runs north-west to south-east. In which direction is the road?,south-west
3683,We are running north along the east side of a road which runs north to south. In which direction is the road?,west
3684,We are running north-east along the south-east side of a road which runs north-east to south-west. In which direction is the road?,north-west
3685,We are running east along the south side of a road which runs east to west. In which direction is the road?,north
3686,We are running south-east along the south-west side of a road which runs south-east to north-west. In which direction is the road?,north-east
3687,We are running south along the west side of a road which runs south to north. In which direction is the road?,east
3688,We are running south-west along the north-west side of a road which runs south-west to north-east. In which direction is the road?,south-east
3689,We are walking west along the north side of a road which runs west to east. In which direction is the road?,south
3690,We are walking north-west along the north-east side of a road which runs north-west to south-east. In which direction is the road?,south-west
3691,We are walking north along the east side of a road which runs north to south. In which direction is the road?,west
3692,We are walking north-east along the south-east side of a road which runs north-east to south-west. In which direction is the road?,north-west
3693,We are walking east along the south side of a road which runs east to west. In which direction is the road?,north
3694,We are walking south-east along the south-west side of a road which runs south-east to north-west. In which direction is the road?,north-east
3695,We are walking south along the west side of a road which runs south to north. In which direction is the road?,east
3696,We are walking south-west along the north-west side of a road which runs south-west to north-east. In which direction is the road?,south-east
3697,We are cycling west along the north side of a road which runs west to east. In which direction is the road?,south
3698,We are cycling north-west along the north-east side of a road which runs north-west to south-east. In which direction is the road?,south-west
3699,We are cycling north along the east side of a road which runs north to south. In which direction is the road?,west
3700,We are cycling north-east along the south-east side of a road which runs north-east to south-west. In which direction is the road?,north-west
3701,We are cycling east along the south side of a road which runs east to west. In which direction is the road?,north
3702,We are cycling south-east along the south-west side of a road which runs south-east to north-west. In which direction is the road?,north-east
3703,We are cycling south along the west side of a road which runs south to north. In which direction is the road?,east
3704,We are cycling south-west along the north-west side of a road which runs south-west to north-east. In which direction is the road?,south-east
3705,We are driving west along the north side of a road which runs west to east. In which direction is the road?,south
3706,We are driving north-west along the north-east side of a road which runs north-west to south-east. In which direction is the road?,south-west
3707,We are driving north along the east side of a road which runs north to south. In which direction is the road?,west
3708,We are driving north-east along the south-east side of a road which runs north-east to south-west. In which direction is the road?,north-west
3709,We are driving east along the south side of a road which runs east to west. In which direction is the road?,north
3710,We are driving south-east along the south-west side of a road which runs south-east to north-west. In which direction is the road?,north-east
3711,We are driving south along the west side of a road which runs south to north. In which direction is the road?,east
3712,We are driving south-west along the north-west side of a road which runs south-west to north-east. In which direction is the road?,south-east
3713,We are jogging west along the north side of a road which runs west to east. In which direction is the road?,south
3714,We are jogging north-west along the north-east side of a road which runs north-west to south-east. In which direction is the road?,south-west
3715,We are jogging north along the east side of a road which runs north to south. In which direction is the road?,west
3716,We are jogging north-east along the south-east side of a road which runs north-east to south-west. In which direction is the road?,north-west
3717,We are jogging east along the south side of a road which runs east to west. In which direction is the road?,north
3718,We are jogging south-east along the south-west side of a road which runs south-east to north-west. In which direction is the road?,north-east
3719,We are jogging south along the west side of a road which runs south to north. In which direction is the road?,east
3720,We are jogging south-west along the north-west side of a road which runs south-west to north-east. In which direction is the road?,south-east
3721,We are riding west along the north side of a road which runs west to east. In which direction is the road?,south
3722,We are riding north-west along the north-east side of a road which runs north-west to south-east. In which direction is the road?,south-west
3723,We are riding north along the east side of a road which runs north to south. In which direction is the road?,west
3724,We are riding north-east along the south-east side of a road which runs north-east to south-west. In which direction is the road?,north-west
3725,We are riding east along the south side of a road which runs east to west. In which direction is the road?,north
3726,We are riding south-east along the south-west side of a road which runs south-east to north-west. In which direction is the road?,north-east
3727,We are riding south along the west side of a road which runs south to north. In which direction is the road?,east
3728,We are riding south-west along the north-west side of a road which runs south-west to north-east. In which direction is the road?,south-east
3729,We are perambulating west along the north side of a road which runs west to east. In which direction is the road?,south
3730,We are perambulating north-west along the north-east side of a road which runs north-west to south-east. In which direction is the road?,south-west
3731,We are perambulating north along the east side of a road which runs north to south. In which direction is the road?,west
3732,We are perambulating north-east along the south-east side of a road which runs north-east to south-west. In which direction is the road?,north-west
3733,We are perambulating east along the south side of a road which runs east to west. In which direction is the road?,north
3734,We are perambulating south-east along the south-west side of a road which runs south-east to north-west. In which direction is the road?,north-east
3735,We are perambulating south along the west side of a road which runs south to north. In which direction is the road?,east
3736,We are perambulating south-west along the north-west side of a road which runs south-west to north-east. In which direction is the road?,south-east
3737,We are hiking west along the north side of a road which runs west to east. In which direction is the road?,south
3738,We are hiking north-west along the north-east side of a road which runs north-west to south-east. In which direction is the road?,south-west
3739,We are hiking north along the east side of a road which runs north to south. In which direction is the road?,west
3740,We are hiking north-east along the south-east side of a road which runs north-east to south-west. In which direction is the road?,north-west
3741,We are hiking east along the south side of a road which runs east to west. In which direction is the road?,north
3742,We are hiking south-east along the south-west side of a road which runs south-east to north-west. In which direction is the road?,north-east
3743,We are hiking south along the west side of a road which runs south to north. In which direction is the road?,east
3744,We are hiking south-west along the north-west side of a road which runs south-west to north-east. In which direction is the road?,south-east
3745,We are unicycling west along the north side of a road which runs west to east. In which direction is the road?,south
3746,We are unicycling north-west along the north-east side of a road which runs north-west to south-east. In which direction is the road?,south-west
3747,We are unicycling north along the east side of a road which runs north to south. In which direction is the road?,west
3748,We are unicycling north-east along the south-east side of a road which runs north-east to south-west. In which direction is the road?,north-west
3749,We are unicycling east along the south side of a road which runs east to west. In which direction is the road?,north
3750,We are unicycling south-east along the south-west side of a road which runs south-east to north-west. In which direction is the road?,north-east
3751,We are unicycling south along the west side of a road which runs south to north. In which direction is the road?,east
3752,We are unicycling south-west along the north-west side of a road which runs south-west to north-east. In which direction is the road?,south-east
3753,We are racing west along the north side of a road which runs west to east. In which direction is the road?,south
3754,We are racing north-west along the north-east side of a road which runs north-west to south-east. In which direction is the road?,south-west
3755,We are racing north along the east side of a road which runs north to south. In which direction is the road?,west
3756,We are racing north-east along the south-east side of a road which runs north-east to south-west. In which direction is the road?,north-west
3757,We are racing east along the south side of a road which runs east to west. In which direction is the road?,north
3758,We are racing south-east along the south-west side of a road which runs south-east to north-west. In which direction is the road?,north-east
3759,We are racing south along the west side of a road which runs south to north. In which direction is the road?,east
3760,We are racing south-west along the north-west side of a road which runs south-west to north-east. In which direction is the road?,south-east
3761,They are running west along the north side of a road which runs west to east. In which direction is the road?,south
3762,They are running north-west along the north-east side of a road which runs north-west to south-east. In which direction is the road?,south-west
3763,They are running north along the east side of a road which runs north to south. In which direction is the road?,west
3764,They are running north-east along the south-east side of a road which runs north-east to south-west. In which direction is the road?,north-west
3765,They are running east along the south side of a road which runs east to west. In which direction is the road?,north
3766,They are running south-east along the south-west side of a road which runs south-east to north-west. In which direction is the road?,north-east
3767,They are running south along the west side of a road which runs south to north. In which direction is the road?,east
3768,They are running south-west along the north-west side of a road which runs south-west to north-east. In which direction is the road?,south-east
3769,They are walking west along the north side of a road which runs west to east. In which direction is the road?,south
3770,They are walking north-west along the north-east side of a road which runs north-west to south-east. In which direction is the road?,south-west
3771,They are walking north along the east side of a road which runs north to south. In which direction is the road?,west
3772,They are walking north-east along the south-east side of a road which runs north-east to south-west. In which direction is the road?,north-west
3773,They are walking east along the south side of a road which runs east to west. In which direction is the road?,north
3774,They are walking south-east along the south-west side of a road which runs south-east to north-west. In which direction is the road?,north-east
3775,They are walking south along the west side of a road which runs south to north. In which direction is the road?,east
3776,They are walking south-west along the north-west side of a road which runs south-west to north-east. In which direction is the road?,south-east
3777,They are cycling west along the north side of a road which runs west to east. In which direction is the road?,south
3778,They are cycling north-west along the north-east side of a road which runs north-west to south-east. In which direction is the road?,south-west
3779,They are cycling north along the east side of a road which runs north to south. In which direction is the road?,west
3780,They are cycling north-east along the south-east side of a road which runs north-east to south-west. In which direction is the road?,north-west
3781,They are cycling east along the south side of a road which runs east to west. In which direction is the road?,north
3782,They are cycling south-east along the south-west side of a road which runs south-east to north-west. In which direction is the road?,north-east
3783,They are cycling south along the west side of a road which runs south to north. In which direction is the road?,east
3784,They are cycling south-west along the north-west side of a road which runs south-west to north-east. In which direction is the road?,south-east
3785,They are driving west along the north side of a road which runs west to east. In which direction is the road?,south
3786,They are driving north-west along the north-east side of a road which runs north-west to south-east. In which direction is the road?,south-west
3787,They are driving north along the east side of a road which runs north to south. In which direction is the road?,west
3788,They are driving north-east along the south-east side of a road which runs north-east to south-west. In which direction is the road?,north-west
3789,They are driving east along the south side of a road which runs east to west. In which direction is the road?,north
3790,They are driving south-east along the south-west side of a road which runs south-east to north-west. In which direction is the road?,north-east
3791,They are driving south along the west side of a road which runs south to north. In which direction is the road?,east
3792,They are driving south-west along the north-west side of a road which runs south-west to north-east. In which direction is the road?,south-east
3793,They are jogging west along the north side of a road which runs west to east. In which direction is the road?,south
3794,They are jogging north-west along the north-east side of a road which runs north-west to south-east. In which direction is the road?,south-west
3795,They are jogging north along the east side of a road which runs north to south. In which direction is the road?,west
3796,They are jogging north-east along the south-east side of a road which runs north-east to south-west. In which direction is the road?,north-west
3797,They are jogging east along the south side of a road which runs east to west. In which direction is the road?,north
3798,They are jogging south-east along the south-west side of a road which runs south-east to north-west. In which direction is the road?,north-east
3799,They are jogging south along the west side of a road which runs south to north. In which direction is the road?,east
3800,They are jogging south-west along the north-west side of a road which runs south-west to north-east. In which direction is the road?,south-east
3801,They are riding west along the north side of a road which runs west to east. In which direction is the road?,south
3802,They are riding north-west along the north-east side of a road which runs north-west to south-east. In which direction is the road?,south-west
3803,They are riding north along the east side of a road which runs north to south. In which direction is the road?,west
3804,They are riding north-east along the south-east side of a road which runs north-east to south-west. In which direction is the road?,north-west
3805,They are riding east along the south side of a road which runs east to west. In which direction is the road?,north
3806,They are riding south-east along the south-west side of a road which runs south-east to north-west. In which direction is the road?,north-east
3807,They are riding south along the west side of a road which runs south to north. In which direction is the road?,east
3808,They are riding south-west along the north-west side of a road which runs south-west to north-east. In which direction is the road?,south-east
3809,They are perambulating west along the north side of a road which runs west to east. In which direction is the road?,south
3810,They are perambulating north-west along the north-east side of a road which runs north-west to south-east. In which direction is the road?,south-west
3811,They are perambulating north along the east side of a road which runs north to south. In which direction is the road?,west
3812,They are perambulating north-east along the south-east side of a road which runs north-east to south-west. In which direction is the road?,north-west
3813,They are perambulating east along the south side of a road which runs east to west. In which direction is the road?,north
3814,They are perambulating south-east along the south-west side of a road which runs south-east to north-west. In which direction is the road?,north-east
3815,They are perambulating south along the west side of a road which runs south to north. In which direction is the road?,east
3816,They are perambulating south-west along the north-west side of a road which runs south-west to north-east. In which direction is the road?,south-east
3817,They are hiking west along the north side of a road which runs west to east. In which direction is the road?,south
3818,They are hiking north-west along the north-east side of a road which runs north-west to south-east. In which direction is the road?,south-west
3819,They are hiking north along the east side of a road which runs north to south. In which direction is the road?,west
3820,They are hiking north-east along the south-east side of a road which runs north-east to south-west. In which direction is the road?,north-west
3821,They are hiking east along the south side of a road which runs east to west. In which direction is the road?,north
3822,They are hiking south-east along the south-west side of a road which runs south-east to north-west. In which direction is the road?,north-east
3823,They are hiking south along the west side of a road which runs south to north. In which direction is the road?,east
3824,They are hiking south-west along the north-west side of a road which runs south-west to north-east. In which direction is the road?,south-east
3825,They are unicycling west along the north side of a road which runs west to east. In which direction is the road?,south
3826,They are unicycling north-west along the north-east side of a road which runs north-west to south-east. In which direction is the road?,south-west
3827,They are unicycling north along the east side of a road which runs north to south. In which direction is the road?,west
3828,They are unicycling north-east along the south-east side of a road which runs north-east to south-west. In which direction is the road?,north-west
3829,They are unicycling east along the south side of a road which runs east to west. In which direction is the road?,north
3830,They are unicycling south-east along the south-west side of a road which runs south-east to north-west. In which direction is the road?,north-east
3831,They are unicycling south along the west side of a road which runs south to north. In which direction is the road?,east
3832,They are unicycling south-west along the north-west side of a road which runs south-west to north-east. In which direction is the road?,south-east
3833,They are racing west along the north side of a road which runs west to east. In which direction is the road?,south
3834,They are racing north-west along the north-east side of a road which runs north-west to south-east. In which direction is the road?,south-west
3835,They are racing north along the east side of a road which runs north to south. In which direction is the road?,west
3836,They are racing north-east along the south-east side of a road which runs north-east to south-west. In which direction is the road?,north-west
3837,They are racing east along the south side of a road which runs east to west. In which direction is the road?,north
3838,They are racing south-east along the south-west side of a road which runs south-east to north-west. In which direction is the road?,north-east
3839,They are racing south along the west side of a road which runs south to north. In which direction is the road?,east
3840,They are racing south-west along the north-west side of a road which runs south-west to north-east. In which direction is the road?,south-east
3841,I am running east along the north shore of the island. In which direction is the sea?,north
3842,I am running south-east along the north-east shore of the island. In which direction is the sea?,north-east
3843,I am running south along the east shore of the island. In which direction is the sea?,east
3844,I am running south-west along the south-east shore of the island. In which direction is the sea?,south-east
3845,I am running west along the south shore of the island. In which direction is the sea?,south
3846,I am running north-west along the south-west shore of the island. In which direction is the sea?,south-west
3847,I am running north along the west shore of the island. In which direction is the sea?,west
3848,I am running north-east along the north-west shore of the island. In which direction is the sea?,north-west
3849,I am walking east along the north shore of the island. In which direction is the sea?,north
3850,I am walking south-east along the north-east shore of the island. In which direction is the sea?,north-east
3851,I am walking south along the east shore of the island. In which direction is the sea?,east
3852,I am walking south-west along the south-east shore of the island. In which direction is the sea?,south-east
3853,I am walking west along the south shore of the island. In which direction is the sea?,south
3854,I am walking north-west along the south-west shore of the island. In which direction is the sea?,south-west
3855,I am walking north along the west shore of the island. In which direction is the sea?,west
3856,I am walking north-east along the north-west shore of the island. In which direction is the sea?,north-west
3857,I am cycling east along the north shore of the island. In which direction is the sea?,north
3858,I am cycling south-east along the north-east shore of the island. In which direction is the sea?,north-east
3859,I am cycling south along the east shore of the island. In which direction is the sea?,east
3860,I am cycling south-west along the south-east shore of the island. In which direction is the sea?,south-east
3861,I am cycling west along the south shore of the island. In which direction is the sea?,south
3862,I am cycling north-west along the south-west shore of the island. In which direction is the sea?,south-west
3863,I am cycling north along the west shore of the island. In which direction is the sea?,west
3864,I am cycling north-east along the north-west shore of the island. In which direction is the sea?,north-west
3865,I am driving east along the north shore of the island. In which direction is the sea?,north
3866,I am driving south-east along the north-east shore of the island. In which direction is the sea?,north-east
3867,I am driving south along the east shore of the island. In which direction is the sea?,east
3868,I am driving south-west along the south-east shore of the island. In which direction is the sea?,south-east
3869,I am driving west along the south shore of the island. In which direction is the sea?,south
3870,I am driving north-west along the south-west shore of the island. In which direction is the sea?,south-west
3871,I am driving north along the west shore of the island. In which direction is the sea?,west
3872,I am driving north-east along the north-west shore of the island. In which direction is the sea?,north-west
3873,I am jogging east along the north shore of the island. In which direction is the sea?,north
3874,I am jogging south-east along the north-east shore of the island. In which direction is the sea?,north-east
3875,I am jogging south along the east shore of the island. In which direction is the sea?,east
3876,I am jogging south-west along the south-east shore of the island. In which direction is the sea?,south-east
3877,I am jogging west along the south shore of the island. In which direction is the sea?,south
3878,I am jogging north-west along the south-west shore of the island. In which direction is the sea?,south-west
3879,I am jogging north along the west shore of the island. In which direction is the sea?,west
3880,I am jogging north-east along the north-west shore of the island. In which direction is the sea?,north-west
3881,I am riding east along the north shore of the island. In which direction is the sea?,north
3882,I am riding south-east along the north-east shore of the island. In which direction is the sea?,north-east
3883,I am riding south along the east shore of the island. In which direction is the sea?,east
3884,I am riding south-west along the south-east shore of the island. In which direction is the sea?,south-east
3885,I am riding west along the south shore of the island. In which direction is the sea?,south
3886,I am riding north-west along the south-west shore of the island. In which direction is the sea?,south-west
3887,I am riding north along the west shore of the island. In which direction is the sea?,west
3888,I am riding north-east along the north-west shore of the island. In which direction is the sea?,north-west
3889,I am perambulating east along the north shore of the island. In which direction is the sea?,north
3890,I am perambulating south-east along the north-east shore of the island. In which direction is the sea?,north-east
3891,I am perambulating south along the east shore of the island. In which direction is the sea?,east
3892,I am perambulating south-west along the south-east shore of the island. In which direction is the sea?,south-east
3893,I am perambulating west along the south shore of the island. In which direction is the sea?,south
3894,I am perambulating north-west along the south-west shore of the island. In which direction is the sea?,south-west
3895,I am perambulating north along the west shore of the island. In which direction is the sea?,west
3896,I am perambulating north-east along the north-west shore of the island. In which direction is the sea?,north-west
3897,I am hiking east along the north shore of the island. In which direction is the sea?,north
3898,I am hiking south-east along the north-east shore of the island. In which direction is the sea?,north-east
3899,I am hiking south along the east shore of the island. In which direction is the sea?,east
3900,I am hiking south-west along the south-east shore of the island. In which direction is the sea?,south-east
3901,I am hiking west along the south shore of the island. In which direction is the sea?,south
3902,I am hiking north-west along the south-west shore of the island. In which direction is the sea?,south-west
3903,I am hiking north along the west shore of the island. In which direction is the sea?,west
3904,I am hiking north-east along the north-west shore of the island. In which direction is the sea?,north-west
3905,I am unicycling east along the north shore of the island. In which direction is the sea?,north
3906,I am unicycling south-east along the north-east shore of the island. In which direction is the sea?,north-east
3907,I am unicycling south along the east shore of the island. In which direction is the sea?,east
3908,I am unicycling south-west along the south-east shore of the island. In which direction is the sea?,south-east
3909,I am unicycling west along the south shore of the island. In which direction is the sea?,south
3910,I am unicycling north-west along the south-west shore of the island. In which direction is the sea?,south-west
3911,I am unicycling north along the west shore of the island. In which direction is the sea?,west
3912,I am unicycling north-east along the north-west shore of the island. In which direction is the sea?,north-west
3913,I am racing east along the north shore of the island. In which direction is the sea?,north
3914,I am racing south-east along the north-east shore of the island. In which direction is the sea?,north-east
3915,I am racing south along the east shore of the island. In which direction is the sea?,east
3916,I am racing south-west along the south-east shore of the island. In which direction is the sea?,south-east
3917,I am racing west along the south shore of the island. In which direction is the sea?,south
3918,I am racing north-west along the south-west shore of the island. In which direction is the sea?,south-west
3919,I am racing north along the west shore of the island. In which direction is the sea?,west
3920,I am racing north-east along the north-west shore of the island. In which direction is the sea?,north-west
3921,You are running east along the north shore of the island. In which direction is the sea?,north
3922,You are running south-east along the north-east shore of the island. In which direction is the sea?,north-east
3923,You are running south along the east shore of the island. In which direction is the sea?,east
3924,You are running south-west along the south-east shore of the island. In which direction is the sea?,south-east
3925,You are running west along the south shore of the island. In which direction is the sea?,south
3926,You are running north-west along the south-west shore of the island. In which direction is the sea?,south-west
3927,You are running north along the west shore of the island. In which direction is the sea?,west
3928,You are running north-east along the north-west shore of the island. In which direction is the sea?,north-west
3929,You are walking east along the north shore of the island. In which direction is the sea?,north
3930,You are walking south-east along the north-east shore of the island. In which direction is the sea?,north-east
3931,You are walking south along the east shore of the island. In which direction is the sea?,east
3932,You are walking south-west along the south-east shore of the island. In which direction is the sea?,south-east
3933,You are walking west along the south shore of the island. In which direction is the sea?,south
3934,You are walking north-west along the south-west shore of the island. In which direction is the sea?,south-west
3935,You are walking north along the west shore of the island. In which direction is the sea?,west
3936,You are walking north-east along the north-west shore of the island. In which direction is the sea?,north-west
3937,You are cycling east along the north shore of the island. In which direction is the sea?,north
3938,You are cycling south-east along the north-east shore of the island. In which direction is the sea?,north-east
3939,You are cycling south along the east shore of the island. In which direction is the sea?,east
3940,You are cycling south-west along the south-east shore of the island. In which direction is the sea?,south-east
3941,You are cycling west along the south shore of the island. In which direction is the sea?,south
3942,You are cycling north-west along the south-west shore of the island. In which direction is the sea?,south-west
3943,You are cycling north along the west shore of the island. In which direction is the sea?,west
3944,You are cycling north-east along the north-west shore of the island. In which direction is the sea?,north-west
3945,You are driving east along the north shore of the island. In which direction is the sea?,north
3946,You are driving south-east along the north-east shore of the island. In which direction is the sea?,north-east
3947,You are driving south along the east shore of the island. In which direction is the sea?,east
3948,You are driving south-west along the south-east shore of the island. In which direction is the sea?,south-east
3949,You are driving west along the south shore of the island. In which direction is the sea?,south
3950,You are driving north-west along the south-west shore of the island. In which direction is the sea?,south-west
3951,You are driving north along the west shore of the island. In which direction is the sea?,west
3952,You are driving north-east along the north-west shore of the island. In which direction is the sea?,north-west
3953,You are jogging east along the north shore of the island. In which direction is the sea?,north
3954,You are jogging south-east along the north-east shore of the island. In which direction is the sea?,north-east
3955,You are jogging south along the east shore of the island. In which direction is the sea?,east
3956,You are jogging south-west along the south-east shore of the island. In which direction is the sea?,south-east
3957,You are jogging west along the south shore of the island. In which direction is the sea?,south
3958,You are jogging north-west along the south-west shore of the island. In which direction is the sea?,south-west
3959,You are jogging north along the west shore of the island. In which direction is the sea?,west
3960,You are jogging north-east along the north-west shore of the island. In which direction is the sea?,north-west
3961,You are riding east along the north shore of the island. In which direction is the sea?,north
3962,You are riding south-east along the north-east shore of the island. In which direction is the sea?,north-east
3963,You are riding south along the east shore of the island. In which direction is the sea?,east
3964,You are riding south-west along the south-east shore of the island. In which direction is the sea?,south-east
3965,You are riding west along the south shore of the island. In which direction is the sea?,south
3966,You are riding north-west along the south-west shore of the island. In which direction is the sea?,south-west
3967,You are riding north along the west shore of the island. In which direction is the sea?,west
3968,You are riding north-east along the north-west shore of the island. In which direction is the sea?,north-west
3969,You are perambulating east along the north shore of the island. In which direction is the sea?,north
3970,You are perambulating south-east along the north-east shore of the island. In which direction is the sea?,north-east
3971,You are perambulating south along the east shore of the island. In which direction is the sea?,east
3972,You are perambulating south-west along the south-east shore of the island. In which direction is the sea?,south-east
3973,You are perambulating west along the south shore of the island. In which direction is the sea?,south
3974,You are perambulating north-west along the south-west shore of the island. In which direction is the sea?,south-west
3975,You are perambulating north along the west shore of the island. In which direction is the sea?,west
3976,You are perambulating north-east along the north-west shore of the island. In which direction is the sea?,north-west
3977,You are hiking east along the north shore of the island. In which direction is the sea?,north
3978,You are hiking south-east along the north-east shore of the island. In which direction is the sea?,north-east
3979,You are hiking south along the east shore of the island. In which direction is the sea?,east
3980,You are hiking south-west along the south-east shore of the island. In which direction is the sea?,south-east
3981,You are hiking west along the south shore of the island. In which direction is the sea?,south
3982,You are hiking north-west along the south-west shore of the island. In which direction is the sea?,south-west
3983,You are hiking north along the west shore of the island. In which direction is the sea?,west
3984,You are hiking north-east along the north-west shore of the island. In which direction is the sea?,north-west
3985,You are unicycling east along the north shore of the island. In which direction is the sea?,north
3986,You are unicycling south-east along the north-east shore of the island. In which direction is the sea?,north-east
3987,You are unicycling south along the east shore of the island. In which direction is the sea?,east
3988,You are unicycling south-west along the south-east shore of the island. In which direction is the sea?,south-east
3989,You are unicycling west along the south shore of the island. In which direction is the sea?,south
3990,You are unicycling north-west along the south-west shore of the island. In which direction is the sea?,south-west
3991,You are unicycling north along the west shore of the island. In which direction is the sea?,west
3992,You are unicycling north-east along the north-west shore of the island. In which direction is the sea?,north-west
3993,You are racing east along the north shore of the island. In which direction is the sea?,north
3994,You are racing south-east along the north-east shore of the island. In which direction is the sea?,north-east
3995,You are racing south along the east shore of the island. In which direction is the sea?,east
3996,You are racing south-west along the south-east shore of the island. In which direction is the sea?,south-east
3997,You are racing west along the south shore of the island. In which direction is the sea?,south
3998,You are racing north-west along the south-west shore of the island. In which direction is the sea?,south-west
3999,You are racing north along the west shore of the island. In which direction is the sea?,west
4000,You are racing north-east along the north-west shore of the island. In which direction is the sea?,north-west
4001,He is running east along the north shore of the island. In which direction is the sea?,north
4002,He is running south-east along the north-east shore of the island. In which direction is the sea?,north-east
4003,He is running south along the east shore of the island. In which direction is the sea?,east
4004,He is running south-west along the south-east shore of the island. In which direction is the sea?,south-east
4005,He is running west along the south shore of the island. In which direction is the sea?,south
4006,He is running north-west along the south-west shore of the island. In which direction is the sea?,south-west
4007,He is running north along the west shore of the island. In which direction is the sea?,west
4008,He is running north-east along the north-west shore of the island. In which direction is the sea?,north-west
4009,He is walking east along the north shore of the island. In which direction is the sea?,north
4010,He is walking south-east along the north-east shore of the island. In which direction is the sea?,north-east
4011,He is walking south along the east shore of the island. In which direction is the sea?,east
4012,He is walking south-west along the south-east shore of the island. In which direction is the sea?,south-east
4013,He is walking west along the south shore of the island. In which direction is the sea?,south
4014,He is walking north-west along the south-west shore of the island. In which direction is the sea?,south-west
4015,He is walking north along the west shore of the island. In which direction is the sea?,west
4016,He is walking north-east along the north-west shore of the island. In which direction is the sea?,north-west
4017,He is cycling east along the north shore of the island. In which direction is the sea?,north
4018,He is cycling south-east along the north-east shore of the island. In which direction is the sea?,north-east
4019,He is cycling south along the east shore of the island. In which direction is the sea?,east
4020,He is cycling south-west along the south-east shore of the island. In which direction is the sea?,south-east
4021,He is cycling west along the south shore of the island. In which direction is the sea?,south
4022,He is cycling north-west along the south-west shore of the island. In which direction is the sea?,south-west
4023,He is cycling north along the west shore of the island. In which direction is the sea?,west
4024,He is cycling north-east along the north-west shore of the island. In which direction is the sea?,north-west
4025,He is driving east along the north shore of the island. In which direction is the sea?,north
4026,He is driving south-east along the north-east shore of the island. In which direction is the sea?,north-east
4027,He is driving south along the east shore of the island. In which direction is the sea?,east
4028,He is driving south-west along the south-east shore of the island. In which direction is the sea?,south-east
4029,He is driving west along the south shore of the island. In which direction is the sea?,south
4030,He is driving north-west along the south-west shore of the island. In which direction is the sea?,south-west
4031,He is driving north along the west shore of the island. In which direction is the sea?,west
4032,He is driving north-east along the north-west shore of the island. In which direction is the sea?,north-west
4033,He is jogging east along the north shore of the island. In which direction is the sea?,north
4034,He is jogging south-east along the north-east shore of the island. In which direction is the sea?,north-east
4035,He is jogging south along the east shore of the island. In which direction is the sea?,east
4036,He is jogging south-west along the south-east shore of the island. In which direction is the sea?,south-east
4037,He is jogging west along the south shore of the island. In which direction is the sea?,south
4038,He is jogging north-west along the south-west shore of the island. In which direction is the sea?,south-west
4039,He is jogging north along the west shore of the island. In which direction is the sea?,west
4040,He is jogging north-east along the north-west shore of the island. In which direction is the sea?,north-west
4041,He is riding east along the north shore of the island. In which direction is the sea?,north
4042,He is riding south-east along the north-east shore of the island. In which direction is the sea?,north-east
4043,He is riding south along the east shore of the island. In which direction is the sea?,east
4044,He is riding south-west along the south-east shore of the island. In which direction is the sea?,south-east
4045,He is riding west along the south shore of the island. In which direction is the sea?,south
4046,He is riding north-west along the south-west shore of the island. In which direction is the sea?,south-west
4047,He is riding north along the west shore of the island. In which direction is the sea?,west
4048,He is riding north-east along the north-west shore of the island. In which direction is the sea?,north-west
4049,He is perambulating east along the north shore of the island. In which direction is the sea?,north
4050,He is perambulating south-east along the north-east shore of the island. In which direction is the sea?,north-east
4051,He is perambulating south along the east shore of the island. In which direction is the sea?,east
4052,He is perambulating south-west along the south-east shore of the island. In which direction is the sea?,south-east
4053,He is perambulating west along the south shore of the island. In which direction is the sea?,south
4054,He is perambulating north-west along the south-west shore of the island. In which direction is the sea?,south-west
4055,He is perambulating north along the west shore of the island. In which direction is the sea?,west
4056,He is perambulating north-east along the north-west shore of the island. In which direction is the sea?,north-west
4057,He is hiking east along the north shore of the island. In which direction is the sea?,north
4058,He is hiking south-east along the north-east shore of the island. In which direction is the sea?,north-east
4059,He is hiking south along the east shore of the island. In which direction is the sea?,east
4060,He is hiking south-west along the south-east shore of the island. In which direction is the sea?,south-east
4061,He is hiking west along the south shore of the island. In which direction is the sea?,south
4062,He is hiking north-west along the south-west shore of the island. In which direction is the sea?,south-west
4063,He is hiking north along the west shore of the island. In which direction is the sea?,west
4064,He is hiking north-east along the north-west shore of the island. In which direction is the sea?,north-west
4065,He is unicycling east along the north shore of the island. In which direction is the sea?,north
4066,He is unicycling south-east along the north-east shore of the island. In which direction is the sea?,north-east
4067,He is unicycling south along the east shore of the island. In which direction is the sea?,east
4068,He is unicycling south-west along the south-east shore of the island. In which direction is the sea?,south-east
4069,He is unicycling west along the south shore of the island. In which direction is the sea?,south
4070,He is unicycling north-west along the south-west shore of the island. In which direction is the sea?,south-west
4071,He is unicycling north along the west shore of the island. In which direction is the sea?,west
4072,He is unicycling north-east along the north-west shore of the island. In which direction is the sea?,north-west
4073,He is racing east along the north shore of the island. In which direction is the sea?,north
4074,He is racing south-east along the north-east shore of the island. In which direction is the sea?,north-east
4075,He is racing south along the east shore of the island. In which direction is the sea?,east
4076,He is racing south-west along the south-east shore of the island. In which direction is the sea?,south-east
4077,He is racing west along the south shore of the island. In which direction is the sea?,south
4078,He is racing north-west along the south-west shore of the island. In which direction is the sea?,south-west
4079,He is racing north along the west shore of the island. In which direction is the sea?,west
4080,He is racing north-east along the north-west shore of the island. In which direction is the sea?,north-west
4081,She is running east along the north shore of the island. In which direction is the sea?,north
4082,She is running south-east along the north-east shore of the island. In which direction is the sea?,north-east
4083,She is running south along the east shore of the island. In which direction is the sea?,east
4084,She is running south-west along the south-east shore of the island. In which direction is the sea?,south-east
4085,She is running west along the south shore of the island. In which direction is the sea?,south
4086,She is running north-west along the south-west shore of the island. In which direction is the sea?,south-west
4087,She is running north along the west shore of the island. In which direction is the sea?,west
4088,She is running north-east along the north-west shore of the island. In which direction is the sea?,north-west
4089,She is walking east along the north shore of the island. In which direction is the sea?,north
4090,She is walking south-east along the north-east shore of the island. In which direction is the sea?,north-east
4091,She is walking south along the east shore of the island. In which direction is the sea?,east
4092,She is walking south-west along the south-east shore of the island. In which direction is the sea?,south-east
4093,She is walking west along the south shore of the island. In which direction is the sea?,south
4094,She is walking north-west along the south-west shore of the island. In which direction is the sea?,south-west
4095,She is walking north along the west shore of the island. In which direction is the sea?,west
4096,She is walking north-east along the north-west shore of the island. In which direction is the sea?,north-west
4097,She is cycling east along the north shore of the island. In which direction is the sea?,north
4098,She is cycling south-east along the north-east shore of the island. In which direction is the sea?,north-east
4099,She is cycling south along the east shore of the island. In which direction is the sea?,east
4100,She is cycling south-west along the south-east shore of the island. In which direction is the sea?,south-east
4101,She is cycling west along the south shore of the island. In which direction is the sea?,south
4102,She is cycling north-west along the south-west shore of the island. In which direction is the sea?,south-west
4103,She is cycling north along the west shore of the island. In which direction is the sea?,west
4104,She is cycling north-east along the north-west shore of the island. In which direction is the sea?,north-west
4105,She is driving east along the north shore of the island. In which direction is the sea?,north
4106,She is driving south-east along the north-east shore of the island. In which direction is the sea?,north-east
4107,She is driving south along the east shore of the island. In which direction is the sea?,east
4108,She is driving south-west along the south-east shore of the island. In which direction is the sea?,south-east
4109,She is driving west along the south shore of the island. In which direction is the sea?,south
4110,She is driving north-west along the south-west shore of the island. In which direction is the sea?,south-west
4111,She is driving north along the west shore of the island. In which direction is the sea?,west
4112,She is driving north-east along the north-west shore of the island. In which direction is the sea?,north-west
4113,She is jogging east along the north shore of the island. In which direction is the sea?,north
4114,She is jogging south-east along the north-east shore of the island. In which direction is the sea?,north-east
4115,She is jogging south along the east shore of the island. In which direction is the sea?,east
4116,She is jogging south-west along the south-east shore of the island. In which direction is the sea?,south-east
4117,She is jogging west along the south shore of the island. In which direction is the sea?,south
4118,She is jogging north-west along the south-west shore of the island. In which direction is the sea?,south-west
4119,She is jogging north along the west shore of the island. In which direction is the sea?,west
4120,She is jogging north-east along the north-west shore of the island. In which direction is the sea?,north-west
4121,She is riding east along the north shore of the island. In which direction is the sea?,north
4122,She is riding south-east along the north-east shore of the island. In which direction is the sea?,north-east
4123,She is riding south along the east shore of the island. In which direction is the sea?,east
4124,She is riding south-west along the south-east shore of the island. In which direction is the sea?,south-east
4125,She is riding west along the south shore of the island. In which direction is the sea?,south
4126,She is riding north-west along the south-west shore of the island. In which direction is the sea?,south-west
4127,She is riding north along the west shore of the island. In which direction is the sea?,west
4128,She is riding north-east along the north-west shore of the island. In which direction is the sea?,north-west
4129,She is perambulating east along the north shore of the island. In which direction is the sea?,north
4130,She is perambulating south-east along the north-east shore of the island. In which direction is the sea?,north-east
4131,She is perambulating south along the east shore of the island. In which direction is the sea?,east
4132,She is perambulating south-west along the south-east shore of the island. In which direction is the sea?,south-east
4133,She is perambulating west along the south shore of the island. In which direction is the sea?,south
4134,She is perambulating north-west along the south-west shore of the island. In which direction is the sea?,south-west
4135,She is perambulating north along the west shore of the island. In which direction is the sea?,west
4136,She is perambulating north-east along the north-west shore of the island. In which direction is the sea?,north-west
4137,She is hiking east along the north shore of the island. In which direction is the sea?,north
4138,She is hiking south-east along the north-east shore of the island. In which direction is the sea?,north-east
4139,She is hiking south along the east shore of the island. In which direction is the sea?,east
4140,She is hiking south-west along the south-east shore of the island. In which direction is the sea?,south-east
4141,She is hiking west along the south shore of the island. In which direction is the sea?,south
4142,She is hiking north-west along the south-west shore of the island. In which direction is the sea?,south-west
4143,She is hiking north along the west shore of the island. In which direction is the sea?,west
4144,She is hiking north-east along the north-west shore of the island. In which direction is the sea?,north-west
4145,She is unicycling east along the north shore of the island. In which direction is the sea?,north
4146,She is unicycling south-east along the north-east shore of the island. In which direction is the sea?,north-east
4147,She is unicycling south along the east shore of the island. In which direction is the sea?,east
4148,She is unicycling south-west along the south-east shore of the island. In which direction is the sea?,south-east
4149,She is unicycling west along the south shore of the island. In which direction is the sea?,south
4150,She is unicycling north-west along the south-west shore of the island. In which direction is the sea?,south-west
4151,She is unicycling north along the west shore of the island. In which direction is the sea?,west
4152,She is unicycling north-east along the north-west shore of the island. In which direction is the sea?,north-west
4153,She is racing east along the north shore of the island. In which direction is the sea?,north
4154,She is racing south-east along the north-east shore of the island. In which direction is the sea?,north-east
4155,She is racing south along the east shore of the island. In which direction is the sea?,east
4156,She is racing south-west along the south-east shore of the island. In which direction is the sea?,south-east
4157,She is racing west along the south shore of the island. In which direction is the sea?,south
4158,She is racing north-west along the south-west shore of the island. In which direction is the sea?,south-west
4159,She is racing north along the west shore of the island. In which direction is the sea?,west
4160,She is racing north-east along the north-west shore of the island. In which direction is the sea?,north-west
4161,We are running east along the north shore of the island. In which direction is the sea?,north
4162,We are running south-east along the north-east shore of the island. In which direction is the sea?,north-east
4163,We are running south along the east shore of the island. In which direction is the sea?,east
4164,We are running south-west along the south-east shore of the island. In which direction is the sea?,south-east
4165,We are running west along the south shore of the island. In which direction is the sea?,south
4166,We are running north-west along the south-west shore of the island. In which direction is the sea?,south-west
4167,We are running north along the west shore of the island. In which direction is the sea?,west
4168,We are running north-east along the north-west shore of the island. In which direction is the sea?,north-west
4169,We are walking east along the north shore of the island. In which direction is the sea?,north
4170,We are walking south-east along the north-east shore of the island. In which direction is the sea?,north-east
4171,We are walking south along the east shore of the island. In which direction is the sea?,east
4172,We are walking south-west along the south-east shore of the island. In which direction is the sea?,south-east
4173,We are walking west along the south shore of the island. In which direction is the sea?,south
4174,We are walking north-west along the south-west shore of the island. In which direction is the sea?,south-west
4175,We are walking north along the west shore of the island. In which direction is the sea?,west
4176,We are walking north-east along the north-west shore of the island. In which direction is the sea?,north-west
4177,We are cycling east along the north shore of the island. In which direction is the sea?,north
4178,We are cycling south-east along the north-east shore of the island. In which direction is the sea?,north-east
4179,We are cycling south along the east shore of the island. In which direction is the sea?,east
4180,We are cycling south-west along the south-east shore of the island. In which direction is the sea?,south-east
4181,We are cycling west along the south shore of the island. In which direction is the sea?,south
4182,We are cycling north-west along the south-west shore of the island. In which direction is the sea?,south-west
4183,We are cycling north along the west shore of the island. In which direction is the sea?,west
4184,We are cycling north-east along the north-west shore of the island. In which direction is the sea?,north-west
4185,We are driving east along the north shore of the island. In which direction is the sea?,north
4186,We are driving south-east along the north-east shore of the island. In which direction is the sea?,north-east
4187,We are driving south along the east shore of the island. In which direction is the sea?,east
4188,We are driving south-west along the south-east shore of the island. In which direction is the sea?,south-east
4189,We are driving west along the south shore of the island. In which direction is the sea?,south
4190,We are driving north-west along the south-west shore of the island. In which direction is the sea?,south-west
4191,We are driving north along the west shore of the island. In which direction is the sea?,west
4192,We are driving north-east along the north-west shore of the island. In which direction is the sea?,north-west
4193,We are jogging east along the north shore of the island. In which direction is the sea?,north
4194,We are jogging south-east along the north-east shore of the island. In which direction is the sea?,north-east
4195,We are jogging south along the east shore of the island. In which direction is the sea?,east
4196,We are jogging south-west along the south-east shore of the island. In which direction is the sea?,south-east
4197,We are jogging west along the south shore of the island. In which direction is the sea?,south
4198,We are jogging north-west along the south-west shore of the island. In which direction is the sea?,south-west
4199,We are jogging north along the west shore of the island. In which direction is the sea?,west
4200,We are jogging north-east along the north-west shore of the island. In which direction is the sea?,north-west
4201,We are riding east along the north shore of the island. In which direction is the sea?,north
4202,We are riding south-east along the north-east shore of the island. In which direction is the sea?,north-east
4203,We are riding south along the east shore of the island. In which direction is the sea?,east
4204,We are riding south-west along the south-east shore of the island. In which direction is the sea?,south-east
4205,We are riding west along the south shore of the island. In which direction is the sea?,south
4206,We are riding north-west along the south-west shore of the island. In which direction is the sea?,south-west
4207,We are riding north along the west shore of the island. In which direction is the sea?,west
4208,We are riding north-east along the north-west shore of the island. In which direction is the sea?,north-west
4209,We are perambulating east along the north shore of the island. In which direction is the sea?,north
4210,We are perambulating south-east along the north-east shore of the island. In which direction is the sea?,north-east
4211,We are perambulating south along the east shore of the island. In which direction is the sea?,east
4212,We are perambulating south-west along the south-east shore of the island. In which direction is the sea?,south-east
4213,We are perambulating west along the south shore of the island. In which direction is the sea?,south
4214,We are perambulating north-west along the south-west shore of the island. In which direction is the sea?,south-west
4215,We are perambulating north along the west shore of the island. In which direction is the sea?,west
4216,We are perambulating north-east along the north-west shore of the island. In which direction is the sea?,north-west
4217,We are hiking east along the north shore of the island. In which direction is the sea?,north
4218,We are hiking south-east along the north-east shore of the island. In which direction is the sea?,north-east
4219,We are hiking south along the east shore of the island. In which direction is the sea?,east
4220,We are hiking south-west along the south-east shore of the island. In which direction is the sea?,south-east
4221,We are hiking west along the south shore of the island. In which direction is the sea?,south
4222,We are hiking north-west along the south-west shore of the island. In which direction is the sea?,south-west
4223,We are hiking north along the west shore of the island. In which direction is the sea?,west
4224,We are hiking north-east along the north-west shore of the island. In which direction is the sea?,north-west
4225,We are unicycling east along the north shore of the island. In which direction is the sea?,north
4226,We are unicycling south-east along the north-east shore of the island. In which direction is the sea?,north-east
4227,We are unicycling south along the east shore of the island. In which direction is the sea?,east
4228,We are unicycling south-west along the south-east shore of the island. In which direction is the sea?,south-east
4229,We are unicycling west along the south shore of the island. In which direction is the sea?,south
4230,We are unicycling north-west along the south-west shore of the island. In which direction is the sea?,south-west
4231,We are unicycling north along the west shore of the island. In which direction is the sea?,west
4232,We are unicycling north-east along the north-west shore of the island. In which direction is the sea?,north-west
4233,We are racing east along the north shore of the island. In which direction is the sea?,north
4234,We are racing south-east along the north-east shore of the island. In which direction is the sea?,north-east
4235,We are racing south along the east shore of the island. In which direction is the sea?,east
4236,We are racing south-west along the south-east shore of the island. In which direction is the sea?,south-east
4237,We are racing west along the south shore of the island. In which direction is the sea?,south
4238,We are racing north-west along the south-west shore of the island. In which direction is the sea?,south-west
4239,We are racing north along the west shore of the island. In which direction is the sea?,west
4240,We are racing north-east along the north-west shore of the island. In which direction is the sea?,north-west
4241,They are running east along the north shore of the island. In which direction is the sea?,north
4242,They are running south-east along the north-east shore of the island. In which direction is the sea?,north-east
4243,They are running south along the east shore of the island. In which direction is the sea?,east
4244,They are running south-west along the south-east shore of the island. In which direction is the sea?,south-east
4245,They are running west along the south shore of the island. In which direction is the sea?,south
4246,They are running north-west along the south-west shore of the island. In which direction is the sea?,south-west
4247,They are running north along the west shore of the island. In which direction is the sea?,west
4248,They are running north-east along the north-west shore of the island. In which direction is the sea?,north-west
4249,They are walking east along the north shore of the island. In which direction is the sea?,north
4250,They are walking south-east along the north-east shore of the island. In which direction is the sea?,north-east
4251,They are walking south along the east shore of the island. In which direction is the sea?,east
4252,They are walking south-west along the south-east shore of the island. In which direction is the sea?,south-east
4253,They are walking west along the south shore of the island. In which direction is the sea?,south
4254,They are walking north-west along the south-west shore of the island. In which direction is the sea?,south-west
4255,They are walking north along the west shore of the island. In which direction is the sea?,west
4256,They are walking north-east along the north-west shore of the island. In which direction is the sea?,north-west
4257,They are cycling east along the north shore of the island. In which direction is the sea?,north
4258,They are cycling south-east along the north-east shore of the island. In which direction is the sea?,north-east
4259,They are cycling south along the east shore of the island. In which direction is the sea?,east
4260,They are cycling south-west along the south-east shore of the island. In which direction is the sea?,south-east
4261,They are cycling west along the south shore of the island. In which direction is the sea?,south
4262,They are cycling north-west along the south-west shore of the island. In which direction is the sea?,south-west
4263,They are cycling north along the west shore of the island. In which direction is the sea?,west
4264,They are cycling north-east along the north-west shore of the island. In which direction is the sea?,north-west
4265,They are driving east along the north shore of the island. In which direction is the sea?,north
4266,They are driving south-east along the north-east shore of the island. In which direction is the sea?,north-east
4267,They are driving south along the east shore of the island. In which direction is the sea?,east
4268,They are driving south-west along the south-east shore of the island. In which direction is the sea?,south-east
4269,They are driving west along the south shore of the island. In which direction is the sea?,south
4270,They are driving north-west along the south-west shore of the island. In which direction is the sea?,south-west
4271,They are driving north along the west shore of the island. In which direction is the sea?,west
4272,They are driving north-east along the north-west shore of the island. In which direction is the sea?,north-west
4273,They are jogging east along the north shore of the island. In which direction is the sea?,north
4274,They are jogging south-east along the north-east shore of the island. In which direction is the sea?,north-east
4275,They are jogging south along the east shore of the island. In which direction is the sea?,east
4276,They are jogging south-west along the south-east shore of the island. In which direction is the sea?,south-east
4277,They are jogging west along the south shore of the island. In which direction is the sea?,south
4278,They are jogging north-west along the south-west shore of the island. In which direction is the sea?,south-west
4279,They are jogging north along the west shore of the island. In which direction is the sea?,west
4280,They are jogging north-east along the north-west shore of the island. In which direction is the sea?,north-west
4281,They are riding east along the north shore of the island. In which direction is the sea?,north
4282,They are riding south-east along the north-east shore of the island. In which direction is the sea?,north-east
4283,They are riding south along the east shore of the island. In which direction is the sea?,east
4284,They are riding south-west along the south-east shore of the island. In which direction is the sea?,south-east
4285,They are riding west along the south shore of the island. In which direction is the sea?,south
4286,They are riding north-west along the south-west shore of the island. In which direction is the sea?,south-west
4287,They are riding north along the west shore of the island. In which direction is the sea?,west
4288,They are riding north-east along the north-west shore of the island. In which direction is the sea?,north-west
4289,They are perambulating east along the north shore of the island. In which direction is the sea?,north
4290,They are perambulating south-east along the north-east shore of the island. In which direction is the sea?,north-east
4291,They are perambulating south along the east shore of the island. In which direction is the sea?,east
4292,They are perambulating south-west along the south-east shore of the island. In which direction is the sea?,south-east
4293,They are perambulating west along the south shore of the island. In which direction is the sea?,south
4294,They are perambulating north-west along the south-west shore of the island. In which direction is the sea?,south-west
4295,They are perambulating north along the west shore of the island. In which direction is the sea?,west
4296,They are perambulating north-east along the north-west shore of the island. In which direction is the sea?,north-west
4297,They are hiking east along the north shore of the island. In which direction is the sea?,north
4298,They are hiking south-east along the north-east shore of the island. In which direction is the sea?,north-east
4299,They are hiking south along the east shore of the island. In which direction is the sea?,east
4300,They are hiking south-west along the south-east shore of the island. In which direction is the sea?,south-east
4301,They are hiking west along the south shore of the island. In which direction is the sea?,south
4302,They are hiking north-west along the south-west shore of the island. In which direction is the sea?,south-west
4303,They are hiking north along the west shore of the island. In which direction is the sea?,west
4304,They are hiking north-east along the north-west shore of the island. In which direction is the sea?,north-west
4305,They are unicycling east along the north shore of the island. In which direction is the sea?,north
4306,They are unicycling south-east along the north-east shore of the island. In which direction is the sea?,north-east
4307,They are unicycling south along the east shore of the island. In which direction is the sea?,east
4308,They are unicycling south-west along the south-east shore of the island. In which direction is the sea?,south-east
4309,They are unicycling west along the south shore of the island. In which direction is the sea?,south
4310,They are unicycling north-west along the south-west shore of the island. In which direction is the sea?,south-west
4311,They are unicycling north along the west shore of the island. In which direction is the sea?,west
4312,They are unicycling north-east along the north-west shore of the island. In which direction is the sea?,north-west
4313,They are racing east along the north shore of the island. In which direction is the sea?,north
4314,They are racing south-east along the north-east shore of the island. In which direction is the sea?,north-east
4315,They are racing south along the east shore of the island. In which direction is the sea?,east
4316,They are racing south-west along the south-east shore of the island. In which direction is the sea?,south-east
4317,They are racing west along the south shore of the island. In which direction is the sea?,south
4318,They are racing north-west along the south-west shore of the island. In which direction is the sea?,south-west
4319,They are racing north along the west shore of the island. In which direction is the sea?,west
4320,They are racing north-east along the north-west shore of the island. In which direction is the sea?,north-west
4321,I am running west along the north shore of the island. In which direction is the sea?,north
4322,I am running north-west along the north-east shore of the island. In which direction is the sea?,north-east
4323,I am running north along the east shore of the island. In which direction is the sea?,east
4324,I am running north-east along the south-east shore of the island. In which direction is the sea?,south-east
4325,I am running east along the south shore of the island. In which direction is the sea?,south
4326,I am running south-east along the south-west shore of the island. In which direction is the sea?,south-west
4327,I am running south along the west shore of the island. In which direction is the sea?,west
4328,I am running south-west along the north-west shore of the island. In which direction is the sea?,north-west
4329,I am walking west along the north shore of the island. In which direction is the sea?,north
4330,I am walking north-west along the north-east shore of the island. In which direction is the sea?,north-east
4331,I am walking north along the east shore of the island. In which direction is the sea?,east
4332,I am walking north-east along the south-east shore of the island. In which direction is the sea?,south-east
4333,I am walking east along the south shore of the island. In which direction is the sea?,south
4334,I am walking south-east along the south-west shore of the island. In which direction is the sea?,south-west
4335,I am walking south along the west shore of the island. In which direction is the sea?,west
4336,I am walking south-west along the north-west shore of the island. In which direction is the sea?,north-west
4337,I am cycling west along the north shore of the island. In which direction is the sea?,north
4338,I am cycling north-west along the north-east shore of the island. In which direction is the sea?,north-east
4339,I am cycling north along the east shore of the island. In which direction is the sea?,east
4340,I am cycling north-east along the south-east shore of the island. In which direction is the sea?,south-east
4341,I am cycling east along the south shore of the island. In which direction is the sea?,south
4342,I am cycling south-east along the south-west shore of the island. In which direction is the sea?,south-west
4343,I am cycling south along the west shore of the island. In which direction is the sea?,west
4344,I am cycling south-west along the north-west shore of the island. In which direction is the sea?,north-west
4345,I am driving west along the north shore of the island. In which direction is the sea?,north
4346,I am driving north-west along the north-east shore of the island. In which direction is the sea?,north-east
4347,I am driving north along the east shore of the island. In which direction is the sea?,east
4348,I am driving north-east along the south-east shore of the island. In which direction is the sea?,south-east
4349,I am driving east along the south shore of the island. In which direction is the sea?,south
4350,I am driving south-east along the south-west shore of the island. In which direction is the sea?,south-west
4351,I am driving south along the west shore of the island. In which direction is the sea?,west
4352,I am driving south-west along the north-west shore of the island. In which direction is the sea?,north-west
4353,I am jogging west along the north shore of the island. In which direction is the sea?,north
4354,I am jogging north-west along the north-east shore of the island. In which direction is the sea?,north-east
4355,I am jogging north along the east shore of the island. In which direction is the sea?,east
4356,I am jogging north-east along the south-east shore of the island. In which direction is the sea?,south-east
4357,I am jogging east along the south shore of the island. In which direction is the sea?,south
4358,I am jogging south-east along the south-west shore of the island. In which direction is the sea?,south-west
4359,I am jogging south along the west shore of the island. In which direction is the sea?,west
4360,I am jogging south-west along the north-west shore of the island. In which direction is the sea?,north-west
4361,I am riding west along the north shore of the island. In which direction is the sea?,north
4362,I am riding north-west along the north-east shore of the island. In which direction is the sea?,north-east
4363,I am riding north along the east shore of the island. In which direction is the sea?,east
4364,I am riding north-east along the south-east shore of the island. In which direction is the sea?,south-east
4365,I am riding east along the south shore of the island. In which direction is the sea?,south
4366,I am riding south-east along the south-west shore of the island. In which direction is the sea?,south-west
4367,I am riding south along the west shore of the island. In which direction is the sea?,west
4368,I am riding south-west along the north-west shore of the island. In which direction is the sea?,north-west
4369,I am perambulating west along the north shore of the island. In which direction is the sea?,north
4370,I am perambulating north-west along the north-east shore of the island. In which direction is the sea?,north-east
4371,I am perambulating north along the east shore of the island. In which direction is the sea?,east
4372,I am perambulating north-east along the south-east shore of the island. In which direction is the sea?,south-east
4373,I am perambulating east along the south shore of the island. In which direction is the sea?,south
4374,I am perambulating south-east along the south-west shore of the island. In which direction is the sea?,south-west
4375,I am perambulating south along the west shore of the island. In which direction is the sea?,west
4376,I am perambulating south-west along the north-west shore of the island. In which direction is the sea?,north-west
4377,I am hiking west along the north shore of the island. In which direction is the sea?,north
4378,I am hiking north-west along the north-east shore of the island. In which direction is the sea?,north-east
4379,I am hiking north along the east shore of the island. In which direction is the sea?,east
4380,I am hiking north-east along the south-east shore of the island. In which direction is the sea?,south-east
4381,I am hiking east along the south shore of the island. In which direction is the sea?,south
4382,I am hiking south-east along the south-west shore of the island. In which direction is the sea?,south-west
4383,I am hiking south along the west shore of the island. In which direction is the sea?,west
4384,I am hiking south-west along the north-west shore of the island. In which direction is the sea?,north-west
4385,I am unicycling west along the north shore of the island. In which direction is the sea?,north
4386,I am unicycling north-west along the north-east shore of the island. In which direction is the sea?,north-east
4387,I am unicycling north along the east shore of the island. In which direction is the sea?,east
4388,I am unicycling north-east along the south-east shore of the island. In which direction is the sea?,south-east
4389,I am unicycling east along the south shore of the island. In which direction is the sea?,south
4390,I am unicycling south-east along the south-west shore of the island. In which direction is the sea?,south-west
4391,I am unicycling south along the west shore of the island. In which direction is the sea?,west
4392,I am unicycling south-west along the north-west shore of the island. In which direction is the sea?,north-west
4393,I am racing west along the north shore of the island. In which direction is the sea?,north
4394,I am racing north-west along the north-east shore of the island. In which direction is the sea?,north-east
4395,I am racing north along the east shore of the island. In which direction is the sea?,east
4396,I am racing north-east along the south-east shore of the island. In which direction is the sea?,south-east
4397,I am racing east along the south shore of the island. In which direction is the sea?,south
4398,I am racing south-east along the south-west shore of the island. In which direction is the sea?,south-west
4399,I am racing south along the west shore of the island. In which direction is the sea?,west
4400,I am racing south-west along the north-west shore of the island. In which direction is the sea?,north-west
4401,You are running west along the north shore of the island. In which direction is the sea?,north
4402,You are running north-west along the north-east shore of the island. In which direction is the sea?,north-east
4403,You are running north along the east shore of the island. In which direction is the sea?,east
4404,You are running north-east along the south-east shore of the island. In which direction is the sea?,south-east
4405,You are running east along the south shore of the island. In which direction is the sea?,south
4406,You are running south-east along the south-west shore of the island. In which direction is the sea?,south-west
4407,You are running south along the west shore of the island. In which direction is the sea?,west
4408,You are running south-west along the north-west shore of the island. In which direction is the sea?,north-west
4409,You are walking west along the north shore of the island. In which direction is the sea?,north
4410,You are walking north-west along the north-east shore of the island. In which direction is the sea?,north-east
4411,You are walking north along the east shore of the island. In which direction is the sea?,east
4412,You are walking north-east along the south-east shore of the island. In which direction is the sea?,south-east
4413,You are walking east along the south shore of the island. In which direction is the sea?,south
4414,You are walking south-east along the south-west shore of the island. In which direction is the sea?,south-west
4415,You are walking south along the west shore of the island. In which direction is the sea?,west
4416,You are walking south-west along the north-west shore of the island. In which direction is the sea?,north-west
4417,You are cycling west along the north shore of the island. In which direction is the sea?,north
4418,You are cycling north-west along the north-east shore of the island. In which direction is the sea?,north-east
4419,You are cycling north along the east shore of the island. In which direction is the sea?,east
4420,You are cycling north-east along the south-east shore of the island. In which direction is the sea?,south-east
4421,You are cycling east along the south shore of the island. In which direction is the sea?,south
4422,You are cycling south-east along the south-west shore of the island. In which direction is the sea?,south-west
4423,You are cycling south along the west shore of the island. In which direction is the sea?,west
4424,You are cycling south-west along the north-west shore of the island. In which direction is the sea?,north-west
4425,You are driving west along the north shore of the island. In which direction is the sea?,north
4426,You are driving north-west along the north-east shore of the island. In which direction is the sea?,north-east
4427,You are driving north along the east shore of the island. In which direction is the sea?,east
4428,You are driving north-east along the south-east shore of the island. In which direction is the sea?,south-east
4429,You are driving east along the south shore of the island. In which direction is the sea?,south
4430,You are driving south-east along the south-west shore of the island. In which direction is the sea?,south-west
4431,You are driving south along the west shore of the island. In which direction is the sea?,west
4432,You are driving south-west along the north-west shore of the island. In which direction is the sea?,north-west
4433,You are jogging west along the north shore of the island. In which direction is the sea?,north
4434,You are jogging north-west along the north-east shore of the island. In which direction is the sea?,north-east
4435,You are jogging north along the east shore of the island. In which direction is the sea?,east
4436,You are jogging north-east along the south-east shore of the island. In which direction is the sea?,south-east
4437,You are jogging east along the south shore of the island. In which direction is the sea?,south
4438,You are jogging south-east along the south-west shore of the island. In which direction is the sea?,south-west
4439,You are jogging south along the west shore of the island. In which direction is the sea?,west
4440,You are jogging south-west along the north-west shore of the island. In which direction is the sea?,north-west
4441,You are riding west along the north shore of the island. In which direction is the sea?,north
4442,You are riding north-west along the north-east shore of the island. In which direction is the sea?,north-east
4443,You are riding north along the east shore of the island. In which direction is the sea?,east
4444,You are riding north-east along the south-east shore of the island. In which direction is the sea?,south-east
4445,You are riding east along the south shore of the island. In which direction is the sea?,south
4446,You are riding south-east along the south-west shore of the island. In which direction is the sea?,south-west
4447,You are riding south along the west shore of the island. In which direction is the sea?,west
4448,You are riding south-west along the north-west shore of the island. In which direction is the sea?,north-west
4449,You are perambulating west along the north shore of the island. In which direction is the sea?,north
4450,You are perambulating north-west along the north-east shore of the island. In which direction is the sea?,north-east
4451,You are perambulating north along the east shore of the island. In which direction is the sea?,east
4452,You are perambulating north-east along the south-east shore of the island. In which direction is the sea?,south-east
4453,You are perambulating east along the south shore of the island. In which direction is the sea?,south
4454,You are perambulating south-east along the south-west shore of the island. In which direction is the sea?,south-west
4455,You are perambulating south along the west shore of the island. In which direction is the sea?,west
4456,You are perambulating south-west along the north-west shore of the island. In which direction is the sea?,north-west
4457,You are hiking west along the north shore of the island. In which direction is the sea?,north
4458,You are hiking north-west along the north-east shore of the island. In which direction is the sea?,north-east
4459,You are hiking north along the east shore of the island. In which direction is the sea?,east
4460,You are hiking north-east along the south-east shore of the island. In which direction is the sea?,south-east
4461,You are hiking east along the south shore of the island. In which direction is the sea?,south
4462,You are hiking south-east along the south-west shore of the island. In which direction is the sea?,south-west
4463,You are hiking south along the west shore of the island. In which direction is the sea?,west
4464,You are hiking south-west along the north-west shore of the island. In which direction is the sea?,north-west
4465,You are unicycling west along the north shore of the island. In which direction is the sea?,north
4466,You are unicycling north-west along the north-east shore of the island. In which direction is the sea?,north-east
4467,You are unicycling north along the east shore of the island. In which direction is the sea?,east
4468,You are unicycling north-east along the south-east shore of the island. In which direction is the sea?,south-east
4469,You are unicycling east along the south shore of the island. In which direction is the sea?,south
4470,You are unicycling south-east along the south-west shore of the island. In which direction is the sea?,south-west
4471,You are unicycling south along the west shore of the island. In which direction is the sea?,west
4472,You are unicycling south-west along the north-west shore of the island. In which direction is the sea?,north-west
4473,You are racing west along the north shore of the island. In which direction is the sea?,north
4474,You are racing north-west along the north-east shore of the island. In which direction is the sea?,north-east
4475,You are racing north along the east shore of the island. In which direction is the sea?,east
4476,You are racing north-east along the south-east shore of the island. In which direction is the sea?,south-east
4477,You are racing east along the south shore of the island. In which direction is the sea?,south
4478,You are racing south-east along the south-west shore of the island. In which direction is the sea?,south-west
4479,You are racing south along the west shore of the island. In which direction is the sea?,west
4480,You are racing south-west along the north-west shore of the island. In which direction is the sea?,north-west
4481,He is running west along the north shore of the island. In which direction is the sea?,north
4482,He is running north-west along the north-east shore of the island. In which direction is the sea?,north-east
4483,He is running north along the east shore of the island. In which direction is the sea?,east
4484,He is running north-east along the south-east shore of the island. In which direction is the sea?,south-east
4485,He is running east along the south shore of the island. In which direction is the sea?,south
4486,He is running south-east along the south-west shore of the island. In which direction is the sea?,south-west
4487,He is running south along the west shore of the island. In which direction is the sea?,west
4488,He is running south-west along the north-west shore of the island. In which direction is the sea?,north-west
4489,He is walking west along the north shore of the island. In which direction is the sea?,north
4490,He is walking north-west along the north-east shore of the island. In which direction is the sea?,north-east
4491,He is walking north along the east shore of the island. In which direction is the sea?,east
4492,He is walking north-east along the south-east shore of the island. In which direction is the sea?,south-east
4493,He is walking east along the south shore of the island. In which direction is the sea?,south
4494,He is walking south-east along the south-west shore of the island. In which direction is the sea?,south-west
4495,He is walking south along the west shore of the island. In which direction is the sea?,west
4496,He is walking south-west along the north-west shore of the island. In which direction is the sea?,north-west
4497,He is cycling west along the north shore of the island. In which direction is the sea?,north
4498,He is cycling north-west along the north-east shore of the island. In which direction is the sea?,north-east
4499,He is cycling north along the east shore of the island. In which direction is the sea?,east
4500,He is cycling north-east along the south-east shore of the island. In which direction is the sea?,south-east
4501,He is cycling east along the south shore of the island. In which direction is the sea?,south
4502,He is cycling south-east along the south-west shore of the island. In which direction is the sea?,south-west
4503,He is cycling south along the west shore of the island. In which direction is the sea?,west
4504,He is cycling south-west along the north-west shore of the island. In which direction is the sea?,north-west
4505,He is driving west along the north shore of the island. In which direction is the sea?,north
4506,He is driving north-west along the north-east shore of the island. In which direction is the sea?,north-east
4507,He is driving north along the east shore of the island. In which direction is the sea?,east
4508,He is driving north-east along the south-east shore of the island. In which direction is the sea?,south-east
4509,He is driving east along the south shore of the island. In which direction is the sea?,south
4510,He is driving south-east along the south-west shore of the island. In which direction is the sea?,south-west
4511,He is driving south along the west shore of the island. In which direction is the sea?,west
4512,He is driving south-west along the north-west shore of the island. In which direction is the sea?,north-west
4513,He is jogging west along the north shore of the island. In which direction is the sea?,north
4514,He is jogging north-west along the north-east shore of the island. In which direction is the sea?,north-east
4515,He is jogging north along the east shore of the island. In which direction is the sea?,east
4516,He is jogging north-east along the south-east shore of the island. In which direction is the sea?,south-east
4517,He is jogging east along the south shore of the island. In which direction is the sea?,south
4518,He is jogging south-east along the south-west shore of the island. In which direction is the sea?,south-west
4519,He is jogging south along the west shore of the island. In which direction is the sea?,west
4520,He is jogging south-west along the north-west shore of the island. In which direction is the sea?,north-west
4521,He is riding west along the north shore of the island. In which direction is the sea?,north
4522,He is riding north-west along the north-east shore of the island. In which direction is the sea?,north-east
4523,He is riding north along the east shore of the island. In which direction is the sea?,east
4524,He is riding north-east along the south-east shore of the island. In which direction is the sea?,south-east
4525,He is riding east along the south shore of the island. In which direction is the sea?,south
4526,He is riding south-east along the south-west shore of the island. In which direction is the sea?,south-west
4527,He is riding south along the west shore of the island. In which direction is the sea?,west
4528,He is riding south-west along the north-west shore of the island. In which direction is the sea?,north-west
4529,He is perambulating west along the north shore of the island. In which direction is the sea?,north
4530,He is perambulating north-west along the north-east shore of the island. In which direction is the sea?,north-east
4531,He is perambulating north along the east shore of the island. In which direction is the sea?,east
4532,He is perambulating north-east along the south-east shore of the island. In which direction is the sea?,south-east
4533,He is perambulating east along the south shore of the island. In which direction is the sea?,south
4534,He is perambulating south-east along the south-west shore of the island. In which direction is the sea?,south-west
4535,He is perambulating south along the west shore of the island. In which direction is the sea?,west
4536,He is perambulating south-west along the north-west shore of the island. In which direction is the sea?,north-west
4537,He is hiking west along the north shore of the island. In which direction is the sea?,north
4538,He is hiking north-west along the north-east shore of the island. In which direction is the sea?,north-east
4539,He is hiking north along the east shore of the island. In which direction is the sea?,east
4540,He is hiking north-east along the south-east shore of the island. In which direction is the sea?,south-east
4541,He is hiking east along the south shore of the island. In which direction is the sea?,south
4542,He is hiking south-east along the south-west shore of the island. In which direction is the sea?,south-west
4543,He is hiking south along the west shore of the island. In which direction is the sea?,west
4544,He is hiking south-west along the north-west shore of the island. In which direction is the sea?,north-west
4545,He is unicycling west along the north shore of the island. In which direction is the sea?,north
4546,He is unicycling north-west along the north-east shore of the island. In which direction is the sea?,north-east
4547,He is unicycling north along the east shore of the island. In which direction is the sea?,east
4548,He is unicycling north-east along the south-east shore of the island. In which direction is the sea?,south-east
4549,He is unicycling east along the south shore of the island. In which direction is the sea?,south
4550,He is unicycling south-east along the south-west shore of the island. In which direction is the sea?,south-west
4551,He is unicycling south along the west shore of the island. In which direction is the sea?,west
4552,He is unicycling south-west along the north-west shore of the island. In which direction is the sea?,north-west
4553,He is racing west along the north shore of the island. In which direction is the sea?,north
4554,He is racing north-west along the north-east shore of the island. In which direction is the sea?,north-east
4555,He is racing north along the east shore of the island. In which direction is the sea?,east
4556,He is racing north-east along the south-east shore of the island. In which direction is the sea?,south-east
4557,He is racing east along the south shore of the island. In which direction is the sea?,south
4558,He is racing south-east along the south-west shore of the island. In which direction is the sea?,south-west
4559,He is racing south along the west shore of the island. In which direction is the sea?,west
4560,He is racing south-west along the north-west shore of the island. In which direction is the sea?,north-west
4561,She is running west along the north shore of the island. In which direction is the sea?,north
4562,She is running north-west along the north-east shore of the island. In which direction is the sea?,north-east
4563,She is running north along the east shore of the island. In which direction is the sea?,east
4564,She is running north-east along the south-east shore of the island. In which direction is the sea?,south-east
4565,She is running east along the south shore of the island. In which direction is the sea?,south
4566,She is running south-east along the south-west shore of the island. In which direction is the sea?,south-west
4567,She is running south along the west shore of the island. In which direction is the sea?,west
4568,She is running south-west along the north-west shore of the island. In which direction is the sea?,north-west
4569,She is walking west along the north shore of the island. In which direction is the sea?,north
4570,She is walking north-west along the north-east shore of the island. In which direction is the sea?,north-east
4571,She is walking north along the east shore of the island. In which direction is the sea?,east
4572,She is walking north-east along the south-east shore of the island. In which direction is the sea?,south-east
4573,She is walking east along the south shore of the island. In which direction is the sea?,south
4574,She is walking south-east along the south-west shore of the island. In which direction is the sea?,south-west
4575,She is walking south along the west shore of the island. In which direction is the sea?,west
4576,She is walking south-west along the north-west shore of the island. In which direction is the sea?,north-west
4577,She is cycling west along the north shore of the island. In which direction is the sea?,north
4578,She is cycling north-west along the north-east shore of the island. In which direction is the sea?,north-east
4579,She is cycling north along the east shore of the island. In which direction is the sea?,east
4580,She is cycling north-east along the south-east shore of the island. In which direction is the sea?,south-east
4581,She is cycling east along the south shore of the island. In which direction is the sea?,south
4582,She is cycling south-east along the south-west shore of the island. In which direction is the sea?,south-west
4583,She is cycling south along the west shore of the island. In which direction is the sea?,west
4584,She is cycling south-west along the north-west shore of the island. In which direction is the sea?,north-west
4585,She is driving west along the north shore of the island. In which direction is the sea?,north
4586,She is driving north-west along the north-east shore of the island. In which direction is the sea?,north-east
4587,She is driving north along the east shore of the island. In which direction is the sea?,east
4588,She is driving north-east along the south-east shore of the island. In which direction is the sea?,south-east
4589,She is driving east along the south shore of the island. In which direction is the sea?,south
4590,She is driving south-east along the south-west shore of the island. In which direction is the sea?,south-west
4591,She is driving south along the west shore of the island. In which direction is the sea?,west
4592,She is driving south-west along the north-west shore of the island. In which direction is the sea?,north-west
4593,She is jogging west along the north shore of the island. In which direction is the sea?,north
4594,She is jogging north-west along the north-east shore of the island. In which direction is the sea?,north-east
4595,She is jogging north along the east shore of the island. In which direction is the sea?,east
4596,She is jogging north-east along the south-east shore of the island. In which direction is the sea?,south-east
4597,She is jogging east along the south shore of the island. In which direction is the sea?,south
4598,She is jogging south-east along the south-west shore of the island. In which direction is the sea?,south-west
4599,She is jogging south along the west shore of the island. In which direction is the sea?,west
4600,She is jogging south-west along the north-west shore of the island. In which direction is the sea?,north-west
4601,She is riding west along the north shore of the island. In which direction is the sea?,north
4602,She is riding north-west along the north-east shore of the island. In which direction is the sea?,north-east
4603,She is riding north along the east shore of the island. In which direction is the sea?,east
4604,She is riding north-east along the south-east shore of the island. In which direction is the sea?,south-east
4605,She is riding east along the south shore of the island. In which direction is the sea?,south
4606,She is riding south-east along the south-west shore of the island. In which direction is the sea?,south-west
4607,She is riding south along the west shore of the island. In which direction is the sea?,west
4608,She is riding south-west along the north-west shore of the island. In which direction is the sea?,north-west
4609,She is perambulating west along the north shore of the island. In which direction is the sea?,north
4610,She is perambulating north-west along the north-east shore of the island. In which direction is the sea?,north-east
4611,She is perambulating north along the east shore of the island. In which direction is the sea?,east
4612,She is perambulating north-east along the south-east shore of the island. In which direction is the sea?,south-east
4613,She is perambulating east along the south shore of the island. In which direction is the sea?,south
4614,She is perambulating south-east along the south-west shore of the island. In which direction is the sea?,south-west
4615,She is perambulating south along the west shore of the island. In which direction is the sea?,west
4616,She is perambulating south-west along the north-west shore of the island. In which direction is the sea?,north-west
4617,She is hiking west along the north shore of the island. In which direction is the sea?,north
4618,She is hiking north-west along the north-east shore of the island. In which direction is the sea?,north-east
4619,She is hiking north along the east shore of the island. In which direction is the sea?,east
4620,She is hiking north-east along the south-east shore of the island. In which direction is the sea?,south-east
4621,She is hiking east along the south shore of the island. In which direction is the sea?,south
4622,She is hiking south-east along the south-west shore of the island. In which direction is the sea?,south-west
4623,She is hiking south along the west shore of the island. In which direction is the sea?,west
4624,She is hiking south-west along the north-west shore of the island. In which direction is the sea?,north-west
4625,She is unicycling west along the north shore of the island. In which direction is the sea?,north
4626,She is unicycling north-west along the north-east shore of the island. In which direction is the sea?,north-east
4627,She is unicycling north along the east shore of the island. In which direction is the sea?,east
4628,She is unicycling north-east along the south-east shore of the island. In which direction is the sea?,south-east
4629,She is unicycling east along the south shore of the island. In which direction is the sea?,south
4630,She is unicycling south-east along the south-west shore of the island. In which direction is the sea?,south-west
4631,She is unicycling south along the west shore of the island. In which direction is the sea?,west
4632,She is unicycling south-west along the north-west shore of the island. In which direction is the sea?,north-west
4633,She is racing west along the north shore of the island. In which direction is the sea?,north
4634,She is racing north-west along the north-east shore of the island. In which direction is the sea?,north-east
4635,She is racing north along the east shore of the island. In which direction is the sea?,east
4636,She is racing north-east along the south-east shore of the island. In which direction is the sea?,south-east
4637,She is racing east along the south shore of the island. In which direction is the sea?,south
4638,She is racing south-east along the south-west shore of the island. In which direction is the sea?,south-west
4639,She is racing south along the west shore of the island. In which direction is the sea?,west
4640,She is racing south-west along the north-west shore of the island. In which direction is the sea?,north-west
4641,We are running west along the north shore of the island. In which direction is the sea?,north
4642,We are running north-west along the north-east shore of the island. In which direction is the sea?,north-east
4643,We are running north along the east shore of the island. In which direction is the sea?,east
4644,We are running north-east along the south-east shore of the island. In which direction is the sea?,south-east
4645,We are running east along the south shore of the island. In which direction is the sea?,south
4646,We are running south-east along the south-west shore of the island. In which direction is the sea?,south-west
4647,We are running south along the west shore of the island. In which direction is the sea?,west
4648,We are running south-west along the north-west shore of the island. In which direction is the sea?,north-west
4649,We are walking west along the north shore of the island. In which direction is the sea?,north
4650,We are walking north-west along the north-east shore of the island. In which direction is the sea?,north-east
4651,We are walking north along the east shore of the island. In which direction is the sea?,east
4652,We are walking north-east along the south-east shore of the island. In which direction is the sea?,south-east
4653,We are walking east along the south shore of the island. In which direction is the sea?,south
4654,We are walking south-east along the south-west shore of the island. In which direction is the sea?,south-west
4655,We are walking south along the west shore of the island. In which direction is the sea?,west
4656,We are walking south-west along the north-west shore of the island. In which direction is the sea?,north-west
4657,We are cycling west along the north shore of the island. In which direction is the sea?,north
4658,We are cycling north-west along the north-east shore of the island. In which direction is the sea?,north-east
4659,We are cycling north along the east shore of the island. In which direction is the sea?,east
4660,We are cycling north-east along the south-east shore of the island. In which direction is the sea?,south-east
4661,We are cycling east along the south shore of the island. In which direction is the sea?,south
4662,We are cycling south-east along the south-west shore of the island. In which direction is the sea?,south-west
4663,We are cycling south along the west shore of the island. In which direction is the sea?,west
4664,We are cycling south-west along the north-west shore of the island. In which direction is the sea?,north-west
4665,We are driving west along the north shore of the island. In which direction is the sea?,north
4666,We are driving north-west along the north-east shore of the island. In which direction is the sea?,north-east
4667,We are driving north along the east shore of the island. In which direction is the sea?,east
4668,We are driving north-east along the south-east shore of the island. In which direction is the sea?,south-east
4669,We are driving east along the south shore of the island. In which direction is the sea?,south
4670,We are driving south-east along the south-west shore of the island. In which direction is the sea?,south-west
4671,We are driving south along the west shore of the island. In which direction is the sea?,west
4672,We are driving south-west along the north-west shore of the island. In which direction is the sea?,north-west
4673,We are jogging west along the north shore of the island. In which direction is the sea?,north
4674,We are jogging north-west along the north-east shore of the island. In which direction is the sea?,north-east
4675,We are jogging north along the east shore of the island. In which direction is the sea?,east
4676,We are jogging north-east along the south-east shore of the island. In which direction is the sea?,south-east
4677,We are jogging east along the south shore of the island. In which direction is the sea?,south
4678,We are jogging south-east along the south-west shore of the island. In which direction is the sea?,south-west
4679,We are jogging south along the west shore of the island. In which direction is the sea?,west
4680,We are jogging south-west along the north-west shore of the island. In which direction is the sea?,north-west
4681,We are riding west along the north shore of the island. In which direction is the sea?,north
4682,We are riding north-west along the north-east shore of the island. In which direction is the sea?,north-east
4683,We are riding north along the east shore of the island. In which direction is the sea?,east
4684,We are riding north-east along the south-east shore of the island. In which direction is the sea?,south-east
4685,We are riding east along the south shore of the island. In which direction is the sea?,south
4686,We are riding south-east along the south-west shore of the island. In which direction is the sea?,south-west
4687,We are riding south along the west shore of the island. In which direction is the sea?,west
4688,We are riding south-west along the north-west shore of the island. In which direction is the sea?,north-west
4689,We are perambulating west along the north shore of the island. In which direction is the sea?,north
4690,We are perambulating north-west along the north-east shore of the island. In which direction is the sea?,north-east
4691,We are perambulating north along the east shore of the island. In which direction is the sea?,east
4692,We are perambulating north-east along the south-east shore of the island. In which direction is the sea?,south-east
4693,We are perambulating east along the south shore of the island. In which direction is the sea?,south
4694,We are perambulating south-east along the south-west shore of the island. In which direction is the sea?,south-west
4695,We are perambulating south along the west shore of the island. In which direction is the sea?,west
4696,We are perambulating south-west along the north-west shore of the island. In which direction is the sea?,north-west
4697,We are hiking west along the north shore of the island. In which direction is the sea?,north
4698,We are hiking north-west along the north-east shore of the island. In which direction is the sea?,north-east
4699,We are hiking north along the east shore of the island. In which direction is the sea?,east
4700,We are hiking north-east along the south-east shore of the island. In which direction is the sea?,south-east
4701,We are hiking east along the south shore of the island. In which direction is the sea?,south
4702,We are hiking south-east along the south-west shore of the island. In which direction is the sea?,south-west
4703,We are hiking south along the west shore of the island. In which direction is the sea?,west
4704,We are hiking south-west along the north-west shore of the island. In which direction is the sea?,north-west
4705,We are unicycling west along the north shore of the island. In which direction is the sea?,north
4706,We are unicycling north-west along the north-east shore of the island. In which direction is the sea?,north-east
4707,We are unicycling north along the east shore of the island. In which direction is the sea?,east
4708,We are unicycling north-east along the south-east shore of the island. In which direction is the sea?,south-east
4709,We are unicycling east along the south shore of the island. In which direction is the sea?,south
4710,We are unicycling south-east along the south-west shore of the island. In which direction is the sea?,south-west
4711,We are unicycling south along the west shore of the island. In which direction is the sea?,west
4712,We are unicycling south-west along the north-west shore of the island. In which direction is the sea?,north-west
4713,We are racing west along the north shore of the island. In which direction is the sea?,north
4714,We are racing north-west along the north-east shore of the island. In which direction is the sea?,north-east
4715,We are racing north along the east shore of the island. In which direction is the sea?,east
4716,We are racing north-east along the south-east shore of the island. In which direction is the sea?,south-east
4717,We are racing east along the south shore of the island. In which direction is the sea?,south
4718,We are racing south-east along the south-west shore of the island. In which direction is the sea?,south-west
4719,We are racing south along the west shore of the island. In which direction is the sea?,west
4720,We are racing south-west along the north-west shore of the island. In which direction is the sea?,north-west
4721,They are running west along the north shore of the island. In which direction is the sea?,north
4722,They are running north-west along the north-east shore of the island. In which direction is the sea?,north-east
4723,They are running north along the east shore of the island. In which direction is the sea?,east
4724,They are running north-east along the south-east shore of the island. In which direction is the sea?,south-east
4725,They are running east along the south shore of the island. In which direction is the sea?,south
4726,They are running south-east along the south-west shore of the island. In which direction is the sea?,south-west
4727,They are running south along the west shore of the island. In which direction is the sea?,west
4728,They are running south-west along the north-west shore of the island. In which direction is the sea?,north-west
4729,They are walking west along the north shore of the island. In which direction is the sea?,north
4730,They are walking north-west along the north-east shore of the island. In which direction is the sea?,north-east
4731,They are walking north along the east shore of the island. In which direction is the sea?,east
4732,They are walking north-east along the south-east shore of the island. In which direction is the sea?,south-east
4733,They are walking east along the south shore of the island. In which direction is the sea?,south
4734,They are walking south-east along the south-west shore of the island. In which direction is the sea?,south-west
4735,They are walking south along the west shore of the island. In which direction is the sea?,west
4736,They are walking south-west along the north-west shore of the island. In which direction is the sea?,north-west
4737,They are cycling west along the north shore of the island. In which direction is the sea?,north
4738,They are cycling north-west along the north-east shore of the island. In which direction is the sea?,north-east
4739,They are cycling north along the east shore of the island. In which direction is the sea?,east
4740,They are cycling north-east along the south-east shore of the island. In which direction is the sea?,south-east
4741,They are cycling east along the south shore of the island. In which direction is the sea?,south
4742,They are cycling south-east along the south-west shore of the island. In which direction is the sea?,south-west
4743,They are cycling south along the west shore of the island. In which direction is the sea?,west
4744,They are cycling south-west along the north-west shore of the island. In which direction is the sea?,north-west
4745,They are driving west along the north shore of the island. In which direction is the sea?,north
4746,They are driving north-west along the north-east shore of the island. In which direction is the sea?,north-east
4747,They are driving north along the east shore of the island. In which direction is the sea?,east
4748,They are driving north-east along the south-east shore of the island. In which direction is the sea?,south-east
4749,They are driving east along the south shore of the island. In which direction is the sea?,south
4750,They are driving south-east along the south-west shore of the island. In which direction is the sea?,south-west
4751,They are driving south along the west shore of the island. In which direction is the sea?,west
4752,They are driving south-west along the north-west shore of the island. In which direction is the sea?,north-west
4753,They are jogging west along the north shore of the island. In which direction is the sea?,north
4754,They are jogging north-west along the north-east shore of the island. In which direction is the sea?,north-east
4755,They are jogging north along the east shore of the island. In which direction is the sea?,east
4756,They are jogging north-east along the south-east shore of the island. In which direction is the sea?,south-east
4757,They are jogging east along the south shore of the island. In which direction is the sea?,south
4758,They are jogging south-east along the south-west shore of the island. In which direction is the sea?,south-west
4759,They are jogging south along the west shore of the island. In which direction is the sea?,west
4760,They are jogging south-west along the north-west shore of the island. In which direction is the sea?,north-west
4761,They are riding west along the north shore of the island. In which direction is the sea?,north
4762,They are riding north-west along the north-east shore of the island. In which direction is the sea?,north-east
4763,They are riding north along the east shore of the island. In which direction is the sea?,east
4764,They are riding north-east along the south-east shore of the island. In which direction is the sea?,south-east
4765,They are riding east along the south shore of the island. In which direction is the sea?,south
4766,They are riding south-east along the south-west shore of the island. In which direction is the sea?,south-west
4767,They are riding south along the west shore of the island. In which direction is the sea?,west
4768,They are riding south-west along the north-west shore of the island. In which direction is the sea?,north-west
4769,They are perambulating west along the north shore of the island. In which direction is the sea?,north
4770,They are perambulating north-west along the north-east shore of the island. In which direction is the sea?,north-east
4771,They are perambulating north along the east shore of the island. In which direction is the sea?,east
4772,They are perambulating north-east along the south-east shore of the island. In which direction is the sea?,south-east
4773,They are perambulating east along the south shore of the island. In which direction is the sea?,south
4774,They are perambulating south-east along the south-west shore of the island. In which direction is the sea?,south-west
4775,They are perambulating south along the west shore of the island. In which direction is the sea?,west
4776,They are perambulating south-west along the north-west shore of the island. In which direction is the sea?,north-west
4777,They are hiking west along the north shore of the island. In which direction is the sea?,north
4778,They are hiking north-west along the north-east shore of the island. In which direction is the sea?,north-east
4779,They are hiking north along the east shore of the island. In which direction is the sea?,east
4780,They are hiking north-east along the south-east shore of the island. In which direction is the sea?,south-east
4781,They are hiking east along the south shore of the island. In which direction is the sea?,south
4782,They are hiking south-east along the south-west shore of the island. In which direction is the sea?,south-west
4783,They are hiking south along the west shore of the island. In which direction is the sea?,west
4784,They are hiking south-west along the north-west shore of the island. In which direction is the sea?,north-west
4785,They are unicycling west along the north shore of the island. In which direction is the sea?,north
4786,They are unicycling north-west along the north-east shore of the island. In which direction is the sea?,north-east
4787,They are unicycling north along the east shore of the island. In which direction is the sea?,east
4788,They are unicycling north-east along the south-east shore of the island. In which direction is the sea?,south-east
4789,They are unicycling east along the south shore of the island. In which direction is the sea?,south
4790,They are unicycling south-east along the south-west shore of the island. In which direction is the sea?,south-west
4791,They are unicycling south along the west shore of the island. In which direction is the sea?,west
4792,They are unicycling south-west along the north-west shore of the island. In which direction is the sea?,north-west
4793,They are racing west along the north shore of the island. In which direction is the sea?,north
4794,They are racing north-west along the north-east shore of the island. In which direction is the sea?,north-east
4795,They are racing north along the east shore of the island. In which direction is the sea?,east
4796,They are racing north-east along the south-east shore of the island. In which direction is the sea?,south-east
4797,They are racing east along the south shore of the island. In which direction is the sea?,south
4798,They are racing south-east along the south-west shore of the island. In which direction is the sea?,south-west
4799,They are racing south along the west shore of the island. In which direction is the sea?,west
4800,They are racing south-west along the north-west shore of the island. In which direction is the sea?,north-west
4801,"I am running east along the north shore of an island and then turn around to head back in the direction I came from, in which direction is the sea?",north
4802,"I am running south-east along the north-east shore of an island and then turn around to head back in the direction I came from, in which direction is the sea?",north-east
4803,"I am running south along the east shore of an island and then turn around to head back in the direction I came from, in which direction is the sea?",east
4804,"I am running south-west along the south-east shore of an island and then turn around to head back in the direction I came from, in which direction is the sea?",south-east
4805,"I am running west along the south shore of an island and then turn around to head back in the direction I came from, in which direction is the sea?",south
4806,"I am running north-west along the south-west shore of an island and then turn around to head back in the direction I came from, in which direction is the sea?",south-west
4807,"I am running north along the west shore of an island and then turn around to head back in the direction I came from, in which direction is the sea?",west
4808,"I am running north-east along the north-west shore of an island and then turn around to head back in the direction I came from, in which direction is the sea?",north-west
4809,"I am walking east along the north shore of an island and then turn around to head back in the direction I came from, in which direction is the sea?",north
4810,"I am walking south-east along the north-east shore of an island and then turn around to head back in the direction I came from, in which direction is the sea?",north-east
4811,"I am walking south along the east shore of an island and then turn around to head back in the direction I came from, in which direction is the sea?",east
4812,"I am walking south-west along the south-east shore of an island and then turn around to head back in the direction I came from, in which direction is the sea?",south-east
4813,"I am walking west along the south shore of an island and then turn around to head back in the direction I came from, in which direction is the sea?",south
4814,"I am walking north-west along the south-west shore of an island and then turn around to head back in the direction I came from, in which direction is the sea?",south-west
4815,"I am walking north along the west shore of an island and then turn around to head back in the direction I came from, in which direction is the sea?",west
4816,"I am walking north-east along the north-west shore of an island and then turn around to head back in the direction I came from, in which direction is the sea?",north-west
4817,"I am cycling east along the north shore of an island and then turn around to head back in the direction I came from, in which direction is the sea?",north
4818,"I am cycling south-east along the north-east shore of an island and then turn around to head back in the direction I came from, in which direction is the sea?",north-east
4819,"I am cycling south along the east shore of an island and then turn around to head back in the direction I came from, in which direction is the sea?",east
4820,"I am cycling south-west along the south-east shore of an island and then turn around to head back in the direction I came from, in which direction is the sea?",south-east
4821,"I am cycling west along the south shore of an island and then turn around to head back in the direction I came from, in which direction is the sea?",south
4822,"I am cycling north-west along the south-west shore of an island and then turn around to head back in the direction I came from, in which direction is the sea?",south-west
4823,"I am cycling north along the west shore of an island and then turn around to head back in the direction I came from, in which direction is the sea?",west
4824,"I am cycling north-east along the north-west shore of an island and then turn around to head back in the direction I came from, in which direction is the sea?",north-west
4825,"I am driving east along the north shore of an island and then turn around to head back in the direction I came from, in which direction is the sea?",north
4826,"I am driving south-east along the north-east shore of an island and then turn around to head back in the direction I came from, in which direction is the sea?",north-east
4827,"I am driving south along the east shore of an island and then turn around to head back in the direction I came from, in which direction is the sea?",east
4828,"I am driving south-west along the south-east shore of an island and then turn around to head back in the direction I came from, in which direction is the sea?",south-east
4829,"I am driving west along the south shore of an island and then turn around to head back in the direction I came from, in which direction is the sea?",south
4830,"I am driving north-west along the south-west shore of an island and then turn around to head back in the direction I came from, in which direction is the sea?",south-west
4831,"I am driving north along the west shore of an island and then turn around to head back in the direction I came from, in which direction is the sea?",west
4832,"I am driving north-east along the north-west shore of an island and then turn around to head back in the direction I came from, in which direction is the sea?",north-west
4833,"I am jogging east along the north shore of an island and then turn around to head back in the direction I came from, in which direction is the sea?",north
4834,"I am jogging south-east along the north-east shore of an island and then turn around to head back in the direction I came from, in which direction is the sea?",north-east
4835,"I am jogging south along the east shore of an island and then turn around to head back in the direction I came from, in which direction is the sea?",east
4836,"I am jogging south-west along the south-east shore of an island and then turn around to head back in the direction I came from, in which direction is the sea?",south-east
4837,"I am jogging west along the south shore of an island and then turn around to head back in the direction I came from, in which direction is the sea?",south
4838,"I am jogging north-west along the south-west shore of an island and then turn around to head back in the direction I came from, in which direction is the sea?",south-west
4839,"I am jogging north along the west shore of an island and then turn around to head back in the direction I came from, in which direction is the sea?",west
4840,"I am jogging north-east along the north-west shore of an island and then turn around to head back in the direction I came from, in which direction is the sea?",north-west
4841,"I am riding east along the north shore of an island and then turn around to head back in the direction I came from, in which direction is the sea?",north
4842,"I am riding south-east along the north-east shore of an island and then turn around to head back in the direction I came from, in which direction is the sea?",north-east
4843,"I am riding south along the east shore of an island and then turn around to head back in the direction I came from, in which direction is the sea?",east
4844,"I am riding south-west along the south-east shore of an island and then turn around to head back in the direction I came from, in which direction is the sea?",south-east
4845,"I am riding west along the south shore of an island and then turn around to head back in the direction I came from, in which direction is the sea?",south
4846,"I am riding north-west along the south-west shore of an island and then turn around to head back in the direction I came from, in which direction is the sea?",south-west
4847,"I am riding north along the west shore of an island and then turn around to head back in the direction I came from, in which direction is the sea?",west
4848,"I am riding north-east along the north-west shore of an island and then turn around to head back in the direction I came from, in which direction is the sea?",north-west
4849,"I am perambulating east along the north shore of an island and then turn around to head back in the direction I came from, in which direction is the sea?",north
4850,"I am perambulating south-east along the north-east shore of an island and then turn around to head back in the direction I came from, in which direction is the sea?",north-east
4851,"I am perambulating south along the east shore of an island and then turn around to head back in the direction I came from, in which direction is the sea?",east
4852,"I am perambulating south-west along the south-east shore of an island and then turn around to head back in the direction I came from, in which direction is the sea?",south-east
4853,"I am perambulating west along the south shore of an island and then turn around to head back in the direction I came from, in which direction is the sea?",south
4854,"I am perambulating north-west along the south-west shore of an island and then turn around to head back in the direction I came from, in which direction is the sea?",south-west
4855,"I am perambulating north along the west shore of an island and then turn around to head back in the direction I came from, in which direction is the sea?",west
4856,"I am perambulating north-east along the north-west shore of an island and then turn around to head back in the direction I came from, in which direction is the sea?",north-west
4857,"I am hiking east along the north shore of an island and then turn around to head back in the direction I came from, in which direction is the sea?",north
4858,"I am hiking south-east along the north-east shore of an island and then turn around to head back in the direction I came from, in which direction is the sea?",north-east
4859,"I am hiking south along the east shore of an island and then turn around to head back in the direction I came from, in which direction is the sea?",east
4860,"I am hiking south-west along the south-east shore of an island and then turn around to head back in the direction I came from, in which direction is the sea?",south-east
4861,"I am hiking west along the south shore of an island and then turn around to head back in the direction I came from, in which direction is the sea?",south
4862,"I am hiking north-west along the south-west shore of an island and then turn around to head back in the direction I came from, in which direction is the sea?",south-west
4863,"I am hiking north along the west shore of an island and then turn around to head back in the direction I came from, in which direction is the sea?",west
4864,"I am hiking north-east along the north-west shore of an island and then turn around to head back in the direction I came from, in which direction is the sea?",north-west
4865,"I am unicycling east along the north shore of an island and then turn around to head back in the direction I came from, in which direction is the sea?",north
4866,"I am unicycling south-east along the north-east shore of an island and then turn around to head back in the direction I came from, in which direction is the sea?",north-east
4867,"I am unicycling south along the east shore of an island and then turn around to head back in the direction I came from, in which direction is the sea?",east
4868,"I am unicycling south-west along the south-east shore of an island and then turn around to head back in the direction I came from, in which direction is the sea?",south-east
4869,"I am unicycling west along the south shore of an island and then turn around to head back in the direction I came from, in which direction is the sea?",south
4870,"I am unicycling north-west along the south-west shore of an island and then turn around to head back in the direction I came from, in which direction is the sea?",south-west
4871,"I am unicycling north along the west shore of an island and then turn around to head back in the direction I came from, in which direction is the sea?",west
4872,"I am unicycling north-east along the north-west shore of an island and then turn around to head back in the direction I came from, in which direction is the sea?",north-west
4873,"I am racing east along the north shore of an island and then turn around to head back in the direction I came from, in which direction is the sea?",north
4874,"I am racing south-east along the north-east shore of an island and then turn around to head back in the direction I came from, in which direction is the sea?",north-east
4875,"I am racing south along the east shore of an island and then turn around to head back in the direction I came from, in which direction is the sea?",east
4876,"I am racing south-west along the south-east shore of an island and then turn around to head back in the direction I came from, in which direction is the sea?",south-east
4877,"I am racing west along the south shore of an island and then turn around to head back in the direction I came from, in which direction is the sea?",south
4878,"I am racing north-west along the south-west shore of an island and then turn around to head back in the direction I came from, in which direction is the sea?",south-west
4879,"I am racing north along the west shore of an island and then turn around to head back in the direction I came from, in which direction is the sea?",west
4880,"I am racing north-east along the north-west shore of an island and then turn around to head back in the direction I came from, in which direction is the sea?",north-west
4881,"You are running east along the north shore of an island and then turn around to head back in the direction you came from, in which direction is the sea?",north
4882,"You are running south-east along the north-east shore of an island and then turn around to head back in the direction you came from, in which direction is the sea?",north-east
4883,"You are running south along the east shore of an island and then turn around to head back in the direction you came from, in which direction is the sea?",east
4884,"You are running south-west along the south-east shore of an island and then turn around to head back in the direction you came from, in which direction is the sea?",south-east
4885,"You are running west along the south shore of an island and then turn around to head back in the direction you came from, in which direction is the sea?",south
4886,"You are running north-west along the south-west shore of an island and then turn around to head back in the direction you came from, in which direction is the sea?",south-west
4887,"You are running north along the west shore of an island and then turn around to head back in the direction you came from, in which direction is the sea?",west
4888,"You are running north-east along the north-west shore of an island and then turn around to head back in the direction you came from, in which direction is the sea?",north-west
4889,"You are walking east along the north shore of an island and then turn around to head back in the direction you came from, in which direction is the sea?",north
4890,"You are walking south-east along the north-east shore of an island and then turn around to head back in the direction you came from, in which direction is the sea?",north-east
4891,"You are walking south along the east shore of an island and then turn around to head back in the direction you came from, in which direction is the sea?",east
4892,"You are walking south-west along the south-east shore of an island and then turn around to head back in the direction you came from, in which direction is the sea?",south-east
4893,"You are walking west along the south shore of an island and then turn around to head back in the direction you came from, in which direction is the sea?",south
4894,"You are walking north-west along the south-west shore of an island and then turn around to head back in the direction you came from, in which direction is the sea?",south-west
4895,"You are walking north along the west shore of an island and then turn around to head back in the direction you came from, in which direction is the sea?",west
4896,"You are walking north-east along the north-west shore of an island and then turn around to head back in the direction you came from, in which direction is the sea?",north-west
4897,"You are cycling east along the north shore of an island and then turn around to head back in the direction you came from, in which direction is the sea?",north
4898,"You are cycling south-east along the north-east shore of an island and then turn around to head back in the direction you came from, in which direction is the sea?",north-east
4899,"You are cycling south along the east shore of an island and then turn around to head back in the direction you came from, in which direction is the sea?",east
4900,"You are cycling south-west along the south-east shore of an island and then turn around to head back in the direction you came from, in which direction is the sea?",south-east
4901,"You are cycling west along the south shore of an island and then turn around to head back in the direction you came from, in which direction is the sea?",south
4902,"You are cycling north-west along the south-west shore of an island and then turn around to head back in the direction you came from, in which direction is the sea?",south-west
4903,"You are cycling north along the west shore of an island and then turn around to head back in the direction you came from, in which direction is the sea?",west
4904,"You are cycling north-east along the north-west shore of an island and then turn around to head back in the direction you came from, in which direction is the sea?",north-west
4905,"You are driving east along the north shore of an island and then turn around to head back in the direction you came from, in which direction is the sea?",north
4906,"You are driving south-east along the north-east shore of an island and then turn around to head back in the direction you came from, in which direction is the sea?",north-east
4907,"You are driving south along the east shore of an island and then turn around to head back in the direction you came from, in which direction is the sea?",east
4908,"You are driving south-west along the south-east shore of an island and then turn around to head back in the direction you came from, in which direction is the sea?",south-east
4909,"You are driving west along the south shore of an island and then turn around to head back in the direction you came from, in which direction is the sea?",south
4910,"You are driving north-west along the south-west shore of an island and then turn around to head back in the direction you came from, in which direction is the sea?",south-west
4911,"You are driving north along the west shore of an island and then turn around to head back in the direction you came from, in which direction is the sea?",west
4912,"You are driving north-east along the north-west shore of an island and then turn around to head back in the direction you came from, in which direction is the sea?",north-west
4913,"You are jogging east along the north shore of an island and then turn around to head back in the direction you came from, in which direction is the sea?",north
4914,"You are jogging south-east along the north-east shore of an island and then turn around to head back in the direction you came from, in which direction is the sea?",north-east
4915,"You are jogging south along the east shore of an island and then turn around to head back in the direction you came from, in which direction is the sea?",east
4916,"You are jogging south-west along the south-east shore of an island and then turn around to head back in the direction you came from, in which direction is the sea?",south-east
4917,"You are jogging west along the south shore of an island and then turn around to head back in the direction you came from, in which direction is the sea?",south
4918,"You are jogging north-west along the south-west shore of an island and then turn around to head back in the direction you came from, in which direction is the sea?",south-west
4919,"You are jogging north along the west shore of an island and then turn around to head back in the direction you came from, in which direction is the sea?",west
4920,"You are jogging north-east along the north-west shore of an island and then turn around to head back in the direction you came from, in which direction is the sea?",north-west
4921,"You are riding east along the north shore of an island and then turn around to head back in the direction you came from, in which direction is the sea?",north
4922,"You are riding south-east along the north-east shore of an island and then turn around to head back in the direction you came from, in which direction is the sea?",north-east
4923,"You are riding south along the east shore of an island and then turn around to head back in the direction you came from, in which direction is the sea?",east
4924,"You are riding south-west along the south-east shore of an island and then turn around to head back in the direction you came from, in which direction is the sea?",south-east
4925,"You are riding west along the south shore of an island and then turn around to head back in the direction you came from, in which direction is the sea?",south
4926,"You are riding north-west along the south-west shore of an island and then turn around to head back in the direction you came from, in which direction is the sea?",south-west
4927,"You are riding north along the west shore of an island and then turn around to head back in the direction you came from, in which direction is the sea?",west
4928,"You are riding north-east along the north-west shore of an island and then turn around to head back in the direction you came from, in which direction is the sea?",north-west
4929,"You are perambulating east along the north shore of an island and then turn around to head back in the direction you came from, in which direction is the sea?",north
4930,"You are perambulating south-east along the north-east shore of an island and then turn around to head back in the direction you came from, in which direction is the sea?",north-east
4931,"You are perambulating south along the east shore of an island and then turn around to head back in the direction you came from, in which direction is the sea?",east
4932,"You are perambulating south-west along the south-east shore of an island and then turn around to head back in the direction you came from, in which direction is the sea?",south-east
4933,"You are perambulating west along the south shore of an island and then turn around to head back in the direction you came from, in which direction is the sea?",south
4934,"You are perambulating north-west along the south-west shore of an island and then turn around to head back in the direction you came from, in which direction is the sea?",south-west
4935,"You are perambulating north along the west shore of an island and then turn around to head back in the direction you came from, in which direction is the sea?",west
4936,"You are perambulating north-east along the north-west shore of an island and then turn around to head back in the direction you came from, in which direction is the sea?",north-west
4937,"You are hiking east along the north shore of an island and then turn around to head back in the direction you came from, in which direction is the sea?",north
4938,"You are hiking south-east along the north-east shore of an island and then turn around to head back in the direction you came from, in which direction is the sea?",north-east
4939,"You are hiking south along the east shore of an island and then turn around to head back in the direction you came from, in which direction is the sea?",east
4940,"You are hiking south-west along the south-east shore of an island and then turn around to head back in the direction you came from, in which direction is the sea?",south-east
4941,"You are hiking west along the south shore of an island and then turn around to head back in the direction you came from, in which direction is the sea?",south
4942,"You are hiking north-west along the south-west shore of an island and then turn around to head back in the direction you came from, in which direction is the sea?",south-west
4943,"You are hiking north along the west shore of an island and then turn around to head back in the direction you came from, in which direction is the sea?",west
4944,"You are hiking north-east along the north-west shore of an island and then turn around to head back in the direction you came from, in which direction is the sea?",north-west
4945,"You are unicycling east along the north shore of an island and then turn around to head back in the direction you came from, in which direction is the sea?",north
4946,"You are unicycling south-east along the north-east shore of an island and then turn around to head back in the direction you came from, in which direction is the sea?",north-east
4947,"You are unicycling south along the east shore of an island and then turn around to head back in the direction you came from, in which direction is the sea?",east
4948,"You are unicycling south-west along the south-east shore of an island and then turn around to head back in the direction you came from, in which direction is the sea?",south-east
4949,"You are unicycling west along the south shore of an island and then turn around to head back in the direction you came from, in which direction is the sea?",south
4950,"You are unicycling north-west along the south-west shore of an island and then turn around to head back in the direction you came from, in which direction is the sea?",south-west
4951,"You are unicycling north along the west shore of an island and then turn around to head back in the direction you came from, in which direction is the sea?",west
4952,"You are unicycling north-east along the north-west shore of an island and then turn around to head back in the direction you came from, in which direction is the sea?",north-west
4953,"You are racing east along the north shore of an island and then turn around to head back in the direction you came from, in which direction is the sea?",north
4954,"You are racing south-east along the north-east shore of an island and then turn around to head back in the direction you came from, in which direction is the sea?",north-east
4955,"You are racing south along the east shore of an island and then turn around to head back in the direction you came from, in which direction is the sea?",east
4956,"You are racing south-west along the south-east shore of an island and then turn around to head back in the direction you came from, in which direction is the sea?",south-east
4957,"You are racing west along the south shore of an island and then turn around to head back in the direction you came from, in which direction is the sea?",south
4958,"You are racing north-west along the south-west shore of an island and then turn around to head back in the direction you came from, in which direction is the sea?",south-west
4959,"You are racing north along the west shore of an island and then turn around to head back in the direction you came from, in which direction is the sea?",west
4960,"You are racing north-east along the north-west shore of an island and then turn around to head back in the direction you came from, in which direction is the sea?",north-west
4961,"He is running east along the north shore of an island and then turns around to head back in the direction he came from, in which direction is the sea?",north
4962,"He is running south-east along the north-east shore of an island and then turns around to head back in the direction he came from, in which direction is the sea?",north-east
4963,"He is running south along the east shore of an island and then turns around to head back in the direction he came from, in which direction is the sea?",east
4964,"He is running south-west along the south-east shore of an island and then turns around to head back in the direction he came from, in which direction is the sea?",south-east
4965,"He is running west along the south shore of an island and then turns around to head back in the direction he came from, in which direction is the sea?",south
4966,"He is running north-west along the south-west shore of an island and then turns around to head back in the direction he came from, in which direction is the sea?",south-west
4967,"He is running north along the west shore of an island and then turns around to head back in the direction he came from, in which direction is the sea?",west
4968,"He is running north-east along the north-west shore of an island and then turns around to head back in the direction he came from, in which direction is the sea?",north-west
4969,"He is walking east along the north shore of an island and then turns around to head back in the direction he came from, in which direction is the sea?",north
4970,"He is walking south-east along the north-east shore of an island and then turns around to head back in the direction he came from, in which direction is the sea?",north-east
4971,"He is walking south along the east shore of an island and then turns around to head back in the direction he came from, in which direction is the sea?",east
4972,"He is walking south-west along the south-east shore of an island and then turns around to head back in the direction he came from, in which direction is the sea?",south-east
4973,"He is walking west along the south shore of an island and then turns around to head back in the direction he came from, in which direction is the sea?",south
4974,"He is walking north-west along the south-west shore of an island and then turns around to head back in the direction he came from, in which direction is the sea?",south-west
4975,"He is walking north along the west shore of an island and then turns around to head back in the direction he came from, in which direction is the sea?",west
4976,"He is walking north-east along the north-west shore of an island and then turns around to head back in the direction he came from, in which direction is the sea?",north-west
4977,"He is cycling east along the north shore of an island and then turns around to head back in the direction he came from, in which direction is the sea?",north
4978,"He is cycling south-east along the north-east shore of an island and then turns around to head back in the direction he came from, in which direction is the sea?",north-east
4979,"He is cycling south along the east shore of an island and then turns around to head back in the direction he came from, in which direction is the sea?",east
4980,"He is cycling south-west along the south-east shore of an island and then turns around to head back in the direction he came from, in which direction is the sea?",south-east
4981,"He is cycling west along the south shore of an island and then turns around to head back in the direction he came from, in which direction is the sea?",south
4982,"He is cycling north-west along the south-west shore of an island and then turns around to head back in the direction he came from, in which direction is the sea?",south-west
4983,"He is cycling north along the west shore of an island and then turns around to head back in the direction he came from, in which direction is the sea?",west
4984,"He is cycling north-east along the north-west shore of an island and then turns around to head back in the direction he came from, in which direction is the sea?",north-west
4985,"He is driving east along the north shore of an island and then turns around to head back in the direction he came from, in which direction is the sea?",north
4986,"He is driving south-east along the north-east shore of an island and then turns around to head back in the direction he came from, in which direction is the sea?",north-east
4987,"He is driving south along the east shore of an island and then turns around to head back in the direction he came from, in which direction is the sea?",east
4988,"He is driving south-west along the south-east shore of an island and then turns around to head back in the direction he came from, in which direction is the sea?",south-east
4989,"He is driving west along the south shore of an island and then turns around to head back in the direction he came from, in which direction is the sea?",south
4990,"He is driving north-west along the south-west shore of an island and then turns around to head back in the direction he came from, in which direction is the sea?",south-west
4991,"He is driving north along the west shore of an island and then turns around to head back in the direction he came from, in which direction is the sea?",west
4992,"He is driving north-east along the north-west shore of an island and then turns around to head back in the direction he came from, in which direction is the sea?",north-west
4993,"He is jogging east along the north shore of an island and then turns around to head back in the direction he came from, in which direction is the sea?",north
4994,"He is jogging south-east along the north-east shore of an island and then turns around to head back in the direction he came from, in which direction is the sea?",north-east
4995,"He is jogging south along the east shore of an island and then turns around to head back in the direction he came from, in which direction is the sea?",east
4996,"He is jogging south-west along the south-east shore of an island and then turns around to head back in the direction he came from, in which direction is the sea?",south-east
4997,"He is jogging west along the south shore of an island and then turns around to head back in the direction he came from, in which direction is the sea?",south
4998,"He is jogging north-west along the south-west shore of an island and then turns around to head back in the direction he came from, in which direction is the sea?",south-west
4999,"He is jogging north along the west shore of an island and then turns around to head back in the direction he came from, in which direction is the sea?",west
5000,"He is jogging north-east along the north-west shore of an island and then turns around to head back in the direction he came from, in which direction is the sea?",north-west
5001,"He is riding east along the north shore of an island and then turns around to head back in the direction he came from, in which direction is the sea?",north
5002,"He is riding south-east along the north-east shore of an island and then turns around to head back in the direction he came from, in which direction is the sea?",north-east
5003,"He is riding south along the east shore of an island and then turns around to head back in the direction he came from, in which direction is the sea?",east
5004,"He is riding south-west along the south-east shore of an island and then turns around to head back in the direction he came from, in which direction is the sea?",south-east
5005,"He is riding west along the south shore of an island and then turns around to head back in the direction he came from, in which direction is the sea?",south
5006,"He is riding north-west along the south-west shore of an island and then turns around to head back in the direction he came from, in which direction is the sea?",south-west
5007,"He is riding north along the west shore of an island and then turns around to head back in the direction he came from, in which direction is the sea?",west
5008,"He is riding north-east along the north-west shore of an island and then turns around to head back in the direction he came from, in which direction is the sea?",north-west
5009,"He is perambulating east along the north shore of an island and then turns around to head back in the direction he came from, in which direction is the sea?",north
5010,"He is perambulating south-east along the north-east shore of an island and then turns around to head back in the direction he came from, in which direction is the sea?",north-east
5011,"He is perambulating south along the east shore of an island and then turns around to head back in the direction he came from, in which direction is the sea?",east
5012,"He is perambulating south-west along the south-east shore of an island and then turns around to head back in the direction he came from, in which direction is the sea?",south-east
5013,"He is perambulating west along the south shore of an island and then turns around to head back in the direction he came from, in which direction is the sea?",south
5014,"He is perambulating north-west along the south-west shore of an island and then turns around to head back in the direction he came from, in which direction is the sea?",south-west
5015,"He is perambulating north along the west shore of an island and then turns around to head back in the direction he came from, in which direction is the sea?",west
5016,"He is perambulating north-east along the north-west shore of an island and then turns around to head back in the direction he came from, in which direction is the sea?",north-west
5017,"He is hiking east along the north shore of an island and then turns around to head back in the direction he came from, in which direction is the sea?",north
5018,"He is hiking south-east along the north-east shore of an island and then turns around to head back in the direction he came from, in which direction is the sea?",north-east
5019,"He is hiking south along the east shore of an island and then turns around to head back in the direction he came from, in which direction is the sea?",east
5020,"He is hiking south-west along the south-east shore of an island and then turns around to head back in the direction he came from, in which direction is the sea?",south-east
5021,"He is hiking west along the south shore of an island and then turns around to head back in the direction he came from, in which direction is the sea?",south
5022,"He is hiking north-west along the south-west shore of an island and then turns around to head back in the direction he came from, in which direction is the sea?",south-west
5023,"He is hiking north along the west shore of an island and then turns around to head back in the direction he came from, in which direction is the sea?",west
5024,"He is hiking north-east along the north-west shore of an island and then turns around to head back in the direction he came from, in which direction is the sea?",north-west
5025,"He is unicycling east along the north shore of an island and then turns around to head back in the direction he came from, in which direction is the sea?",north
5026,"He is unicycling south-east along the north-east shore of an island and then turns around to head back in the direction he came from, in which direction is the sea?",north-east
5027,"He is unicycling south along the east shore of an island and then turns around to head back in the direction he came from, in which direction is the sea?",east
5028,"He is unicycling south-west along the south-east shore of an island and then turns around to head back in the direction he came from, in which direction is the sea?",south-east
5029,"He is unicycling west along the south shore of an island and then turns around to head back in the direction he came from, in which direction is the sea?",south
5030,"He is unicycling north-west along the south-west shore of an island and then turns around to head back in the direction he came from, in which direction is the sea?",south-west
5031,"He is unicycling north along the west shore of an island and then turns around to head back in the direction he came from, in which direction is the sea?",west
5032,"He is unicycling north-east along the north-west shore of an island and then turns around to head back in the direction he came from, in which direction is the sea?",north-west
5033,"He is racing east along the north shore of an island and then turns around to head back in the direction he came from, in which direction is the sea?",north
5034,"He is racing south-east along the north-east shore of an island and then turns around to head back in the direction he came from, in which direction is the sea?",north-east
5035,"He is racing south along the east shore of an island and then turns around to head back in the direction he came from, in which direction is the sea?",east
5036,"He is racing south-west along the south-east shore of an island and then turns around to head back in the direction he came from, in which direction is the sea?",south-east
5037,"He is racing west along the south shore of an island and then turns around to head back in the direction he came from, in which direction is the sea?",south
5038,"He is racing north-west along the south-west shore of an island and then turns around to head back in the direction he came from, in which direction is the sea?",south-west
5039,"He is racing north along the west shore of an island and then turns around to head back in the direction he came from, in which direction is the sea?",west
5040,"He is racing north-east along the north-west shore of an island and then turns around to head back in the direction he came from, in which direction is the sea?",north-west
5041,"She is running east along the north shore of an island and then turns around to head back in the direction she came from, in which direction is the sea?",north
5042,"She is running south-east along the north-east shore of an island and then turns around to head back in the direction she came from, in which direction is the sea?",north-east
5043,"She is running south along the east shore of an island and then turns around to head back in the direction she came from, in which direction is the sea?",east
5044,"She is running south-west along the south-east shore of an island and then turns around to head back in the direction she came from, in which direction is the sea?",south-east
5045,"She is running west along the south shore of an island and then turns around to head back in the direction she came from, in which direction is the sea?",south
5046,"She is running north-west along the south-west shore of an island and then turns around to head back in the direction she came from, in which direction is the sea?",south-west
5047,"She is running north along the west shore of an island and then turns around to head back in the direction she came from, in which direction is the sea?",west
5048,"She is running north-east along the north-west shore of an island and then turns around to head back in the direction she came from, in which direction is the sea?",north-west
5049,"She is walking east along the north shore of an island and then turns around to head back in the direction she came from, in which direction is the sea?",north
5050,"She is walking south-east along the north-east shore of an island and then turns around to head back in the direction she came from, in which direction is the sea?",north-east
5051,"She is walking south along the east shore of an island and then turns around to head back in the direction she came from, in which direction is the sea?",east
5052,"She is walking south-west along the south-east shore of an island and then turns around to head back in the direction she came from, in which direction is the sea?",south-east
5053,"She is walking west along the south shore of an island and then turns around to head back in the direction she came from, in which direction is the sea?",south
5054,"She is walking north-west along the south-west shore of an island and then turns around to head back in the direction she came from, in which direction is the sea?",south-west
5055,"She is walking north along the west shore of an island and then turns around to head back in the direction she came from, in which direction is the sea?",west
5056,"She is walking north-east along the north-west shore of an island and then turns around to head back in the direction she came from, in which direction is the sea?",north-west
5057,"She is cycling east along the north shore of an island and then turns around to head back in the direction she came from, in which direction is the sea?",north
5058,"She is cycling south-east along the north-east shore of an island and then turns around to head back in the direction she came from, in which direction is the sea?",north-east
5059,"She is cycling south along the east shore of an island and then turns around to head back in the direction she came from, in which direction is the sea?",east
5060,"She is cycling south-west along the south-east shore of an island and then turns around to head back in the direction she came from, in which direction is the sea?",south-east
5061,"She is cycling west along the south shore of an island and then turns around to head back in the direction she came from, in which direction is the sea?",south
5062,"She is cycling north-west along the south-west shore of an island and then turns around to head back in the direction she came from, in which direction is the sea?",south-west
5063,"She is cycling north along the west shore of an island and then turns around to head back in the direction she came from, in which direction is the sea?",west
5064,"She is cycling north-east along the north-west shore of an island and then turns around to head back in the direction she came from, in which direction is the sea?",north-west
5065,"She is driving east along the north shore of an island and then turns around to head back in the direction she came from, in which direction is the sea?",north
5066,"She is driving south-east along the north-east shore of an island and then turns around to head back in the direction she came from, in which direction is the sea?",north-east
5067,"She is driving south along the east shore of an island and then turns around to head back in the direction she came from, in which direction is the sea?",east
5068,"She is driving south-west along the south-east shore of an island and then turns around to head back in the direction she came from, in which direction is the sea?",south-east
5069,"She is driving west along the south shore of an island and then turns around to head back in the direction she came from, in which direction is the sea?",south
5070,"She is driving north-west along the south-west shore of an island and then turns around to head back in the direction she came from, in which direction is the sea?",south-west
5071,"She is driving north along the west shore of an island and then turns around to head back in the direction she came from, in which direction is the sea?",west
5072,"She is driving north-east along the north-west shore of an island and then turns around to head back in the direction she came from, in which direction is the sea?",north-west
5073,"She is jogging east along the north shore of an island and then turns around to head back in the direction she came from, in which direction is the sea?",north
5074,"She is jogging south-east along the north-east shore of an island and then turns around to head back in the direction she came from, in which direction is the sea?",north-east
5075,"She is jogging south along the east shore of an island and then turns around to head back in the direction she came from, in which direction is the sea?",east
5076,"She is jogging south-west along the south-east shore of an island and then turns around to head back in the direction she came from, in which direction is the sea?",south-east
5077,"She is jogging west along the south shore of an island and then turns around to head back in the direction she came from, in which direction is the sea?",south
5078,"She is jogging north-west along the south-west shore of an island and then turns around to head back in the direction she came from, in which direction is the sea?",south-west
5079,"She is jogging north along the west shore of an island and then turns around to head back in the direction she came from, in which direction is the sea?",west
5080,"She is jogging north-east along the north-west shore of an island and then turns around to head back in the direction she came from, in which direction is the sea?",north-west
5081,"She is riding east along the north shore of an island and then turns around to head back in the direction she came from, in which direction is the sea?",north
5082,"She is riding south-east along the north-east shore of an island and then turns around to head back in the direction she came from, in which direction is the sea?",north-east
5083,"She is riding south along the east shore of an island and then turns around to head back in the direction she came from, in which direction is the sea?",east
5084,"She is riding south-west along the south-east shore of an island and then turns around to head back in the direction she came from, in which direction is the sea?",south-east
5085,"She is riding west along the south shore of an island and then turns around to head back in the direction she came from, in which direction is the sea?",south
5086,"She is riding north-west along the south-west shore of an island and then turns around to head back in the direction she came from, in which direction is the sea?",south-west
5087,"She is riding north along the west shore of an island and then turns around to head back in the direction she came from, in which direction is the sea?",west
5088,"She is riding north-east along the north-west shore of an island and then turns around to head back in the direction she came from, in which direction is the sea?",north-west
5089,"She is perambulating east along the north shore of an island and then turns around to head back in the direction she came from, in which direction is the sea?",north
5090,"She is perambulating south-east along the north-east shore of an island and then turns around to head back in the direction she came from, in which direction is the sea?",north-east
5091,"She is perambulating south along the east shore of an island and then turns around to head back in the direction she came from, in which direction is the sea?",east
5092,"She is perambulating south-west along the south-east shore of an island and then turns around to head back in the direction she came from, in which direction is the sea?",south-east
5093,"She is perambulating west along the south shore of an island and then turns around to head back in the direction she came from, in which direction is the sea?",south
5094,"She is perambulating north-west along the south-west shore of an island and then turns around to head back in the direction she came from, in which direction is the sea?",south-west
5095,"She is perambulating north along the west shore of an island and then turns around to head back in the direction she came from, in which direction is the sea?",west
5096,"She is perambulating north-east along the north-west shore of an island and then turns around to head back in the direction she came from, in which direction is the sea?",north-west
5097,"She is hiking east along the north shore of an island and then turns around to head back in the direction she came from, in which direction is the sea?",north
5098,"She is hiking south-east along the north-east shore of an island and then turns around to head back in the direction she came from, in which direction is the sea?",north-east
5099,"She is hiking south along the east shore of an island and then turns around to head back in the direction she came from, in which direction is the sea?",east
5100,"She is hiking south-west along the south-east shore of an island and then turns around to head back in the direction she came from, in which direction is the sea?",south-east
5101,"She is hiking west along the south shore of an island and then turns around to head back in the direction she came from, in which direction is the sea?",south
5102,"She is hiking north-west along the south-west shore of an island and then turns around to head back in the direction she came from, in which direction is the sea?",south-west
5103,"She is hiking north along the west shore of an island and then turns around to head back in the direction she came from, in which direction is the sea?",west
5104,"She is hiking north-east along the north-west shore of an island and then turns around to head back in the direction she came from, in which direction is the sea?",north-west
5105,"She is unicycling east along the north shore of an island and then turns around to head back in the direction she came from, in which direction is the sea?",north
5106,"She is unicycling south-east along the north-east shore of an island and then turns around to head back in the direction she came from, in which direction is the sea?",north-east
5107,"She is unicycling south along the east shore of an island and then turns around to head back in the direction she came from, in which direction is the sea?",east
5108,"She is unicycling south-west along the south-east shore of an island and then turns around to head back in the direction she came from, in which direction is the sea?",south-east
5109,"She is unicycling west along the south shore of an island and then turns around to head back in the direction she came from, in which direction is the sea?",south
5110,"She is unicycling north-west along the south-west shore of an island and then turns around to head back in the direction she came from, in which direction is the sea?",south-west
5111,"She is unicycling north along the west shore of an island and then turns around to head back in the direction she came from, in which direction is the sea?",west
5112,"She is unicycling north-east along the north-west shore of an island and then turns around to head back in the direction she came from, in which direction is the sea?",north-west
5113,"She is racing east along the north shore of an island and then turns around to head back in the direction she came from, in which direction is the sea?",north
5114,"She is racing south-east along the north-east shore of an island and then turns around to head back in the direction she came from, in which direction is the sea?",north-east
5115,"She is racing south along the east shore of an island and then turns around to head back in the direction she came from, in which direction is the sea?",east
5116,"She is racing south-west along the south-east shore of an island and then turns around to head back in the direction she came from, in which direction is the sea?",south-east
5117,"She is racing west along the south shore of an island and then turns around to head back in the direction she came from, in which direction is the sea?",south
5118,"She is racing north-west along the south-west shore of an island and then turns around to head back in the direction she came from, in which direction is the sea?",south-west
5119,"She is racing north along the west shore of an island and then turns around to head back in the direction she came from, in which direction is the sea?",west
5120,"She is racing north-east along the north-west shore of an island and then turns around to head back in the direction she came from, in which direction is the sea?",north-west
5121,"We are running east along the north shore of an island and then turn around to head back in the direction we came from, in which direction is the sea?",north
5122,"We are running south-east along the north-east shore of an island and then turn around to head back in the direction we came from, in which direction is the sea?",north-east
5123,"We are running south along the east shore of an island and then turn around to head back in the direction we came from, in which direction is the sea?",east
5124,"We are running south-west along the south-east shore of an island and then turn around to head back in the direction we came from, in which direction is the sea?",south-east
5125,"We are running west along the south shore of an island and then turn around to head back in the direction we came from, in which direction is the sea?",south
5126,"We are running north-west along the south-west shore of an island and then turn around to head back in the direction we came from, in which direction is the sea?",south-west
5127,"We are running north along the west shore of an island and then turn around to head back in the direction we came from, in which direction is the sea?",west
5128,"We are running north-east along the north-west shore of an island and then turn around to head back in the direction we came from, in which direction is the sea?",north-west
5129,"We are walking east along the north shore of an island and then turn around to head back in the direction we came from, in which direction is the sea?",north
5130,"We are walking south-east along the north-east shore of an island and then turn around to head back in the direction we came from, in which direction is the sea?",north-east
5131,"We are walking south along the east shore of an island and then turn around to head back in the direction we came from, in which direction is the sea?",east
5132,"We are walking south-west along the south-east shore of an island and then turn around to head back in the direction we came from, in which direction is the sea?",south-east
5133,"We are walking west along the south shore of an island and then turn around to head back in the direction we came from, in which direction is the sea?",south
5134,"We are walking north-west along the south-west shore of an island and then turn around to head back in the direction we came from, in which direction is the sea?",south-west
5135,"We are walking north along the west shore of an island and then turn around to head back in the direction we came from, in which direction is the sea?",west
5136,"We are walking north-east along the north-west shore of an island and then turn around to head back in the direction we came from, in which direction is the sea?",north-west
5137,"We are cycling east along the north shore of an island and then turn around to head back in the direction we came from, in which direction is the sea?",north
5138,"We are cycling south-east along the north-east shore of an island and then turn around to head back in the direction we came from, in which direction is the sea?",north-east
5139,"We are cycling south along the east shore of an island and then turn around to head back in the direction we came from, in which direction is the sea?",east
5140,"We are cycling south-west along the south-east shore of an island and then turn around to head back in the direction we came from, in which direction is the sea?",south-east
5141,"We are cycling west along the south shore of an island and then turn around to head back in the direction we came from, in which direction is the sea?",south
5142,"We are cycling north-west along the south-west shore of an island and then turn around to head back in the direction we came from, in which direction is the sea?",south-west
5143,"We are cycling north along the west shore of an island and then turn around to head back in the direction we came from, in which direction is the sea?",west
5144,"We are cycling north-east along the north-west shore of an island and then turn around to head back in the direction we came from, in which direction is the sea?",north-west
5145,"We are driving east along the north shore of an island and then turn around to head back in the direction we came from, in which direction is the sea?",north
5146,"We are driving south-east along the north-east shore of an island and then turn around to head back in the direction we came from, in which direction is the sea?",north-east
5147,"We are driving south along the east shore of an island and then turn around to head back in the direction we came from, in which direction is the sea?",east
5148,"We are driving south-west along the south-east shore of an island and then turn around to head back in the direction we came from, in which direction is the sea?",south-east
5149,"We are driving west along the south shore of an island and then turn around to head back in the direction we came from, in which direction is the sea?",south
5150,"We are driving north-west along the south-west shore of an island and then turn around to head back in the direction we came from, in which direction is the sea?",south-west
5151,"We are driving north along the west shore of an island and then turn around to head back in the direction we came from, in which direction is the sea?",west
5152,"We are driving north-east along the north-west shore of an island and then turn around to head back in the direction we came from, in which direction is the sea?",north-west
5153,"We are jogging east along the north shore of an island and then turn around to head back in the direction we came from, in which direction is the sea?",north
5154,"We are jogging south-east along the north-east shore of an island and then turn around to head back in the direction we came from, in which direction is the sea?",north-east
5155,"We are jogging south along the east shore of an island and then turn around to head back in the direction we came from, in which direction is the sea?",east
5156,"We are jogging south-west along the south-east shore of an island and then turn around to head back in the direction we came from, in which direction is the sea?",south-east
5157,"We are jogging west along the south shore of an island and then turn around to head back in the direction we came from, in which direction is the sea?",south
5158,"We are jogging north-west along the south-west shore of an island and then turn around to head back in the direction we came from, in which direction is the sea?",south-west
5159,"We are jogging north along the west shore of an island and then turn around to head back in the direction we came from, in which direction is the sea?",west
5160,"We are jogging north-east along the north-west shore of an island and then turn around to head back in the direction we came from, in which direction is the sea?",north-west
5161,"We are riding east along the north shore of an island and then turn around to head back in the direction we came from, in which direction is the sea?",north
5162,"We are riding south-east along the north-east shore of an island and then turn around to head back in the direction we came from, in which direction is the sea?",north-east
5163,"We are riding south along the east shore of an island and then turn around to head back in the direction we came from, in which direction is the sea?",east
5164,"We are riding south-west along the south-east shore of an island and then turn around to head back in the direction we came from, in which direction is the sea?",south-east
5165,"We are riding west along the south shore of an island and then turn around to head back in the direction we came from, in which direction is the sea?",south
5166,"We are riding north-west along the south-west shore of an island and then turn around to head back in the direction we came from, in which direction is the sea?",south-west
5167,"We are riding north along the west shore of an island and then turn around to head back in the direction we came from, in which direction is the sea?",west
5168,"We are riding north-east along the north-west shore of an island and then turn around to head back in the direction we came from, in which direction is the sea?",north-west
5169,"We are perambulating east along the north shore of an island and then turn around to head back in the direction we came from, in which direction is the sea?",north
5170,"We are perambulating south-east along the north-east shore of an island and then turn around to head back in the direction we came from, in which direction is the sea?",north-east
5171,"We are perambulating south along the east shore of an island and then turn around to head back in the direction we came from, in which direction is the sea?",east
5172,"We are perambulating south-west along the south-east shore of an island and then turn around to head back in the direction we came from, in which direction is the sea?",south-east
5173,"We are perambulating west along the south shore of an island and then turn around to head back in the direction we came from, in which direction is the sea?",south
5174,"We are perambulating north-west along the south-west shore of an island and then turn around to head back in the direction we came from, in which direction is the sea?",south-west
5175,"We are perambulating north along the west shore of an island and then turn around to head back in the direction we came from, in which direction is the sea?",west
5176,"We are perambulating north-east along the north-west shore of an island and then turn around to head back in the direction we came from, in which direction is the sea?",north-west
5177,"We are hiking east along the north shore of an island and then turn around to head back in the direction we came from, in which direction is the sea?",north
5178,"We are hiking south-east along the north-east shore of an island and then turn around to head back in the direction we came from, in which direction is the sea?",north-east
5179,"We are hiking south along the east shore of an island and then turn around to head back in the direction we came from, in which direction is the sea?",east
5180,"We are hiking south-west along the south-east shore of an island and then turn around to head back in the direction we came from, in which direction is the sea?",south-east
5181,"We are hiking west along the south shore of an island and then turn around to head back in the direction we came from, in which direction is the sea?",south
5182,"We are hiking north-west along the south-west shore of an island and then turn around to head back in the direction we came from, in which direction is the sea?",south-west
5183,"We are hiking north along the west shore of an island and then turn around to head back in the direction we came from, in which direction is the sea?",west
5184,"We are hiking north-east along the north-west shore of an island and then turn around to head back in the direction we came from, in which direction is the sea?",north-west
5185,"We are unicycling east along the north shore of an island and then turn around to head back in the direction we came from, in which direction is the sea?",north
5186,"We are unicycling south-east along the north-east shore of an island and then turn around to head back in the direction we came from, in which direction is the sea?",north-east
5187,"We are unicycling south along the east shore of an island and then turn around to head back in the direction we came from, in which direction is the sea?",east
5188,"We are unicycling south-west along the south-east shore of an island and then turn around to head back in the direction we came from, in which direction is the sea?",south-east
5189,"We are unicycling west along the south shore of an island and then turn around to head back in the direction we came from, in which direction is the sea?",south
5190,"We are unicycling north-west along the south-west shore of an island and then turn around to head back in the direction we came from, in which direction is the sea?",south-west
5191,"We are unicycling north along the west shore of an island and then turn around to head back in the direction we came from, in which direction is the sea?",west
5192,"We are unicycling north-east along the north-west shore of an island and then turn around to head back in the direction we came from, in which direction is the sea?",north-west
5193,"We are racing east along the north shore of an island and then turn around to head back in the direction we came from, in which direction is the sea?",north
5194,"We are racing south-east along the north-east shore of an island and then turn around to head back in the direction we came from, in which direction is the sea?",north-east
5195,"We are racing south along the east shore of an island and then turn around to head back in the direction we came from, in which direction is the sea?",east
5196,"We are racing south-west along the south-east shore of an island and then turn around to head back in the direction we came from, in which direction is the sea?",south-east
5197,"We are racing west along the south shore of an island and then turn around to head back in the direction we came from, in which direction is the sea?",south
5198,"We are racing north-west along the south-west shore of an island and then turn around to head back in the direction we came from, in which direction is the sea?",south-west
5199,"We are racing north along the west shore of an island and then turn around to head back in the direction we came from, in which direction is the sea?",west
5200,"We are racing north-east along the north-west shore of an island and then turn around to head back in the direction we came from, in which direction is the sea?",north-west
5201,"They are running east along the north shore of an island and then turn around to head back in the direction they came from, in which direction is the sea?",north
5202,"They are running south-east along the north-east shore of an island and then turn around to head back in the direction they came from, in which direction is the sea?",north-east
5203,"They are running south along the east shore of an island and then turn around to head back in the direction they came from, in which direction is the sea?",east
5204,"They are running south-west along the south-east shore of an island and then turn around to head back in the direction they came from, in which direction is the sea?",south-east
5205,"They are running west along the south shore of an island and then turn around to head back in the direction they came from, in which direction is the sea?",south
5206,"They are running north-west along the south-west shore of an island and then turn around to head back in the direction they came from, in which direction is the sea?",south-west
5207,"They are running north along the west shore of an island and then turn around to head back in the direction they came from, in which direction is the sea?",west
5208,"They are running north-east along the north-west shore of an island and then turn around to head back in the direction they came from, in which direction is the sea?",north-west
5209,"They are walking east along the north shore of an island and then turn around to head back in the direction they came from, in which direction is the sea?",north
5210,"They are walking south-east along the north-east shore of an island and then turn around to head back in the direction they came from, in which direction is the sea?",north-east
5211,"They are walking south along the east shore of an island and then turn around to head back in the direction they came from, in which direction is the sea?",east
5212,"They are walking south-west along the south-east shore of an island and then turn around to head back in the direction they came from, in which direction is the sea?",south-east
5213,"They are walking west along the south shore of an island and then turn around to head back in the direction they came from, in which direction is the sea?",south
5214,"They are walking north-west along the south-west shore of an island and then turn around to head back in the direction they came from, in which direction is the sea?",south-west
5215,"They are walking north along the west shore of an island and then turn around to head back in the direction they came from, in which direction is the sea?",west
5216,"They are walking north-east along the north-west shore of an island and then turn around to head back in the direction they came from, in which direction is the sea?",north-west
5217,"They are cycling east along the north shore of an island and then turn around to head back in the direction they came from, in which direction is the sea?",north
5218,"They are cycling south-east along the north-east shore of an island and then turn around to head back in the direction they came from, in which direction is the sea?",north-east
5219,"They are cycling south along the east shore of an island and then turn around to head back in the direction they came from, in which direction is the sea?",east
5220,"They are cycling south-west along the south-east shore of an island and then turn around to head back in the direction they came from, in which direction is the sea?",south-east
5221,"They are cycling west along the south shore of an island and then turn around to head back in the direction they came from, in which direction is the sea?",south
5222,"They are cycling north-west along the south-west shore of an island and then turn around to head back in the direction they came from, in which direction is the sea?",south-west
5223,"They are cycling north along the west shore of an island and then turn around to head back in the direction they came from, in which direction is the sea?",west
5224,"They are cycling north-east along the north-west shore of an island and then turn around to head back in the direction they came from, in which direction is the sea?",north-west
5225,"They are driving east along the north shore of an island and then turn around to head back in the direction they came from, in which direction is the sea?",north
5226,"They are driving south-east along the north-east shore of an island and then turn around to head back in the direction they came from, in which direction is the sea?",north-east
5227,"They are driving south along the east shore of an island and then turn around to head back in the direction they came from, in which direction is the sea?",east
5228,"They are driving south-west along the south-east shore of an island and then turn around to head back in the direction they came from, in which direction is the sea?",south-east
5229,"They are driving west along the south shore of an island and then turn around to head back in the direction they came from, in which direction is the sea?",south
5230,"They are driving north-west along the south-west shore of an island and then turn around to head back in the direction they came from, in which direction is the sea?",south-west
5231,"They are driving north along the west shore of an island and then turn around to head back in the direction they came from, in which direction is the sea?",west
5232,"They are driving north-east along the north-west shore of an island and then turn around to head back in the direction they came from, in which direction is the sea?",north-west
5233,"They are jogging east along the north shore of an island and then turn around to head back in the direction they came from, in which direction is the sea?",north
5234,"They are jogging south-east along the north-east shore of an island and then turn around to head back in the direction they came from, in which direction is the sea?",north-east
5235,"They are jogging south along the east shore of an island and then turn around to head back in the direction they came from, in which direction is the sea?",east
5236,"They are jogging south-west along the south-east shore of an island and then turn around to head back in the direction they came from, in which direction is the sea?",south-east
5237,"They are jogging west along the south shore of an island and then turn around to head back in the direction they came from, in which direction is the sea?",south
5238,"They are jogging north-west along the south-west shore of an island and then turn around to head back in the direction they came from, in which direction is the sea?",south-west
5239,"They are jogging north along the west shore of an island and then turn around to head back in the direction they came from, in which direction is the sea?",west
5240,"They are jogging north-east along the north-west shore of an island and then turn around to head back in the direction they came from, in which direction is the sea?",north-west
5241,"They are riding east along the north shore of an island and then turn around to head back in the direction they came from, in which direction is the sea?",north
5242,"They are riding south-east along the north-east shore of an island and then turn around to head back in the direction they came from, in which direction is the sea?",north-east
5243,"They are riding south along the east shore of an island and then turn around to head back in the direction they came from, in which direction is the sea?",east
5244,"They are riding south-west along the south-east shore of an island and then turn around to head back in the direction they came from, in which direction is the sea?",south-east
5245,"They are riding west along the south shore of an island and then turn around to head back in the direction they came from, in which direction is the sea?",south
5246,"They are riding north-west along the south-west shore of an island and then turn around to head back in the direction they came from, in which direction is the sea?",south-west
5247,"They are riding north along the west shore of an island and then turn around to head back in the direction they came from, in which direction is the sea?",west
5248,"They are riding north-east along the north-west shore of an island and then turn around to head back in the direction they came from, in which direction is the sea?",north-west
5249,"They are perambulating east along the north shore of an island and then turn around to head back in the direction they came from, in which direction is the sea?",north
5250,"They are perambulating south-east along the north-east shore of an island and then turn around to head back in the direction they came from, in which direction is the sea?",north-east
5251,"They are perambulating south along the east shore of an island and then turn around to head back in the direction they came from, in which direction is the sea?",east
5252,"They are perambulating south-west along the south-east shore of an island and then turn around to head back in the direction they came from, in which direction is the sea?",south-east
5253,"They are perambulating west along the south shore of an island and then turn around to head back in the direction they came from, in which direction is the sea?",south
5254,"They are perambulating north-west along the south-west shore of an island and then turn around to head back in the direction they came from, in which direction is the sea?",south-west
5255,"They are perambulating north along the west shore of an island and then turn around to head back in the direction they came from, in which direction is the sea?",west
5256,"They are perambulating north-east along the north-west shore of an island and then turn around to head back in the direction they came from, in which direction is the sea?",north-west
5257,"They are hiking east along the north shore of an island and then turn around to head back in the direction they came from, in which direction is the sea?",north
5258,"They are hiking south-east along the north-east shore of an island and then turn around to head back in the direction they came from, in which direction is the sea?",north-east
5259,"They are hiking south along the east shore of an island and then turn around to head back in the direction they came from, in which direction is the sea?",east
5260,"They are hiking south-west along the south-east shore of an island and then turn around to head back in the direction they came from, in which direction is the sea?",south-east
5261,"They are hiking west along the south shore of an island and then turn around to head back in the direction they came from, in which direction is the sea?",south
5262,"They are hiking north-west along the south-west shore of an island and then turn around to head back in the direction they came from, in which direction is the sea?",south-west
5263,"They are hiking north along the west shore of an island and then turn around to head back in the direction they came from, in which direction is the sea?",west
5264,"They are hiking north-east along the north-west shore of an island and then turn around to head back in the direction they came from, in which direction is the sea?",north-west
5265,"They are unicycling east along the north shore of an island and then turn around to head back in the direction they came from, in which direction is the sea?",north
5266,"They are unicycling south-east along the north-east shore of an island and then turn around to head back in the direction they came from, in which direction is the sea?",north-east
5267,"They are unicycling south along the east shore of an island and then turn around to head back in the direction they came from, in which direction is the sea?",east
5268,"They are unicycling south-west along the south-east shore of an island and then turn around to head back in the direction they came from, in which direction is the sea?",south-east
5269,"They are unicycling west along the south shore of an island and then turn around to head back in the direction they came from, in which direction is the sea?",south
5270,"They are unicycling north-west along the south-west shore of an island and then turn around to head back in the direction they came from, in which direction is the sea?",south-west
5271,"They are unicycling north along the west shore of an island and then turn around to head back in the direction they came from, in which direction is the sea?",west
5272,"They are unicycling north-east along the north-west shore of an island and then turn around to head back in the direction they came from, in which direction is the sea?",north-west
5273,"They are racing east along the north shore of an island and then turn around to head back in the direction they came from, in which direction is the sea?",north
5274,"They are racing south-east along the north-east shore of an island and then turn around to head back in the direction they came from, in which direction is the sea?",north-east
5275,"They are racing south along the east shore of an island and then turn around to head back in the direction they came from, in which direction is the sea?",east
5276,"They are racing south-west along the south-east shore of an island and then turn around to head back in the direction they came from, in which direction is the sea?",south-east
5277,"They are racing west along the south shore of an island and then turn around to head back in the direction they came from, in which direction is the sea?",south
5278,"They are racing north-west along the south-west shore of an island and then turn around to head back in the direction they came from, in which direction is the sea?",south-west
5279,"They are racing north along the west shore of an island and then turn around to head back in the direction they came from, in which direction is the sea?",west
5280,"They are racing north-east along the north-west shore of an island and then turn around to head back in the direction they came from, in which direction is the sea?",north-west
5281,"I am running west along the north shore of an island and then turn around to head back in the direction I came from, in which direction is the sea?",north
5282,"I am running north-west along the north-east shore of an island and then turn around to head back in the direction I came from, in which direction is the sea?",north-east
5283,"I am running north along the east shore of an island and then turn around to head back in the direction I came from, in which direction is the sea?",east
5284,"I am running north-east along the south-east shore of an island and then turn around to head back in the direction I came from, in which direction is the sea?",south-east
5285,"I am running east along the south shore of an island and then turn around to head back in the direction I came from, in which direction is the sea?",south
5286,"I am running south-east along the south-west shore of an island and then turn around to head back in the direction I came from, in which direction is the sea?",south-west
5287,"I am running south along the west shore of an island and then turn around to head back in the direction I came from, in which direction is the sea?",west
5288,"I am running south-west along the north-west shore of an island and then turn around to head back in the direction I came from, in which direction is the sea?",north-west
5289,"I am walking west along the north shore of an island and then turn around to head back in the direction I came from, in which direction is the sea?",north
5290,"I am walking north-west along the north-east shore of an island and then turn around to head back in the direction I came from, in which direction is the sea?",north-east
5291,"I am walking north along the east shore of an island and then turn around to head back in the direction I came from, in which direction is the sea?",east
5292,"I am walking north-east along the south-east shore of an island and then turn around to head back in the direction I came from, in which direction is the sea?",south-east
5293,"I am walking east along the south shore of an island and then turn around to head back in the direction I came from, in which direction is the sea?",south
5294,"I am walking south-east along the south-west shore of an island and then turn around to head back in the direction I came from, in which direction is the sea?",south-west
5295,"I am walking south along the west shore of an island and then turn around to head back in the direction I came from, in which direction is the sea?",west
5296,"I am walking south-west along the north-west shore of an island and then turn around to head back in the direction I came from, in which direction is the sea?",north-west
5297,"I am cycling west along the north shore of an island and then turn around to head back in the direction I came from, in which direction is the sea?",north
5298,"I am cycling north-west along the north-east shore of an island and then turn around to head back in the direction I came from, in which direction is the sea?",north-east
5299,"I am cycling north along the east shore of an island and then turn around to head back in the direction I came from, in which direction is the sea?",east
5300,"I am cycling north-east along the south-east shore of an island and then turn around to head back in the direction I came from, in which direction is the sea?",south-east
5301,"I am cycling east along the south shore of an island and then turn around to head back in the direction I came from, in which direction is the sea?",south
5302,"I am cycling south-east along the south-west shore of an island and then turn around to head back in the direction I came from, in which direction is the sea?",south-west
5303,"I am cycling south along the west shore of an island and then turn around to head back in the direction I came from, in which direction is the sea?",west
5304,"I am cycling south-west along the north-west shore of an island and then turn around to head back in the direction I came from, in which direction is the sea?",north-west
5305,"I am driving west along the north shore of an island and then turn around to head back in the direction I came from, in which direction is the sea?",north
5306,"I am driving north-west along the north-east shore of an island and then turn around to head back in the direction I came from, in which direction is the sea?",north-east
5307,"I am driving north along the east shore of an island and then turn around to head back in the direction I came from, in which direction is the sea?",east
5308,"I am driving north-east along the south-east shore of an island and then turn around to head back in the direction I came from, in which direction is the sea?",south-east
5309,"I am driving east along the south shore of an island and then turn around to head back in the direction I came from, in which direction is the sea?",south
5310,"I am driving south-east along the south-west shore of an island and then turn around to head back in the direction I came from, in which direction is the sea?",south-west
5311,"I am driving south along the west shore of an island and then turn around to head back in the direction I came from, in which direction is the sea?",west
5312,"I am driving south-west along the north-west shore of an island and then turn around to head back in the direction I came from, in which direction is the sea?",north-west
5313,"I am jogging west along the north shore of an island and then turn around to head back in the direction I came from, in which direction is the sea?",north
5314,"I am jogging north-west along the north-east shore of an island and then turn around to head back in the direction I came from, in which direction is the sea?",north-east
5315,"I am jogging north along the east shore of an island and then turn around to head back in the direction I came from, in which direction is the sea?",east
5316,"I am jogging north-east along the south-east shore of an island and then turn around to head back in the direction I came from, in which direction is the sea?",south-east
5317,"I am jogging east along the south shore of an island and then turn around to head back in the direction I came from, in which direction is the sea?",south
5318,"I am jogging south-east along the south-west shore of an island and then turn around to head back in the direction I came from, in which direction is the sea?",south-west
5319,"I am jogging south along the west shore of an island and then turn around to head back in the direction I came from, in which direction is the sea?",west
5320,"I am jogging south-west along the north-west shore of an island and then turn around to head back in the direction I came from, in which direction is the sea?",north-west
5321,"I am riding west along the north shore of an island and then turn around to head back in the direction I came from, in which direction is the sea?",north
5322,"I am riding north-west along the north-east shore of an island and then turn around to head back in the direction I came from, in which direction is the sea?",north-east
5323,"I am riding north along the east shore of an island and then turn around to head back in the direction I came from, in which direction is the sea?",east
5324,"I am riding north-east along the south-east shore of an island and then turn around to head back in the direction I came from, in which direction is the sea?",south-east
5325,"I am riding east along the south shore of an island and then turn around to head back in the direction I came from, in which direction is the sea?",south
5326,"I am riding south-east along the south-west shore of an island and then turn around to head back in the direction I came from, in which direction is the sea?",south-west
5327,"I am riding south along the west shore of an island and then turn around to head back in the direction I came from, in which direction is the sea?",west
5328,"I am riding south-west along the north-west shore of an island and then turn around to head back in the direction I came from, in which direction is the sea?",north-west
5329,"I am perambulating west along the north shore of an island and then turn around to head back in the direction I came from, in which direction is the sea?",north
5330,"I am perambulating north-west along the north-east shore of an island and then turn around to head back in the direction I came from, in which direction is the sea?",north-east
5331,"I am perambulating north along the east shore of an island and then turn around to head back in the direction I came from, in which direction is the sea?",east
5332,"I am perambulating north-east along the south-east shore of an island and then turn around to head back in the direction I came from, in which direction is the sea?",south-east
5333,"I am perambulating east along the south shore of an island and then turn around to head back in the direction I came from, in which direction is the sea?",south
5334,"I am perambulating south-east along the south-west shore of an island and then turn around to head back in the direction I came from, in which direction is the sea?",south-west
5335,"I am perambulating south along the west shore of an island and then turn around to head back in the direction I came from, in which direction is the sea?",west
5336,"I am perambulating south-west along the north-west shore of an island and then turn around to head back in the direction I came from, in which direction is the sea?",north-west
5337,"I am hiking west along the north shore of an island and then turn around to head back in the direction I came from, in which direction is the sea?",north
5338,"I am hiking north-west along the north-east shore of an island and then turn around to head back in the direction I came from, in which direction is the sea?",north-east
5339,"I am hiking north along the east shore of an island and then turn around to head back in the direction I came from, in which direction is the sea?",east
5340,"I am hiking north-east along the south-east shore of an island and then turn around to head back in the direction I came from, in which direction is the sea?",south-east
5341,"I am hiking east along the south shore of an island and then turn around to head back in the direction I came from, in which direction is the sea?",south
5342,"I am hiking south-east along the south-west shore of an island and then turn around to head back in the direction I came from, in which direction is the sea?",south-west
5343,"I am hiking south along the west shore of an island and then turn around to head back in the direction I came from, in which direction is the sea?",west
5344,"I am hiking south-west along the north-west shore of an island and then turn around to head back in the direction I came from, in which direction is the sea?",north-west
5345,"I am unicycling west along the north shore of an island and then turn around to head back in the direction I came from, in which direction is the sea?",north
5346,"I am unicycling north-west along the north-east shore of an island and then turn around to head back in the direction I came from, in which direction is the sea?",north-east
5347,"I am unicycling north along the east shore of an island and then turn around to head back in the direction I came from, in which direction is the sea?",east
5348,"I am unicycling north-east along the south-east shore of an island and then turn around to head back in the direction I came from, in which direction is the sea?",south-east
5349,"I am unicycling east along the south shore of an island and then turn around to head back in the direction I came from, in which direction is the sea?",south
5350,"I am unicycling south-east along the south-west shore of an island and then turn around to head back in the direction I came from, in which direction is the sea?",south-west
5351,"I am unicycling south along the west shore of an island and then turn around to head back in the direction I came from, in which direction is the sea?",west
5352,"I am unicycling south-west along the north-west shore of an island and then turn around to head back in the direction I came from, in which direction is the sea?",north-west
5353,"I am racing west along the north shore of an island and then turn around to head back in the direction I came from, in which direction is the sea?",north
5354,"I am racing north-west along the north-east shore of an island and then turn around to head back in the direction I came from, in which direction is the sea?",north-east
5355,"I am racing north along the east shore of an island and then turn around to head back in the direction I came from, in which direction is the sea?",east
5356,"I am racing north-east along the south-east shore of an island and then turn around to head back in the direction I came from, in which direction is the sea?",south-east
5357,"I am racing east along the south shore of an island and then turn around to head back in the direction I came from, in which direction is the sea?",south
5358,"I am racing south-east along the south-west shore of an island and then turn around to head back in the direction I came from, in which direction is the sea?",south-west
5359,"I am racing south along the west shore of an island and then turn around to head back in the direction I came from, in which direction is the sea?",west
5360,"I am racing south-west along the north-west shore of an island and then turn around to head back in the direction I came from, in which direction is the sea?",north-west
5361,"You are running west along the north shore of an island and then turn around to head back in the direction you came from, in which direction is the sea?",north
5362,"You are running north-west along the north-east shore of an island and then turn around to head back in the direction you came from, in which direction is the sea?",north-east
5363,"You are running north along the east shore of an island and then turn around to head back in the direction you came from, in which direction is the sea?",east
5364,"You are running north-east along the south-east shore of an island and then turn around to head back in the direction you came from, in which direction is the sea?",south-east
5365,"You are running east along the south shore of an island and then turn around to head back in the direction you came from, in which direction is the sea?",south
5366,"You are running south-east along the south-west shore of an island and then turn around to head back in the direction you came from, in which direction is the sea?",south-west
5367,"You are running south along the west shore of an island and then turn around to head back in the direction you came from, in which direction is the sea?",west
5368,"You are running south-west along the north-west shore of an island and then turn around to head back in the direction you came from, in which direction is the sea?",north-west
5369,"You are walking west along the north shore of an island and then turn around to head back in the direction you came from, in which direction is the sea?",north
5370,"You are walking north-west along the north-east shore of an island and then turn around to head back in the direction you came from, in which direction is the sea?",north-east
5371,"You are walking north along the east shore of an island and then turn around to head back in the direction you came from, in which direction is the sea?",east
5372,"You are walking north-east along the south-east shore of an island and then turn around to head back in the direction you came from, in which direction is the sea?",south-east
5373,"You are walking east along the south shore of an island and then turn around to head back in the direction you came from, in which direction is the sea?",south
5374,"You are walking south-east along the south-west shore of an island and then turn around to head back in the direction you came from, in which direction is the sea?",south-west
5375,"You are walking south along the west shore of an island and then turn around to head back in the direction you came from, in which direction is the sea?",west
5376,"You are walking south-west along the north-west shore of an island and then turn around to head back in the direction you came from, in which direction is the sea?",north-west
5377,"You are cycling west along the north shore of an island and then turn around to head back in the direction you came from, in which direction is the sea?",north
5378,"You are cycling north-west along the north-east shore of an island and then turn around to head back in the direction you came from, in which direction is the sea?",north-east
5379,"You are cycling north along the east shore of an island and then turn around to head back in the direction you came from, in which direction is the sea?",east
5380,"You are cycling north-east along the south-east shore of an island and then turn around to head back in the direction you came from, in which direction is the sea?",south-east
5381,"You are cycling east along the south shore of an island and then turn around to head back in the direction you came from, in which direction is the sea?",south
5382,"You are cycling south-east along the south-west shore of an island and then turn around to head back in the direction you came from, in which direction is the sea?",south-west
5383,"You are cycling south along the west shore of an island and then turn around to head back in the direction you came from, in which direction is the sea?",west
5384,"You are cycling south-west along the north-west shore of an island and then turn around to head back in the direction you came from, in which direction is the sea?",north-west
5385,"You are driving west along the north shore of an island and then turn around to head back in the direction you came from, in which direction is the sea?",north
5386,"You are driving north-west along the north-east shore of an island and then turn around to head back in the direction you came from, in which direction is the sea?",north-east
5387,"You are driving north along the east shore of an island and then turn around to head back in the direction you came from, in which direction is the sea?",east
5388,"You are driving north-east along the south-east shore of an island and then turn around to head back in the direction you came from, in which direction is the sea?",south-east
5389,"You are driving east along the south shore of an island and then turn around to head back in the direction you came from, in which direction is the sea?",south
5390,"You are driving south-east along the south-west shore of an island and then turn around to head back in the direction you came from, in which direction is the sea?",south-west
5391,"You are driving south along the west shore of an island and then turn around to head back in the direction you came from, in which direction is the sea?",west
5392,"You are driving south-west along the north-west shore of an island and then turn around to head back in the direction you came from, in which direction is the sea?",north-west
5393,"You are jogging west along the north shore of an island and then turn around to head back in the direction you came from, in which direction is the sea?",north
5394,"You are jogging north-west along the north-east shore of an island and then turn around to head back in the direction you came from, in which direction is the sea?",north-east
5395,"You are jogging north along the east shore of an island and then turn around to head back in the direction you came from, in which direction is the sea?",east
5396,"You are jogging north-east along the south-east shore of an island and then turn around to head back in the direction you came from, in which direction is the sea?",south-east
5397,"You are jogging east along the south shore of an island and then turn around to head back in the direction you came from, in which direction is the sea?",south
5398,"You are jogging south-east along the south-west shore of an island and then turn around to head back in the direction you came from, in which direction is the sea?",south-west
5399,"You are jogging south along the west shore of an island and then turn around to head back in the direction you came from, in which direction is the sea?",west
5400,"You are jogging south-west along the north-west shore of an island and then turn around to head back in the direction you came from, in which direction is the sea?",north-west
5401,"You are riding west along the north shore of an island and then turn around to head back in the direction you came from, in which direction is the sea?",north
5402,"You are riding north-west along the north-east shore of an island and then turn around to head back in the direction you came from, in which direction is the sea?",north-east
5403,"You are riding north along the east shore of an island and then turn around to head back in the direction you came from, in which direction is the sea?",east
5404,"You are riding north-east along the south-east shore of an island and then turn around to head back in the direction you came from, in which direction is the sea?",south-east
5405,"You are riding east along the south shore of an island and then turn around to head back in the direction you came from, in which direction is the sea?",south
5406,"You are riding south-east along the south-west shore of an island and then turn around to head back in the direction you came from, in which direction is the sea?",south-west
5407,"You are riding south along the west shore of an island and then turn around to head back in the direction you came from, in which direction is the sea?",west
5408,"You are riding south-west along the north-west shore of an island and then turn around to head back in the direction you came from, in which direction is the sea?",north-west
5409,"You are perambulating west along the north shore of an island and then turn around to head back in the direction you came from, in which direction is the sea?",north
5410,"You are perambulating north-west along the north-east shore of an island and then turn around to head back in the direction you came from, in which direction is the sea?",north-east
5411,"You are perambulating north along the east shore of an island and then turn around to head back in the direction you came from, in which direction is the sea?",east
5412,"You are perambulating north-east along the south-east shore of an island and then turn around to head back in the direction you came from, in which direction is the sea?",south-east
5413,"You are perambulating east along the south shore of an island and then turn around to head back in the direction you came from, in which direction is the sea?",south
5414,"You are perambulating south-east along the south-west shore of an island and then turn around to head back in the direction you came from, in which direction is the sea?",south-west
5415,"You are perambulating south along the west shore of an island and then turn around to head back in the direction you came from, in which direction is the sea?",west
5416,"You are perambulating south-west along the north-west shore of an island and then turn around to head back in the direction you came from, in which direction is the sea?",north-west
5417,"You are hiking west along the north shore of an island and then turn around to head back in the direction you came from, in which direction is the sea?",north
5418,"You are hiking north-west along the north-east shore of an island and then turn around to head back in the direction you came from, in which direction is the sea?",north-east
5419,"You are hiking north along the east shore of an island and then turn around to head back in the direction you came from, in which direction is the sea?",east
5420,"You are hiking north-east along the south-east shore of an island and then turn around to head back in the direction you came from, in which direction is the sea?",south-east
5421,"You are hiking east along the south shore of an island and then turn around to head back in the direction you came from, in which direction is the sea?",south
5422,"You are hiking south-east along the south-west shore of an island and then turn around to head back in the direction you came from, in which direction is the sea?",south-west
5423,"You are hiking south along the west shore of an island and then turn around to head back in the direction you came from, in which direction is the sea?",west
5424,"You are hiking south-west along the north-west shore of an island and then turn around to head back in the direction you came from, in which direction is the sea?",north-west
5425,"You are unicycling west along the north shore of an island and then turn around to head back in the direction you came from, in which direction is the sea?",north
5426,"You are unicycling north-west along the north-east shore of an island and then turn around to head back in the direction you came from, in which direction is the sea?",north-east
5427,"You are unicycling north along the east shore of an island and then turn around to head back in the direction you came from, in which direction is the sea?",east
5428,"You are unicycling north-east along the south-east shore of an island and then turn around to head back in the direction you came from, in which direction is the sea?",south-east
5429,"You are unicycling east along the south shore of an island and then turn around to head back in the direction you came from, in which direction is the sea?",south
5430,"You are unicycling south-east along the south-west shore of an island and then turn around to head back in the direction you came from, in which direction is the sea?",south-west
5431,"You are unicycling south along the west shore of an island and then turn around to head back in the direction you came from, in which direction is the sea?",west
5432,"You are unicycling south-west along the north-west shore of an island and then turn around to head back in the direction you came from, in which direction is the sea?",north-west
5433,"You are racing west along the north shore of an island and then turn around to head back in the direction you came from, in which direction is the sea?",north
5434,"You are racing north-west along the north-east shore of an island and then turn around to head back in the direction you came from, in which direction is the sea?",north-east
5435,"You are racing north along the east shore of an island and then turn around to head back in the direction you came from, in which direction is the sea?",east
5436,"You are racing north-east along the south-east shore of an island and then turn around to head back in the direction you came from, in which direction is the sea?",south-east
5437,"You are racing east along the south shore of an island and then turn around to head back in the direction you came from, in which direction is the sea?",south
5438,"You are racing south-east along the south-west shore of an island and then turn around to head back in the direction you came from, in which direction is the sea?",south-west
5439,"You are racing south along the west shore of an island and then turn around to head back in the direction you came from, in which direction is the sea?",west
5440,"You are racing south-west along the north-west shore of an island and then turn around to head back in the direction you came from, in which direction is the sea?",north-west
5441,"He is running west along the north shore of an island and then turns around to head back in the direction he came from, in which direction is the sea?",north
5442,"He is running north-west along the north-east shore of an island and then turns around to head back in the direction he came from, in which direction is the sea?",north-east
5443,"He is running north along the east shore of an island and then turns around to head back in the direction he came from, in which direction is the sea?",east
5444,"He is running north-east along the south-east shore of an island and then turns around to head back in the direction he came from, in which direction is the sea?",south-east
5445,"He is running east along the south shore of an island and then turns around to head back in the direction he came from, in which direction is the sea?",south
5446,"He is running south-east along the south-west shore of an island and then turns around to head back in the direction he came from, in which direction is the sea?",south-west
5447,"He is running south along the west shore of an island and then turns around to head back in the direction he came from, in which direction is the sea?",west
5448,"He is running south-west along the north-west shore of an island and then turns around to head back in the direction he came from, in which direction is the sea?",north-west
5449,"He is walking west along the north shore of an island and then turns around to head back in the direction he came from, in which direction is the sea?",north
5450,"He is walking north-west along the north-east shore of an island and then turns around to head back in the direction he came from, in which direction is the sea?",north-east
5451,"He is walking north along the east shore of an island and then turns around to head back in the direction he came from, in which direction is the sea?",east
5452,"He is walking north-east along the south-east shore of an island and then turns around to head back in the direction he came from, in which direction is the sea?",south-east
5453,"He is walking east along the south shore of an island and then turns around to head back in the direction he came from, in which direction is the sea?",south
5454,"He is walking south-east along the south-west shore of an island and then turns around to head back in the direction he came from, in which direction is the sea?",south-west
5455,"He is walking south along the west shore of an island and then turns around to head back in the direction he came from, in which direction is the sea?",west
5456,"He is walking south-west along the north-west shore of an island and then turns around to head back in the direction he came from, in which direction is the sea?",north-west
5457,"He is cycling west along the north shore of an island and then turns around to head back in the direction he came from, in which direction is the sea?",north
5458,"He is cycling north-west along the north-east shore of an island and then turns around to head back in the direction he came from, in which direction is the sea?",north-east
5459,"He is cycling north along the east shore of an island and then turns around to head back in the direction he came from, in which direction is the sea?",east
5460,"He is cycling north-east along the south-east shore of an island and then turns around to head back in the direction he came from, in which direction is the sea?",south-east
5461,"He is cycling east along the south shore of an island and then turns around to head back in the direction he came from, in which direction is the sea?",south
5462,"He is cycling south-east along the south-west shore of an island and then turns around to head back in the direction he came from, in which direction is the sea?",south-west
5463,"He is cycling south along the west shore of an island and then turns around to head back in the direction he came from, in which direction is the sea?",west
5464,"He is cycling south-west along the north-west shore of an island and then turns around to head back in the direction he came from, in which direction is the sea?",north-west
5465,"He is driving west along the north shore of an island and then turns around to head back in the direction he came from, in which direction is the sea?",north
5466,"He is driving north-west along the north-east shore of an island and then turns around to head back in the direction he came from, in which direction is the sea?",north-east
5467,"He is driving north along the east shore of an island and then turns around to head back in the direction he came from, in which direction is the sea?",east
5468,"He is driving north-east along the south-east shore of an island and then turns around to head back in the direction he came from, in which direction is the sea?",south-east
5469,"He is driving east along the south shore of an island and then turns around to head back in the direction he came from, in which direction is the sea?",south
5470,"He is driving south-east along the south-west shore of an island and then turns around to head back in the direction he came from, in which direction is the sea?",south-west
5471,"He is driving south along the west shore of an island and then turns around to head back in the direction he came from, in which direction is the sea?",west
5472,"He is driving south-west along the north-west shore of an island and then turns around to head back in the direction he came from, in which direction is the sea?",north-west
5473,"He is jogging west along the north shore of an island and then turns around to head back in the direction he came from, in which direction is the sea?",north
5474,"He is jogging north-west along the north-east shore of an island and then turns around to head back in the direction he came from, in which direction is the sea?",north-east
5475,"He is jogging north along the east shore of an island and then turns around to head back in the direction he came from, in which direction is the sea?",east
5476,"He is jogging north-east along the south-east shore of an island and then turns around to head back in the direction he came from, in which direction is the sea?",south-east
5477,"He is jogging east along the south shore of an island and then turns around to head back in the direction he came from, in which direction is the sea?",south
5478,"He is jogging south-east along the south-west shore of an island and then turns around to head back in the direction he came from, in which direction is the sea?",south-west
5479,"He is jogging south along the west shore of an island and then turns around to head back in the direction he came from, in which direction is the sea?",west
5480,"He is jogging south-west along the north-west shore of an island and then turns around to head back in the direction he came from, in which direction is the sea?",north-west
5481,"He is riding west along the north shore of an island and then turns around to head back in the direction he came from, in which direction is the sea?",north
5482,"He is riding north-west along the north-east shore of an island and then turns around to head back in the direction he came from, in which direction is the sea?",north-east
5483,"He is riding north along the east shore of an island and then turns around to head back in the direction he came from, in which direction is the sea?",east
5484,"He is riding north-east along the south-east shore of an island and then turns around to head back in the direction he came from, in which direction is the sea?",south-east
5485,"He is riding east along the south shore of an island and then turns around to head back in the direction he came from, in which direction is the sea?",south
5486,"He is riding south-east along the south-west shore of an island and then turns around to head back in the direction he came from, in which direction is the sea?",south-west
5487,"He is riding south along the west shore of an island and then turns around to head back in the direction he came from, in which direction is the sea?",west
5488,"He is riding south-west along the north-west shore of an island and then turns around to head back in the direction he came from, in which direction is the sea?",north-west
5489,"He is perambulating west along the north shore of an island and then turns around to head back in the direction he came from, in which direction is the sea?",north
5490,"He is perambulating north-west along the north-east shore of an island and then turns around to head back in the direction he came from, in which direction is the sea?",north-east
5491,"He is perambulating north along the east shore of an island and then turns around to head back in the direction he came from, in which direction is the sea?",east
5492,"He is perambulating north-east along the south-east shore of an island and then turns around to head back in the direction he came from, in which direction is the sea?",south-east
5493,"He is perambulating east along the south shore of an island and then turns around to head back in the direction he came from, in which direction is the sea?",south
5494,"He is perambulating south-east along the south-west shore of an island and then turns around to head back in the direction he came from, in which direction is the sea?",south-west
5495,"He is perambulating south along the west shore of an island and then turns around to head back in the direction he came from, in which direction is the sea?",west
5496,"He is perambulating south-west along the north-west shore of an island and then turns around to head back in the direction he came from, in which direction is the sea?",north-west
5497,"He is hiking west along the north shore of an island and then turns around to head back in the direction he came from, in which direction is the sea?",north
5498,"He is hiking north-west along the north-east shore of an island and then turns around to head back in the direction he came from, in which direction is the sea?",north-east
5499,"He is hiking north along the east shore of an island and then turns around to head back in the direction he came from, in which direction is the sea?",east
5500,"He is hiking north-east along the south-east shore of an island and then turns around to head back in the direction he came from, in which direction is the sea?",south-east
5501,"He is hiking east along the south shore of an island and then turns around to head back in the direction he came from, in which direction is the sea?",south
5502,"He is hiking south-east along the south-west shore of an island and then turns around to head back in the direction he came from, in which direction is the sea?",south-west
5503,"He is hiking south along the west shore of an island and then turns around to head back in the direction he came from, in which direction is the sea?",west
5504,"He is hiking south-west along the north-west shore of an island and then turns around to head back in the direction he came from, in which direction is the sea?",north-west
5505,"He is unicycling west along the north shore of an island and then turns around to head back in the direction he came from, in which direction is the sea?",north
5506,"He is unicycling north-west along the north-east shore of an island and then turns around to head back in the direction he came from, in which direction is the sea?",north-east
5507,"He is unicycling north along the east shore of an island and then turns around to head back in the direction he came from, in which direction is the sea?",east
5508,"He is unicycling north-east along the south-east shore of an island and then turns around to head back in the direction he came from, in which direction is the sea?",south-east
5509,"He is unicycling east along the south shore of an island and then turns around to head back in the direction he came from, in which direction is the sea?",south
5510,"He is unicycling south-east along the south-west shore of an island and then turns around to head back in the direction he came from, in which direction is the sea?",south-west
5511,"He is unicycling south along the west shore of an island and then turns around to head back in the direction he came from, in which direction is the sea?",west
5512,"He is unicycling south-west along the north-west shore of an island and then turns around to head back in the direction he came from, in which direction is the sea?",north-west
5513,"He is racing west along the north shore of an island and then turns around to head back in the direction he came from, in which direction is the sea?",north
5514,"He is racing north-west along the north-east shore of an island and then turns around to head back in the direction he came from, in which direction is the sea?",north-east
5515,"He is racing north along the east shore of an island and then turns around to head back in the direction he came from, in which direction is the sea?",east
5516,"He is racing north-east along the south-east shore of an island and then turns around to head back in the direction he came from, in which direction is the sea?",south-east
5517,"He is racing east along the south shore of an island and then turns around to head back in the direction he came from, in which direction is the sea?",south
5518,"He is racing south-east along the south-west shore of an island and then turns around to head back in the direction he came from, in which direction is the sea?",south-west
5519,"He is racing south along the west shore of an island and then turns around to head back in the direction he came from, in which direction is the sea?",west
5520,"He is racing south-west along the north-west shore of an island and then turns around to head back in the direction he came from, in which direction is the sea?",north-west
5521,"She is running west along the north shore of an island and then turns around to head back in the direction she came from, in which direction is the sea?",north
5522,"She is running north-west along the north-east shore of an island and then turns around to head back in the direction she came from, in which direction is the sea?",north-east
5523,"She is running north along the east shore of an island and then turns around to head back in the direction she came from, in which direction is the sea?",east
5524,"She is running north-east along the south-east shore of an island and then turns around to head back in the direction she came from, in which direction is the sea?",south-east
5525,"She is running east along the south shore of an island and then turns around to head back in the direction she came from, in which direction is the sea?",south
5526,"She is running south-east along the south-west shore of an island and then turns around to head back in the direction she came from, in which direction is the sea?",south-west
5527,"She is running south along the west shore of an island and then turns around to head back in the direction she came from, in which direction is the sea?",west
5528,"She is running south-west along the north-west shore of an island and then turns around to head back in the direction she came from, in which direction is the sea?",north-west
5529,"She is walking west along the north shore of an island and then turns around to head back in the direction she came from, in which direction is the sea?",north
5530,"She is walking north-west along the north-east shore of an island and then turns around to head back in the direction she came from, in which direction is the sea?",north-east
5531,"She is walking north along the east shore of an island and then turns around to head back in the direction she came from, in which direction is the sea?",east
5532,"She is walking north-east along the south-east shore of an island and then turns around to head back in the direction she came from, in which direction is the sea?",south-east
5533,"She is walking east along the south shore of an island and then turns around to head back in the direction she came from, in which direction is the sea?",south
5534,"She is walking south-east along the south-west shore of an island and then turns around to head back in the direction she came from, in which direction is the sea?",south-west
5535,"She is walking south along the west shore of an island and then turns around to head back in the direction she came from, in which direction is the sea?",west
5536,"She is walking south-west along the north-west shore of an island and then turns around to head back in the direction she came from, in which direction is the sea?",north-west
5537,"She is cycling west along the north shore of an island and then turns around to head back in the direction she came from, in which direction is the sea?",north
5538,"She is cycling north-west along the north-east shore of an island and then turns around to head back in the direction she came from, in which direction is the sea?",north-east
5539,"She is cycling north along the east shore of an island and then turns around to head back in the direction she came from, in which direction is the sea?",east
5540,"She is cycling north-east along the south-east shore of an island and then turns around to head back in the direction she came from, in which direction is the sea?",south-east
5541,"She is cycling east along the south shore of an island and then turns around to head back in the direction she came from, in which direction is the sea?",south
5542,"She is cycling south-east along the south-west shore of an island and then turns around to head back in the direction she came from, in which direction is the sea?",south-west
5543,"She is cycling south along the west shore of an island and then turns around to head back in the direction she came from, in which direction is the sea?",west
5544,"She is cycling south-west along the north-west shore of an island and then turns around to head back in the direction she came from, in which direction is the sea?",north-west
5545,"She is driving west along the north shore of an island and then turns around to head back in the direction she came from, in which direction is the sea?",north
5546,"She is driving north-west along the north-east shore of an island and then turns around to head back in the direction she came from, in which direction is the sea?",north-east
5547,"She is driving north along the east shore of an island and then turns around to head back in the direction she came from, in which direction is the sea?",east
5548,"She is driving north-east along the south-east shore of an island and then turns around to head back in the direction she came from, in which direction is the sea?",south-east
5549,"She is driving east along the south shore of an island and then turns around to head back in the direction she came from, in which direction is the sea?",south
5550,"She is driving south-east along the south-west shore of an island and then turns around to head back in the direction she came from, in which direction is the sea?",south-west
5551,"She is driving south along the west shore of an island and then turns around to head back in the direction she came from, in which direction is the sea?",west
5552,"She is driving south-west along the north-west shore of an island and then turns around to head back in the direction she came from, in which direction is the sea?",north-west
5553,"She is jogging west along the north shore of an island and then turns around to head back in the direction she came from, in which direction is the sea?",north
5554,"She is jogging north-west along the north-east shore of an island and then turns around to head back in the direction she came from, in which direction is the sea?",north-east
5555,"She is jogging north along the east shore of an island and then turns around to head back in the direction she came from, in which direction is the sea?",east
5556,"She is jogging north-east along the south-east shore of an island and then turns around to head back in the direction she came from, in which direction is the sea?",south-east
5557,"She is jogging east along the south shore of an island and then turns around to head back in the direction she came from, in which direction is the sea?",south
5558,"She is jogging south-east along the south-west shore of an island and then turns around to head back in the direction she came from, in which direction is the sea?",south-west
5559,"She is jogging south along the west shore of an island and then turns around to head back in the direction she came from, in which direction is the sea?",west
5560,"She is jogging south-west along the north-west shore of an island and then turns around to head back in the direction she came from, in which direction is the sea?",north-west
5561,"She is riding west along the north shore of an island and then turns around to head back in the direction she came from, in which direction is the sea?",north
5562,"She is riding north-west along the north-east shore of an island and then turns around to head back in the direction she came from, in which direction is the sea?",north-east
5563,"She is riding north along the east shore of an island and then turns around to head back in the direction she came from, in which direction is the sea?",east
5564,"She is riding north-east along the south-east shore of an island and then turns around to head back in the direction she came from, in which direction is the sea?",south-east
5565,"She is riding east along the south shore of an island and then turns around to head back in the direction she came from, in which direction is the sea?",south
5566,"She is riding south-east along the south-west shore of an island and then turns around to head back in the direction she came from, in which direction is the sea?",south-west
5567,"She is riding south along the west shore of an island and then turns around to head back in the direction she came from, in which direction is the sea?",west
5568,"She is riding south-west along the north-west shore of an island and then turns around to head back in the direction she came from, in which direction is the sea?",north-west
5569,"She is perambulating west along the north shore of an island and then turns around to head back in the direction she came from, in which direction is the sea?",north
5570,"She is perambulating north-west along the north-east shore of an island and then turns around to head back in the direction she came from, in which direction is the sea?",north-east
5571,"She is perambulating north along the east shore of an island and then turns around to head back in the direction she came from, in which direction is the sea?",east
5572,"She is perambulating north-east along the south-east shore of an island and then turns around to head back in the direction she came from, in which direction is the sea?",south-east
5573,"She is perambulating east along the south shore of an island and then turns around to head back in the direction she came from, in which direction is the sea?",south
5574,"She is perambulating south-east along the south-west shore of an island and then turns around to head back in the direction she came from, in which direction is the sea?",south-west
5575,"She is perambulating south along the west shore of an island and then turns around to head back in the direction she came from, in which direction is the sea?",west
5576,"She is perambulating south-west along the north-west shore of an island and then turns around to head back in the direction she came from, in which direction is the sea?",north-west
5577,"She is hiking west along the north shore of an island and then turns around to head back in the direction she came from, in which direction is the sea?",north
5578,"She is hiking north-west along the north-east shore of an island and then turns around to head back in the direction she came from, in which direction is the sea?",north-east
5579,"She is hiking north along the east shore of an island and then turns around to head back in the direction she came from, in which direction is the sea?",east
5580,"She is hiking north-east along the south-east shore of an island and then turns around to head back in the direction she came from, in which direction is the sea?",south-east
5581,"She is hiking east along the south shore of an island and then turns around to head back in the direction she came from, in which direction is the sea?",south
5582,"She is hiking south-east along the south-west shore of an island and then turns around to head back in the direction she came from, in which direction is the sea?",south-west
5583,"She is hiking south along the west shore of an island and then turns around to head back in the direction she came from, in which direction is the sea?",west
5584,"She is hiking south-west along the north-west shore of an island and then turns around to head back in the direction she came from, in which direction is the sea?",north-west
5585,"She is unicycling west along the north shore of an island and then turns around to head back in the direction she came from, in which direction is the sea?",north
5586,"She is unicycling north-west along the north-east shore of an island and then turns around to head back in the direction she came from, in which direction is the sea?",north-east
5587,"She is unicycling north along the east shore of an island and then turns around to head back in the direction she came from, in which direction is the sea?",east
5588,"She is unicycling north-east along the south-east shore of an island and then turns around to head back in the direction she came from, in which direction is the sea?",south-east
5589,"She is unicycling east along the south shore of an island and then turns around to head back in the direction she came from, in which direction is the sea?",south
5590,"She is unicycling south-east along the south-west shore of an island and then turns around to head back in the direction she came from, in which direction is the sea?",south-west
5591,"She is unicycling south along the west shore of an island and then turns around to head back in the direction she came from, in which direction is the sea?",west
5592,"She is unicycling south-west along the north-west shore of an island and then turns around to head back in the direction she came from, in which direction is the sea?",north-west
5593,"She is racing west along the north shore of an island and then turns around to head back in the direction she came from, in which direction is the sea?",north
5594,"She is racing north-west along the north-east shore of an island and then turns around to head back in the direction she came from, in which direction is the sea?",north-east
5595,"She is racing north along the east shore of an island and then turns around to head back in the direction she came from, in which direction is the sea?",east
5596,"She is racing north-east along the south-east shore of an island and then turns around to head back in the direction she came from, in which direction is the sea?",south-east
5597,"She is racing east along the south shore of an island and then turns around to head back in the direction she came from, in which direction is the sea?",south
5598,"She is racing south-east along the south-west shore of an island and then turns around to head back in the direction she came from, in which direction is the sea?",south-west
5599,"She is racing south along the west shore of an island and then turns around to head back in the direction she came from, in which direction is the sea?",west
5600,"She is racing south-west along the north-west shore of an island and then turns around to head back in the direction she came from, in which direction is the sea?",north-west
5601,"We are running west along the north shore of an island and then turn around to head back in the direction we came from, in which direction is the sea?",north
5602,"We are running north-west along the north-east shore of an island and then turn around to head back in the direction we came from, in which direction is the sea?",north-east
5603,"We are running north along the east shore of an island and then turn around to head back in the direction we came from, in which direction is the sea?",east
5604,"We are running north-east along the south-east shore of an island and then turn around to head back in the direction we came from, in which direction is the sea?",south-east
5605,"We are running east along the south shore of an island and then turn around to head back in the direction we came from, in which direction is the sea?",south
5606,"We are running south-east along the south-west shore of an island and then turn around to head back in the direction we came from, in which direction is the sea?",south-west
5607,"We are running south along the west shore of an island and then turn around to head back in the direction we came from, in which direction is the sea?",west
5608,"We are running south-west along the north-west shore of an island and then turn around to head back in the direction we came from, in which direction is the sea?",north-west
5609,"We are walking west along the north shore of an island and then turn around to head back in the direction we came from, in which direction is the sea?",north
5610,"We are walking north-west along the north-east shore of an island and then turn around to head back in the direction we came from, in which direction is the sea?",north-east
5611,"We are walking north along the east shore of an island and then turn around to head back in the direction we came from, in which direction is the sea?",east
5612,"We are walking north-east along the south-east shore of an island and then turn around to head back in the direction we came from, in which direction is the sea?",south-east
5613,"We are walking east along the south shore of an island and then turn around to head back in the direction we came from, in which direction is the sea?",south
5614,"We are walking south-east along the south-west shore of an island and then turn around to head back in the direction we came from, in which direction is the sea?",south-west
5615,"We are walking south along the west shore of an island and then turn around to head back in the direction we came from, in which direction is the sea?",west
5616,"We are walking south-west along the north-west shore of an island and then turn around to head back in the direction we came from, in which direction is the sea?",north-west
5617,"We are cycling west along the north shore of an island and then turn around to head back in the direction we came from, in which direction is the sea?",north
5618,"We are cycling north-west along the north-east shore of an island and then turn around to head back in the direction we came from, in which direction is the sea?",north-east
5619,"We are cycling north along the east shore of an island and then turn around to head back in the direction we came from, in which direction is the sea?",east
5620,"We are cycling north-east along the south-east shore of an island and then turn around to head back in the direction we came from, in which direction is the sea?",south-east
5621,"We are cycling east along the south shore of an island and then turn around to head back in the direction we came from, in which direction is the sea?",south
5622,"We are cycling south-east along the south-west shore of an island and then turn around to head back in the direction we came from, in which direction is the sea?",south-west
5623,"We are cycling south along the west shore of an island and then turn around to head back in the direction we came from, in which direction is the sea?",west
5624,"We are cycling south-west along the north-west shore of an island and then turn around to head back in the direction we came from, in which direction is the sea?",north-west
5625,"We are driving west along the north shore of an island and then turn around to head back in the direction we came from, in which direction is the sea?",north
5626,"We are driving north-west along the north-east shore of an island and then turn around to head back in the direction we came from, in which direction is the sea?",north-east
5627,"We are driving north along the east shore of an island and then turn around to head back in the direction we came from, in which direction is the sea?",east
5628,"We are driving north-east along the south-east shore of an island and then turn around to head back in the direction we came from, in which direction is the sea?",south-east
5629,"We are driving east along the south shore of an island and then turn around to head back in the direction we came from, in which direction is the sea?",south
5630,"We are driving south-east along the south-west shore of an island and then turn around to head back in the direction we came from, in which direction is the sea?",south-west
5631,"We are driving south along the west shore of an island and then turn around to head back in the direction we came from, in which direction is the sea?",west
5632,"We are driving south-west along the north-west shore of an island and then turn around to head back in the direction we came from, in which direction is the sea?",north-west
5633,"We are jogging west along the north shore of an island and then turn around to head back in the direction we came from, in which direction is the sea?",north
5634,"We are jogging north-west along the north-east shore of an island and then turn around to head back in the direction we came from, in which direction is the sea?",north-east
5635,"We are jogging north along the east shore of an island and then turn around to head back in the direction we came from, in which direction is the sea?",east
5636,"We are jogging north-east along the south-east shore of an island and then turn around to head back in the direction we came from, in which direction is the sea?",south-east
5637,"We are jogging east along the south shore of an island and then turn around to head back in the direction we came from, in which direction is the sea?",south
5638,"We are jogging south-east along the south-west shore of an island and then turn around to head back in the direction we came from, in which direction is the sea?",south-west
5639,"We are jogging south along the west shore of an island and then turn around to head back in the direction we came from, in which direction is the sea?",west
5640,"We are jogging south-west along the north-west shore of an island and then turn around to head back in the direction we came from, in which direction is the sea?",north-west
5641,"We are riding west along the north shore of an island and then turn around to head back in the direction we came from, in which direction is the sea?",north
5642,"We are riding north-west along the north-east shore of an island and then turn around to head back in the direction we came from, in which direction is the sea?",north-east
5643,"We are riding north along the east shore of an island and then turn around to head back in the direction we came from, in which direction is the sea?",east
5644,"We are riding north-east along the south-east shore of an island and then turn around to head back in the direction we came from, in which direction is the sea?",south-east
5645,"We are riding east along the south shore of an island and then turn around to head back in the direction we came from, in which direction is the sea?",south
5646,"We are riding south-east along the south-west shore of an island and then turn around to head back in the direction we came from, in which direction is the sea?",south-west
5647,"We are riding south along the west shore of an island and then turn around to head back in the direction we came from, in which direction is the sea?",west
5648,"We are riding south-west along the north-west shore of an island and then turn around to head back in the direction we came from, in which direction is the sea?",north-west
5649,"We are perambulating west along the north shore of an island and then turn around to head back in the direction we came from, in which direction is the sea?",north
5650,"We are perambulating north-west along the north-east shore of an island and then turn around to head back in the direction we came from, in which direction is the sea?",north-east
5651,"We are perambulating north along the east shore of an island and then turn around to head back in the direction we came from, in which direction is the sea?",east
5652,"We are perambulating north-east along the south-east shore of an island and then turn around to head back in the direction we came from, in which direction is the sea?",south-east
5653,"We are perambulating east along the south shore of an island and then turn around to head back in the direction we came from, in which direction is the sea?",south
5654,"We are perambulating south-east along the south-west shore of an island and then turn around to head back in the direction we came from, in which direction is the sea?",south-west
5655,"We are perambulating south along the west shore of an island and then turn around to head back in the direction we came from, in which direction is the sea?",west
5656,"We are perambulating south-west along the north-west shore of an island and then turn around to head back in the direction we came from, in which direction is the sea?",north-west
5657,"We are hiking west along the north shore of an island and then turn around to head back in the direction we came from, in which direction is the sea?",north
5658,"We are hiking north-west along the north-east shore of an island and then turn around to head back in the direction we came from, in which direction is the sea?",north-east
5659,"We are hiking north along the east shore of an island and then turn around to head back in the direction we came from, in which direction is the sea?",east
5660,"We are hiking north-east along the south-east shore of an island and then turn around to head back in the direction we came from, in which direction is the sea?",south-east
5661,"We are hiking east along the south shore of an island and then turn around to head back in the direction we came from, in which direction is the sea?",south
5662,"We are hiking south-east along the south-west shore of an island and then turn around to head back in the direction we came from, in which direction is the sea?",south-west
5663,"We are hiking south along the west shore of an island and then turn around to head back in the direction we came from, in which direction is the sea?",west
5664,"We are hiking south-west along the north-west shore of an island and then turn around to head back in the direction we came from, in which direction is the sea?",north-west
5665,"We are unicycling west along the north shore of an island and then turn around to head back in the direction we came from, in which direction is the sea?",north
5666,"We are unicycling north-west along the north-east shore of an island and then turn around to head back in the direction we came from, in which direction is the sea?",north-east
5667,"We are unicycling north along the east shore of an island and then turn around to head back in the direction we came from, in which direction is the sea?",east
5668,"We are unicycling north-east along the south-east shore of an island and then turn around to head back in the direction we came from, in which direction is the sea?",south-east
5669,"We are unicycling east along the south shore of an island and then turn around to head back in the direction we came from, in which direction is the sea?",south
5670,"We are unicycling south-east along the south-west shore of an island and then turn around to head back in the direction we came from, in which direction is the sea?",south-west
5671,"We are unicycling south along the west shore of an island and then turn around to head back in the direction we came from, in which direction is the sea?",west
5672,"We are unicycling south-west along the north-west shore of an island and then turn around to head back in the direction we came from, in which direction is the sea?",north-west
5673,"We are racing west along the north shore of an island and then turn around to head back in the direction we came from, in which direction is the sea?",north
5674,"We are racing north-west along the north-east shore of an island and then turn around to head back in the direction we came from, in which direction is the sea?",north-east
5675,"We are racing north along the east shore of an island and then turn around to head back in the direction we came from, in which direction is the sea?",east
5676,"We are racing north-east along the south-east shore of an island and then turn around to head back in the direction we came from, in which direction is the sea?",south-east
5677,"We are racing east along the south shore of an island and then turn around to head back in the direction we came from, in which direction is the sea?",south
5678,"We are racing south-east along the south-west shore of an island and then turn around to head back in the direction we came from, in which direction is the sea?",south-west
5679,"We are racing south along the west shore of an island and then turn around to head back in the direction we came from, in which direction is the sea?",west
5680,"We are racing south-west along the north-west shore of an island and then turn around to head back in the direction we came from, in which direction is the sea?",north-west
5681,"They are running west along the north shore of an island and then turn around to head back in the direction they came from, in which direction is the sea?",north
5682,"They are running north-west along the north-east shore of an island and then turn around to head back in the direction they came from, in which direction is the sea?",north-east
5683,"They are running north along the east shore of an island and then turn around to head back in the direction they came from, in which direction is the sea?",east
5684,"They are running north-east along the south-east shore of an island and then turn around to head back in the direction they came from, in which direction is the sea?",south-east
5685,"They are running east along the south shore of an island and then turn around to head back in the direction they came from, in which direction is the sea?",south
5686,"They are running south-east along the south-west shore of an island and then turn around to head back in the direction they came from, in which direction is the sea?",south-west
5687,"They are running south along the west shore of an island and then turn around to head back in the direction they came from, in which direction is the sea?",west
5688,"They are running south-west along the north-west shore of an island and then turn around to head back in the direction they came from, in which direction is the sea?",north-west
5689,"They are walking west along the north shore of an island and then turn around to head back in the direction they came from, in which direction is the sea?",north
5690,"They are walking north-west along the north-east shore of an island and then turn around to head back in the direction they came from, in which direction is the sea?",north-east
5691,"They are walking north along the east shore of an island and then turn around to head back in the direction they came from, in which direction is the sea?",east
5692,"They are walking north-east along the south-east shore of an island and then turn around to head back in the direction they came from, in which direction is the sea?",south-east
5693,"They are walking east along the south shore of an island and then turn around to head back in the direction they came from, in which direction is the sea?",south
5694,"They are walking south-east along the south-west shore of an island and then turn around to head back in the direction they came from, in which direction is the sea?",south-west
5695,"They are walking south along the west shore of an island and then turn around to head back in the direction they came from, in which direction is the sea?",west
5696,"They are walking south-west along the north-west shore of an island and then turn around to head back in the direction they came from, in which direction is the sea?",north-west
5697,"They are cycling west along the north shore of an island and then turn around to head back in the direction they came from, in which direction is the sea?",north
5698,"They are cycling north-west along the north-east shore of an island and then turn around to head back in the direction they came from, in which direction is the sea?",north-east
5699,"They are cycling north along the east shore of an island and then turn around to head back in the direction they came from, in which direction is the sea?",east
5700,"They are cycling north-east along the south-east shore of an island and then turn around to head back in the direction they came from, in which direction is the sea?",south-east
5701,"They are cycling east along the south shore of an island and then turn around to head back in the direction they came from, in which direction is the sea?",south
5702,"They are cycling south-east along the south-west shore of an island and then turn around to head back in the direction they came from, in which direction is the sea?",south-west
5703,"They are cycling south along the west shore of an island and then turn around to head back in the direction they came from, in which direction is the sea?",west
5704,"They are cycling south-west along the north-west shore of an island and then turn around to head back in the direction they came from, in which direction is the sea?",north-west
5705,"They are driving west along the north shore of an island and then turn around to head back in the direction they came from, in which direction is the sea?",north
5706,"They are driving north-west along the north-east shore of an island and then turn around to head back in the direction they came from, in which direction is the sea?",north-east
5707,"They are driving north along the east shore of an island and then turn around to head back in the direction they came from, in which direction is the sea?",east
5708,"They are driving north-east along the south-east shore of an island and then turn around to head back in the direction they came from, in which direction is the sea?",south-east
5709,"They are driving east along the south shore of an island and then turn around to head back in the direction they came from, in which direction is the sea?",south
5710,"They are driving south-east along the south-west shore of an island and then turn around to head back in the direction they came from, in which direction is the sea?",south-west
5711,"They are driving south along the west shore of an island and then turn around to head back in the direction they came from, in which direction is the sea?",west
5712,"They are driving south-west along the north-west shore of an island and then turn around to head back in the direction they came from, in which direction is the sea?",north-west
5713,"They are jogging west along the north shore of an island and then turn around to head back in the direction they came from, in which direction is the sea?",north
5714,"They are jogging north-west along the north-east shore of an island and then turn around to head back in the direction they came from, in which direction is the sea?",north-east
5715,"They are jogging north along the east shore of an island and then turn around to head back in the direction they came from, in which direction is the sea?",east
5716,"They are jogging north-east along the south-east shore of an island and then turn around to head back in the direction they came from, in which direction is the sea?",south-east
5717,"They are jogging east along the south shore of an island and then turn around to head back in the direction they came from, in which direction is the sea?",south
5718,"They are jogging south-east along the south-west shore of an island and then turn around to head back in the direction they came from, in which direction is the sea?",south-west
5719,"They are jogging south along the west shore of an island and then turn around to head back in the direction they came from, in which direction is the sea?",west
5720,"They are jogging south-west along the north-west shore of an island and then turn around to head back in the direction they came from, in which direction is the sea?",north-west
5721,"They are riding west along the north shore of an island and then turn around to head back in the direction they came from, in which direction is the sea?",north
5722,"They are riding north-west along the north-east shore of an island and then turn around to head back in the direction they came from, in which direction is the sea?",north-east
5723,"They are riding north along the east shore of an island and then turn around to head back in the direction they came from, in which direction is the sea?",east
5724,"They are riding north-east along the south-east shore of an island and then turn around to head back in the direction they came from, in which direction is the sea?",south-east
5725,"They are riding east along the south shore of an island and then turn around to head back in the direction they came from, in which direction is the sea?",south
5726,"They are riding south-east along the south-west shore of an island and then turn around to head back in the direction they came from, in which direction is the sea?",south-west
5727,"They are riding south along the west shore of an island and then turn around to head back in the direction they came from, in which direction is the sea?",west
5728,"They are riding south-west along the north-west shore of an island and then turn around to head back in the direction they came from, in which direction is the sea?",north-west
5729,"They are perambulating west along the north shore of an island and then turn around to head back in the direction they came from, in which direction is the sea?",north
5730,"They are perambulating north-west along the north-east shore of an island and then turn around to head back in the direction they came from, in which direction is the sea?",north-east
5731,"They are perambulating north along the east shore of an island and then turn around to head back in the direction they came from, in which direction is the sea?",east
5732,"They are perambulating north-east along the south-east shore of an island and then turn around to head back in the direction they came from, in which direction is the sea?",south-east
5733,"They are perambulating east along the south shore of an island and then turn around to head back in the direction they came from, in which direction is the sea?",south
5734,"They are perambulating south-east along the south-west shore of an island and then turn around to head back in the direction they came from, in which direction is the sea?",south-west
5735,"They are perambulating south along the west shore of an island and then turn around to head back in the direction they came from, in which direction is the sea?",west
5736,"They are perambulating south-west along the north-west shore of an island and then turn around to head back in the direction they came from, in which direction is the sea?",north-west
5737,"They are hiking west along the north shore of an island and then turn around to head back in the direction they came from, in which direction is the sea?",north
5738,"They are hiking north-west along the north-east shore of an island and then turn around to head back in the direction they came from, in which direction is the sea?",north-east
5739,"They are hiking north along the east shore of an island and then turn around to head back in the direction they came from, in which direction is the sea?",east
5740,"They are hiking north-east along the south-east shore of an island and then turn around to head back in the direction they came from, in which direction is the sea?",south-east
5741,"They are hiking east along the south shore of an island and then turn around to head back in the direction they came from, in which direction is the sea?",south
5742,"They are hiking south-east along the south-west shore of an island and then turn around to head back in the direction they came from, in which direction is the sea?",south-west
5743,"They are hiking south along the west shore of an island and then turn around to head back in the direction they came from, in which direction is the sea?",west
5744,"They are hiking south-west along the north-west shore of an island and then turn around to head back in the direction they came from, in which direction is the sea?",north-west
5745,"They are unicycling west along the north shore of an island and then turn around to head back in the direction they came from, in which direction is the sea?",north
5746,"They are unicycling north-west along the north-east shore of an island and then turn around to head back in the direction they came from, in which direction is the sea?",north-east
5747,"They are unicycling north along the east shore of an island and then turn around to head back in the direction they came from, in which direction is the sea?",east
5748,"They are unicycling north-east along the south-east shore of an island and then turn around to head back in the direction they came from, in which direction is the sea?",south-east
5749,"They are unicycling east along the south shore of an island and then turn around to head back in the direction they came from, in which direction is the sea?",south
5750,"They are unicycling south-east along the south-west shore of an island and then turn around to head back in the direction they came from, in which direction is the sea?",south-west
5751,"They are unicycling south along the west shore of an island and then turn around to head back in the direction they came from, in which direction is the sea?",west
5752,"They are unicycling south-west along the north-west shore of an island and then turn around to head back in the direction they came from, in which direction is the sea?",north-west
5753,"They are racing west along the north shore of an island and then turn around to head back in the direction they came from, in which direction is the sea?",north
5754,"They are racing north-west along the north-east shore of an island and then turn around to head back in the direction they came from, in which direction is the sea?",north-east
5755,"They are racing north along the east shore of an island and then turn around to head back in the direction they came from, in which direction is the sea?",east
5756,"They are racing north-east along the south-east shore of an island and then turn around to head back in the direction they came from, in which direction is the sea?",south-east
5757,"They are racing east along the south shore of an island and then turn around to head back in the direction they came from, in which direction is the sea?",south
5758,"They are racing south-east along the south-west shore of an island and then turn around to head back in the direction they came from, in which direction is the sea?",south-west
5759,"They are racing south along the west shore of an island and then turn around to head back in the direction they came from, in which direction is the sea?",west
5760,"They are racing south-west along the north-west shore of an island and then turn around to head back in the direction they came from, in which direction is the sea?",north-west
