source_entity,source_geometry,target_entity,target_geometry,observer_entity,corpus,via_entity,relation_type,relation_label,explanation,ambiguity_level
City of Accra,Polygon,City of Baku,Polygon,City of Abu Dhabi,"Standing in Abu Dhabi and facing Baku squarely, an observer also has Accra in view.",,relative_direction,left_of,From Abu Dhabi the sight line to Baku runs 12 degrees off north; Accra sits -88 degrees from that line at 3.39 times the distance.,Level 1
City of Casablanca,Polygon,City of Amman,Polygon,City of Addis Ababa,"Standing in Addis Ababa and facing Amman squarely, a surveyor picks up Casablanca in the same sweep.",,relative_direction,left_of,From Addis Ababa the sight line to Amman runs 6 degrees off north; Casablanca sits -47 degrees from that line at 2.13 times the distance.,Level 1
City of Atlanta,Polygon,City of Amsterdam,Polygon,City of Algiers,"Standing in Algiers and facing Amsterdam squarely, the watch officer records Atlanta within the same arc.",,relative_direction,left_of,From Algiers the sight line to Amsterdam runs 4 degrees off north; Atlanta sits -67 degrees from that line at 4.39 times the distance.,Level 1
City of Athens,Polygon,City of Helsinki,Polygon,City of Ankara,"Standing in Ankara and facing Helsinki squarely, a navigator notes Athens on the same segment of chart.",,relative_direction,left_of,From Ankara the sight line to Helsinki runs 11 degrees off north; Athens sits -91 degrees from that line at 0.35 times the distance.,Level 1
City of Lima,Polygon,City of Boston,Polygon,City of Asuncion,"Standing in Asuncion and facing Boston squarely, the operator catches Lima in the identical sector.",,relative_direction,left_of,From Asuncion the sight line to Boston runs 11 degrees off north; Lima sits -47 degrees from that line at 0.33 times the distance.,Level 1
City of Beirut,Polygon,City of Kyiv,Polygon,City of Baghdad,"Standing in Baghdad and facing Kyiv squarely, a geographer takes in Beirut at the same moment.",,relative_direction,left_of,From Baghdad the sight line to Kyiv runs 27 degrees off north; Beirut sits -57 degrees from that line at 0.37 times the distance.,Level 1
City of Chennai,Polygon,City of Almaty,Polygon,City of Bangkok,"Standing in Bangkok and facing Almaty squarely, the pilot keeps Chennai in the same window.",,relative_direction,left_of,From Bangkok the sight line to Almaty runs 30 degrees off north; Chennai sits -60 degrees from that line at 0.55 times the distance.,Level 1
City of Dakar,Polygon,City of Berlin,Polygon,City of Belgrade,"Standing in Belgrade and facing Berlin squarely, a walker takes in Dakar without turning.",,relative_direction,left_of,From Belgrade the sight line to Berlin runs 28 degrees off north; Dakar sits -93 degrees from that line at 4.87 times the distance.,Level 1
City of Quito,Polygon,City of Calgary,Polygon,City of Bogota,"Standing in Bogota and facing Calgary squarely, the controller sees Quito on the same display.",,relative_direction,left_of,From Bogota the sight line to Calgary runs 29 degrees off north; Quito sits -109 degrees from that line at 0.12 times the distance.,Level 1
City of Jakarta,Polygon,City of Seoul,Polygon,City of Brisbane,"Standing in Brisbane and facing Seoul squarely, an astronomer sweeps past Jakarta on the same pass.",,relative_direction,left_of,From Brisbane the sight line to Seoul runs 22 degrees off north; Jakarta sits -51 degrees from that line at 0.70 times the distance.,Level 1
City of Chicago,Polygon,City of Oslo,Polygon,City of Brussels,"Standing in Brussels and facing Oslo squarely, a cartographer marks Chicago in the same quadrant.",,relative_direction,left_of,From Brussels the sight line to Oslo runs 19 degrees off north; Chicago sits -79 degrees from that line at 6.14 times the distance.,Level 1
City of Colombo,Polygon,City of Bucharest,Polygon,City of Beijing,"Standing in Beijing and facing Bucharest squarely, the signaller has Colombo inside the same spread.",,relative_direction,left_of,From Beijing the sight line to Bucharest runs 53 degrees off north; Colombo sits -72 degrees from that line at 0.73 times the distance.,Level 2
City of Harare,Polygon,City of Dublin,Polygon,City of Budapest,"Standing in Budapest and facing Dublin squarely, the surveyor's assistant logs Harare in the same arc.",,relative_direction,left_of,From Budapest the sight line to Dublin runs 61 degrees off north; Harare sits -132 degrees from that line at 3.89 times the distance.,Level 2
City of Santiago,Polygon,City of Mexico City,Polygon,City of Buenos Aires,"Standing in Buenos Aires and facing Mexico City squarely, a passenger notices Santiago through the same window.",,relative_direction,left_of,From Buenos Aires the sight line to Mexico City runs 42 degrees off north; Santiago sits -45 degrees from that line at 0.15 times the distance.,Level 2
City of Copenhagen,Polygon,City of Damascus,Polygon,City of Cairo,"Working in Cairo with the instrument facing Damascus, an observer also has Copenhagen in view.",,relative_direction,left_of,From Cairo the sight line to Damascus runs 50 degrees off north; Copenhagen sits -72 degrees from that line at 5.23 times the distance.,Level 2
City of Lagos,Polygon,City of Dubai,Polygon,City of Cape Town,"Working in Cape Town with the instrument facing Dubai, a surveyor picks up Lagos in the same sweep.",,relative_direction,left_of,From Cape Town the sight line to Dubai runs 36 degrees off north; Lagos sits -58 degrees from that line at 0.62 times the distance.,Level 2
City of La Paz,Polygon,City of Dallas,Polygon,City of Caracas,"Working in Caracas with the instrument facing Dallas, the watch officer records La Paz within the same arc.",,relative_direction,left_of,From Caracas the sight line to Dallas runs 46 degrees off north; La Paz sits -131 degrees from that line at 0.76 times the distance.,Level 2
City of Kampala,Polygon,City of Edinburgh,Polygon,City of Delhi,"Working in Delhi with the instrument facing Edinburgh, a navigator notes Kampala on the same segment of chart.",,relative_direction,left_of,From Delhi the sight line to Edinburgh runs 39 degrees off north; Kampala sits -77 degrees from that line at 0.83 times the distance.,Level 2
City of Seattle,Polygon,City of Halifax,Polygon,City of Denver,"Working in Denver with the instrument facing Halifax, the operator catches Seattle in the identical sector.",,relative_direction,left_of,From Denver the sight line to Halifax runs 67 degrees off north; Seattle sits -119 degrees from that line at 0.48 times the distance.,Level 2
City of Mumbai,Polygon,City of Istanbul,Polygon,City of Dhaka,"Working in Dhaka with the instrument facing Istanbul, a geographer takes in Mumbai at the same moment.",,relative_direction,left_of,From Dhaka the sight line to Istanbul runs 56 degrees off north; Mumbai sits -47 degrees from that line at 0.32 times the distance.,Level 2
City of Perth,Polygon,City of Jerusalem,Polygon,City of Hanoi,"Working in Hanoi with the instrument facing Jerusalem, the pilot keeps Perth in the same window.",,relative_direction,left_of,From Hanoi the sight line to Jerusalem runs 64 degrees off north; Perth sits -126 degrees from that line at 0.85 times the distance.,Level 2
City of Panama City,Polygon,City of Houston,Polygon,City of Havana,"Working in Havana with the instrument facing Houston, a walker takes in Panama City without turning.",,relative_direction,left_of,From Havana the sight line to Houston runs 57 degrees off north; Panama City sits -134 degrees from that line at 1.07 times the distance.,Level 2
City of Wellington,Polygon,City of Melbourne,Polygon,City of Auckland,"Working in Auckland with the instrument facing Melbourne, the controller sees Wellington on the same display.",,relative_direction,left_of,From Auckland the sight line to Melbourne runs 101 degrees off north; Wellington sits -79 degrees from that line at 0.19 times the distance.,Level 3
City of Singapore,Polygon,City of Karachi,Polygon,City of Hong Kong,"Working in Hong Kong with the instrument facing Karachi, an astronomer sweeps past Singapore on the same pass.",,relative_direction,left_of,From Hong Kong the sight line to Karachi runs 77 degrees off north; Singapore sits -76 degrees from that line at 0.54 times the distance.,Level 3
City of Khartoum,Polygon,City of Maputo,Polygon,City of Johannesburg,"Working in Johannesburg with the instrument facing Maputo, a cartographer marks Khartoum in the same quadrant.",,relative_direction,left_of,From Johannesburg the sight line to Maputo runs 88 degrees off north; Khartoum sits -81 degrees from that line at 10.31 times the distance.,Level 3
City of Kolkata,Polygon,City of Riyadh,Polygon,City of Kathmandu,"Working in Kathmandu with the instrument facing Riyadh, the signaller has Kolkata inside the same spread.",,relative_direction,left_of,From Kathmandu the sight line to Riyadh runs 86 degrees off north; Kolkata sits -123 degrees from that line at 0.17 times the distance.,Level 3
City of Vancouver,Polygon,City of Miami,Polygon,City of Las Vegas,"Working in Las Vegas with the instrument facing Miami, the surveyor's assistant logs Vancouver in the same arc.",,relative_direction,left_of,From Las Vegas the sight line to Miami runs 99 degrees off north; Vancouver sits -121 degrees from that line at 0.45 times the distance.,Level 3
City of London,Polygon,City of Naples,Polygon,City of Lisbon,"Working in Lisbon with the instrument facing Naples, a passenger notices London through the same window.",,relative_direction,left_of,From Lisbon the sight line to Naples runs 76 degrees off north; London sits -52 degrees from that line at 0.79 times the distance.,Level 3
City of San Francisco,Polygon,City of Phoenix,Polygon,City of Los Angeles,"Posted in Los Angeles and looking steadily at Phoenix, an observer also has San Francisco in view.",,relative_direction,left_of,From Los Angeles the sight line to Phoenix runs 95 degrees off north; San Francisco sits -136 degrees from that line at 0.97 times the distance.,Level 3
City of Lyon,Polygon,City of Nairobi,Polygon,City of Luanda,"Posted in Luanda and looking steadily at Nairobi, a surveyor picks up Lyon in the same sweep.",,relative_direction,left_of,From Luanda the sight line to Nairobi runs 73 degrees off north; Lyon sits -81 degrees from that line at 2.23 times the distance.,Level 3
City of Montreal,Polygon,City of Rome,Polygon,City of Madrid,"Posted in Madrid and looking steadily at Rome, the watch officer records Montreal within the same arc.",,relative_direction,left_of,From Madrid the sight line to Rome runs 78 degrees off north; Montreal sits -137 degrees from that line at 4.06 times the distance.,Level 3
City of Munich,Polygon,City of Sofia,Polygon,City of Marseille,"Posted in Marseille and looking steadily at Sofia, a navigator notes Munich on the same segment of chart.",,relative_direction,left_of,From Marseille the sight line to Sofia runs 86 degrees off north; Munich sits -47 degrees from that line at 0.50 times the distance.,Level 3
City of New York,Polygon,City of Tashkent,Polygon,City of Milan,"Posted in Milan and looking steadily at Tashkent, the operator catches New York in the identical sector.",,relative_direction,left_of,From Milan the sight line to Tashkent runs 73 degrees off north; New York sits -136 degrees from that line at 1.36 times the distance.,Level 3
City of Tokyo,Polygon,City of Sydney,Polygon,City of Manila,"Posted in Manila and looking steadily at Sydney, a geographer takes in Tokyo at the same moment.",,relative_direction,left_of,From Manila the sight line to Sydney runs 150 degrees off north; Tokyo sits -115 degrees from that line at 0.48 times the distance.,Level 4
City of Tbilisi,Polygon,City of Prague,Polygon,City of Minsk,"Posted in Minsk and looking steadily at Prague, the pilot keeps Tbilisi in the same window.",,relative_direction,left_of,From Minsk the sight line to Prague runs 110 degrees off north; Tbilisi sits -120 degrees from that line at 1.87 times the distance.,Level 4
City of Shanghai,Polygon,City of Tehran,Polygon,City of Moscow,"Posted in Moscow and looking steadily at Tehran, a walker takes in Shanghai without turning.",,relative_direction,left_of,From Moscow the sight line to Tehran runs 149 degrees off north; Shanghai sits -73 degrees from that line at 2.77 times the distance.,Level 4
City of Riga,Polygon,City of Tripoli,Polygon,City of Paris,"Posted in Paris and looking steadily at Tripoli, the controller sees Riga on the same display.",,relative_direction,left_of,From Paris the sight line to Tripoli runs 149 degrees off north; Riga sits -99 degrees from that line at 0.86 times the distance.,Level 4
City of Windhoek,Polygon,City of Montevideo,Polygon,City of Rio De Janeiro,"Posted in Rio De Janeiro and looking steadily at Montevideo, an astronomer sweeps past Windhoek on the same pass.",,relative_direction,left_of,From Rio De Janeiro the sight line to Montevideo runs 140 degrees off north; Windhoek sits -118 degrees from that line at 3.34 times the distance.,Level 4
City of Vilnius,Polygon,City of Valencia,Polygon,City of Stockholm,"Posted in Stockholm and looking steadily at Valencia, a cartographer marks Vilnius in the same quadrant.",,relative_direction,left_of,From Stockholm the sight line to Valencia runs 141 degrees off north; Vilnius sits -82 degrees from that line at 0.26 times the distance.,Level 4
City of Yerevan,Polygon,City of Venice,Polygon,City of Vienna,"Posted in Vienna and looking steadily at Venice, the signaller has Yerevan inside the same spread.",,relative_direction,left_of,From Vienna the sight line to Venice runs 133 degrees off north; Yerevan sits -125 degrees from that line at 5.50 times the distance.,Level 4
City of Toronto,Polygon,City of San Diego,Polygon,City of Winnipeg,"Posted in Winnipeg and looking steadily at San Diego, the surveyor's assistant logs Toronto in the same arc.",,relative_direction,left_of,From Winnipeg the sight line to San Diego runs 132 degrees off north; Toronto sits -118 degrees from that line at 0.60 times the distance.,Level 4
City of Yerevan,Polygon,City of Tunis,Polygon,City of Warsaw,"Posted in Warsaw and looking steadily at Tunis, a passenger notices Yerevan through the same window.",,relative_direction,left_of,From Warsaw the sight line to Tunis runs 149 degrees off north; Yerevan sits -93 degrees from that line at 1.17 times the distance.,Level 4
City of Zagreb,Polygon,City of Valencia,Polygon,City of Zurich,"Sitting in the tower at Zurich and facing Valencia, an observer also has Zagreb in view.",,relative_direction,left_of,From Zurich the sight line to Valencia runs 138 degrees off north; Zagreb sits -118 degrees from that line at 0.52 times the distance.,Level 4
City of Washington,Polygon,City of Sao Paulo,Polygon,City of Atlanta,"Sitting in the tower at Atlanta and facing Sao Paulo, a surveyor picks up Washington in the same sweep.",,relative_direction,left_of,From Atlanta the sight line to Sao Paulo runs 143 degrees off north; Washington sits -96 degrees from that line at 0.12 times the distance.,Level 4
City of Abu Dhabi,Polygon,City of Cape Town,Polygon,City of Accra,"Sitting in the tower at Accra and facing Cape Town, the watch officer records Abu Dhabi within the same arc.",,relative_direction,left_of,From Accra the sight line to Cape Town runs 157 degrees off north; Abu Dhabi sits -93 degrees from that line at 1.29 times the distance.,Level 5
City of Beijing,Polygon,City of Chennai,Polygon,City of Almaty,"Sitting in the tower at Almaty and facing Chennai, a navigator notes Beijing on the same segment of chart.",,relative_direction,left_of,From Almaty the sight line to Chennai runs 173 degrees off north; Beijing sits -91 degrees from that line at 0.97 times the distance.,Level 5
City of Baghdad,Polygon,City of Addis Ababa,Polygon,City of Amman,"Sitting in the tower at Amman and facing Addis Ababa, the operator catches Baghdad in the identical sector.",,relative_direction,left_of,From Amman the sight line to Addis Ababa runs 173 degrees off north; Baghdad sits -96 degrees from that line at 0.31 times the distance.,Level 5
City of Ankara,Polygon,City of Algiers,Polygon,City of Amsterdam,"Sitting in the tower at Amsterdam and facing Algiers, a geographer takes in Ankara at the same moment.",,relative_direction,left_of,From Amsterdam the sight line to Algiers runs 175 degrees off north; Ankara sits -74 degrees from that line at 1.45 times the distance.,Level 5
City of Baku,Polygon,City of Harare,Polygon,City of Athens,"Sitting in the tower at Athens and facing Harare, the pilot keeps Baku in the same window.",,relative_direction,left_of,From Athens the sight line to Harare runs 172 degrees off north; Baku sits -97 degrees from that line at 0.36 times the distance.,Level 5
City of Bangkok,Polygon,City of Johannesburg,Polygon,City of Beirut,"Sitting in the tower at Beirut and facing Johannesburg, a walker takes in Bangkok without turning.",,relative_direction,left_of,From Beirut the sight line to Johannesburg runs 172 degrees off north; Bangkok sits -96 degrees from that line at 1.02 times the distance.,Level 5
City of Delhi,Polygon,City of Kampala,Polygon,City of Berlin,"Sitting in the tower at Berlin and facing Kampala, the controller sees Delhi on the same display.",,relative_direction,left_of,From Berlin the sight line to Kampala runs 156 degrees off north; Delhi sits -65 degrees from that line at 0.95 times the distance.,Level 5
City of Belgrade,Polygon,City of Asuncion,Polygon,City of Boston,"Sitting in the tower at Boston and facing Asuncion, an astronomer sweeps past Belgrade on the same pass.",,relative_direction,left_of,From Boston the sight line to Asuncion runs 167 degrees off north; Belgrade sits -114 degrees from that line at 0.91 times the distance.,Level 5
City of Colombo,Polygon,City of Cairo,Polygon,City of Bucharest,"Sitting in the tower at Bucharest and facing Cairo, a cartographer marks Colombo in the same quadrant.",,relative_direction,left_of,From Bucharest the sight line to Cairo runs 163 degrees off north; Colombo sits -50 degrees from that line at 4.00 times the distance.,Level 5
City of Bogota,Polygon,City of Las Vegas,Polygon,City of Calgary,"Sitting in the tower at Calgary and facing Las Vegas, the signaller has Bogota inside the same spread.",,relative_direction,left_of,From Calgary the sight line to Las Vegas runs 177 degrees off north; Bogota sits -53 degrees from that line at 3.83 times the distance.,Level 5
City of Damascus,Polygon,City of Dakar,Polygon,City of Casablanca,"Sitting in the tower at Casablanca and facing Dakar, the surveyor's assistant logs Damascus in the same arc.",,relative_direction,left_of,From Casablanca the sight line to Dakar runs 152 degrees off north; Damascus sits -130 degrees from that line at 1.74 times the distance.,Level 5
City of Dhaka,Polygon,City of Oslo,Polygon,City of Copenhagen,"Sitting in the tower at Copenhagen and facing Oslo, a passenger notices Dhaka through the same window.",,relative_direction,right_of,From Copenhagen the sight line to Oslo runs 12 degrees off north; Dhaka sits +98 degrees from that line at 14.69 times the distance.,Level 1
City of Caracas,Polygon,City of Winnipeg,Polygon,City of Dallas,"Camped outside Dallas and facing Winnipeg across the plain, an observer also has Caracas in view.",,relative_direction,right_of,From Dallas the sight line to Winnipeg runs 1 degrees off north; Caracas sits +123 degrees from that line at 2.07 times the distance.,Level 1
City of Hanoi,Polygon,City of Helsinki,Polygon,City of Dubai,"Camped outside Dubai and facing Helsinki across the plain, a surveyor picks up Hanoi in the same sweep.",,relative_direction,right_of,From Dubai the sight line to Helsinki runs 23 degrees off north; Hanoi sits +107 degrees from that line at 1.14 times the distance.,Level 1
City of Havana,Polygon,City of Chicago,Polygon,City of Houston,"Camped outside Houston and facing Chicago across the plain, the watch officer records Havana within the same arc.",,relative_direction,right_of,From Houston the sight line to Chicago runs 25 degrees off north; Havana sits +92 degrees from that line at 0.98 times the distance.,Level 1
City of Karachi,Polygon,City of Kyiv,Polygon,City of Istanbul,"Camped outside Istanbul and facing Kyiv across the plain, a navigator notes Karachi on the same segment of chart.",,relative_direction,right_of,From Istanbul the sight line to Kyiv runs 6 degrees off north; Karachi sits +99 degrees from that line at 3.73 times the distance.,Level 1
City of Auckland,Polygon,City of Hong Kong,Polygon,City of Jakarta,"Camped outside Jakarta and facing Hong Kong across the plain, the operator catches Auckland in the identical sector.",,relative_direction,right_of,From Jakarta the sight line to Hong Kong runs 14 degrees off north; Auckland sits +113 degrees from that line at 2.33 times the distance.,Level 1
City of Kathmandu,Polygon,City of Minsk,Polygon,City of Jerusalem,"Camped outside Jerusalem and facing Minsk across the plain, a geographer takes in Kathmandu at the same moment.",,relative_direction,right_of,From Jerusalem the sight line to Minsk runs 12 degrees off north; Kathmandu sits +94 degrees from that line at 1.90 times the distance.,Level 1
City of Kolkata,Polygon,City of Brussels,Polygon,City of Khartoum,"Camped outside Khartoum and facing Brussels across the plain, the pilot keeps Kolkata in the same window.",,relative_direction,right_of,From Khartoum the sight line to Brussels runs 26 degrees off north; Kolkata sits +100 degrees from that line at 1.26 times the distance.,Level 1
City of Rio De Janeiro,Polygon,City of Halifax,Polygon,City of La Paz,"Camped outside La Paz and facing Halifax across the plain, a walker takes in Rio De Janeiro without turning.",,relative_direction,right_of,From La Paz the sight line to Halifax runs 4 degrees off north; Rio De Janeiro sits +106 degrees from that line at 0.40 times the distance.,Level 1
City of Luanda,Polygon,City of Budapest,Polygon,City of Lagos,"Camped outside Lagos and facing Budapest across the plain, the controller sees Luanda on the same display.",,relative_direction,right_of,From Lagos the sight line to Budapest runs 15 degrees off north; Luanda sits +132 degrees from that line at 0.42 times the distance.,Level 1
City of Sao Paulo,Polygon,City of Miami,Polygon,City of Lima,"Camped outside Lima and facing Miami across the plain, an astronomer sweeps past Sao Paulo on the same pass.",,relative_direction,right_of,From Lima the sight line to Miami runs 5 degrees off north; Sao Paulo sits +121 degrees from that line at 0.82 times the distance.,Level 1
City of Edinburgh,Polygon,City of Denver,Polygon,City of Dublin,"Camped outside Dublin and facing Denver across the plain, a cartographer marks Edinburgh in the same quadrant.",,relative_direction,right_of,From Dublin the sight line to Denver runs 58 degrees off north; Edinburgh sits +91 degrees from that line at 0.05 times the distance.,Level 2
City of Moscow,Polygon,City of Montreal,Polygon,City of London,"Camped outside London and facing Montreal across the plain, the signaller has Moscow inside the same spread.",,relative_direction,right_of,From London the sight line to Montreal runs 67 degrees off north; Moscow sits +131 degrees from that line at 0.48 times the distance.,Level 2
City of Nairobi,Polygon,City of Munich,Polygon,City of Lyon,"Camped outside Lyon and facing Munich across the plain, the surveyor's assistant logs Nairobi in the same arc.",,relative_direction,right_of,From Lyon the sight line to Munich runs 60 degrees off north; Nairobi sits +79 degrees from that line at 10.60 times the distance.,Level 2
City of Wellington,Polygon,City of Brisbane,Polygon,City of Melbourne,"Camped outside Melbourne and facing Brisbane across the plain, a passenger notices Wellington through the same window.",,relative_direction,right_of,From Melbourne the sight line to Brisbane runs 36 degrees off north; Wellington sits +72 degrees from that line at 1.87 times the distance.,Level 2
City of New York,Polygon,City of Los Angeles,Polygon,City of Mexico City,"Looking out from Mexico City with the gaze locked on Los Angeles, an observer also has New York in view.",,relative_direction,right_of,From Mexico City the sight line to Los Angeles runs 45 degrees off north; New York sits +85 degrees from that line at 1.35 times the distance.,Level 2
City of Windhoek,Polygon,City of Panama City,Polygon,City of Montevideo,"Looking out from Montevideo with the gaze locked on Panama City, a surveyor picks up Windhoek in the same sweep.",,relative_direction,right_of,From Montevideo the sight line to Panama City runs 31 degrees off north; Windhoek sits +132 degrees from that line at 1.30 times the distance.,Level 2
City of Seoul,Polygon,City of Madrid,Polygon,City of Mumbai,"Looking out from Mumbai with the gaze locked on Madrid, the watch officer records Seoul within the same arc.",,relative_direction,right_of,From Mumbai the sight line to Madrid runs 53 degrees off north; Seoul sits +110 degrees from that line at 0.74 times the distance.,Level 2
City of Prague,Polygon,City of Marseille,Polygon,City of Naples,"Looking out from Naples with the gaze locked on Marseille, a navigator notes Prague on the same segment of chart.",,relative_direction,right_of,From Naples the sight line to Marseille runs 67 degrees off north; Prague sits +67 degrees from that line at 1.31 times the distance.,Level 2
City of Toronto,Polygon,City of San Francisco,Polygon,City of Phoenix,"Looking out from Phoenix with the gaze locked on San Francisco, the operator catches Toronto in the identical sector.",,relative_direction,right_of,From Phoenix the sight line to San Francisco runs 60 degrees off north; Toronto sits +118 degrees from that line at 2.89 times the distance.,Level 2
City of Washington,Polygon,City of San Diego,Polygon,City of Quito,"Looking out from Quito with the gaze locked on San Diego, a geographer takes in Washington at the same moment.",,relative_direction,right_of,From Quito the sight line to San Diego runs 44 degrees off north; Washington sits +46 degrees from that line at 0.80 times the distance.,Level 2
City of Riyadh,Polygon,City of Shanghai,Polygon,City of Riga,"Looking out from Riga with the gaze locked on Shanghai, the pilot keeps Riyadh in the same window.",,relative_direction,right_of,From Riga the sight line to Shanghai runs 66 degrees off north; Riyadh sits +78 degrees from that line at 0.53 times the distance.,Level 2
City of Milan,Polygon,City of Lisbon,Polygon,City of Rome,"Looking out from Rome with the gaze locked on Lisbon, a walker takes in Milan without turning.",,relative_direction,right_of,From Rome the sight line to Lisbon runs 94 degrees off north; Milan sits +61 degrees from that line at 0.26 times the distance.,Level 3
City of Maputo,Polygon,City of Tashkent,Polygon,City of Sofia,"Looking out from Sofia with the gaze locked on Tashkent, the controller sees Maputo on the same display.",,relative_direction,right_of,From Sofia the sight line to Tashkent runs 76 degrees off north; Maputo sits +95 degrees from that line at 2.05 times the distance.,Level 3
City of Manila,Polygon,City of Perth,Polygon,City of Sydney,"Looking out from Sydney with the gaze locked on Perth, an astronomer sweeps past Manila on the same pass.",,relative_direction,right_of,From Sydney the sight line to Perth runs 96 degrees off north; Manila sits +60 degrees from that line at 1.90 times the distance.,Level 3
City of Stockholm,Polygon,City of Tripoli,Polygon,City of Tbilisi,"Looking out from Tbilisi with the gaze locked on Tripoli, a cartographer marks Stockholm in the same quadrant.",,relative_direction,right_of,From Tbilisi the sight line to Tripoli runs 99 degrees off north; Stockholm sits +65 degrees from that line at 0.91 times the distance.,Level 3
City of Tokyo,Polygon,City of Tunis,Polygon,City of Tehran,"Looking out from Tehran with the gaze locked on Tunis, the signaller has Tokyo inside the same spread.",,relative_direction,right_of,From Tehran the sight line to Tunis runs 76 degrees off north; Tokyo sits +136 degrees from that line at 2.09 times the distance.,Level 3
City of Vilnius,Polygon,City of Zurich,Polygon,City of Zagreb,"Looking out from Zagreb with the gaze locked on Zurich, the surveyor's assistant logs Vilnius in the same arc.",,relative_direction,right_of,From Zagreb the sight line to Zurich runs 70 degrees off north; Vilnius sits +101 degrees from that line at 2.00 times the distance.,Level 3
City of Paris,Polygon,City of Lisbon,Polygon,City of Venice,"Looking out from Venice with the gaze locked on Lisbon, a passenger notices Paris through the same window.",,relative_direction,right_of,From Venice the sight line to Lisbon runs 105 degrees off north; Paris sits +46 degrees from that line at 0.44 times the distance.,Level 3
City of Paris,Polygon,City of Warsaw,Polygon,City of Edinburgh,"Flying over Edinburgh and facing Warsaw on the present heading, an observer also has Paris in view.",,relative_direction,right_of,From Edinburgh the sight line to Warsaw runs 95 degrees off north; Paris sits +58 degrees from that line at 0.54 times the distance.,Level 3
City of Vienna,Polygon,City of Tashkent,Polygon,City of Vilnius,"Flying over Vilnius and facing Tashkent on the present heading, a surveyor picks up Vienna in the same sweep.",,relative_direction,right_of,From Vilnius the sight line to Tashkent runs 97 degrees off north; Vienna sits +128 degrees from that line at 0.27 times the distance.,Level 3
City of Singapore,Polygon,City of Tokyo,Polygon,City of Seoul,"Flying over Seoul and facing Tokyo on the present heading, the watch officer records Singapore within the same arc.",,relative_direction,right_of,From Seoul the sight line to Tokyo runs 97 degrees off north; Singapore sits +119 degrees from that line at 4.07 times the distance.,Level 3
City of Seattle,Polygon,City of Stockholm,Polygon,City of Helsinki,"Flying over Helsinki and facing Stockholm on the present heading, a navigator notes Seattle on the same segment of chart.",,relative_direction,right_of,From Helsinki the sight line to Stockholm runs 101 degrees off north; Seattle sits +78 degrees from that line at 19.38 times the distance.,Level 3
City of Vancouver,Polygon,City of Dallas,Polygon,City of Chicago,"Flying over Chicago and facing Dallas on the present heading, the operator catches Vancouver in the identical sector.",,relative_direction,right_of,From Chicago the sight line to Dallas runs 138 degrees off north; Vancouver sits +77 degrees from that line at 2.20 times the distance.,Level 4
City of Buenos Aires,Polygon,City of Accra,Polygon,City of Dakar,"Flying over Dakar and facing Accra on the present heading, a geographer takes in Buenos Aires at the same moment.",,relative_direction,right_of,From Dakar the sight line to Accra runs 117 degrees off north; Buenos Aires sits +101 degrees from that line at 3.25 times the distance.,Level 4
City of Santiago,Polygon,City of Cape Town,Polygon,City of Sao Paulo,"Flying over Sao Paulo and facing Cape Town on the present heading, the pilot keeps Santiago in the same window.",,relative_direction,right_of,From Sao Paulo the sight line to Cape Town runs 116 degrees off north; Santiago sits +123 degrees from that line at 0.41 times the distance.,Level 4
City of Algiers,Polygon,City of Buenos Aires,Polygon,City of Windhoek,"Flying over Windhoek and facing Buenos Aires on the present heading, a walker takes in Algiers without turning.",,relative_direction,right_of,From Windhoek the sight line to Buenos Aires runs 119 degrees off north; Algiers sits +106 degrees from that line at 0.92 times the distance.,Level 4
City of Vancouver,Polygon,City of Atlanta,Polygon,City of Halifax,"Flying over Halifax and facing Atlanta on the present heading, the controller sees Vancouver on the same display.",,relative_direction,right_of,From Halifax the sight line to Atlanta runs 117 degrees off north; Vancouver sits +56 degrees from that line at 2.06 times the distance.,Level 4
City of Amsterdam,Polygon,City of Amman,Polygon,City of Baku,"Flying over Baku and facing Amman on the present heading, an astronomer sweeps past Amsterdam on the same pass.",,relative_direction,right_of,From Baku the sight line to Amman runs 123 degrees off north; Amsterdam sits +69 degrees from that line at 2.32 times the distance.,Level 4
City of Abu Dhabi,Polygon,City of Harare,Polygon,City of Chennai,"Flying over Chennai and facing Harare on the present heading, a cartographer marks Abu Dhabi in the same quadrant.",,relative_direction,right_of,From Chennai the sight line to Harare runs 121 degrees off north; Abu Dhabi sits +60 degrees from that line at 0.47 times the distance.,Level 4
City of Johannesburg,Polygon,City of Jakarta,Polygon,City of Colombo,"Flying over Colombo and facing Jakarta on the present heading, the signaller has Johannesburg inside the same spread.",,relative_direction,right_of,From Colombo the sight line to Jakarta runs 115 degrees off north; Johannesburg sits +119 degrees from that line at 2.01 times the distance.,Level 4
City of Ankara,Polygon,City of Cairo,Polygon,City of Damascus,"Flying over Damascus and facing Cairo on the present heading, the surveyor's assistant logs Ankara in the same arc.",,relative_direction,right_of,From Damascus the sight line to Cairo runs 128 degrees off north; Ankara sits +105 degrees from that line at 1.27 times the distance.,Level 4
City of Athens,Polygon,City of Luanda,Polygon,City of Kampala,"Flying over Kampala and facing Luanda on the present heading, a passenger notices Athens through the same window.",,relative_direction,right_of,From Kampala the sight line to Luanda runs 116 degrees off north; Athens sits +105 degrees from that line at 1.80 times the distance.,Level 4
City of Almaty,Polygon,City of Addis Ababa,Polygon,City of Karachi,"Moored off Karachi and facing Addis Ababa over the water, an observer also has Almaty in view.",,relative_direction,right_of,From Karachi the sight line to Addis Ababa runs 116 degrees off north; Almaty sits +137 degrees from that line at 0.64 times the distance.,Level 4
City of Dubai,Polygon,City of Perth,Polygon,City of Kolkata,"Moored off Kolkata and facing Perth over the water, a surveyor picks up Dubai in the same sweep.",,relative_direction,right_of,From Kolkata the sight line to Perth runs 153 degrees off north; Dubai sits +128 degrees from that line at 0.50 times the distance.,Level 5
City of Belgrade,Polygon,City of Beirut,Polygon,City of Kyiv,"Moored off Kyiv and facing Beirut over the water, the watch officer records Belgrade within the same arc.",,relative_direction,right_of,From Kyiv the sight line to Beirut runs 166 degrees off north; Belgrade sits +68 degrees from that line at 0.52 times the distance.,Level 5
City of Havana,Polygon,City of Asuncion,Polygon,City of Miami,"Moored off Miami and facing Asuncion over the water, a navigator notes Havana on the same segment of chart.",,relative_direction,right_of,From Miami the sight line to Asuncion runs 155 degrees off north; Havana sits +62 degrees from that line at 0.06 times the distance.,Level 5
City of Calgary,Polygon,City of Bogota,Polygon,City of Montreal,"Moored off Montreal and facing Bogota over the water, the operator catches Calgary in the identical sector.",,relative_direction,right_of,From Montreal the sight line to Bogota runs 179 degrees off north; Calgary sits +116 degrees from that line at 0.67 times the distance.,Level 5
City of Boston,Polygon,City of Lagos,Polygon,City of Munich,"Moored off Munich and facing Lagos over the water, a geographer takes in Boston at the same moment.",,relative_direction,right_of,From Munich the sight line to Lagos runs 168 degrees off north; Boston sits +105 degrees from that line at 1.32 times the distance.,Level 5
City of Casablanca,Polygon,City of Maputo,Polygon,City of Nairobi,"Moored off Nairobi and facing Maputo over the water, the pilot keeps Casablanca in the same window.",,relative_direction,right_of,From Nairobi the sight line to Maputo runs 171 degrees off north; Casablanca sits +125 degrees from that line at 2.17 times the distance.,Level 5
City of Denver,Polygon,City of Caracas,Polygon,City of New York,"Moored off New York and facing Caracas over the water, a walker takes in Denver without turning.",,relative_direction,right_of,From New York the sight line to Caracas runs 166 degrees off north; Denver sits +112 degrees from that line at 0.76 times the distance.,Level 5
City of Dublin,Polygon,City of Berlin,Polygon,City of Oslo,"Moored off Oslo and facing Berlin over the water, the controller sees Dublin on the same display.",,relative_direction,right_of,From Oslo the sight line to Berlin runs 168 degrees off north; Dublin sits +75 degrees from that line at 1.51 times the distance.,Level 5
City of Los Angeles,Polygon,City of Lima,Polygon,City of Panama City,"Moored off Panama City and facing Lima over the water, an astronomer sweeps past Los Angeles on the same pass.",,relative_direction,right_of,From Panama City the sight line to Lima runs 173 degrees off north; Los Angeles sits +138 degrees from that line at 2.05 times the distance.,Level 5
City of Brussels,Polygon,City of Khartoum,Polygon,City of Prague,"Moored off Prague and facing Khartoum over the water, a cartographer marks Brussels in the same quadrant.",,relative_direction,right_of,From Prague the sight line to Khartoum runs 151 degrees off north; Brussels sits +130 degrees from that line at 0.17 times the distance.,Level 5
City of Baghdad,Polygon,City of Manila,Polygon,City of Shanghai,"Moored off Shanghai and facing Manila over the water, the signaller has Baghdad inside the same spread.",,relative_direction,right_of,From Shanghai the sight line to Manila runs 178 degrees off north; Baghdad sits +113 degrees from that line at 3.82 times the distance.,Level 5
City of Rome,Polygon,City of Copenhagen,Polygon,City of Tripoli,"Moored off Tripoli and facing Copenhagen over the water, the surveyor's assistant logs Rome in the same arc.",,relative_direction,in_front_of,From Tripoli the sight line to Copenhagen runs 1 degrees off north; Rome sits -2 degrees from that line at 0.40 times the distance.,Level 1
City of Rome,Polygon,City of Riga,Polygon,City of Tunis,"Moored off Tunis and facing Riga over the water, a passenger notices Rome through the same window.",,relative_direction,in_front_of,From Tunis the sight line to Riga runs 20 degrees off north; Rome sits -2 degrees from that line at 0.24 times the distance.,Level 1
City of Quito,Polygon,City of Atlanta,Polygon,City of Santiago,"Waiting on the platform at Santiago, facing Atlanta, an observer also has Quito in view.",,relative_direction,in_front_of,From Santiago the sight line to Atlanta runs 12 degrees off north; Quito sits -2 degrees from that line at 0.50 times the distance.,Level 1
City of Dhaka,Polygon,City of Almaty,Polygon,City of Singapore,"Waiting on the platform at Singapore, facing Almaty, a surveyor picks up Dhaka in the same sweep.",,relative_direction,in_front_of,From Singapore the sight line to Almaty runs 26 degrees off north; Dhaka sits -3 degrees from that line at 0.54 times the distance.,Level 1
City of Lyon,Polygon,City of Helsinki,Polygon,City of Valencia,"Waiting on the platform at Valencia, facing Helsinki, the watch officer records Lyon within the same arc.",,relative_direction,in_front_of,From Valencia the sight line to Helsinki runs 29 degrees off north; Lyon sits +1 degrees from that line at 0.28 times the distance.,Level 1
City of Kampala,Polygon,City of Jerusalem,Polygon,City of Harare,"Waiting on the platform at Harare, facing Jerusalem, a navigator notes Kampala on the same segment of chart.",,relative_direction,in_front_of,From Harare the sight line to Jerusalem runs 5 degrees off north; Kampala sits +0 degrees from that line at 0.37 times the distance.,Level 1
City of Addis Ababa,Polygon,City of Tbilisi,Polygon,City of Maputo,"Waiting on the platform at Maputo, facing Tbilisi, the operator catches Addis Ababa in the identical sector.",,relative_direction,in_front_of,From Maputo the sight line to Tbilisi runs 10 degrees off north; Addis Ababa sits +1 degrees from that line at 0.52 times the distance.,Level 1
City of Warsaw,Polygon,City of Riga,Polygon,City of Budapest,"Waiting on the platform at Budapest, facing Riga, a geographer takes in Warsaw at the same moment.",,relative_direction,in_front_of,From Budapest the sight line to Riga runs 16 degrees off north; Warsaw sits -2 degrees from that line at 0.49 times the distance.,Level 1
City of Naples,Polygon,City of Vienna,Polygon,City of Tripoli,"Waiting on the platform at Tripoli, facing Vienna, the pilot keeps Naples in the same window.",,relative_direction,in_front_of,From Tripoli the sight line to Vienna runs 8 degrees off north; Naples sits -2 degrees from that line at 0.52 times the distance.,Level 1
City of Yerevan,Polygon,City of Minsk,Polygon,City of Abu Dhabi,"Waiting on the platform at Abu Dhabi, facing Minsk, a walker takes in Yerevan without turning.",,relative_direction,in_front_of,From Abu Dhabi the sight line to Minsk runs 27 degrees off north; Yerevan sits +2 degrees from that line at 0.50 times the distance.,Level 1
City of Mumbai,Polygon,City of Moscow,Polygon,City of Colombo,"Waiting on the platform at Colombo, facing Moscow, the controller sees Mumbai on the same display.",,relative_direction,in_front_of,From Colombo the sight line to Moscow runs 26 degrees off north; Mumbai sits -2 degrees from that line at 0.24 times the distance.,Level 1
City of Istanbul,Polygon,City of London,Polygon,City of Riyadh,"Waiting on the platform at Riyadh, facing London, an astronomer sweeps past Istanbul on the same pass.",,relative_direction,in_front_of,From Riyadh the sight line to London runs 40 degrees off north; Istanbul sits +3 degrees from that line at 0.49 times the distance.,Level 2
City of Montreal,Polygon,City of Madrid,Polygon,City of Toronto,"Waiting on the platform at Toronto, facing Madrid, a cartographer marks Montreal in the same quadrant.",,relative_direction,in_front_of,From Toronto the sight line to Madrid runs 65 degrees off north; Montreal sits -1 degrees from that line at 0.08 times the distance.,Level 2
City of Halifax,Polygon,City of Marseille,Polygon,City of Washington,"Waiting on the platform at Washington, facing Marseille, the signaller has Halifax inside the same spread.",,relative_direction,in_front_of,From Washington the sight line to Marseille runs 57 degrees off north; Halifax sits -1 degrees from that line at 0.19 times the distance.,Level 2
City of Bucharest,Polygon,City of Milan,Polygon,City of Yerevan,"Waiting on the platform at Yerevan, facing Milan, the surveyor's assistant logs Bucharest in the same arc.",,relative_direction,in_front_of,From Yerevan the sight line to Milan runs 67 degrees off north; Bucharest sits +0 degrees from that line at 0.54 times the distance.,Level 2
City of Delhi,Polygon,City of Tehran,Polygon,City of Bangkok,"Waiting on the platform at Bangkok, facing Tehran, a passenger notices Delhi through the same window.",,relative_direction,in_front_of,From Bangkok the sight line to Tehran runs 54 degrees off north; Delhi sits +3 degrees from that line at 0.54 times the distance.,Level 2
City of Moscow,Polygon,City of Edinburgh,Polygon,City of Tashkent,"Set up above Tashkent and looking dead at Edinburgh, an observer also has Moscow in view.",,relative_direction,in_front_of,From Tashkent the sight line to Edinburgh runs 46 degrees off north; Moscow sits +2 degrees from that line at 0.53 times the distance.,Level 2
City of Sofia,Polygon,City of Venice,Polygon,City of Istanbul,"Set up above Istanbul and looking dead at Venice, a surveyor picks up Sofia in the same sweep.",,relative_direction,in_front_of,From Istanbul the sight line to Venice runs 64 degrees off north; Sofia sits -2 degrees from that line at 0.35 times the distance.,Level 2
City of Zagreb,Polygon,City of Zurich,Polygon,City of Belgrade,"Set up above Belgrade and looking dead at Zurich, the watch officer records Zagreb within the same arc.",,relative_direction,in_front_of,From Belgrade the sight line to Zurich runs 68 degrees off north; Zagreb sits -2 degrees from that line at 0.38 times the distance.,Level 2
City of Houston,Polygon,City of Seattle,Polygon,City of Bogota,"Set up above Bogota and looking dead at Seattle, a navigator notes Houston on the same segment of chart.",,relative_direction,in_front_of,From Bogota the sight line to Seattle runs 36 degrees off north; Houston sits -1 degrees from that line at 0.54 times the distance.,Level 2
City of Kathmandu,Polygon,City of Amman,Polygon,City of Hanoi,"Set up above Hanoi and looking dead at Amman, the operator catches Kathmandu in the identical sector.",,relative_direction,in_front_of,From Hanoi the sight line to Amman runs 64 degrees off north; Kathmandu sits -2 degrees from that line at 0.32 times the distance.,Level 2
City of Lima,Polygon,City of Mexico City,Polygon,City of Montevideo,"Set up above Montevideo and looking dead at Mexico City, a geographer takes in Lima at the same moment.",,relative_direction,in_front_of,From Montevideo the sight line to Mexico City runs 44 degrees off north; Lima sits -1 degrees from that line at 0.44 times the distance.,Level 2
City of Las Vegas,Polygon,City of Caracas,Polygon,City of San Francisco,"Set up above San Francisco and looking dead at Caracas, the pilot keeps Las Vegas in the same window.",,relative_direction,in_front_of,From San Francisco the sight line to Caracas runs 104 degrees off north; Las Vegas sits -1 degrees from that line at 0.11 times the distance.,Level 3
City of Phoenix,Polygon,City of Atlanta,Polygon,City of San Diego,"Set up above San Diego and looking dead at Atlanta, a walker takes in Phoenix without turning.",,relative_direction,in_front_of,From San Diego the sight line to Atlanta runs 79 degrees off north; Phoenix sits +0 degrees from that line at 0.16 times the distance.,Level 3
City of Winnipeg,Polygon,City of Boston,Polygon,City of Vancouver,"Set up above Vancouver and looking dead at Boston, the controller sees Winnipeg on the same display.",,relative_direction,in_front_of,From Vancouver the sight line to Boston runs 81 degrees off north; Winnipeg sits -3 degrees from that line at 0.46 times the distance.,Level 3
City of Seoul,Polygon,City of Karachi,Polygon,City of Tokyo,"Set up above Tokyo and looking dead at Karachi, an astronomer sweeps past Seoul on the same pass.",,relative_direction,in_front_of,From Tokyo the sight line to Karachi runs 78 degrees off north; Seoul sits +2 degrees from that line at 0.17 times the distance.,Level 3
City of Winnipeg,Polygon,City of Halifax,Polygon,City of Seattle,"Set up above Seattle and looking dead at Halifax, a cartographer marks Winnipeg in the same quadrant.",,relative_direction,in_front_of,From Seattle the sight line to Halifax runs 72 degrees off north; Winnipeg sits +1 degrees from that line at 0.42 times the distance.,Level 3
City of Melbourne,Polygon,City of Perth,Polygon,City of Auckland,"Set up above Auckland and looking dead at Perth, the signaller has Melbourne inside the same spread.",,relative_direction,in_front_of,From Auckland the sight line to Perth runs 102 degrees off north; Melbourne sits +1 degrees from that line at 0.49 times the distance.,Level 3
City of Tbilisi,Polygon,City of Hong Kong,Polygon,City of Ankara,"Set up above Ankara and looking dead at Hong Kong, the surveyor's assistant logs Tbilisi in the same arc.",,relative_direction,in_front_of,From Ankara the sight line to Hong Kong runs 78 degrees off north; Tbilisi sits -3 degrees from that line at 0.13 times the distance.,Level 3
City of Sao Paulo,Polygon,City of Asuncion,Polygon,City of Rio De Janeiro,"Set up above Rio De Janeiro and looking dead at Asuncion, a passenger notices Sao Paulo through the same window.",,relative_direction,in_front_of,From Rio De Janeiro the sight line to Asuncion runs 103 degrees off north; Sao Paulo sits +1 degrees from that line at 0.24 times the distance.,Level 3
City of Tehran,Polygon,City of Hong Kong,Polygon,City of Beirut,"Halted on the ridge road above Beirut, facing Hong Kong, an observer also has Tehran in view.",,relative_direction,in_front_of,From Beirut the sight line to Hong Kong runs 77 degrees off north; Tehran sits +1 degrees from that line at 0.19 times the distance.,Level 3
City of Phoenix,Polygon,City of Houston,Polygon,City of Los Angeles,"Halted on the ridge road above Los Angeles, facing Houston, a surveyor picks up Phoenix in the same sweep.",,relative_direction,in_front_of,From Los Angeles the sight line to Houston runs 96 degrees off north; Phoenix sits -1 degrees from that line at 0.26 times the distance.,Level 3
City of Las Vegas,Polygon,City of Havana,Polygon,City of San Francisco,"Halted on the ridge road above San Francisco, facing Havana, the watch officer records Las Vegas within the same arc.",,relative_direction,in_front_of,From San Francisco the sight line to Havana runs 102 degrees off north; Las Vegas sits +2 degrees from that line at 0.16 times the distance.,Level 3
City of Melbourne,Polygon,City of Auckland,Polygon,City of Perth,"Halted on the ridge road above Perth, facing Auckland, a navigator notes Melbourne on the same segment of chart.",,relative_direction,in_front_of,From Perth the sight line to Auckland runs 113 degrees off north; Melbourne sits -1 degrees from that line at 0.51 times the distance.,Level 4
City of Munich,Polygon,City of Athens,Polygon,City of Amsterdam,"Halted on the ridge road above Amsterdam, facing Athens, the operator catches Munich in the identical sector.",,relative_direction,in_front_of,From Amsterdam the sight line to Athens runs 130 degrees off north; Munich sits +2 degrees from that line at 0.31 times the distance.,Level 4
City of Baghdad,Polygon,City of Khartoum,Polygon,City of Baku,"Halted on the ridge road above Baku, facing Khartoum, a geographer takes in Baghdad at the same moment.",,relative_direction,in_front_of,From Baku the sight line to Khartoum runs 144 degrees off north; Baghdad sits -3 degrees from that line at 0.29 times the distance.,Level 4
City of Budapest,Polygon,City of Cairo,Polygon,City of Berlin,"Halted on the ridge road above Berlin, facing Cairo, the pilot keeps Budapest in the same window.",,relative_direction,in_front_of,From Berlin the sight line to Cairo runs 143 degrees off north; Budapest sits -1 degrees from that line at 0.24 times the distance.,Level 4
City of Casablanca,Polygon,City of Dakar,Polygon,City of Brussels,"Halted on the ridge road above Brussels, facing Dakar, a walker takes in Casablanca without turning.",,relative_direction,in_front_of,From Brussels the sight line to Dakar runs 146 degrees off north; Casablanca sits -3 degrees from that line at 0.48 times the distance.,Level 4
City of Dallas,Polygon,City of Quito,Polygon,City of Calgary,"Halted on the ridge road above Calgary, facing Quito, the controller sees Dallas on the same display.",,relative_direction,in_front_of,From Calgary the sight line to Quito runs 137 degrees off north; Dallas sits +1 degrees from that line at 0.37 times the distance.,Level 4
City of Bucharest,Polygon,City of Jerusalem,Polygon,City of Copenhagen,"Halted on the ridge road above Copenhagen, facing Jerusalem, an astronomer sweeps past Bucharest on the same pass.",,relative_direction,in_front_of,From Copenhagen the sight line to Jerusalem runs 137 degrees off north; Bucharest sits -0 degrees from that line at 0.49 times the distance.,Level 4
City of Kolkata,Polygon,City of Bangkok,Polygon,City of Delhi,"Halted on the ridge road above Delhi, facing Bangkok, a cartographer marks Kolkata in the same quadrant.",,relative_direction,in_front_of,From Delhi the sight line to Bangkok runs 120 degrees off north; Kolkata sits -1 degrees from that line at 0.45 times the distance.,Level 4
City of Houston,Polygon,City of La Paz,Polygon,City of Denver,"Halted on the ridge road above Denver, facing La Paz, the signaller has Houston inside the same spread.",,relative_direction,in_front_of,From Denver the sight line to La Paz runs 141 degrees off north; Houston sits -2 degrees from that line at 0.19 times the distance.,Level 4
City of Chennai,Polygon,City of Jakarta,Polygon,City of Dubai,"Halted on the ridge road above Dubai, facing Jakarta, the surveyor's assistant logs Chennai in the same arc.",,relative_direction,in_front_of,From Dubai the sight line to Jakarta runs 115 degrees off north; Chennai sits -2 degrees from that line at 0.45 times the distance.,Level 4
City of Paris,Polygon,City of Naples,Polygon,City of Dublin,"Halted on the ridge road above Dublin, facing Naples, a passenger notices Paris through the same window.",,relative_direction,in_front_of,From Dublin the sight line to Naples runs 124 degrees off north; Paris sits +2 degrees from that line at 0.38 times the distance.,Level 4
City of Miami,Polygon,City of La Paz,Polygon,City of Chicago,"Anchored off Chicago with the bow facing La Paz, an observer also has Miami in view.",,relative_direction,in_front_of,From Chicago the sight line to La Paz runs 159 degrees off north; Miami sits -2 degrees from that line at 0.28 times the distance.,Level 5
City of Valencia,Polygon,City of Accra,Polygon,City of London,"Anchored off London with the bow facing Accra, a surveyor picks up Valencia in the same sweep.",,relative_direction,in_front_of,From London the sight line to Accra runs 180 degrees off north; Valencia sits +1 degrees from that line at 0.26 times the distance.,Level 5
City of Tunis,Polygon,City of Luanda,Polygon,City of Milan,"Anchored off Milan with the bow facing Luanda, the watch officer records Tunis within the same arc.",,relative_direction,in_front_of,From Milan the sight line to Luanda runs 175 degrees off north; Tunis sits -0 degrees from that line at 0.16 times the distance.,Level 5
City of Zurich,Polygon,City of Lagos,Polygon,City of Oslo,"Anchored off Oslo with the bow facing Lagos, a navigator notes Zurich on the same segment of chart.",,relative_direction,in_front_of,From Oslo the sight line to Lagos runs 171 degrees off north; Zurich sits -2 degrees from that line at 0.23 times the distance.,Level 5
City of Nairobi,Polygon,City of Johannesburg,Polygon,City of Riyadh,"Anchored off Riyadh with the bow facing Johannesburg, the operator catches Nairobi in the identical sector.",,relative_direction,in_front_of,From Riyadh the sight line to Johannesburg runs 159 degrees off north; Nairobi sits +1 degrees from that line at 0.51 times the distance.,Level 5
City of Warsaw,Polygon,City of Sofia,Polygon,City of Stockholm,"Anchored off Stockholm with the bow facing Sofia, a geographer takes in Warsaw at the same moment.",,relative_direction,in_front_of,From Stockholm the sight line to Sofia runs 167 degrees off north; Warsaw sits -1 degrees from that line at 0.43 times the distance.,Level 5
City of Venice,Polygon,City of Lagos,Polygon,City of Prague,"Anchored off Prague with the bow facing Lagos, the pilot keeps Venice in the same window.",,relative_direction,in_front_of,From Prague the sight line to Lagos runs 164 degrees off north; Venice sits +2 degrees from that line at 0.11 times the distance.,Level 5
City of Algiers,Polygon,City of Accra,Polygon,City of Lyon,"Anchored off Lyon with the bow facing Accra, a walker takes in Algiers without turning.",,relative_direction,in_front_of,From Lyon the sight line to Accra runs 172 degrees off north; Algiers sits +1 degrees from that line at 0.23 times the distance.,Level 5
City of Miami,Polygon,City of Panama City,Polygon,City of Toronto,"Anchored off Toronto with the bow facing Panama City, the controller sees Miami on the same display.",,relative_direction,in_front_of,From Toronto the sight line to Panama City runs 180 degrees off north; Miami sits +2 degrees from that line at 0.52 times the distance.,Level 5
City of Kyiv,Polygon,City of Damascus,Polygon,City of Helsinki,"Anchored off Helsinki with the bow facing Damascus, an astronomer sweeps past Kyiv on the same pass.",,relative_direction,in_front_of,From Helsinki the sight line to Damascus runs 159 degrees off north; Kyiv sits +0 degrees from that line at 0.37 times the distance.,Level 5
City of Panama City,Polygon,City of Santiago,Polygon,City of Havana,"Anchored off Havana with the bow facing Santiago, a cartographer marks Panama City in the same quadrant.",,relative_direction,in_front_of,From Havana the sight line to Santiago runs 168 degrees off north; Panama City sits +0 degrees from that line at 0.25 times the distance.,Level 5
City of Tripoli,Polygon,City of Windhoek,Polygon,City of Cape Town,"Anchored off Cape Town with the bow facing Windhoek, the signaller has Tripoli inside the same spread.",,relative_direction,behind,From Cape Town the sight line to Windhoek runs 6 degrees off north; Tripoli sits +1 degrees from that line at 5.87 times the distance.,Level 1
City of Vilnius,Polygon,City of Zagreb,Polygon,City of Tunis,"Anchored off Tunis with the bow facing Zagreb, the surveyor's assistant logs Vilnius in the same arc.",,relative_direction,behind,From Tunis the sight line to Zagreb runs 24 degrees off north; Vilnius sits +1 degrees from that line at 2.07 times the distance.,Level 1
City of Madrid,Polygon,City of Luanda,Polygon,City of Windhoek,"Anchored off Windhoek with the bow facing Luanda, a passenger notices Madrid through the same window.",,relative_direction,behind,From Windhoek the sight line to Luanda runs 16 degrees off north; Madrid sits -2 degrees from that line at 4.64 times the distance.,Level 1
City of Minsk,Polygon,City of Beirut,Polygon,City of Addis Ababa,"On the roof of the tallest block in Addis Ababa, looking at Beirut, an observer also has Minsk in view.",,relative_direction,behind,From Addis Ababa the sight line to Beirut runs 6 degrees off north; Minsk sits -3 degrees from that line at 1.83 times the distance.,Level 1
City of Copenhagen,Polygon,City of Marseille,Polygon,City of Algiers,"On the roof of the tallest block in Algiers, looking at Marseille, a surveyor picks up Copenhagen in the same sweep.",,relative_direction,behind,From Algiers the sight line to Marseille runs 14 degrees off north; Copenhagen sits +1 degrees from that line at 2.95 times the distance.,Level 1
City of New York,Polygon,City of Caracas,Polygon,City of Asuncion,"On the roof of the tallest block in Asuncion, looking at Caracas, the watch officer records New York within the same arc.",,relative_direction,behind,From Asuncion the sight line to Caracas runs 15 degrees off north; New York sits +2 degrees from that line at 1.84 times the distance.,Level 1
City of Oslo,Polygon,City of Lisbon,Polygon,City of Dakar,"On the roof of the tallest block in Dakar, looking at Lisbon, a navigator notes Oslo on the same segment of chart.",,relative_direction,behind,From Dakar the sight line to Lisbon runs 15 degrees off north; Oslo sits +3 degrees from that line at 1.98 times the distance.,Level 1
City of Riga,Polygon,City of Vienna,Polygon,City of Rome,"On the roof of the tallest block in Rome, looking at Vienna, the operator catches Riga in the identical sector.",,relative_direction,behind,From Rome the sight line to Vienna runs 22 degrees off north; Riga sits +0 degrees from that line at 2.44 times the distance.,Level 1
City of Seoul,Polygon,City of Hong Kong,Polygon,City of Singapore,"On the roof of the tallest block in Singapore, looking at Hong Kong, a geographer takes in Seoul at the same moment.",,relative_direction,behind,From Singapore the sight line to Hong Kong runs 25 degrees off north; Seoul sits +3 degrees from that line at 1.81 times the distance.,Level 1
City of Edinburgh,Polygon,City of Paris,Polygon,City of Marseille,"On the roof of the tallest block in Marseille, looking at Paris, the pilot keeps Edinburgh in the same window.",,relative_direction,behind,From Marseille the sight line to Paris runs 20 degrees off north; Edinburgh sits -1 degrees from that line at 2.32 times the distance.,Level 1
City of Minsk,Polygon,City of Ankara,Polygon,City of Jerusalem,"On the roof of the tallest block in Jerusalem, looking at Ankara, a walker takes in Minsk without turning.",,relative_direction,behind,From Jerusalem the sight line to Ankara runs 12 degrees off north; Minsk sits +1 degrees from that line at 2.72 times the distance.,Level 1
City of Beijing,Polygon,City of Kathmandu,Polygon,City of Mumbai,"On the roof of the tallest block in Mumbai, looking at Kathmandu, the controller sees Beijing on the same display.",,relative_direction,behind,From Mumbai the sight line to Kathmandu runs 51 degrees off north; Beijing sits +1 degrees from that line at 2.98 times the distance.,Level 2
City of Beijing,Polygon,City of Dhaka,Polygon,City of Chennai,"On the roof of the tallest block in Chennai, looking at Dhaka, an astronomer sweeps past Beijing on the same pass.",,relative_direction,behind,From Chennai the sight line to Dhaka runs 40 degrees off north; Beijing sits +3 degrees from that line at 2.88 times the distance.,Level 2
City of Kathmandu,Polygon,City of Hanoi,Polygon,City of Manila,"On the roof of the tallest block in Manila, looking at Hanoi, a cartographer marks Kathmandu in the same quadrant.",,relative_direction,behind,From Manila the sight line to Hanoi runs 64 degrees off north; Kathmandu sits +1 degrees from that line at 2.26 times the distance.,Level 2
City of San Diego,Polygon,City of Mexico City,Polygon,City of Quito,"On the roof of the tallest block in Quito, looking at Mexico City, the signaller has San Diego inside the same spread.",,relative_direction,behind,From Quito the sight line to Mexico City runs 45 degrees off north; San Diego sits +1 degrees from that line at 1.74 times the distance.,Level 2
City of Shanghai,Polygon,City of Tashkent,Polygon,City of Damascus,"On the roof of the tallest block in Damascus, looking at Tashkent, the surveyor's assistant logs Shanghai in the same arc.",,relative_direction,behind,From Damascus the sight line to Tashkent runs 64 degrees off north; Shanghai sits +2 degrees from that line at 2.57 times the distance.,Level 2
City of Washington,Polygon,City of London,Polygon,City of Munich,"On the roof of the tallest block in Munich, looking at London, a passenger notices Washington through the same window.",,relative_direction,behind,From Munich the sight line to London runs 62 degrees off north; Washington sits -1 degrees from that line at 7.42 times the distance.,Level 2
City of Washington,Polygon,City of Dublin,Polygon,City of Vienna,"Stationed at the airfield outside Vienna and facing Dublin, an observer also has Washington in view.",,relative_direction,behind,From Vienna the sight line to Dublin runs 62 degrees off north; Washington sits +2 degrees from that line at 4.23 times the distance.,Level 2
City of Tbilisi,Polygon,City of Almaty,Polygon,City of Shanghai,"Stationed at the airfield outside Shanghai and facing Almaty, a surveyor picks up Tbilisi in the same sweep.",,relative_direction,behind,From Shanghai the sight line to Almaty runs 58 degrees off north; Tbilisi sits +2 degrees from that line at 1.64 times the distance.,Level 2
City of Tokyo,Polygon,City of Manila,Polygon,City of Jakarta,"Stationed at the airfield outside Jakarta and facing Manila, the watch officer records Tokyo within the same arc.",,relative_direction,behind,From Jakarta the sight line to Manila runs 34 degrees off north; Tokyo sits +0 degrees from that line at 2.07 times the distance.,Level 2
City of Naples,Polygon,City of Baku,Polygon,City of Dhaka,"Stationed at the airfield outside Dhaka and facing Baku, a navigator notes Naples on the same segment of chart.",,relative_direction,behind,From Dhaka the sight line to Baku runs 54 degrees off north; Naples sits -0 degrees from that line at 1.71 times the distance.,Level 2
City of Amsterdam,Polygon,City of Belgrade,Polygon,City of Amman,"Stationed at the airfield outside Amman and facing Belgrade, the operator catches Amsterdam in the identical sector.",,relative_direction,behind,From Amman the sight line to Belgrade runs 39 degrees off north; Amsterdam sits +0 degrees from that line at 1.72 times the distance.,Level 2
City of Colombo,Polygon,City of Abu Dhabi,Polygon,City of Athens,"Stationed at the airfield outside Athens and facing Abu Dhabi, a geographer takes in Colombo at the same moment.",,relative_direction,behind,From Athens the sight line to Abu Dhabi runs 109 degrees off north; Colombo sits -2 degrees from that line at 2.02 times the distance.,Level 3
City of Denver,Polygon,City of Chicago,Polygon,City of Boston,"Stationed at the airfield outside Boston and facing Chicago, the pilot keeps Denver in the same window.",,relative_direction,behind,From Boston the sight line to Chicago runs 87 degrees off north; Denver sits +2 degrees from that line at 2.08 times the distance.,Level 3
City of Bangkok,Polygon,City of Delhi,Polygon,City of Bucharest,"Stationed at the airfield outside Bucharest and facing Delhi, a walker takes in Bangkok without turning.",,relative_direction,behind,From Bucharest the sight line to Delhi runs 94 degrees off north; Bangkok sits -3 degrees from that line at 1.61 times the distance.,Level 3
City of Mumbai,Polygon,City of Dubai,Polygon,City of Cairo,"Stationed at the airfield outside Cairo and facing Dubai, the controller sees Mumbai on the same display.",,relative_direction,behind,From Cairo the sight line to Dubai runs 97 degrees off north; Mumbai sits -1 degrees from that line at 1.80 times the distance.,Level 3
City of Riyadh,Polygon,City of Karachi,Polygon,City of Kolkata,"Stationed at the airfield outside Kolkata and facing Karachi, an astronomer sweeps past Riyadh on the same pass.",,relative_direction,behind,From Kolkata the sight line to Karachi runs 79 degrees off north; Riyadh sits +1 degrees from that line at 1.94 times the distance.,Level 3
City of Casablanca,Polygon,City of Budapest,Polygon,City of Kyiv,"Stationed at the airfield outside Kyiv and facing Budapest, a cartographer marks Casablanca in the same quadrant.",,relative_direction,behind,From Kyiv the sight line to Budapest runs 107 degrees off north; Casablanca sits +0 degrees from that line at 4.02 times the distance.,Level 3
City of Tehran,Polygon,City of Istanbul,Polygon,City of Lisbon,"Stationed at the airfield outside Lisbon and facing Istanbul, the signaller has Tehran inside the same spread.",,relative_direction,behind,From Lisbon the sight line to Istanbul runs 73 degrees off north; Tehran sits +1 degrees from that line at 1.63 times the distance.,Level 3
City of Yerevan,Polygon,City of Sofia,Polygon,City of Madrid,"Stationed at the airfield outside Madrid and facing Sofia, the surveyor's assistant logs Yerevan in the same arc.",,relative_direction,behind,From Madrid the sight line to Sofia runs 75 degrees off north; Yerevan sits -0 degrees from that line at 1.79 times the distance.,Level 3
City of Berlin,Polygon,City of Vilnius,Polygon,City of Moscow,"Stationed at the airfield outside Moscow and facing Vilnius, a passenger notices Berlin through the same window.",,relative_direction,behind,From Moscow the sight line to Vilnius runs 94 degrees off north; Berlin sits +1 degrees from that line at 2.04 times the distance.,Level 3
City of Montreal,Polygon,City of Winnipeg,Polygon,City of Seattle,"From the waterfront at Seattle, with the line of sight running to Winnipeg, Montreal lies in the same field of view.",,relative_direction,behind,From Seattle the sight line to Winnipeg runs 73 degrees off north; Montreal sits +2 degrees from that line at 1.98 times the distance.,Level 3
City of Baghdad,Polygon,City of Zagreb,Polygon,City of Zurich,"From the waterfront at Zurich, with the line of sight running to Zagreb, Baghdad falls inside the same angular window.",,relative_direction,behind,From Zurich the sight line to Zagreb runs 104 degrees off north; Baghdad sits +0 degrees from that line at 5.68 times the distance.,Level 3
City of Buenos Aires,Polygon,City of Lima,Polygon,City of Mexico City,"From the waterfront at Mexico City, with the line of sight running to Lima, Buenos Aires shares that stretch of horizon.",,relative_direction,behind,From Mexico City the sight line to Lima runs 144 degrees off north; Buenos Aires sits +1 degrees from that line at 1.74 times the distance.,Level 4
City of Brisbane,Polygon,City of Manila,Polygon,City of Hong Kong,"From the waterfront at Hong Kong, with the line of sight running to Manila, Brisbane occupies part of the same vista.",,relative_direction,behind,From Hong Kong the sight line to Manila runs 139 degrees off north; Brisbane sits +2 degrees from that line at 6.20 times the distance.,Level 4
City of Bogota,Polygon,City of Dallas,Polygon,City of Vancouver,"From the waterfront at Vancouver, with the line of sight running to Dallas, Bogota enters the same panorama.",,relative_direction,behind,From Vancouver the sight line to Dallas runs 120 degrees off north; Bogota sits +0 degrees from that line at 2.38 times the distance.,Level 4
City of Lyon,Polygon,City of Prague,Polygon,City of Warsaw,"From the waterfront at Warsaw, with the line of sight running to Prague, Lyon sits within the same bearing spread.",,relative_direction,behind,From Warsaw the sight line to Prague runs 115 degrees off north; Lyon sits -0 degrees from that line at 2.67 times the distance.,Level 4
City of Lima,Polygon,City of Phoenix,Polygon,City of Las Vegas,"From the waterfront at Las Vegas, with the line of sight running to Phoenix, Lima appears in the same outlook.",,relative_direction,behind,From Las Vegas the sight line to Phoenix runs 136 degrees off north; Lima sits -0 degrees from that line at 16.22 times the distance.,Level 4
City of Rio De Janeiro,Polygon,City of Caracas,Polygon,City of Atlanta,"From the waterfront at Atlanta, with the line of sight running to Caracas, Rio De Janeiro shows up in the same direction band.",,relative_direction,behind,From Atlanta the sight line to Caracas runs 141 degrees off north; Rio De Janeiro sits -2 degrees from that line at 2.44 times the distance.,Level 4
City of Milan,Polygon,City of Brussels,Polygon,City of Edinburgh,"From the waterfront at Edinburgh, with the line of sight running to Brussels, Milan is caught in the same scene.",,relative_direction,behind,From Edinburgh the sight line to Brussels runs 136 degrees off north; Milan sits +3 degrees from that line at 1.92 times the distance.,Level 4
City of Kampala,Polygon,City of Algiers,Polygon,City of Valencia,"From the waterfront at Valencia, with the line of sight running to Algiers, Kampala stands within the same sweep.",,relative_direction,behind,From Valencia the sight line to Algiers runs 134 degrees off north; Kampala sits +0 degrees from that line at 12.86 times the distance.,Level 4
City of Casablanca,Polygon,City of Valencia,Polygon,City of Venice,"From the waterfront at Venice, with the line of sight running to Valencia, Casablanca turns up in the same forward view.",,relative_direction,behind,From Venice the sight line to Valencia runs 118 degrees off north; Casablanca sits -3 degrees from that line at 1.74 times the distance.,Level 4
City of Sao Paulo,Polygon,City of La Paz,Polygon,City of Lima,"From the waterfront at Lima, with the line of sight running to La Paz, Sao Paulo is held in the same frame.",,relative_direction,behind,From Lima the sight line to La Paz runs 118 degrees off north; Sao Paulo sits -2 degrees from that line at 3.20 times the distance.,Level 4
City of Quito,Polygon,City of Mexico City,Polygon,City of San Diego,"From the waterfront at San Diego, with the line of sight running to Mexico City, Quito lies inside the same sweep of view.",,relative_direction,behind,From San Diego the sight line to Mexico City runs 125 degrees off north; Quito sits -1 degrees from that line at 2.35 times the distance.,Level 4
City of Maputo,Polygon,City of Nairobi,Polygon,City of Baghdad,"From the waterfront at Baghdad, with the line of sight running to Nairobi, Maputo appears within the same span of horizon.",,relative_direction,behind,From Baghdad the sight line to Nairobi runs 167 degrees off north; Maputo sits -1 degrees from that line at 1.71 times the distance.,Level 5
City of Harare,Polygon,City of Kampala,Polygon,City of Khartoum,"From the observatory at Khartoum, facing Kampala, Harare lies in the same field of view.",,relative_direction,behind,From Khartoum the sight line to Kampala runs 180 degrees off north; Harare sits +3 degrees from that line at 2.20 times the distance.,Level 5
City of Montevideo,Polygon,City of La Paz,Polygon,City of Panama City,"From the observatory at Panama City, facing La Paz, Montevideo falls inside the same angular window.",,relative_direction,behind,From Panama City the sight line to La Paz runs 156 degrees off north; Montevideo sits -2 degrees from that line at 1.76 times the distance.,Level 5
City of Johannesburg,Polygon,City of Athens,Polygon,City of Sofia,"From the observatory at Sofia, facing Athens, Johannesburg shares that stretch of horizon.",,relative_direction,behind,From Sofia the sight line to Athens runs 176 degrees off north; Johannesburg sits -1 degrees from that line at 14.59 times the distance.,Level 5
City of Johannesburg,Polygon,City of Riyadh,Polygon,City of Tehran,"From the observatory at Tehran, facing Riyadh, Johannesburg occupies part of the same vista.",,relative_direction,behind,From Tehran the sight line to Riyadh runs 158 degrees off north; Johannesburg sits +1 degrees from that line at 5.61 times the distance.,Level 5
City of Khartoum,Polygon,City of Cairo,Polygon,City of Minsk,"From the observatory at Minsk, facing Cairo, Khartoum enters the same panorama.",,relative_direction,behind,From Minsk the sight line to Cairo runs 172 degrees off north; Khartoum sits +0 degrees from that line at 1.61 times the distance.,Level 5
City of Nairobi,Polygon,City of Istanbul,Polygon,City of Riga,"From the observatory at Riga, facing Istanbul, Nairobi sits within the same bearing spread.",,relative_direction,behind,From Riga the sight line to Istanbul runs 167 degrees off north; Nairobi sits -2 degrees from that line at 3.64 times the distance.,Level 5
City of Maputo,Polygon,City of Addis Ababa,Polygon,City of Tbilisi,"From the observatory at Tbilisi, facing Addis Ababa, Maputo appears in the same outlook.",,relative_direction,behind,From Tbilisi the sight line to Addis Ababa runs 169 degrees off north; Maputo sits +1 degrees from that line at 2.07 times the distance.,Level 5
City of Perth,Polygon,City of Kolkata,Polygon,City of Kathmandu,"From the observatory at Kathmandu, facing Kolkata, Perth shows up in the same direction band.",,relative_direction,behind,From Kathmandu the sight line to Kolkata runs 151 degrees off north; Perth sits +1 degrees from that line at 11.37 times the distance.,Level 5
City of Quito,Polygon,City of New York,Polygon,City of Montreal,"From the observatory at Montreal, facing New York, Quito is caught in the same scene.",,relative_direction,behind,From Montreal the sight line to New York runs 176 degrees off north; Quito sits +3 degrees from that line at 9.56 times the distance.,Level 5
City of Tripoli,Polygon,City of Lyon,Polygon,City of Paris,"From the observatory at Paris, facing Lyon, Tripoli stands within the same sweep.",,relative_direction,behind,From Paris the sight line to Lyon runs 151 degrees off north; Tripoli sits -1 degrees from that line at 5.07 times the distance.,Level 5
City of Cardiff,Polygon,City of Birmingham,Polygon,City of Anchorage,"From the observatory at Anchorage, facing Birmingham, Cardiff turns up in the same forward view.",,relative_direction,next_to,From Anchorage the sight line to Birmingham runs 21 degrees off north; Cardiff sits +1 degrees from that line at 1.01 times the distance.,Level 1
City of Odesa,Polygon,City of Chisinau,Polygon,City of Antananarivo,"From the observatory at Antananarivo, facing Chisinau, Odesa is held in the same frame.",,relative_direction,next_to,From Antananarivo the sight line to Chisinau runs 14 degrees off north; Odesa sits +1 degrees from that line at 0.99 times the distance.,Level 1
City of Nice,Polygon,City of Genoa,Polygon,City of Dar Es Salaam,"From the observatory at Dar Es Salaam, facing Genoa, Nice lies inside the same sweep of view.",,relative_direction,next_to,From Dar Es Salaam the sight line to Genoa runs 25 degrees off north; Nice sits -2 degrees from that line at 1.00 times the distance.,Level 1
City of Tallinn,Polygon,City of St Petersburg,Polygon,City of Doha,"From the observatory at Doha, facing St Petersburg, Tallinn appears within the same span of horizon.",,relative_direction,next_to,From Doha the sight line to St Petersburg runs 17 degrees off north; Tallinn sits -4 degrees from that line at 1.03 times the distance.,Level 1
City of Quebec City,Polygon,City of Ottawa,Polygon,City of Fortaleza,"From the ridge above Fortaleza, looking steadily at Ottawa, Quebec City lies in the same field of view.",,relative_direction,next_to,From Fortaleza the sight line to Ottawa runs 30 degrees off north; Quebec City sits +4 degrees from that line at 0.98 times the distance.,Level 1
City of Detroit,Polygon,City of Cleveland,Polygon,City of Guayaquil,"From the ridge above Guayaquil, looking steadily at Cleveland, Detroit falls inside the same angular window.",,relative_direction,next_to,From Guayaquil the sight line to Cleveland runs 2 degrees off north; Detroit sits -1 degrees from that line at 1.02 times the distance.,Level 1
City of Gothenburg,Polygon,City of Malmo,Polygon,City of Kinshasa,"From the ridge above Kinshasa, looking steadily at Malmo, Gothenburg shares that stretch of horizon.",,relative_direction,next_to,From Kinshasa the sight line to Malmo runs 1 degrees off north; Gothenburg sits -1 degrees from that line at 1.04 times the distance.,Level 1
City of Gothenburg,Polygon,City of Bergen,Polygon,City of Pyongyang,"From the ridge above Pyongyang, looking steadily at Bergen, Gothenburg occupies part of the same vista.",,relative_direction,next_to,From Pyongyang the sight line to Bergen runs 27 degrees off north; Gothenburg sits -5 degrees from that line at 0.99 times the distance.,Level 1
City of Windsor,Polygon,City of Cleveland,Polygon,City of Kingston,"From the ridge above Kingston, looking steadily at Cleveland, Windsor enters the same panorama.",,relative_direction,next_to,From Kingston the sight line to Cleveland runs 9 degrees off north; Windsor sits -2 degrees from that line at 1.04 times the distance.,Level 1
City of Windsor,Polygon,City of Detroit,Polygon,City of Managua,"From the ridge above Managua, looking steadily at Detroit, Windsor sits within the same bearing spread.",,relative_direction,next_to,From Managua the sight line to Detroit runs 5 degrees off north; Windsor sits +0 degrees from that line at 1.00 times the distance.,Level 1
City of Cleveland,Polygon,City of Ottawa,Polygon,City of Salvador,"From the ridge above Salvador, looking steadily at Ottawa, Cleveland appears in the same outlook.",,relative_direction,next_to,From Salvador the sight line to Ottawa runs 27 degrees off north; Cleveland sits -6 degrees from that line at 1.00 times the distance.,Level 1
City of Faro,Polygon,City of Porto,Polygon,City of Ashgabat,"From the ridge above Ashgabat, looking steadily at Porto, Faro shows up in the same direction band.",,relative_direction,next_to,From Ashgabat the sight line to Porto runs 64 degrees off north; Faro sits -5 degrees from that line at 1.02 times the distance.,Level 2
City of Tirana,Polygon,City of Sarajevo,Polygon,City of Bishkek,"From the ridge above Bishkek, looking steadily at Sarajevo, Tirana is caught in the same scene.",,relative_direction,next_to,From Bishkek the sight line to Sarajevo runs 69 degrees off north; Tirana sits -4 degrees from that line at 1.00 times the distance.,Level 2
City of Islamabad,Polygon,City of Kabul,Polygon,City of Mogadishu,"From the ridge above Mogadishu, looking steadily at Kabul, Islamabad stands within the same sweep.",,relative_direction,next_to,From Mogadishu the sight line to Kabul runs 32 degrees off north; Islamabad sits +5 degrees from that line at 1.04 times the distance.,Level 2
City of Phnom Penh,Polygon,City of Ho Chi Minh City,Polygon,City of Port Moresby,"From the ridge above Port Moresby, looking steadily at Ho Chi Minh City, Phnom Penh turns up in the same forward view.",,relative_direction,next_to,From Port Moresby the sight line to Ho Chi Minh City runs 64 degrees off north; Phnom Penh sits -0 degrees from that line at 1.04 times the distance.,Level 2
City of Kabul,Polygon,City of Dushanbe,Polygon,City of Osaka,"From the ridge above Osaka, looking steadily at Dushanbe, Kabul is held in the same frame.",,relative_direction,next_to,From Osaka the sight line to Dushanbe runs 65 degrees off north; Kabul sits -5 degrees from that line at 1.02 times the distance.,Level 2
City of Sarajevo,Polygon,City of Bratislava,Polygon,City of Chengdu,"From the ridge above Chengdu, looking steadily at Bratislava, Sarajevo lies inside the same sweep of view.",,relative_direction,next_to,From Chengdu the sight line to Bratislava runs 47 degrees off north; Sarajevo sits -5 degrees from that line at 1.01 times the distance.,Level 2
City of Turin,Polygon,City of Genoa,Polygon,City of Kuwait City,"From the ridge above Kuwait City, looking steadily at Genoa, Turin appears within the same span of horizon.",,relative_direction,next_to,From Kuwait City the sight line to Genoa runs 53 degrees off north; Turin sits +1 degrees from that line at 1.03 times the distance.,Level 2
City of Turin,Polygon,City of Nice,Polygon,City of Minneapolis,"From the radar station at Minneapolis, its antenna facing Nice, Turin lies in the same field of view.",,relative_direction,next_to,From Minneapolis the sight line to Nice runs 51 degrees off north; Turin sits -1 degrees from that line at 0.99 times the distance.,Level 2
City of Vladivostok,Polygon,City of Pyongyang,Polygon,City of Malmo,"From the radar station at Malmo, its antenna facing Pyongyang, Vladivostok falls inside the same angular window.",,relative_direction,next_to,From Malmo the sight line to Pyongyang runs 50 degrees off north; Vladivostok sits -7 degrees from that line at 0.99 times the distance.,Level 2
City of Philadelphia,Polygon,City of Ottawa,Polygon,City of Tirana,"From the radar station at Tirana, its antenna facing Ottawa, Philadelphia shares that stretch of horizon.",,relative_direction,next_to,From Tirana the sight line to Ottawa runs 50 degrees off north; Philadelphia sits -5 degrees from that line at 1.04 times the distance.,Level 2
City of Edmonton,Polygon,City of Calgary,Polygon,City of Honolulu,"From the radar station at Honolulu, its antenna facing Calgary, Edmonton occupies part of the same vista.",,relative_direction,next_to,From Honolulu the sight line to Calgary runs 38 degrees off north; Edmonton sits -3 degrees from that line at 1.03 times the distance.,Level 2
City of Kuwait City,Polygon,City of Doha,Polygon,City of Taipei,"From the radar station at Taipei, its antenna facing Doha, Kuwait City enters the same panorama.",,relative_direction,next_to,From Taipei the sight line to Doha runs 73 degrees off north; Kuwait City sits +5 degrees from that line at 1.03 times the distance.,Level 3
City of Los Angeles,Polygon,City of Tijuana,Polygon,City of New Orleans,"From the radar station at New Orleans, its antenna facing Tijuana, Los Angeles sits within the same bearing spread.",,relative_direction,next_to,From New Orleans the sight line to Tijuana runs 77 degrees off north; Los Angeles sits +4 degrees from that line at 1.04 times the distance.,Level 3
City of Vientiane,Polygon,City of Hanoi,Polygon,City of Nicosia,"From the radar station at Nicosia, its antenna facing Hanoi, Vientiane appears in the same outlook.",,relative_direction,next_to,From Nicosia the sight line to Hanoi runs 82 degrees off north; Vientiane sits +5 degrees from that line at 0.98 times the distance.,Level 3
City of Muscat,Polygon,City of Abu Dhabi,Polygon,City of Reykjavik,"From the radar station at Reykjavik, its antenna facing Abu Dhabi, Muscat shows up in the same direction band.",,relative_direction,next_to,From Reykjavik the sight line to Abu Dhabi runs 91 degrees off north; Muscat sits -3 degrees from that line at 1.04 times the distance.,Level 3
City of Pune,Polygon,City of Mumbai,Polygon,City of Sapporo,"From the radar station at Sapporo, its antenna facing Mumbai, Pune is caught in the same scene.",,relative_direction,next_to,From Sapporo the sight line to Mumbai runs 90 degrees off north; Pune sits -1 degrees from that line at 0.99 times the distance.,Level 3
City of Dubai,Polygon,City of Muscat,Polygon,City of Ulaanbaatar,"From the radar station at Ulaanbaatar, its antenna facing Muscat, Dubai stands within the same sweep.",,relative_direction,next_to,From Ulaanbaatar the sight line to Muscat runs 105 degrees off north; Dubai sits +4 degrees from that line at 1.02 times the distance.,Level 3
City of Nicosia,Polygon,City of Amman,Polygon,City of Thimphu,"From the radar station at Thimphu, its antenna facing Amman, Nicosia turns up in the same forward view.",,relative_direction,next_to,From Thimphu the sight line to Amman runs 71 degrees off north; Nicosia sits +5 degrees from that line at 1.04 times the distance.,Level 3
City of Tijuana,Polygon,City of San Diego,Polygon,City of San Antonio,"From the radar station at San Antonio, its antenna facing San Diego, Tijuana is held in the same frame.",,relative_direction,next_to,From San Antonio the sight line to San Diego runs 74 degrees off north; Tijuana sits -1 degrees from that line at 0.99 times the distance.,Level 3
City of Philadelphia,Polygon,City of New York,Polygon,City of Portland,"From the radar station at Portland, its antenna facing New York, Philadelphia lies inside the same sweep of view.",,relative_direction,next_to,From Portland the sight line to New York runs 80 degrees off north; Philadelphia sits +2 degrees from that line at 0.99 times the distance.,Level 3
City of Philadelphia,Polygon,City of Washington,Polygon,City of Reno,"From the radar station at Reno, its antenna facing Washington, Philadelphia appears within the same span of horizon.",,relative_direction,next_to,From Reno the sight line to Washington runs 77 degrees off north; Philadelphia sits -2 degrees from that line at 1.03 times the distance.,Level 3
City of Bangkok,Polygon,City of Vientiane,Polygon,City of Chisinau,"As you scan outward from Chisinau along the axis to Vientiane, Bangkok lies in the same field of view.",,relative_direction,next_to,From Chisinau the sight line to Vientiane runs 89 degrees off north; Bangkok sits +5 degrees from that line at 1.02 times the distance.,Level 3
City of Recife,Polygon,City of Fortaleza,Polygon,City of Birmingham,"As you scan outward from Birmingham along the axis to Fortaleza, Recife falls inside the same angular window.",,relative_direction,next_to,From Birmingham the sight line to Fortaleza runs 139 degrees off north; Recife sits -5 degrees from that line at 1.04 times the distance.,Level 4
City of Valparaiso,Polygon,City of Santiago,Polygon,City of Curitiba,"As you scan outward from Curitiba along the axis to Santiago, Valparaiso shares that stretch of horizon.",,relative_direction,next_to,From Curitiba the sight line to Santiago runs 118 degrees off north; Valparaiso sits +2 degrees from that line at 1.03 times the distance.,Level 4
City of Singapore,Polygon,City of Kuala Lumpur,Polygon,City of Vladivostok,"As you scan outward from Vladivostok along the axis to Kuala Lumpur, Singapore occupies part of the same vista.",,relative_direction,next_to,From Vladivostok the sight line to Kuala Lumpur runs 138 degrees off north; Singapore sits -4 degrees from that line at 1.01 times the distance.,Level 4
City of Wellington,Polygon,City of Auckland,Polygon,City of Surabaya,"As you scan outward from Surabaya along the axis to Auckland, Wellington enters the same panorama.",,relative_direction,next_to,From Surabaya the sight line to Auckland runs 128 degrees off north; Wellington sits +5 degrees from that line at 1.02 times the distance.,Level 4
City of Bratislava,Polygon,City of Vienna,Polygon,City of Bergen,"As you scan outward from Bergen along the axis to Vienna, Bratislava sits within the same bearing spread.",,relative_direction,next_to,From Bergen the sight line to Vienna runs 147 degrees off north; Bratislava sits -2 degrees from that line at 1.02 times the distance.,Level 4
City of Faro,Polygon,City of Lisbon,Polygon,City of St Petersburg,"As you scan outward from St Petersburg along the axis to Lisbon, Faro appears in the same outlook.",,relative_direction,next_to,From St Petersburg the sight line to Lisbon runs 113 degrees off north; Faro sits -3 degrees from that line at 1.03 times the distance.,Level 4
City of Curitiba,Polygon,City of Rio De Janeiro,Polygon,City of Philadelphia,"As you scan outward from Philadelphia along the axis to Rio De Janeiro, Curitiba shows up in the same direction band.",,relative_direction,next_to,From Philadelphia the sight line to Rio De Janeiro runs 149 degrees off north; Curitiba sits +7 degrees from that line at 1.00 times the distance.,Level 4
City of Guayaquil,Polygon,City of Quito,Polygon,City of Salt Lake City,"As you scan outward from Salt Lake City along the axis to Quito, Guayaquil is caught in the same scene.",,relative_direction,next_to,From Salt Lake City the sight line to Quito runs 135 degrees off north; Guayaquil sits +3 degrees from that line at 1.02 times the distance.,Level 4
City of Copenhagen,Polygon,City of Malmo,Polygon,City of Tallinn,"As you scan outward from Tallinn along the axis to Malmo, Copenhagen stands within the same sweep.",,relative_direction,next_to,From Tallinn the sight line to Malmo runs 116 degrees off north; Copenhagen sits +2 degrees from that line at 1.02 times the distance.,Level 4
City of Buenos Aires,Polygon,City of Montevideo,Polygon,City of Recife,"As you scan outward from Recife along the axis to Montevideo, Buenos Aires turns up in the same forward view.",,relative_direction,next_to,From Recife the sight line to Montevideo runs 147 degrees off north; Buenos Aires sits +3 degrees from that line at 1.03 times the distance.,Level 4
City of Abu Dhabi,Polygon,City of Doha,Polygon,City of Gothenburg,"As you scan outward from Gothenburg along the axis to Doha, Abu Dhabi is held in the same frame.",,relative_direction,next_to,From Gothenburg the sight line to Doha runs 122 degrees off north; Abu Dhabi sits -3 degrees from that line at 1.05 times the distance.,Level 4
City of Sao Paulo,Polygon,City of Curitiba,Polygon,City of San Juan,"As you scan outward from San Juan along the axis to Curitiba, Sao Paulo lies inside the same sweep of view.",,relative_direction,next_to,From San Juan the sight line to Curitiba runs 159 degrees off north; Sao Paulo sits -4 degrees from that line at 0.98 times the distance.,Level 5
City of Lagos,Polygon,City of Accra,Polygon,City of Cardiff,"As you scan outward from Cardiff along the axis to Accra, Lagos appears within the same span of horizon.",,relative_direction,next_to,From Cardiff the sight line to Accra runs 176 degrees off north; Lagos sits -5 degrees from that line at 0.98 times the distance.,Level 5
City of Damascus,Polygon,City of Beirut,Polygon,City of Odesa,"Viewed from Odesa by someone facing Beirut without shifting stance, Damascus lies in the same field of view.",,relative_direction,next_to,From Odesa the sight line to Beirut runs 162 degrees off north; Damascus sits -2 degrees from that line at 1.04 times the distance.,Level 5
City of Turin,Polygon,City of Milan,Polygon,City of Bergen,"Viewed from Bergen by someone facing Milan without shifting stance, Turin falls inside the same angular window.",,relative_direction,next_to,From Bergen the sight line to Milan runs 170 degrees off north; Turin sits +4 degrees from that line at 1.02 times the distance.,Level 5
City of Johannesburg,Polygon,City of Maputo,Polygon,City of Muscat,"Viewed from Muscat by someone facing Maputo without shifting stance, Johannesburg shares that stretch of horizon.",,relative_direction,next_to,From Muscat the sight line to Maputo runs 152 degrees off north; Johannesburg sits +4 degrees from that line at 1.04 times the distance.,Level 5
City of Rio De Janeiro,Polygon,City of Sao Paulo,Polygon,City of San Juan,"Viewed from San Juan by someone facing Sao Paulo without shifting stance, Rio De Janeiro occupies part of the same vista.",,relative_direction,next_to,From San Juan the sight line to Sao Paulo runs 155 degrees off north; Rio De Janeiro sits -4 degrees from that line at 1.02 times the distance.,Level 5
City of Naples,Polygon,City of Rome,Polygon,City of Tallinn,"Viewed from Tallinn by someone facing Rome without shifting stance, Naples enters the same panorama.",,relative_direction,next_to,From Tallinn the sight line to Rome runs 151 degrees off north; Naples sits -5 degrees from that line at 1.03 times the distance.,Level 5
City of Marseille,Polygon,City of Nice,Polygon,City of Bergen,"Viewed from Bergen by someone facing Nice without shifting stance, Marseille sits within the same bearing spread.",,relative_direction,next_to,From Bergen the sight line to Nice runs 175 degrees off north; Marseille sits +5 degrees from that line at 1.02 times the distance.,Level 5
City of Jerusalem,Polygon,City of Amman,Polygon,City of Odesa,"Viewed from Odesa by someone facing Amman without shifting stance, Jerusalem appears in the same outlook.",,relative_direction,next_to,From Odesa the sight line to Amman runs 163 degrees off north; Jerusalem sits +2 degrees from that line at 1.00 times the distance.,Level 5
City of Nairobi,Polygon,City of Kampala,Polygon,City of St Petersburg,"Viewed from St Petersburg by someone facing Kampala without shifting stance, Nairobi shows up in the same direction band.",,relative_direction,next_to,From St Petersburg the sight line to Kampala runs 177 degrees off north; Nairobi sits -5 degrees from that line at 1.03 times the distance.,Level 5
City of Abu Dhabi,Polygon,City of Dubai,Polygon,City of Baku,"Viewed from Baku by someone facing Dubai without shifting stance, Abu Dhabi is caught in the same scene.",,relative_direction,next_to,From Baku the sight line to Dubai runs 162 degrees off north; Abu Dhabi sits +3 degrees from that line at 1.03 times the distance.,Level 5
City of Belgrade,Polygon,City of Cape Town,Polygon,City of Accra,"Standing in Accra and sweeping the view clockwise, Belgrade is met first, then Karachi, and finally Cape Town.",City of Karachi,relative_direction,left_of,"With the observer in Accra, the same ordering holds for both steps through Karachi, so it holds end to end. Sight line turned 157 degrees from north.",Level 6
City of Asuncion,Polygon,City of Stockholm,Polygon,City of Accra,"Looking out from Accra, a clockwise turn of the head reaches Asuncion, then Dakar, and last of all Stockholm.",City of Dakar,relative_direction,left_of,"With the observer in Accra, the same ordering holds for both steps through Dakar, so it holds end to end. Sight line turned 11 degrees from north.",Level 6
City of Stockholm,Polygon,City of Chennai,Polygon,City of Abu Dhabi,"As you pan clockwise from Abu Dhabi, the order in which the three come up is Stockholm, then Beijing, and then Chennai.",City of Beijing,relative_direction,left_of,"With the observer in Abu Dhabi, the same ordering holds for both steps through Beijing, so it holds end to end. Sight line turned 110 degrees from north.",Level 6
City of Buenos Aires,Polygon,City of Amsterdam,Polygon,City of Accra,"Viewed from Accra with the eye travelling clockwise, Buenos Aires appears before Halifax, and Halifax before Amsterdam.",City of Halifax,relative_direction,left_of,"With the observer in Accra, the same ordering holds for both steps through Halifax, so it holds end to end. Sight line turned 4 degrees from north.",Level 6
City of Tunis,Polygon,City of Beijing,Polygon,City of Abu Dhabi,"From the vantage at Abu Dhabi, a clockwise sweep passes Tunis, goes on to Moscow, and ends at Beijing.",City of Moscow,relative_direction,left_of,"With the observer in Abu Dhabi, the same ordering holds for both steps through Moscow, so it holds end to end. Sight line turned 57 degrees from north.",Level 6
City of London,Polygon,City of Harare,Polygon,City of Accra,"From the parapet at Accra, turning clockwise, London comes up first, then Yerevan, and Harare last.",City of Yerevan,relative_direction,left_of,"With the observer in Accra, the same ordering holds for both steps through Yerevan, so it holds end to end. Sight line turned 128 degrees from north.",Level 6
City of Ankara,Polygon,City of Dhaka,Polygon,City of Abu Dhabi,"Standing in Abu Dhabi, a clockwise scan of the skyline meets Ankara, afterwards Almaty, and finally Dhaka.",City of Almaty,relative_direction,left_of,"With the observer in Abu Dhabi, the same ordering holds for both steps through Almaty, so it holds end to end. Sight line turned 84 degrees from north.",Level 6
City of Berlin,Polygon,City of Hanoi,Polygon,City of Abu Dhabi,"As you rotate clockwise on the spot in Abu Dhabi, Berlin appears before Tashkent, and Tashkent before Hanoi.",City of Tashkent,relative_direction,left_of,"With the observer in Abu Dhabi, the same ordering holds for both steps through Tashkent, so it holds end to end. Sight line turned 83 degrees from north.",Level 6
City of Montevideo,Polygon,City of Brussels,Polygon,City of Accra,"Viewed from Accra, moving the eye clockwise picks out Montevideo, then Halifax, and only then Brussels.",City of Halifax,relative_direction,left_of,"With the observer in Accra, the same ordering holds for both steps through Halifax, so it holds end to end. Sight line turned 4 degrees from north.",Level 6
City of Bucharest,Polygon,City of Cape Town,Polygon,City of Accra,"From the lookout at Accra, a clockwise arc reaches Bucharest before Addis Ababa, and Addis Ababa before Cape Town.",City of Addis Ababa,relative_direction,left_of,"With the observer in Accra, the same ordering holds for both steps through Addis Ababa, so it holds end to end. Sight line turned 157 degrees from north.",Level 6
City of Helsinki,Polygon,City of Jakarta,Polygon,City of Abu Dhabi,"Looking out from Abu Dhabi and swinging clockwise, Helsinki comes before Seoul, and Seoul comes before Jakarta.",City of Seoul,relative_direction,left_of,"With the observer in Abu Dhabi, the same ordering holds for both steps through Seoul, so it holds end to end. Sight line turned 114 degrees from north.",Level 6
City of Windhoek,Polygon,City of Budapest,Polygon,City of Accra,"Standing in Accra and sweeping the view clockwise, Budapest is met first, then Karachi, and finally Windhoek.",City of Karachi,relative_direction,right_of,"With the observer in Accra, the same ordering holds for both steps through Karachi, so it holds end to end. Sight line turned 18 degrees from north.",Level 6
City of Colombo,Polygon,City of Baku,Polygon,City of Abu Dhabi,"Looking out from Abu Dhabi, a clockwise turn of the head reaches Baku, then Delhi, and last of all Colombo.",City of Delhi,relative_direction,right_of,"With the observer in Abu Dhabi, the same ordering holds for both steps through Delhi, so it holds end to end. Sight line turned 12 degrees from north.",Level 6
City of Luanda,Polygon,City of Kyiv,Polygon,City of Accra,"As you pan clockwise from Accra, the three come up in the order Kyiv, then Khartoum, and then Luanda.",City of Khartoum,relative_direction,right_of,"With the observer in Accra, the same ordering holds for both steps through Khartoum, so it holds end to end. Sight line turned 24 degrees from north.",Level 6
City of Shanghai,Polygon,City of Madrid,Polygon,City of Abu Dhabi,"Viewed from Abu Dhabi with the eye travelling clockwise, Madrid shows up before Tehran, and Tehran before Shanghai.",City of Tehran,relative_direction,right_of,"With the observer in Abu Dhabi, the same ordering holds for both steps through Tehran, so it holds end to end. Sight line turned 57 degrees from north.",Level 6
City of Singapore,Polygon,City of Oslo,Polygon,City of Abu Dhabi,"From the vantage at Abu Dhabi, a clockwise sweep takes in Oslo, continues to Almaty, and finishes at Singapore.",City of Almaty,relative_direction,right_of,"With the observer in Abu Dhabi, the same ordering holds for both steps through Almaty, so it holds end to end. Sight line turned 28 degrees from north.",Level 6
City of Luanda,Polygon,City of Munich,Polygon,City of Accra,"From the parapet at Accra, turning clockwise, Munich comes up first, then Lagos, and Luanda last.",City of Lagos,relative_direction,right_of,"With the observer in Accra, the same ordering holds for both steps through Lagos, so it holds end to end. Sight line turned 11 degrees from north.",Level 6
City of Windhoek,Polygon,City of Prague,Polygon,City of Accra,"Standing in Accra, a clockwise scan of the skyline meets Prague, afterwards Riyadh, and finally Windhoek.",City of Riyadh,relative_direction,right_of,"With the observer in Accra, the same ordering holds for both steps through Riyadh, so it holds end to end. Sight line turned 13 degrees from north.",Level 6
City of Singapore,Polygon,City of Vilnius,Polygon,City of Abu Dhabi,"As you rotate clockwise on the spot in Abu Dhabi, Vilnius appears before Beijing, and Beijing before Singapore.",City of Beijing,relative_direction,right_of,"With the observer in Abu Dhabi, the same ordering holds for both steps through Beijing, so it holds end to end. Sight line turned 28 degrees from north.",Level 6
City of Dublin,Polygon,City of Asuncion,Polygon,City of Accra,"Viewed from Accra, moving the eye clockwise picks out Asuncion, then Dakar, and only then Dublin.",City of Dakar,relative_direction,right_of,"With the observer in Accra, the same ordering holds for both steps through Dakar, so it holds end to end. Sight line turned 122 degrees from north.",Level 6
City of Dhaka,Polygon,City of Venice,Polygon,City of Abu Dhabi,"From the lookout at Abu Dhabi, a clockwise arc reaches Venice before Tashkent, and Tashkent before Dhaka.",City of Tashkent,relative_direction,right_of,"With the observer in Abu Dhabi, the same ordering holds for both steps through Tashkent, so it holds end to end. Sight line turned 47 degrees from north.",Level 6
City of Zurich,Polygon,City of Rio De Janeiro,Polygon,City of Accra,"Looking out from Accra and swinging clockwise, Rio De Janeiro comes before Caracas, and Caracas comes before Zurich.",City of Caracas,relative_direction,right_of,"With the observer in Accra, the same ordering holds for both steps through Caracas, so it holds end to end. Sight line turned 126 degrees from north.",Level 6
City of Munich,Polygon,City of Chicago,Polygon,City of Zagreb,"Standing in Zagreb and looking down one line of sight, Munich is reached first, then Brussels, and finally Chicago.",City of Brussels,relative_direction,in_front_of,"With the observer in Zagreb, the same ordering holds for both steps through Brussels, so it holds end to end. Sight line turned 51 degrees from north.",Level 6
City of Warsaw,Polygon,City of Algiers,Polygon,City of Vilnius,"Looking out from Vilnius along a single bearing, the nearest is Warsaw, next Venice, and furthest Algiers.",City of Venice,relative_direction,in_front_of,"With the observer in Vilnius, the same ordering holds for both steps through Venice, so it holds end to end. Sight line turned 131 degrees from north.",Level 6
City of Valencia,Polygon,City of Minsk,Polygon,City of Casablanca,"As you sight from Casablanca down one axis, distance grows from Valencia to Milan, and on to Minsk.",City of Milan,relative_direction,in_front_of,"With the observer in Casablanca, the same ordering holds for both steps through Milan, so it holds end to end. Sight line turned 40 degrees from north.",Level 6
City of Istanbul,Polygon,City of Delhi,Polygon,City of Naples,"Viewed from Naples along one bearing, Istanbul stands closest, Yerevan lies past it, and Delhi further still.",City of Yerevan,relative_direction,in_front_of,"With the observer in Naples, the same ordering holds for both steps through Yerevan, so it holds end to end. Sight line turned 83 degrees from north.",Level 6
City of Havana,Polygon,City of Santiago,Polygon,City of Atlanta,"From the tower at Atlanta, all three sit on one line: Havana nearest, then Panama City, and Santiago last.",City of Panama City,relative_direction,in_front_of,"With the observer in Atlanta, the same ordering holds for both steps through Panama City, so it holds end to end. Sight line turned 168 degrees from north.",Level 6
City of Prague,Polygon,City of Toronto,Polygon,City of Bucharest,"From the parapet at Bucharest, along one bearing, Prague is nearest, Edinburgh beyond it, and Toronto beyond that.",City of Edinburgh,relative_direction,in_front_of,"With the observer in Bucharest, the same ordering holds for both steps through Edinburgh, so it holds end to end. Sight line turned 48 degrees from north.",Level 6
City of Washington,Polygon,City of Mexico City,Polygon,City of Boston,"Standing in Boston and sighting down a single line, Washington lies nearer than Atlanta, and Atlanta nearer than Mexico City.",City of Atlanta,relative_direction,in_front_of,"With the observer in Boston, the same ordering holds for both steps through Atlanta, so it holds end to end. Sight line turned 125 degrees from north.",Level 6
City of Warsaw,Polygon,City of Tripoli,Polygon,City of Riga,"As you look from Riga along one axis, Warsaw is met first, Budapest next, and Tripoli furthest out.",City of Budapest,relative_direction,in_front_of,"With the observer in Riga, the same ordering holds for both steps through Budapest, so it holds end to end. Sight line turned 158 degrees from north.",Level 6
City of London,Polygon,City of Athens,Polygon,City of Dublin,"Viewed from Dublin on one bearing, London holds the near ground, and Zurich stands between it and Athens.",City of Zurich,relative_direction,in_front_of,"With the observer in Dublin, the same ordering holds for both steps through Zurich, so it holds end to end. Sight line turned 115 degrees from north.",Level 6
City of Harare,Polygon,City of Riyadh,Polygon,City of Johannesburg,"From the lookout at Johannesburg, Harare is closer than Nairobi, and Nairobi is closer than Riyadh.",City of Nairobi,relative_direction,in_front_of,"With the observer in Johannesburg, the same ordering holds for both steps through Nairobi, so it holds end to end. Sight line turned 21 degrees from north.",Level 6
City of Belgrade,Polygon,City of Kolkata,Polygon,City of Marseille,"Looking out from Marseille down a single sight line, Belgrade precedes Tbilisi, and Tbilisi precedes Kolkata.",City of Tbilisi,relative_direction,in_front_of,"With the observer in Marseille, the same ordering holds for both steps through Tbilisi, so it holds end to end. Sight line turned 78 degrees from north.",Level 6
City of Miami,Polygon,City of Phoenix,Polygon,City of Los Angeles,"Standing in Los Angeles and looking down one line of sight, Phoenix is reached first, then Houston, and finally Miami.",City of Houston,relative_direction,behind,"With the observer in Los Angeles, the same ordering holds for both steps through Houston, so it holds end to end. Sight line turned 95 degrees from north.",Level 6
City of Bogota,Polygon,City of Denver,Polygon,City of Vancouver,"Looking out from Vancouver along a single bearing, the nearest is Denver, next Houston, and furthest Bogota.",City of Houston,relative_direction,behind,"With the observer in Vancouver, the same ordering holds for both steps through Houston, so it holds end to end. Sight line turned 120 degrees from north.",Level 6
City of Kyiv,Polygon,City of Khartoum,Polygon,City of Kampala,"As you sight from Kampala down one axis, distance grows from Khartoum to Cairo, and on to Kyiv.",City of Cairo,relative_direction,behind,"With the observer in Kampala, the same ordering holds for both steps through Cairo, so it holds end to end. Sight line turned 0 degrees from north.",Level 6
City of Lisbon,Polygon,City of Copenhagen,Polygon,City of Helsinki,"Viewed from Helsinki along one bearing, Copenhagen stands closest, Paris lies past it, and Lisbon further still.",City of Paris,relative_direction,behind,"With the observer in Helsinki, the same ordering holds for both steps through Paris, so it holds end to end. Sight line turned 119 degrees from north.",Level 6
City of Zagreb,Polygon,City of Copenhagen,Polygon,City of Oslo,"From the tower at Oslo, all three sit on one line: Copenhagen nearest, then Berlin, and Zagreb last.",City of Berlin,relative_direction,behind,"With the observer in Oslo, the same ordering holds for both steps through Berlin, so it holds end to end. Sight line turned 166 degrees from north.",Level 6
City of Winnipeg,Polygon,City of Paris,Polygon,City of Rome,"From the parapet at Rome, along one bearing, Paris is nearest, Dublin beyond it, and Winnipeg beyond that.",City of Dublin,relative_direction,behind,"With the observer in Rome, the same ordering holds for both steps through Dublin, so it holds end to end. Sight line turned 42 degrees from north.",Level 6
City of Caracas,Polygon,City of Houston,Polygon,City of Las Vegas,"Standing in Las Vegas and sighting down a single line, Houston lies nearer than Havana, and Havana nearer than Caracas.",City of Havana,relative_direction,behind,"With the observer in Las Vegas, the same ordering holds for both steps through Havana, so it holds end to end. Sight line turned 106 degrees from north.",Level 6
City of Mumbai,Polygon,City of Tunis,Polygon,City of Algiers,"As you look from Algiers along one axis, Tunis is met first, Beirut next, and Mumbai furthest out.",City of Beirut,relative_direction,behind,"With the observer in Algiers, the same ordering holds for both steps through Beirut, so it holds end to end. Sight line turned 87 degrees from north.",Level 6
City of Perth,Polygon,City of Singapore,Polygon,City of Bangkok,"Viewed from Bangkok on one bearing, Singapore holds the near ground, and Jakarta stands between it and Perth.",City of Jakarta,relative_direction,behind,"With the observer in Bangkok, the same ordering holds for both steps through Jakarta, so it holds end to end. Sight line turned 165 degrees from north.",Level 6
City of Montreal,Polygon,City of Vienna,Polygon,City of Istanbul,"From the lookout at Istanbul, Vienna is closer than Amsterdam, and Amsterdam is closer than Montreal.",City of Amsterdam,relative_direction,behind,"With the observer in Istanbul, the same ordering holds for both steps through Amsterdam, so it holds end to end. Sight line turned 47 degrees from north.",Level 6
City of Moscow,Polygon,City of Lyon,Polygon,City of Madrid,"Looking out from Madrid down a single sight line, Lyon precedes Prague, and Prague precedes Moscow.",City of Prague,relative_direction,behind,"With the observer in Madrid, the same ordering holds for both steps through Prague, so it holds end to end. Sight line turned 47 degrees from north.",Level 6
