relation_predicate,spatial_relation,geometry_type_subject,geometry_type_object,place_name_subject,placetype_subject,place_name_object,placetype_object,explanation,ambiguity_level
The national borders of the United States completely encircle the State of Texas.,contains,Polygon,Polygon,United States,United States,State of Texas,State of Texas,The source country polygon completely encloses the target state polygon.,Level 1
The island nation of Japan completely surrounds the iconic geological base of Mount Fuji.,contains,Polygon,Polygon,Japan,Japan,Mount Fuji,Mount Fuji,The national polygon completely surrounds the geological polygon of the mountain.,Level 1
The national boundaries of the United States completely encircle the landlocked State of Kansas on all sides.,contains,Polygon,Polygon,United States,United States,State of Kansas,State of Kansas,The source country polygon acts as the absolute perimeter for the target state polygon.,Level 1
The national frontiers of France serve as a complete bounding box for the densely populated capital city.,contains,Polygon,Polygon,France,France,City of Paris,City of Paris,A nation polygon fully enclosing a city polygon.,Level 1
The massive state borders of Texas completely box in the municipal limits of its capital city.,contains,Polygon,Polygon,State of Texas,State of Texas,City of Austin,City of Austin,A state polygon completely enclosing a city polygon.,Level 1
The sovereign limits of Germany entirely surround the urban footprint of Berlin.,contains,Polygon,Polygon,Germany,Germany,City of Berlin,City of Berlin,A country polygon completely enveloping a city polygon.,Level 1
The island nation of Japan completely surrounds the iconic geological base of Mount Fuji.,contains,Polygon,Polygon,Japan,Japan,Mount Fuji,Mount Fuji,The national polygon completely encircles the geological polygon.,Level 1
The massive continental landmass completely surrounds the ancient sandstone monolith located in its arid center.,contains,Polygon,Polygon,Australia,Australia,Uluru,Uluru,A continental polygon fully enclosing a landmark polygon.,Level 1
The salty waters of the Mediterranean completely encircle the rocky shores of Malta on every side.,contains,Polygon,Polygon,Mediterranean Sea,Mediterranean Sea,Island of Malta,Island of Malta,A sea polygon acting as a geometric host for an island polygon.,Level 1
The state lines of New York completely enclose the massive green rectangle located in Manhattan.,contains,Polygon,Polygon,State of New York,State of New York,Central Park,Central Park,A state polygon completely enveloping a park polygon.,Level 1
The sprawling borders of California entirely surround the central municipal grid of Sacramento.,contains,Polygon,Polygon,State of California,State of California,City of Sacramento,City of Sacramento,A state polygon completely encircling a city polygon.,Level 1
The national frontiers of Canada completely wrap around the landlocked Province of Alberta.,contains,Polygon,Polygon,Canada,Canada,Province of Alberta,Province of Alberta,A country polygon fully enclosing a provincial polygon.,Level 1
The peninsular state borders completely trap the inland municipal limits of Orlando.,contains,Polygon,Polygon,State of Florida,State of Florida,City of Orlando,City of Orlando,A state polygon acting as a bounding box for an inland city.,Level 1
The island nation completely encompasses the urban borders of the historic capital.,contains,Polygon,Polygon,United Kingdom,United Kingdom,City of London,City of London,A nation polygon completely surrounding a city polygon.,Level 1
The midwestern state boundaries completely encircle the central municipal footprint of Columbus.,contains,Polygon,Polygon,State of Ohio,State of Ohio,City of Columbus,City of Columbus,A state polygon acting as an absolute perimeter for a city.,Level 1
The desert state limits perfectly box in the sprawling urban footprint of Phoenix.,contains,Polygon,Polygon,State of Arizona,State of Arizona,City of Phoenix,City of Phoenix,A state polygon fully enclosing a city polygon.,Level 1
The national borders of Spain entirely encircle the central capital city.,contains,Polygon,Polygon,Spain,Spain,City of Madrid,City of Madrid,A nation polygon acting as a complete boundary for a city.,Level 1
The state lines completely wrap around the coastal municipal grid of Seattle.,contains,Polygon,Polygon,State of Washington,State of Washington,City of Seattle,City of Seattle,A state polygon fully surrounding a city polygon.,Level 1
The vast oceanic waters completely isolate and encircle the volcanic shores of Oahu.,contains,Polygon,Polygon,Pacific Ocean,Pacific Ocean,Island of Oahu,Island of Oahu,An ocean polygon serving as the absolute boundary for an island polygon.,Level 1
The midwestern state limits perfectly surround the municipal footprint of Springfield.,contains,Polygon,Polygon,State of Illinois,State of Illinois,City of Springfield,City of Springfield,A state polygon completely enveloping a city polygon.,Level 1
The national borders of the United States completely encircle the State of Texas.,contains,Polygon,Polygon,United States,United States,State of Texas,State of Texas,The source country polygon completely encloses the target state polygon.,Level 1
The State of California fully envelops the sprawling jurisdiction of the City of Los Angeles in its southern half.,contains,Polygon,Polygon,State of California,State of California,City of Los Angeles,City of Los Angeles,A state polygon fully encompasses a city administrative polygon.,Level 1
The island nation of Japan completely surrounds the iconic geological base of Mount Fuji.,contains,Polygon,Polygon,Japan,Japan,Mount Fuji,Mount Fuji,The national polygon completely surrounds the geological polygon.,Level 1
"The nation of South Africa entirely wraps around the independent, high-altitude kingdom of Lesotho.",contains,Polygon,Polygon,South Africa,South Africa,Lesotho,Lesotho,The source country polygon completely encompasses the exterior boundaries of the target country polygon.,Level 1
The sovereign territory of Italy completely encircles the microstate of San Marino on all sides.,contains,Polygon,Polygon,Italy,Italy,San Marino,San Marino,A country polygon acting as a complete geographic container for an enclave polygon.,Level 1
The national borders of France serve as a complete bounding box for the capital City of Paris.,contains,Polygon,Polygon,France,France,City of Paris,City of Paris,A nation polygon fully enclosing a city polygon.,Level 1
The state lines of New York completely enclose the massive green rectangle of Central Park.,contains,Polygon,Polygon,State of New York,State of New York,Central Park,Central Park,A state polygon encompassing a park polygon.,Level 1
The massive continent of Australia fully surrounds the giant sandstone monolith known as Uluru.,contains,Polygon,Polygon,Australia,Australia,Uluru,Uluru,A continental polygon fully enclosing a landmark polygon.,Level 1
The island nation of the United Kingdom fully envelopes the borders of the City of London.,contains,Polygon,Polygon,United Kingdom,United Kingdom,City of London,City of London,A nation polygon completely surrounding a city polygon.,Level 1
The borders of the State of Arizona completely box in the massive expanse of the Grand Canyon National Park.,contains,Polygon,Polygon,State of Arizona,State of Arizona,Grand Canyon National Park,Grand Canyon National Park,A state polygon acting as the absolute container for a national park polygon.,Level 1
The massive fresh waters of Lake Superior completely encircle the landmass of Isle Royale.,contains,Polygon,Polygon,Lake Superior,Lake Superior,Isle Royale,Isle Royale,A lake polygon fully enclosing an island polygon.,Level 1
The salty waters of the Mediterranean Sea completely surround the rocky shores of the Island of Malta.,contains,Polygon,Polygon,Mediterranean Sea,Mediterranean Sea,Island of Malta,Island of Malta,A sea polygon acting as a container for an island polygon.,Level 1
The massive state lines of Texas completely enclose the municipal boundaries of the City of Austin.,contains,Polygon,Polygon,State of Texas,State of Texas,City of Austin,City of Austin,A state polygon containing a city polygon.,Level 1
The national frontiers of Canada completely wrap around the landlocked Province of Alberta.,contains,Polygon,Polygon,Canada,Canada,Province of Alberta,Province of Alberta,A country polygon fully enclosing a provincial polygon.,Level 1
"The massive national boundaries entirely wrap around the independent, high-altitude kingdom, isolating it from any coastline.",contains,Polygon,Polygon,South Africa,South Africa,Kingdom of Lesotho,Kingdom of Lesotho,A massive nation polygon completely enveloping an independent sovereign nation.,Level 2
"The sovereign Italian territory completely encircles the ancient microstate, locking it permanently inland away from the sea.",contains,Polygon,Polygon,Republic of Italy,Republic of Italy,San Marino,San Marino,A sovereign nation acting as an absolute geographic host for another sovereign nation.,Level 2
"The massive fresh waters completely encircle the remote wilderness island, isolating it completely from the mainland shores.",contains,Polygon,Polygon,Lake Superior,Lake Superior,Isle Royale,Isle Royale,A massive freshwater lake polygon completely enveloping an island multi-polygon.,Level 2
"The francophone nation completely surrounds the slender borders of its neighbor on all terrestrial sides, leaving only the ocean exposed.",contains,Polygon,Polygon,Senegal,Senegal,The Gambia,The Gambia,A national polygon almost entirely enveloping another on all land-based sides.,Level 2
"The massive fresh waters completely encircle the archipelago, severing the islands entirely from the African mainland shores.",contains,Polygon,MultiPolygon,Lake Victoria,Lake Victoria,Ssese Islands,Ssese Islands,A lake polygon acts as the geometric perimeter for a target MultiPolygon.,Level 2
The straight state survey lines perfectly box in the massive federal park lands preserving the jagged mountain peaks.,contains,Polygon,Polygon,State of Wyoming,State of Wyoming,Grand Teton National Park,Grand Teton National Park,A state polygon acting as a bounding perimeter for a national park polygon.,Level 2
The sprawling state borders completely envelop the massive granite cliffs and valleys of the federal preserve.,contains,Polygon,Polygon,State of California,State of California,Yosemite National Park,Yosemite National Park,A state polygon completely bounding a national park.,Level 2
The warm oceanic currents completely isolate the massive island ecosystem from the African mainland.,contains,Polygon,Polygon,Indian Ocean,Indian Ocean,Madagascar,Madagascar,An ocean polygon completely encircling a massive island polygon.,Level 2
The turbulent deep waters completely box in the isolated archipelago situated hundreds of miles from the nearest continent.,contains,Polygon,MultiPolygon,Atlantic Ocean,Atlantic Ocean,Bermuda,Bermuda,An ocean polygon acting as the absolute boundary for a remote island chain.,Level 2
The massive state borders completely serve as the absolute boundary for the inland capital territory governing the nation.,contains,Polygon,Polygon,New South Wales,New South Wales,Australian Capital Territory,Australian Capital Territory,A massive regional polygon completely enclosing a specific administrative territory.,Level 2
"The sprawling Great Lake completely encircles the massive freshwater island, isolating its shores entirely.",contains,Polygon,Polygon,Lake Huron,Lake Huron,Manitoulin Island,Manitoulin Island,A major lake polygon entirely enveloping a large island polygon.,Level 2
The northern state limits perfectly surround the jagged alpine terrain of the protected federal park.,contains,Polygon,Polygon,State of Montana,State of Montana,Glacier National Park,Glacier National Park,A state polygon completely enclosing a national park.,Level 2
"The national borders completely wrap around the capital district, situating it deep in the country's interior away from the coast.",contains,Polygon,Polygon,Republic of India,Republic of India,New Delhi District,New Delhi District,A national polygon acting as the absolute perimeter for a capital district polygon.,Level 2
"The narrow sea completely isolates the small, arid island chain located off the coast of Eritrea.",contains,Polygon,MultiPolygon,Red Sea,Red Sea,Dahlak Archipelago,Dahlak Archipelago,A sea polygon entirely encircling an island chain.,Level 2
The midwestern state boundaries completely surround the eroded buttes and pinnacles of the federal preserve.,contains,Polygon,Polygon,State of South Dakota,State of South Dakota,Badlands National Park,Badlands National Park,A state polygon acting as a complete geometric host for a park.,Level 2
The high-altitude Andean lake completely encircles the historical rocky island.,contains,Polygon,Polygon,Lake Titicaca,Lake Titicaca,Isla del Sol,Isla del Sol,A lake polygon entirely bounding an island polygon.,Level 2
The sovereign territory of Italy entirely wraps around the independent microstate on all sides.,contains,Polygon,Polygon,Italy,Italy,San Marino,San Marino,A country polygon acting as a complete geographic container for an enclave polygon.,Level 2
"The nation completely envelops the high-altitude kingdom, isolating it entirely from any other international borders.",contains,Polygon,Polygon,South Africa,South Africa,Lesotho,Lesotho,The source country polygon completely encompasses the exterior boundaries of the target.,Level 2
"The massive fresh waters completely encircle the archipelago, isolating the islands from the mainland shores.",contains,Polygon,MultiPolygon,Lake Victoria,Lake Victoria,Ssese Islands,Ssese Islands,A lake polygon acts as the geometric container for a target MultiPolygon.,Level 2
The massive state borders completely box in the municipal limits of the capital city.,contains,Polygon,Polygon,State of Texas,State of Texas,City of Austin,City of Austin,A state polygon completely enclosing a city polygon.,Level 2
The national frontiers serve as a complete geometric container for the densely populated capital city.,contains,Polygon,Polygon,France,France,City of Paris,City of Paris,A nation polygon fully enclosing a city polygon.,Level 2
"The salty saltwater expanse completely surrounds the island landmass, ensuring it touches no other land.",contains,Polygon,Polygon,Mediterranean Sea,Mediterranean Sea,Island of Cyprus,Island of Cyprus,A sea polygon acting as a container for an island polygon.,Level 2
The massive green rectangle is completely encircled by the urban grid built inside the state's largest city.,contains,Polygon,Polygon,State of New York,State of New York,Central Park,Central Park,A state polygon encompassing a park polygon.,Level 2
The island nation fully encompasses the historical financial district located in the heart of its capital.,contains,Polygon,Polygon,United Kingdom,United Kingdom,City of London,City of London,A nation polygon completely surrounding a city polygon.,Level 2
The national boundaries act as the ultimate bounding box for the completely landlocked midwestern province.,contains,Polygon,Polygon,Canada,Canada,Province of Saskatchewan,Province of Saskatchewan,A country polygon fully enclosing a provincial polygon.,Level 2
"The national borders completely wrap around the capital district, situating it deep in the country's interior.",contains,Polygon,Polygon,Republic of India,Republic of India,New Delhi,New Delhi,A national polygon acting as the absolute container for a city polygon.,Level 2
The vast oceanic waters act as a complete geometric container for the isolated volcanic island chain.,contains,Polygon,MultiPolygon,Pacific Ocean,Pacific Ocean,State of Hawaii,State of Hawaii,An ocean polygon fully enclosing a state multi-polygon.,Level 2
The rectangular state lines completely box in the mile-high city nestled near the mountains.,contains,Polygon,Polygon,State of Colorado,State of Colorado,City of Denver,City of Denver,A state polygon containing a city polygon.,Level 2
The massive continental landmass completely surrounds the ancient sandstone monolith located in its arid center.,contains,Polygon,Polygon,Australia,Australia,Uluru,Uluru,A continental polygon fully enclosing a landmark polygon.,Level 2
The state borders completely envelop the massive granite cliffs and valleys of the federal park lands.,contains,Polygon,Polygon,State of California,State of California,Yosemite National Park,Yosemite National Park,A state polygon completely bounding a national park.,Level 2
The sovereign microstate of San Marino is an enclave completely surrounded by the territory of Italy.,contains,Polygon,Polygon,Italy,Italy,San Marino,San Marino,A classic geographical 'donut hole' where the Italian polygon entirely encloses the San Marino polygon.,Level 2
"The nation of South Africa entirely wraps around the independent, high-altitude kingdom of Lesotho.",contains,Polygon,Polygon,South Africa,South Africa,Lesotho,Lesotho,The source country polygon completely encompasses the exterior boundaries of the target country polygon.,Level 2
The massive fresh waters of Lake Victoria completely encircle the Ssese Islands archipelago.,contains,Polygon,MultiPolygon,Lake Victoria,Lake Victoria,Ssese Islands,Ssese Islands,A lake polygon acts as the geometric container for a target MultiPolygon consisting of several islands.,Level 2
The arid state lines completely encircle the high-altitude federal preserve protecting the ancient bristlecone pines.,contains,Polygon,Polygon,State of Nevada,State of Nevada,Great Basin National Park,Great Basin National Park,A state polygon completely enveloping a national park.,Level 3
"The municipal limits of the Italian capital completely box in the independent microstate on all sides, ensuring it never touches another region.",contains,Polygon,Polygon,City of Rome,City of Rome,Vatican City,Vatican City,A major city polygon completely bounding and surrounding a sovereign micro-state.,Level 3
"The massive tribal territory acts as the absolute geometric boundary for the independently governed lands, isolating them entirely.",contains,Polygon,Polygon,Navajo Nation,Navajo Nation,Hopi Reservation,Hopi Reservation,A macro-administrative tribal polygon acting as the perimeter for a micro-administrative one.,Level 3
"The Swiss cantons completely encircle the tiny Italian exclave, entirely severing it from the Italian mainland.",contains,Polygon,Polygon,Switzerland,Switzerland,Campione d'Italia,Campione d'Italia,A sovereign nation acting as the geographic perimeter for a tiny foreign exclave.,Level 3
The de jure sovereign territorial claim formally encompasses the entirety of the military strip slicing through its center.,contains,Polygon,MultiPolygon,Republic of Cyprus,Republic of Cyprus,UN Buffer Zone in Cyprus,UN Buffer Zone in Cyprus,A sovereign national polygon acts as the absolute host for a legally distinct military MultiPolygon.,Level 3
The sprawling state lines serve as the absolute boundary box for the historical mission's architectural real estate.,contains,Polygon,Polygon,State of Texas,State of Texas,Alamo Mission Footprint,Alamo Mission Footprint,A massive state polygon acting as the absolute perimeter for a historical architectural polygon.,Level 3
"The sprawling metropolitan government completely wraps around the ancient, independently governed financial core.",contains,Polygon,Polygon,Greater London Authority,Greater London Authority,City of London Corporation,City of London Corporation,A macro-municipal polygon entirely enveloping a historical micro-municipal polygon.,Level 3
The waters of the massive Philippine lake entirely encircle the active volcanic landmass resting in its center.,contains,Polygon,Polygon,Lake Taal,Lake Taal,Volcano Island,Volcano Island,A lake polygon acting as a complete geometric host for a volcanic island.,Level 3
"The square, human-drawn federal boundaries completely safeguard the sprawling, subterranean geological footprint of the active natural hazard.",contains,Polygon,Polygon,Yellowstone National Park,Yellowstone National Park,Yellowstone Caldera,Yellowstone Caldera,A man-made administrative surface polygon acting as the absolute geometric host for a subterranean volcanic polygon.,Level 3
The sprawling grid of the major California city completely boxes in the independent cultural municipality.,contains,Polygon,Polygon,City of Los Angeles,City of Los Angeles,City of West Hollywood,City of West Hollywood,A major city polygon completely bounding an independent city enclave.,Level 3
"The borders of the massive port city perfectly encircle the small, affluent residential municipality on all sides.",contains,Polygon,Polygon,City of Oakland,City of Oakland,City of Piedmont,City of Piedmont,An urban enclave scenario where one city completely surrounds another.,Level 3
"The sovereign national borders act as the absolute perimeter for the highly contested, jointly administered demilitarized zone.",contains,Polygon,Polygon,Republic of Sudan,Republic of Sudan,Abyei Demilitarized Box,Abyei Demilitarized Box,A national polygon completely encircling a specialized demilitarized administrative zone.,Level 3
The Ohio metropolis completely envelops the independent municipal limits of the smaller residential enclave.,contains,Polygon,Polygon,City of Cincinnati,City of Cincinnati,City of Norwood,City of Norwood,A larger city completely acting as the bounding box for a smaller city.,Level 3
The sprawling municipal limits completely surround the unincorporated educational jurisdiction.,contains,Polygon,Polygon,City of Vancouver,City of Vancouver,University Endowment Lands,University Endowment Lands,A city polygon entirely enclosing a specific unincorporated administrative zone.,Level 3
The urban center completely wraps around the sprawling historical botanical reserve located near the harbor.,contains,Polygon,Polygon,City of Sydney,City of Sydney,Royal Botanic Garden Sydney,Royal Botanic Garden Sydney,A city polygon entirely bounding a specialized botanical park polygon.,Level 3
The massive frontier state completely serves as the absolute boundary for the highly restricted core of the federal preserve.,contains,Polygon,Polygon,State of Alaska,State of Alaska,Denali Wilderness Area,Denali Wilderness Area,A massive state polygon completely enveloping a specialized wilderness area.,Level 3
The relentless urban grid of Manhattan completely encircles the international diplomatic real estate.,contains,Polygon,Polygon,City of New York,City of New York,United Nations Headquarters,United Nations Headquarters,A city polygon completely bounding an international legal polygon.,Level 3
The dense urban masonry completely boxes in the massive green rectangle stretching across the peninsula.,contains,Polygon,Polygon,City of San Francisco,City of San Francisco,Golden Gate Park,Golden Gate Park,A city polygon acting as the absolute geometric host for a massive park polygon.,Level 3
The sprawling midwestern municipality completely envelops the massive aviation transit hub.,contains,Polygon,Polygon,City of Chicago,City of Chicago,O'Hare International Airport Bounds,O'Hare International Airport Bounds,A city polygon fully bounding an airport infrastructure polygon.,Level 3
"The borders of the Omani exclave of Madha completely encircle the smaller, second-order United Arab Emirates territory of Nahwa.",contains,Polygon,Polygon,Omani Exclave of Madha,Omani Exclave of Madha,UAE Enclave of Nahwa,UAE Enclave of Nahwa,A complex geopolitical 'donut hole' where an exclave polygon acts as the geometric container for another nation's enclave polygon.,Level 3
"Manitoulin Island, which is itself situated in Lake Huron, entirely encompasses the sprawling fresh waters of Lake Manitou.",contains,Polygon,Polygon,Manitoulin Island,Manitoulin Island,Lake Manitou,Lake Manitou,A geographic recursion where a large island polygon completely encompasses a large internal lake polygon.,Level 3
"The municipal limits of the City of Rome completely box in the independent, sovereign territory of Vatican City on all sides.",contains,Polygon,Polygon,City of Rome,City of Rome,Vatican City State,Vatican City State,A major city polygon completely bounding and surrounding a micro-state polygon.,Level 3
"The borders of the Omani exclave completely encircle the smaller, second-order United Arab Emirates territory.",contains,Polygon,Polygon,Omani Exclave of Madha,Omani Exclave of Madha,UAE Enclave of Nahwa,UAE Enclave of Nahwa,A complex geopolitical donut hole where an exclave acts as the container for an enclave.,Level 3
The massive Canadian landmass completely encompasses the sprawling fresh waters of the internal basin.,contains,Polygon,Polygon,Manitoulin Island,Manitoulin Island,Lake Manitou,Lake Manitou,A geographic recursion where a large island polygon entirely envelops an internal lake.,Level 3
The municipal limits of the Italian capital completely box in the independent micro-state on all sides.,contains,Polygon,Polygon,City of Rome,City of Rome,Vatican City,Vatican City,A major city polygon completely bounding and surrounding a sovereign micro-state.,Level 3
The massive tribal territory completely acts as the absolute geometric container for the independently governed lands.,contains,Polygon,Polygon,Navajo Nation,Navajo Nation,Hopi Reservation,Hopi Reservation,A macro-administrative tribal polygon acting as the container for a micro-administrative one.,Level 3
The de jure sovereign territorial claim formally encompasses the entirety of the military strip cutting through its center.,contains,Polygon,MultiPolygon,Republic of Cyprus,Republic of Cyprus,UN Buffer Zone,UN Buffer Zone,A sovereign national polygon acting as the absolute container for a military multi-polygon.,Level 3
The waters of the volcanic basin completely lock in the tiny recursive landmass at their center.,contains,Polygon,Polygon,Main Crater Lake,Main Crater Lake,Vulcan Point Island,Vulcan Point Island,Recursive containment: a lake polygon entirely traps a smaller island polygon.,Level 3
"The massive national boundaries entirely wrap around the independent, high-altitude kingdom, isolating it from any coastline.",contains,Polygon,Polygon,South Africa,South Africa,Kingdom of Lesotho,Kingdom of Lesotho,A massive nation polygon completely enveloping an independent sovereign nation.,Level 3
"The sovereign Italian territory completely encircles the ancient microstate, locking it permanently inland.",contains,Polygon,Polygon,Republic of Italy,Republic of Italy,San Marino,San Marino,A sovereign nation acting as an absolute geographic container for another sovereign nation.,Level 3
The francophone nation completely surrounds the slender borders of its neighbor on all terrestrial sides.,contains,Polygon,Polygon,Senegal,Senegal,The Gambia,The Gambia,"A national polygon almost entirely enveloping another, acting as its primary container.",Level 3
The human-drawn federal boundaries completely encapsulate the sprawling subterranean geological footprint.,contains,Polygon,Polygon,Yellowstone National Park,Yellowstone National Park,Yellowstone Supervolcano Caldera,Yellowstone Supervolcano Caldera,A man-made surface polygon completely bounding a dangerous subterranean geological polygon.,Level 3
The massive Arctic landmass completely encompasses the recursive sub-lake that traps the tiny landmass.,contains,Polygon,Polygon,Victoria Island,Victoria Island,Unnamed Arctic Sub-Island (69.793N 108.241W),Unnamed Arctic Sub-Island (69.793N 108.241W),Extreme geographic recursion where a macro-island serves as the ultimate container for a sub-island.,Level 3
"The massive fresh waters completely encircle the remote wilderness island, isolating it from the mainland.",contains,Polygon,Polygon,Lake Superior,Lake Superior,Isle Royale,Isle Royale,A massive freshwater lake polygon completely enveloping an island multi-polygon.,Level 3
The sprawling state lines completely serve as the absolute boundary box for the historical mission's real estate.,contains,Polygon,Polygon,State of Texas,State of Texas,The Alamo Mission Footprint,The Alamo Mission Footprint,A massive state polygon acting as the absolute container for a historical architectural polygon.,Level 3
The Swiss cantons completely encircle the tiny Italian exclave situated near the waters of Lake Lugano.,contains,Polygon,Polygon,Switzerland,Switzerland,Campione d'Italia,Campione d'Italia,A sovereign nation acting as the geographic container for a tiny foreign exclave.,Level 3
"In a rare geographical anomaly, the sovereign borders of the Omani territory completely envelop and trap the smaller United Arab Emirates jurisdiction.",contains,Polygon,Polygon,Omani Exclave of Madha,Omani Exclave of Madha,UAE Enclave of Nahwa,UAE Enclave of Nahwa,A complex real-world donut hole where an exclave polygon acts as the geometric perimeter for an enclave polygon.,Level 4
"The sovereign Dutch lands completely encircle the tiny, fractured Belgian cadastral plot, locking it entirely away from Belgium.",contains,Polygon,Polygon,Netherlands Territory,Netherlands Territory,Baarle-Hertog Micro-enclave H1,Baarle-Hertog Micro-enclave H1,A sovereign nation acting as the absolute geometric host for a foreign micro-enclave.,Level 4
"The massive sovereign borders completely encircle the foreign exclave, isolating it completely from its parent nation.",contains,Polygon,Polygon,United Arab Emirates Mainland,United Arab Emirates Mainland,Omani Exclave of Madha,Omani Exclave of Madha,A sovereign nation completely bounding a foreign exclave polygon.,Level 4
"The host nation completely surrounds the historic Spanish municipal exclave, totally isolating it from the Iberian peninsula.",contains,Polygon,Polygon,French Republic,French Republic,Municipality of Llivia,Municipality of Llivia,A host nation acting as the absolute bounding perimeter for a foreign municipal exclave.,Level 4
"The regional Swiss borders perfectly encircle the German municipal exclave, ensuring it relies entirely on Swiss infrastructure.",contains,Polygon,Polygon,Swiss Canton of Schaffhausen,Swiss Canton of Schaffhausen,Busingen am Hochrhein,Busingen am Hochrhein,A regional administrative polygon completely enveloping a foreign municipal polygon.,Level 4
The municipal limits of the Italian capital perfectly box in the extraterritorial architectural footprint of the stateless sovereign entity.,contains,Polygon,Polygon,City of Rome,City of Rome,Sovereign Military Order of Malta HQ,Sovereign Military Order of Malta HQ,A city municipal polygon completely bounding an extraterritorial legal polygon.,Level 4
"During the Lockerbie trial, the host nation completely enveloped the temporary Scottish legal jurisdiction on all sides.",contains,Polygon,Polygon,Kingdom of the Netherlands,Kingdom of the Netherlands,Camp Zeist Legal Compound (1999),Camp Zeist Legal Compound (1999),"A host nation completely encircling a temporary, second-order legal enclave.",Level 4
The deep geological freezing layer completely encapsulates the secure subterranean architectural footprint engineered to preserve agriculture.,contains,Polygon,Polygon,Spitsbergen Permafrost Zone,Spitsbergen Permafrost Zone,Svalbard Global Seed Vault,Svalbard Global Seed Vault,A specialized environmental polygon fully bounding an engineered architectural polygon.,Level 4
"The public federal preserve entirely hides and completely encircles the highly secure, classified Presidential retreat.",contains,Polygon,Polygon,Catoctin Mountain Park,Catoctin Mountain Park,Camp David Restricted Perimeter,Camp David Restricted Perimeter,A public federal park polygon completely bounding a highly restricted federal polygon.,Level 4
The massive geological tectonic depression completely traps the deep freshwater body slicing through the Scottish Highlands.,contains,Polygon,Polygon,Great Glen Fault,Great Glen Fault,Loch Ness Water Volume,Loch Ness Water Volume,A geological tectonic polygon completely bounding a major aquatic polygon.,Level 4
The local county lines completely encapsulate the massive military structure and its sprawling parking infrastructure.,contains,Polygon,Polygon,State of Virginia,State of Virginia,The Pentagon Grounds,The Pentagon Grounds,A state-level administrative polygon completely bounding a massive military footprint.,Level 4
"The sovereign maritime claims completely box in the isolated, uninhabited sub-Antarctic island chain.",contains,Polygon,MultiPolygon,Republic of South Africa,Republic of South Africa,Prince Edward Islands,Prince Edward Islands,A national maritime polygon acting as the geometric host for a remote island chain.,Level 4
"The massive urban masonry completely surrounds the massive park, which in turn entirely encircles the deep artificial water basin.",contains,Polygon,Polygon,New York City Municipal Grid,New York City Municipal Grid,Central Park Reservoir,Central Park Reservoir,A massive city municipal polygon acting as the ultimate boundary for an artificial water basin.,Level 4
"The massive terrestrial boundaries completely encapsulate the sprawling, internally draining endorheic basin.",contains,Polygon,Polygon,Australian Continent,Australian Continent,Lake Eyre Basin,Lake Eyre Basin,A continental polygon entirely bounding a massive endorheic drainage basin.,Level 4
The square federal boundaries were drawn broadly enough to completely envelop the massive ice sheet resting on the volcanic peak.,contains,Polygon,Polygon,Mount Rainier National Park,Mount Rainier National Park,Mount Rainier Glacial Cap,Mount Rainier Glacial Cap,A federal park polygon completely bounding a high-altitude glacial polygon.,Level 4
"The sprawling surface municipal grid completely boxes in the massive, labyrinthine subterranean ossuary tunnels.",contains,Polygon,MultiPolygon,City of Paris,City of Paris,Catacombs of Paris Subterranean Network,Catacombs of Paris Subterranean Network,A surface city polygon entirely bounding a complex subterranean infrastructure multi-polygon.,Level 4
"The administrative state bounds perfectly encapsulate the massive, active subterranean geological anomaly fueling the island's growth.",contains,Polygon,Polygon,State of Hawaii,State of Hawaii,Mauna Loa Magma Chamber,Mauna Loa Magma Chamber,A state polygon completely enclosing a massive subterranean geological polygon.,Level 4
The sovereign Italian borders completely encircle the extraterritorial estate located on the Aventine Hill.,contains,Polygon,Polygon,Republic of Italy,Republic of Italy,Sovereign Military Order of Malta Magistral Villa,Sovereign Military Order of Malta Magistral Villa,A sovereign nation completely bounding an extraterritorial legal estate.,Level 4
"The vast, remote ocean waters completely isolate the militarized atoll from any surrounding landmasses.",contains,Polygon,Polygon,Indian Ocean,Indian Ocean,Diego Garcia,Diego Garcia,An ocean polygon serving as the absolute geometric perimeter for a highly restricted atoll.,Level 4
"In a rare geographical anomaly known as a second-order enclave, the sovereign borders of the Omani territory completely envelop and trap the smaller United Arab Emirates jurisdiction.",contains,Polygon,Polygon,Omani Exclave of Madha,Omani Exclave of Madha,UAE Enclave of Nahwa,UAE Enclave of Nahwa,A complex real-world 'donut hole' where an exclave polygon acts as the geometric container for an enclave polygon.,Level 4
"Demonstrating an extreme level of natural geographical recursion, the waters of the basin sit inside a volcano and completely lock in the tiny landmass at their center.",contains,Polygon,Polygon,Main Crater Lake,Main Crater Lake,Vulcan Point Island,Vulcan Point Island,Real-world recursive containment: a lake polygon entirely traps a smaller island polygon.,Level 4
"While politically contested, the de jure sovereign territorial claim formally encompasses the entirety of the military strip cutting through its center.",contains,Polygon,MultiPolygon,Republic of Cyprus,Republic of Cyprus,UN Buffer Zone in Cyprus,UN Buffer Zone in Cyprus,A sovereign national polygon acts as the absolute container for a legally distinct military MultiPolygon.,Level 4
"In a rare display of domestic sovereign recursion, the massive tribal territory completely encircles and isolates the independently governed lands on all sides.",contains,Polygon,Polygon,Navajo Nation Reservation,Navajo Nation Reservation,Hopi Reservation,Hopi Reservation,A macro-administrative polygon acting as the absolute geometric container for a distinct micro-administrative polygon.,Level 4
"In a remarkable case of recursive geography, the massive Arctic landmass encompasses an interior lake, which cradles a smaller island, which shelters a sub-lake that entirely traps the unnamed landmass.",contains,Polygon,Polygon,Victoria Island Landmass,Victoria Island Landmass,Unnamed Third-Order Arctic Island (69.793 N 108.241 W),Unnamed Third-Order Arctic Island (69.793 N 108.241 W),Extreme geographic recursion where a macro-scale island acts as the ultimate top-level container for a deep sub-island.,Level 4
"The square, human-drawn federal boundaries were established broadly enough to completely safeguard the sprawling, subterranean geological footprint of the active natural hazard.",contains,Polygon,Polygon,Yellowstone National Park,Yellowstone National Park,Yellowstone Supervolcano Caldera,Yellowstone Supervolcano Caldera,A man-made administrative surface polygon acting as the absolute geometric container for a subterranean volcanic polygon.,Level 4
"The massive national boundaries entirely wrap around the independent, high-altitude kingdom, isolating it from any coastline or other neighbors.",contains,Polygon,Polygon,South Africa,South Africa,Kingdom of Lesotho,Kingdom of Lesotho,A massive nation polygon completely enveloping an independent sovereign nation.,Level 4
"The francophone nation completely surrounds the slender borders of its neighbor on all terrestrial sides, leaving only the ocean exposed.",contains,Polygon,Polygon,Senegal,Senegal,The Gambia,The Gambia,"A national polygon almost entirely enveloping another, acting as its primary container.",Level 4
The massive continental bounds completely serve as the absolute container for the inland capital territory governing the nation.,contains,Polygon,Polygon,Australia,Australia,Australian Capital Territory,Australian Capital Territory,A massive continental polygon completely enclosing a specific administrative territory.,Level 4
"The massive fresh waters completely encircle the remote wilderness island, isolating it from the mainland shores.",contains,Polygon,Polygon,Lake Superior,Lake Superior,Isle Royale,Isle Royale,A massive freshwater lake polygon completely enveloping an island multi-polygon.,Level 4
The sprawling state lines completely serve as the absolute boundary box for the historical mission's architectural real estate.,contains,Polygon,Polygon,State of Texas,State of Texas,The Alamo Mission Footprint,The Alamo Mission Footprint,A massive state polygon acting as the absolute container for a historical architectural polygon.,Level 4
"The Swiss cantons completely encircle the tiny Italian exclave situated near the waters of Lake Lugano, isolating it from the Italian mainland.",contains,Polygon,Polygon,Switzerland,Switzerland,Campione d'Italia,Campione d'Italia,A sovereign nation acting as the geographic container for a tiny foreign exclave.,Level 4
"The national borders completely wrap around the capital district, situating it deep in the country's interior away from the sea.",contains,Polygon,Polygon,Republic of India,Republic of India,New Delhi,New Delhi,A national polygon acting as the absolute container for a city polygon.,Level 4
The vast oceanic waters act as a complete geometric container for the isolated volcanic island chain located thousands of miles from any continent.,contains,Polygon,MultiPolygon,Pacific Ocean,Pacific Ocean,State of Hawaii,State of Hawaii,An ocean polygon fully enclosing a state multi-polygon.,Level 4
"In a rare geographical anomaly known as a second-order enclave, the sovereign borders of the Omani exclave of Madha completely envelop and trap the smaller United Arab Emirates territory of Nahwa.",contains,Polygon,Polygon,Omani Exclave of Madha,Omani Exclave of Madha,UAE Enclave of Nahwa,UAE Enclave of Nahwa,A complex real-world 'donut hole' where an exclave polygon acts as the geometric container for another nation's enclave polygon.,Level 4
"Demonstrating an extreme level of natural geographical recursion, the waters of the Main Crater Lake sit inside a volcano and completely lock in the tiny landmass of Vulcan Point Island.",contains,Polygon,Polygon,Main Crater Lake,Main Crater Lake,Vulcan Point Island,Vulcan Point Island,Real-world recursive containment: a lake polygon (which is itself on an island in a lake) completely traps a smaller island polygon.,Level 4
"In a remarkable case of recursive geography, the massive Arctic landmass entirely wraps an interior lake, which cradles a smaller island, which shelters a sub-lake that finally traps the unnamed landmass on all terrestrial sides.",contains,Polygon,Polygon,Victoria Island Landmass,Victoria Island Landmass,Unnamed Third-Order Arctic Island (69.793 N 108.241 W),Unnamed Third-Order Arctic Island (69.793 N 108.241 W),Extreme geographic recursion where a macro-scale island acts as the ultimate top-level host for a deep sub-island.,Level 5
The tiny recursive landmass completely surrounds the minuscule volcanic depression located exactly at its center.,contains,Polygon,Polygon,Vulcan Point Island,Vulcan Point Island,Vulcan Point Inner Crater,Vulcan Point Inner Crater,A recursive micro-island polygon completely bounding its own micro-crater polygon.,Level 5
"The complex cadastral borders of the Belgian micro-territory completely encircle the even smaller Dutch micro-territory, isolating it entirely from the main Netherlands footprint.",contains,Polygon,Polygon,Belgian Baarle-Hertog Enclave H22,Belgian Baarle-Hertog Enclave H22,Dutch Baarle-Nassau Enclave N8,Dutch Baarle-Nassau Enclave N8,A second-order geopolitical anomaly where an enclave completely envelops a sub-enclave.,Level 5
"Prior to the treaty, the massive Indian district completely served as the ultimate geometric host for the infamous third-order enclave.",contains,Polygon,Polygon,Cooch Behar District,Cooch Behar District,Dahala Khagrabari,Dahala Khagrabari,A macro-administrative district acting as the absolute geographic boundary for a third-order historical enclave.,Level 5
"The ancient financial district completely envelops the independently administered, extra-parochial legal area.",contains,Polygon,Polygon,City of London Corporation,City of London Corporation,Inner Temple Legal Precinct,Inner Temple Legal Precinct,A historic municipal polygon entirely bounding an extra-parochial legal polygon.,Level 5
"The towering geological structure perfectly encircles the massive, steep-walled depression resting exactly at its summit.",contains,Polygon,Polygon,Mount Vesuvius Volcanic Cone,Mount Vesuvius Volcanic Cone,Vesuvius Main Crater,Vesuvius Main Crater,A massive volcanic cone polygon completely bounding its own summit crater polygon.,Level 5
The colossal oceanic trench completely traps the deepest known coordinate node on the planetary crust.,contains,Polygon,Polygon,Mariana Trench Geomorphic Bounds,Mariana Trench Geomorphic Bounds,Challenger Deep,Challenger Deep,A massive geomorphic trench polygon entirely enveloping the deepest oceanic depression polygon.,Level 5
"The miles-thick frozen mantle completely encapsulates the massive, ancient freshwater body trapped deep under the ice.",contains,Polygon,Polygon,Antarctic Ice Sheet,Antarctic Ice Sheet,Lake Vostok Subglacial Volume,Lake Vostok Subglacial Volume,A massive glacial polygon completely bounding a subterranean subglacial lake polygon.,Level 5
"The vast oceanic waters completely blanket and envelop the massive, crescent-shaped geomorphic scar on the crust.",contains,Polygon,Polygon,Pacific Ocean,Pacific Ocean,Mariana Trench,Mariana Trench,A massive ocean polygon entirely serving as the bounding box for a deep oceanic trench.,Level 5
The francophone diplomatic footprint completely surrounds the slender anglophone diplomatic footprint on every terrestrial axis.,contains,Polygon,Polygon,Sovereign Borders of Senegal,Sovereign Borders of Senegal,Sovereign Borders of The Gambia,Sovereign Borders of The Gambia,A national legal polygon completely enveloping another national legal polygon.,Level 5
The ancient microstate entirely encircles the towering limestone peak that serves as its physical foundation.,contains,Polygon,Polygon,Republic of San Marino,Republic of San Marino,Mount Titano Summit,Mount Titano Summit,A sovereign micro-state polygon completely bounding a towering geological peak polygon.,Level 5
The massive national borders completely act as the absolute perimeter for the largest continuous sand desert in the world.,contains,Polygon,Polygon,Kingdom of Saudi Arabia,Kingdom of Saudi Arabia,Rub' al Khali Desert,Rub' al Khali Desert,A massive nation polygon entirely bounding an extreme environmental desert polygon.,Level 5
The massive oceanic coordinates completely encircle the theoretical mathematical area designated as the oceanic pole of inaccessibility.,contains,Polygon,Polygon,Pacific Ocean Maritime Bounds,Pacific Ocean Maritime Bounds,Point Nemo Mathematical Isolation Zone,Point Nemo Mathematical Isolation Zone,A massive oceanic polygon completely bounding an abstract mathematical isolation zone.,Level 5
The massive state geometry completely traps the extreme geological depression marking the lowest elevation on the continent.,contains,Polygon,Polygon,State of California,State of California,Death Valley Below-Sea-Level Basin,Death Valley Below-Sea-Level Basin,A state polygon completely enclosing an extreme below-sea-level geological polygon.,Level 5
The sovereign maritime claims of the Andean nation completely wrap the isolated volcanic rock located deep in the southeastern Pacific.,contains,Polygon,Polygon,Republic of Chile,Republic of Chile,Easter Island Landmass,Easter Island Landmass,"A national maritime claim completely bounding a remote, isolated island polygon.",Level 5
The massive national maritime borders completely encircle the uninhabited external territories situated in the Indian Ocean.,contains,Polygon,MultiPolygon,Commonwealth of Australia,Commonwealth of Australia,Ashmore and Cartier Islands,Ashmore and Cartier Islands,A national maritime polygon acting as the absolute host for a remote external territory.,Level 5
The monumental square masonry footprint of the ancient wonder absolutely surrounds the architectural chamber engineered deep in its center.,contains,Polygon,Polygon,Great Pyramid Perimeter,Great Pyramid Perimeter,King's Chamber Subterranean Volume,King's Chamber Subterranean Volume,A monumental surface polygon acting as the absolute geometric host for an interior 3D architectural polygon.,Level 5
"In a rare geographical anomaly known as a second-order enclave, the sovereign borders of the Omani territory completely envelop and trap the smaller United Arab Emirates jurisdiction.",contains,Polygon,Polygon,Omani Exclave of Madha,Omani Exclave of Madha,UAE Enclave of Nahwa,UAE Enclave of Nahwa,A complex real-world donut hole where an exclave polygon acts as the geometric container for an enclave polygon.,Level 5
"Demonstrating an extreme level of natural geographical recursion, the waters of the basin sit completely wrapping a volcano and entirely lock in the tiny landmass at their center.",contains,Polygon,Polygon,Main Crater Lake,Main Crater Lake,Vulcan Point Island,Vulcan Point Island,Real-world recursive containment: a lake polygon entirely traps a smaller island polygon.,Level 5
"While politically contested, the de jure sovereign territorial claim formally encompasses the entirety of the military strip slicing through its center.",contains,Polygon,MultiPolygon,Republic of Cyprus,Republic of Cyprus,UN Buffer Zone in Cyprus,UN Buffer Zone in Cyprus,A sovereign national polygon acts as the absolute container for a legally distinct military MultiPolygon.,Level 5
"In a rare display of domestic sovereign recursion, the massive tribal territory completely encircles and isolates the independently governed lands on all sides.",contains,Polygon,Polygon,Navajo Nation Reservation,Navajo Nation Reservation,Hopi Reservation,Hopi Reservation,A macro-administrative polygon acting as the absolute geometric container for a distinct micro-administrative polygon.,Level 5
"In a remarkable case of recursive geography, the massive Arctic landmass completely wraps an interior lake, which cradles a smaller island, which shelters a sub-lake that entirely traps the unnamed landmass.",contains,Polygon,Polygon,Victoria Island Landmass,Victoria Island Landmass,Unnamed Third-Order Arctic Island (69.793 N 108.241 W),Unnamed Third-Order Arctic Island (69.793 N 108.241 W),Extreme geographic recursion where a macro-scale island acts as the ultimate top-level container for a deep sub-island.,Level 5
"The square, human-drawn federal boundaries were established broadly enough to completely safeguard the sprawling, subterranean geological footprint of the active natural hazard.",contains,Polygon,Polygon,Yellowstone National Park,Yellowstone National Park,Yellowstone Supervolcano Caldera,Yellowstone Supervolcano Caldera,A man-made administrative surface polygon acting as the absolute geometric container for a subterranean volcanic polygon.,Level 5
"The massive national boundaries entirely wrap around the independent, high-altitude kingdom, isolating it from any coastline or other neighbors.",contains,Polygon,Polygon,South Africa,South Africa,Kingdom of Lesotho,Kingdom of Lesotho,A massive nation polygon completely enveloping an independent sovereign nation.,Level 5
"The sovereign Italian territory completely encircles the ancient microstate, locking it permanently inland away from the Mediterranean.",contains,Polygon,Polygon,Republic of Italy,Republic of Italy,San Marino,San Marino,A sovereign nation acting as an absolute geographic container for another sovereign nation.,Level 5
"The francophone nation completely surrounds the slender borders of its neighbor on all terrestrial sides, leaving only the ocean exposed.",contains,Polygon,Polygon,Senegal,Senegal,The Gambia,The Gambia,"A national polygon almost entirely enveloping another, acting as its primary host.",Level 5
The massive continental bounds completely serve as the absolute host for the inland capital territory governing the nation.,contains,Polygon,Polygon,Australia,Australia,Australian Capital Territory,Australian Capital Territory,A massive continental polygon completely enclosing a specific administrative territory.,Level 5
"The massive fresh waters completely encircle the remote wilderness island, isolating it from the mainland shores.",contains,Polygon,Polygon,Lake Superior,Lake Superior,Isle Royale,Isle Royale,A massive freshwater lake polygon completely enveloping an island multi-polygon.,Level 5
The sprawling state lines completely serve as the absolute boundary box for the historical mission's architectural real estate.,contains,Polygon,Polygon,State of Texas,State of Texas,The Alamo Mission Footprint,The Alamo Mission Footprint,A massive state polygon acting as the absolute container for a historical architectural polygon.,Level 5
"The Swiss cantons completely encircle the tiny Italian exclave situated near the waters of Lake Lugano, isolating it from the Italian mainland.",contains,Polygon,Polygon,Switzerland,Switzerland,Campione d'Italia,Campione d'Italia,A sovereign nation acting as the geographic container for a tiny foreign exclave.,Level 5
The vast oceanic waters act as a complete geometric host for the isolated volcanic island chain located thousands of miles from any continent.,contains,Polygon,MultiPolygon,Pacific Ocean,Pacific Ocean,State of Hawaii,State of Hawaii,An ocean polygon fully enclosing a state multi-polygon.,Level 5
The sovereign tribal borders of the Navajo Nation Reservation completely encircle and isolate the independently governed Hopi Reservation on all sides.,contains,Polygon,Polygon,Navajo Nation Reservation,Navajo Nation Reservation,Hopi Reservation,Hopi Reservation,A domestic sovereign 'donut hole' topology where the source polygon fully encloses the target polygon's internal and external limits.,Level 5
"In a remarkable case of recursive geography, the massive Victoria Island landmass encompasses an interior lake, which cradles a smaller island, which shelters a sub-lake that entirely traps an unnamed third-order Arctic island.",contains,Polygon,Polygon,Victoria Island Landmass,Victoria Island Landmass,Unnamed Third-Order Arctic Island (69.793 N 108.241 W),Unnamed Third-Order Arctic Island (69.793 N 108.241 W),Extreme nested geographical recursion where a macro-scale island polygon acts as the ultimate top-level container for a deep sub-island polygon.,Level 5
"The federal boundaries of Yellowstone National Park were drawn broadly enough to completely safeguard the sprawling, subterranean geological footprint of the active Yellowstone Supervolcano Caldera.",contains,Polygon,Polygon,Yellowstone National Park,Yellowstone National Park,Yellowstone Supervolcano Caldera,Yellowstone Supervolcano Caldera,"A man-made administrative surface polygon acting as the absolute geometric container for a massive, naturally occurring subterranean volcanic polygon.",Level 5
"The City of Chicago sits on the shores of Lake Michigan, fully enveloped by the geographic boundaries of the State of Illinois.",within,Polygon,Polygon,City of Chicago,City of Chicago,State of Illinois,State of Illinois,The source city polygon is strictly confined inside the target state polygon.,Level 1
The famous crooked path of Lombard Street is built perfectly in the borders of San Francisco.,within,LineString,Polygon,Lombard Street,Lombard Street,City of San Francisco,City of San Francisco,A street line geometry is completely enclosed by the surrounding city polygon.,Level 1
"The City of Chicago sits on the shores of Lake Michigan, fully enveloped by the geographic boundaries of the State of Illinois.",within,Polygon,Polygon,City of Chicago,City of Chicago,State of Illinois,State of Illinois,The source city polygon is strictly confined inside the target state polygon.,Level 1
"The Eiffel Tower stands proudly on the Champ de Mars, situated fully in the city limits of Paris.",within,Point,Polygon,Eiffel Tower,Eiffel Tower,City of Paris,City of Paris,A geometric point representing a landmark is located entirely inside a city polygon.,Level 1
The famous crooked path of Lombard Street is built perfectly in the borders of San Francisco.,within,LineString,Polygon,Lombard Street,Lombard Street,City of San Francisco,City of San Francisco,A street line geometry is completely enclosed by the surrounding city polygon.,Level 1
The Statue of Liberty is anchored on a small island situated completely enclosed by the waters of New York Bay.,within,Point,Polygon,Statue of Liberty,Statue of Liberty,New York Bay,New York Bay,A landmark point is strictly confined inside a water polygon.,Level 1
The municipal borders of the City of Berlin are situated completely inside the national frontiers of Germany.,within,Polygon,Polygon,City of Berlin,City of Berlin,Germany,Germany,A city polygon is enclosed entirely by a national polygon.,Level 1
The ancient ruins of the Colosseum sit entirely encapsulated by the modern streets of the City of Rome.,within,Polygon,Polygon,Colosseum,Colosseum,City of Rome,City of Rome,A historical architectural polygon is strictly enclosed by a city polygon.,Level 1
The carved mountain faces of Mount Rushmore are located entirely enclosed by the borders of the State of South Dakota.,within,Polygon,Polygon,Mount Rushmore,Mount Rushmore,State of South Dakota,State of South Dakota,A landmark polygon is fully contained by a state polygon.,Level 1
The municipal boundaries of the City of Seattle exist entirely inside the state lines of Washington.,within,Polygon,Polygon,City of Seattle,City of Seattle,State of Washington,State of Washington,A city polygon is completely boxed in by a state polygon.,Level 1
The massive green rectangle of Golden Gate Park was built fully enclosed by the surrounding streets of San Francisco.,within,Polygon,Polygon,Golden Gate Park,Golden Gate Park,City of San Francisco,City of San Francisco,A park polygon is completely trapped inside a city municipal polygon.,Level 1
The urban center of Toronto is located perfectly inside the massive provincial borders of Ontario.,within,Polygon,Polygon,City of Toronto,City of Toronto,Province of Ontario,Province of Ontario,A city polygon sits entirely within a province polygon.,Level 1
The marble mausoleum of the Taj Mahal sits completely enclosed by the sovereign borders of the Republic of India.,within,Polygon,Polygon,Taj Mahal,Taj Mahal,Republic of India,Republic of India,A landmark polygon is situated entirely inside a national polygon.,Level 1
The coastal hub of Miami is located strictly confined inside the state borders of Florida.,within,Polygon,Polygon,City of Miami,City of Miami,State of Florida,State of Florida,A city polygon is completely bounded by a state polygon.,Level 1
The deep fresh waters of Lake Tahoe sit fully enveloped by the national frontiers of the United States.,within,Polygon,Polygon,Lake Tahoe,Lake Tahoe,United States,United States,A massive lake polygon is completely enclosed by a national polygon.,Level 1
The landlocked midwestern state is completely encircled by the national boundaries on all sides.,within,Polygon,Polygon,State of Kansas,State of Kansas,United States,United States,The source state polygon is completely enveloped by the target country polygon.,Level 1
The densely populated capital city is strictly bounded by the national frontiers of the European nation.,within,Polygon,Polygon,City of Paris,City of Paris,France,France,A city polygon entirely trapped by a nation polygon.,Level 1
The municipal limits of the capital city are completely boxed in by the massive state borders.,within,Polygon,Polygon,City of Austin,City of Austin,State of Texas,State of Texas,A city polygon completely surrounded by a state polygon.,Level 1
The urban footprint of the historic metropolis is entirely surrounded by the sovereign limits of the country.,within,Polygon,Polygon,City of Berlin,City of Berlin,Germany,Germany,A city polygon completely enveloped by a country polygon.,Level 1
The mile-high city nestled near the mountains is entirely trapped by the rectangular state lines.,within,Polygon,Polygon,City of Denver,City of Denver,State of Colorado,State of Colorado,A city polygon acting as the interior object to a complete bounding box.,Level 1
The iconic geological base is completely surrounded by the territory of the island nation.,within,Polygon,Polygon,Mount Fuji,Mount Fuji,Japan,Japan,The geological polygon is completely encircled by the national polygon.,Level 1
The ancient sandstone monolith located in the arid center is completely surrounded by the massive continental landmass.,within,Polygon,Polygon,Uluru,Uluru,Australia,Australia,A landmark polygon fully enclosed by a continental polygon.,Level 1
The rocky shores of the island are completely encircled by the salty waters on every side.,within,Polygon,Polygon,Island of Malta,Island of Malta,Mediterranean Sea,Mediterranean Sea,An island polygon strictly bounded by a sea polygon.,Level 1
The massive green rectangle located in Manhattan is completely enclosed by the state lines.,within,Polygon,Polygon,Central Park,Central Park,State of New York,State of New York,A park polygon completely enveloped by a state polygon.,Level 1
The central municipal grid is entirely surrounded by the sprawling borders of the massive state.,within,Polygon,Polygon,City of Sacramento,City of Sacramento,State of California,State of California,A city polygon completely encircled by a state polygon.,Level 1
The landlocked province is completely wrapped by the national frontiers of the massive country.,within,Polygon,Polygon,Province of Alberta,Province of Alberta,Canada,Canada,A provincial polygon fully bounded by a country polygon.,Level 1
The inland municipal limits are completely trapped by the peninsular state borders.,within,Polygon,Polygon,City of Orlando,City of Orlando,State of Florida,State of Florida,An inland city boxed in by a state polygon.,Level 1
The urban borders of the historic capital are completely encompassed by the island nation.,within,Polygon,Polygon,City of London,City of London,United Kingdom,United Kingdom,A city polygon completely surrounded by a nation polygon.,Level 1
The central municipal footprint is completely encircled by the midwestern state boundaries.,within,Polygon,Polygon,City of Columbus,City of Columbus,State of Ohio,State of Ohio,A city enveloped by an absolute perimeter.,Level 1
The ancient municipal grid is entirely enveloped by the sovereign territory of the country.,within,Polygon,Polygon,City of Rome,City of Rome,Italy,Italy,A city polygon completely bounded by a national polygon.,Level 1
The central capital city is entirely encircled by the national borders.,within,Polygon,Polygon,City of Madrid,City of Madrid,Spain,Spain,A city trapped by a complete national boundary.,Level 1
The coastal municipal grid is completely wrapped by the state lines.,within,Polygon,Polygon,City of Seattle,City of Seattle,State of Washington,State of Washington,A city polygon fully surrounded by a state polygon.,Level 1
The volcanic shores are completely isolated and encircled by the vast oceanic waters.,within,Polygon,Polygon,Island of Oahu,Island of Oahu,Pacific Ocean,Pacific Ocean,An island polygon perfectly isolated by an absolute oceanic boundary.,Level 1
The municipal footprint is perfectly surrounded by the midwestern state limits.,within,Polygon,Polygon,City of Springfield,City of Springfield,State of Illinois,State of Illinois,A city polygon completely enveloped by a state polygon.,Level 1
"The massive physical structure and its immediate grounds sit squarely encapsulated by the borders of Arlington County, Virginia.",within,Polygon,Polygon,The Pentagon,The Pentagon,State of Virginia,State of Virginia,The building's architectural polygon is strictly confined inside the state's administrative polygon.,Level 2
"The entire course of the historic river flows strictly encapsulated by the national borders, never reaching Scotland or Wales.",within,LineString,Polygon,River Thames,River Thames,England,England,A natural river LineString geometry is completely enclosed by a single national polygon.,Level 2
"The island sits a few miles off the southern coast, situated fully enveloped by the maritime waters.",within,Polygon,Polygon,Isle of Wight,Isle of Wight,English Channel,English Channel,An island polygon is completely enclosed by the coordinates of a designated maritime polygon.,Level 2
The massive green space is completely boxed in by the relentless urban grid of the island borough.,within,Polygon,Polygon,Central Park,Central Park,Borough of Manhattan,Borough of Manhattan,A park polygon is strictly confined inside a borough polygon.,Level 2
The municipal borders are fully enveloped by the geographic lines of the midwestern state.,within,Polygon,Polygon,City of Chicago,City of Chicago,State of Illinois,State of Illinois,A city polygon sits entirely within a state polygon.,Level 2
The monument is anchored on a small island completely encircled by the surrounding harbor waters.,within,Point,Polygon,Statue of Liberty,Statue of Liberty,New York Bay,New York Bay,A landmark point is strictly confined inside a water polygon.,Level 2
The iconic iron structure stands strictly confined inside the municipal limits of the French capital.,within,Point,Polygon,Eiffel Tower,Eiffel Tower,City of Paris,City of Paris,A geometric point representing a landmark is located entirely inside a city polygon.,Level 2
The carved mountain faces are situated entirely inside the state's geographic boundaries.,within,Polygon,Polygon,Mount Rushmore,Mount Rushmore,State of South Dakota,State of South Dakota,A landmark polygon is fully contained by a state polygon.,Level 2
The municipal borders of the capital are situated completely inside the national frontiers.,within,Polygon,Polygon,City of Berlin,City of Berlin,Germany,Germany,A city polygon is enclosed entirely by a national polygon.,Level 2
The ancient ruins sit entirely encapsulated by the modern streets of the Italian capital.,within,Polygon,Polygon,Colosseum,Colosseum,City of Rome,City of Rome,A historical architectural polygon is strictly enclosed by a city polygon.,Level 2
The marble mausoleum sits completely enclosed by the sovereign borders of the nation.,within,Polygon,Polygon,Taj Mahal,Taj Mahal,Republic of India,Republic of India,A landmark polygon is situated entirely inside a national polygon.,Level 2
"The deep fresh waters sit fully enveloped by the national frontiers, split between two states but leaving neither.",within,Polygon,Polygon,Lake Tahoe,Lake Tahoe,United States,United States,A massive lake polygon is completely enclosed by a national polygon.,Level 2
The royal residence is situated entirely enclosed by the urban footprint of the massive metropolis.,within,Polygon,Polygon,Buckingham Palace,Buckingham Palace,City of London,City of London,A palace polygon is fully surrounded by a city polygon.,Level 2
The urban center is located perfectly inside the massive provincial borders of the Canadian province.,within,Polygon,Polygon,City of Toronto,City of Toronto,Province of Ontario,Province of Ontario,A city polygon sits entirely within a province polygon.,Level 2
"The massive physical structure of the Pentagon and its immediate grounds sit squarely inside the borders of Arlington County, Virginia.",within,Polygon,Polygon,The Pentagon,The Pentagon,State of Virginia,State of Virginia,The building's architectural polygon is strictly confined inside the state's administrative polygon.,Level 2
The entire 215-mile course of the River Thames flows strictly encapsulated by the borders of England.,within,LineString,Polygon,River Thames,River Thames,England,England,"A natural river LineString geometry begins, flows, and ends completely enclosed by a single national polygon.",Level 2
"The Isle of Wight sits a few miles off the southern coast of Great Britain, situated fully in the waters of the English Channel.",within,Polygon,Polygon,Isle of Wight,Isle of Wight,English Channel,English Channel,An island polygon is completely enclosed by the coordinates of a designated maritime polygon.,Level 2
"The independent, high-altitude kingdom is entirely wrapped by the massive national boundaries, isolating it from any coastline.",within,Polygon,Polygon,Kingdom of Lesotho,Kingdom of Lesotho,South Africa,South Africa,An independent sovereign nation completely enveloped by a massive nation polygon.,Level 2
"The ancient microstate is completely encircled by the sovereign territory, locking it permanently inland.",within,Polygon,Polygon,San Marino,San Marino,Republic of Italy,Republic of Italy,A sovereign nation completely enveloped by an absolute geographic host.,Level 2
"The remote wilderness island is completely encircled by the massive fresh waters, isolating it perfectly from the mainland.",within,Polygon,Polygon,Isle Royale,Isle Royale,Lake Superior,Lake Superior,An island multi-polygon completely enveloped by a massive freshwater lake polygon.,Level 2
The slender borders of the anglophone nation are completely surrounded by the francophone country on all terrestrial sides.,within,Polygon,Polygon,The Gambia,The Gambia,Senegal,Senegal,A national polygon almost entirely enveloped by another on all land-based sides.,Level 2
"The archipelago is completely encircled by the massive fresh waters, severing the islands entirely from the African shores.",within,MultiPolygon,Polygon,Ssese Islands,Ssese Islands,Lake Victoria,Lake Victoria,A target MultiPolygon geometrically trapped by a lake perimeter.,Level 2
The massive federal park lands preserving the jagged mountain peaks are perfectly boxed in by the straight survey lines.,within,Polygon,Polygon,Grand Teton National Park,Grand Teton National Park,State of Wyoming,State of Wyoming,A national park polygon entirely bound by a state perimeter.,Level 2
The massive granite cliffs and valleys of the federal preserve are completely enveloped by the sprawling state borders.,within,Polygon,Polygon,Yosemite National Park,Yosemite National Park,State of California,State of California,A national park completely bounded by a state polygon.,Level 2
The massive island ecosystem is completely isolated from the mainland by the warm oceanic currents.,within,Polygon,Polygon,Madagascar,Madagascar,Indian Ocean,Indian Ocean,A massive island polygon completely encircled by an ocean polygon.,Level 2
The federal boundaries protecting the deep red rock canyons are completely surrounded by the desert state.,within,Polygon,Polygon,Zion National Park,Zion National Park,State of Utah,State of Utah,A national park polygon fully enclosed by a state polygon.,Level 2
The isolated archipelago is completely boxed in by the turbulent deep waters hundreds of miles from the nearest continent.,within,MultiPolygon,Polygon,Bermuda,Bermuda,Atlantic Ocean,Atlantic Ocean,A remote island chain bound by an absolute oceanic boundary.,Level 2
The inland territory governing the nation is completely bounded by the massive state borders.,within,Polygon,Polygon,Australian Capital Territory,Australian Capital Territory,New South Wales,New South Wales,A specific administrative territory completely enclosed by a massive regional polygon.,Level 2
"The massive freshwater island is completely encircled by the sprawling Great Lake, isolating its shores entirely.",within,Polygon,Polygon,Manitoulin Island,Manitoulin Island,Lake Huron,Lake Huron,A large island polygon entirely enveloped by a major lake polygon.,Level 2
The jagged alpine terrain of the protected federal park is perfectly surrounded by the northern state limits.,within,Polygon,Polygon,Glacier National Park,Glacier National Park,State of Montana,State of Montana,A national park completely enclosed by a state polygon.,Level 2
"The capital district is completely wrapped by the national borders, situating it deep in the country's interior.",within,Polygon,Polygon,New Delhi District,New Delhi District,Republic of India,Republic of India,A capital district polygon enveloped by an absolute national perimeter.,Level 2
The twin-volcano island landmass is completely wrapped by the massive Central American freshwater basin.,within,Polygon,Polygon,Ometepe Island,Ometepe Island,Lake Nicaragua,Lake Nicaragua,A volcanic island polygon entirely bound by a lake polygon.,Level 2
The sprawling gypsum dune fields preserved by the federal government are completely trapped by the southwestern state.,within,Polygon,Polygon,White Sands National Park,White Sands National Park,State of New Mexico,State of New Mexico,A national park fully bounded by a state polygon.,Level 2
The historical rocky island is completely encircled by the high-altitude Andean lake.,within,Polygon,Polygon,Isla del Sol,Isla del Sol,Lake Titicaca,Lake Titicaca,An island polygon entirely bounded by a lake polygon.,Level 2
"Despite its status as an international diplomatic territory, the physical real estate of the UN Headquarters sits purely situated completely inside the municipal borders of Manhattan.",within,Polygon,Polygon,United Nations Headquarters,United Nations Headquarters,Borough of Manhattan,Borough of Manhattan,Testing legal vs. physical topology: an international legal polygon is physically contained entirely inside a city borough polygon.,Level 3
The entire complex subterranean route of the London Underground Central Line operates completely shut inside the administrative borders of Greater London.,within,LineString,Polygon,London Underground Central Line,London Underground Central Line,Greater London Authority,Greater London Authority,A subterranean transport line geometry that never crosses the exterior boundary of its enclosing municipal polygon.,Level 3
"The tiny, independent Principality of Monaco is situated fully encompassed by the broader geographic and cultural region known as the French Riviera.",within,Polygon,Polygon,Principality of Monaco,Principality of Monaco,French Riviera Coastline,French Riviera Coastline,"A sovereign micro-state polygon fully encompassed by a larger, defined regional geography polygon.",Level 3
"Despite its international diplomatic status, the physical real estate sits entirely confined inside the municipal borders.",within,Polygon,Polygon,United Nations Headquarters,United Nations Headquarters,Borough of Manhattan,Borough of Manhattan,An international legal polygon physically completely confined inside a city borough polygon.,Level 3
"The subterranean transit route operates completely shut inside the administrative borders, never reaching the outer shires.",within,LineString,Polygon,London Underground Central Line,London Underground Central Line,Greater London Authority,Greater London Authority,A subterranean transport line completely bounded by a municipal polygon.,Level 3
The tiny sovereign principality sits fully encompassed by the broader geographic and cultural region of the southern coast.,within,Polygon,Polygon,Principality of Monaco,Principality of Monaco,French Riviera,French Riviera,A sovereign micro-state fully encompassed by a larger regional geography polygon.,Level 3
The highly secure restricted federal perimeter is completely hidden deep inside the forested public boundaries.,within,Polygon,Polygon,Camp David,Camp David,Catoctin Mountain Park,Catoctin Mountain Park,"A classified, restricted federal polygon fully bounded by a public federal park polygon.",Level 3
The massive deep freshwater body is situated strictly confined by the linear geological depression slicing the highlands.,within,Polygon,Polygon,Loch Ness,Loch Ness,Great Glen Fault,Great Glen Fault,A major aquatic polygon completely bounded by the tectonic confines of a geological polygon.,Level 3
The historic Spanish municipality operates as a fully detached sovereign exclave situated entirely in the interior territory.,within,Polygon,Polygon,Municipality of Llivia,Municipality of Llivia,French Republic,French Republic,A complete geopolitical donut hole where a municipality is completely trapped in a foreign nation.,Level 3
The extraterritorial architectural footprint sits strictly bound by the municipal borders of the Italian capital.,within,Polygon,Polygon,Sovereign Military Order of Malta HQ,Sovereign Military Order of Malta HQ,City of Rome,City of Rome,An extraterritorial legal polygon entirely trapped inside a standard city polygon.,Level 3
The temporary Scottish legal compound was situated completely embedded in the host nation's sovereign boundaries.,within,Polygon,Polygon,Camp Zeist (1999-2002),Camp Zeist (1999-2002),Kingdom of the Netherlands,Kingdom of the Netherlands,"A temporal, second-order legal enclave fully enclosed by a host nation's polygon.",Level 3
The secure subterranean architectural footprint is bored completely into the deep geological layers of the mountain.,within,Polygon,Polygon,Svalbard Global Seed Vault,Svalbard Global Seed Vault,Spitsbergen Permafrost Zone,Spitsbergen Permafrost Zone,An engineered architectural polygon fully confined inside a specialized environmental polygon.,Level 3
The sovereign microstate operates entirely trapped inside the massive boots-shaped landmass extending into the Mediterranean.,within,Polygon,Polygon,San Marino,San Marino,Italian Peninsula,Italian Peninsula,A sovereign micro-state completely bounded by a massive continental peninsula.,Level 3
The independent kingdom sits strictly confined by the surrounding borders of the massive host nation.,within,Polygon,Polygon,Kingdom of Lesotho,Kingdom of Lesotho,South African Borders,South African Borders,An independent nation polygon completely confined by another nation's polygon.,Level 3
"The German municipal exclave operates entirely locked inside the Swiss regional borders, utilizing Swiss public services.",within,Polygon,Polygon,Busingen am Hochrhein,Busingen am Hochrhein,Swiss Canton of Schaffhausen,Swiss Canton of Schaffhausen,A foreign municipal exclave completely trapped by a host nation's regional canton.,Level 3
"The tiny Belgian cadastral plots sit entirely trapped inside the Dutch regional boundaries, creating complex administrative zones.",within,MultiPolygon,Polygon,Baarle-Hertog Micro-enclaves,Baarle-Hertog Micro-enclaves,Netherlands Territory,Netherlands Territory,Highly fractured micro-enclaves completely bounded by a foreign nation's polygon.,Level 3
The massive green space is completely boxed in by the relentless urban masonry of the dense metropolitan island.,within,Polygon,Polygon,Central Park,Central Park,New York City Municipal Grid,New York City Municipal Grid,A massive park polygon completely bounded by a dense urban municipal grid.,Level 3
The high-altitude federal preserve protecting the ancient bristlecone pines is completely encircled by the arid state lines.,within,Polygon,Polygon,Great Basin National Park,Great Basin National Park,State of Nevada,State of Nevada,A national park completely enveloped by a state polygon.,Level 3
The independent microstate is completely boxed in by the municipal limits of the Italian capital on all sides.,within,Polygon,Polygon,Vatican City,Vatican City,City of Rome,City of Rome,A sovereign micro-state completely bounded and surrounded by a major city polygon.,Level 3
The independently governed lands are completely isolated and bound by the massive tribal territory.,within,Polygon,Polygon,Hopi Reservation,Hopi Reservation,Navajo Nation,Navajo Nation,A micro-administrative tribal polygon entirely trapped by a macro-administrative one.,Level 3
"The tiny Italian exclave is completely encircled by the cantons, entirely severing it from the mainland.",within,Polygon,Polygon,Campione d'Italia,Campione d'Italia,Switzerland,Switzerland,A tiny foreign exclave completely bound by a sovereign geographic perimeter.,Level 3
The military strip slicing through the center is formally enveloped by the de jure sovereign territorial claim.,within,MultiPolygon,Polygon,UN Buffer Zone in Cyprus,UN Buffer Zone in Cyprus,Republic of Cyprus,Republic of Cyprus,A legally distinct military MultiPolygon trapped by an absolute national host.,Level 3
The independent luxury enclave is completely encircled by the sprawling municipal grid of the massive metropolis.,within,Polygon,Polygon,City of Beverly Hills,City of Beverly Hills,City of Los Angeles,City of Los Angeles,An independent smaller city polygon completely enveloped by a massive city polygon.,Level 3
"The smaller, independent municipality is perfectly trapped by the massive automotive hub, isolating it from the rest of the county.",within,Polygon,Polygon,City of Hamtramck,City of Hamtramck,City of Detroit,City of Detroit,A minor city completely surrounded by a major city donut hole.,Level 3
The historical mission's architectural real estate is completely bounded by the sprawling state lines.,within,Polygon,Polygon,Alamo Mission Footprint,Alamo Mission Footprint,State of Texas,State of Texas,A historical architectural polygon entirely boxed in by an absolute state perimeter.,Level 3
The active volcanic landmass resting in the center is entirely encircled by the waters of the massive Philippine lake.,within,Polygon,Polygon,Volcano Island,Volcano Island,Lake Taal,Lake Taal,A volcanic island acting as a trapped interior object to a lake polygon.,Level 3
The independent cultural municipality is completely boxed in by the sprawling grid of the major California city.,within,Polygon,Polygon,City of West Hollywood,City of West Hollywood,City of Los Angeles,City of Los Angeles,An independent city enclave completely bounded by a major city polygon.,Level 3
"The small, affluent residential municipality is perfectly encircled on all sides by the borders of the massive port city.",within,Polygon,Polygon,City of Piedmont,City of Piedmont,City of Oakland,City of Oakland,An urban enclave scenario where one city is completely trapped by another.,Level 3
"The highly contested, jointly administered zone is strictly bound by the sovereign national borders.",within,Polygon,Polygon,Abyei Demilitarized Box,Abyei Demilitarized Box,Republic of Sudan,Republic of Sudan,A specialized demilitarized administrative zone completely encircled by a national polygon.,Level 3
The independent municipal limits of the smaller residential enclave are completely enveloped by the Ohio metropolis.,within,Polygon,Polygon,City of Norwood,City of Norwood,City of Cincinnati,City of Cincinnati,A smaller city entirely bound by a larger city.,Level 3
The unincorporated educational jurisdiction is completely surrounded by the sprawling municipal limits.,within,Polygon,Polygon,University Endowment Lands,University Endowment Lands,City of Vancouver,City of Vancouver,A specific unincorporated administrative zone entirely enclosed by a city polygon.,Level 3
The sprawling historical botanical reserve located near the harbor is completely wrapped by the urban center.,within,Polygon,Polygon,Royal Botanic Garden Sydney,Royal Botanic Garden Sydney,City of Sydney,City of Sydney,A specialized botanical park polygon entirely bounded by a city polygon.,Level 3
The highly restricted core of the federal preserve is completely bounded by the massive frontier state.,within,Polygon,Polygon,Denali Wilderness Area,Denali Wilderness Area,State of Alaska,State of Alaska,A specialized wilderness area completely enveloped by a massive state polygon.,Level 3
The international diplomatic real estate is completely encircled by the relentless urban grid of Manhattan.,within,Polygon,Polygon,United Nations Headquarters,United Nations Headquarters,City of New York,City of New York,An international legal polygon completely bounded by a city polygon.,Level 3
The massive green rectangle stretching across the peninsula is completely boxed in by the dense urban masonry.,within,Polygon,Polygon,Golden Gate Park,Golden Gate Park,City of San Francisco,City of San Francisco,A massive park polygon trapped by a city polygon geometric host.,Level 3
The massive aviation transit hub is completely enveloped by the sprawling midwestern municipality.,within,Polygon,Polygon,O'Hare International Airport Bounds,O'Hare International Airport Bounds,City of Chicago,City of Chicago,An airport infrastructure polygon fully bounded by a city polygon.,Level 3
"The highly secure, restricted perimeter of the Presidential retreat is completely hidden and enclosed deep inside the forested boundaries of the public federal preserve in Maryland.",within,Polygon,Polygon,Camp David,Camp David,Catoctin Mountain Park,Catoctin Mountain Park,"A classified, restricted federal polygon fully bounded by a public federal park polygon.",Level 4
"The massive, deep freshwater body is situated strictly confined by the linear geological depression created by the active tectonic forces slicing through the Scottish Highlands.",within,Polygon,Polygon,Loch Ness,Loch Ness,Great Glen Fault,Great Glen Fault,A major aquatic polygon completely bounded by the tectonic confines of a geological polygon.,Level 4
The historic Spanish municipality operates as a fully detached sovereign exclave situated entirely in the interior territory of the host nation.,within,Polygon,Polygon,Municipality of Llivia,Municipality of Llivia,French Republic,French Republic,A complete geopolitical donut hole where a municipality is completely trapped in a foreign nation.,Level 4
"During the high-profile Lockerbie trial, the physical footprint was temporarily ceded to Scottish jurisdiction while remaining geographically embedded in the host nation's boundaries.",within,Polygon,Polygon,Camp Zeist Legal Compound (1999),Camp Zeist Legal Compound (1999),Kingdom of the Netherlands,Kingdom of the Netherlands,"A temporal, second-order legal enclave fully enclosed by a host nation's polygon.",Level 4
The secure physical subterranean architectural footprint is bored completely into the deep geological polygon of the freezing layer to preserve agricultural diversity.,within,Polygon,Polygon,Svalbard Global Seed Vault,Svalbard Global Seed Vault,Spitsbergen Permafrost Zone,Spitsbergen Permafrost Zone,An engineered architectural polygon fully confined inside a specialized environmental polygon.,Level 4
"Despite its international diplomatic status, the physical real estate sits entirely confined inside the municipal borders of the massive urban grid.",within,Polygon,Polygon,United Nations Headquarters,United Nations Headquarters,Borough of Manhattan,Borough of Manhattan,An international legal polygon physically completely confined inside a city borough polygon.,Level 4
"The complex subterranean transit route operates completely shut inside the administrative borders, never reaching the outer shires of the country.",within,LineString,Polygon,London Underground Central Line,London Underground Central Line,Greater London Authority,Greater London Authority,A subterranean transport line completely bounded by a municipal polygon.,Level 4
The tiny sovereign principality sits fully encompassed by the broader geographic and cultural region of the southern coast.,within,Polygon,Polygon,Principality of Monaco,Principality of Monaco,French Riviera Coastline,French Riviera Coastline,A sovereign micro-state fully encompassed by a larger regional geography polygon.,Level 4
The sovereign microstate operates entirely trapped inside the massive boots-shaped landmass extending into the Mediterranean Sea.,within,Polygon,Polygon,San Marino,San Marino,Italian Peninsula,Italian Peninsula,A sovereign micro-state completely bounded by a massive continental peninsula.,Level 4
"The independent kingdom sits strictly confined by the surrounding borders of the massive host nation, unable to access the ocean.",within,Polygon,Polygon,Kingdom of Lesotho,Kingdom of Lesotho,South African Borders,South African Borders,An independent nation polygon completely confined by another nation's polygon.,Level 4
The massive military structure and its grounds sit squarely encapsulated by the local county lines of the state of Virginia.,within,Polygon,Polygon,The Pentagon,The Pentagon,Arlington County Boundaries,Arlington County Boundaries,A massive military building footprint completely bounded by a local county polygon.,Level 4
"The German municipal exclave operates entirely locked inside the Swiss regional borders, utilizing Swiss public services and currency.",within,Polygon,Polygon,Busingen am Hochrhein,Busingen am Hochrhein,Swiss Canton of Schaffhausen,Swiss Canton of Schaffhausen,A foreign municipal exclave completely trapped by a host nation's regional canton.,Level 4
"The tiny Belgian cadastral plots sit entirely trapped inside the Dutch regional boundaries, creating highly complex administrative zones.",within,MultiPolygon,Polygon,Baarle-Hertog Micro-enclaves,Baarle-Hertog Micro-enclaves,Netherlands Territory,Netherlands Territory,Highly fractured micro-enclaves completely bounded by a foreign nation's polygon.,Level 4
The massive green space is completely boxed in by the relentless urban masonry of the dense metropolitan island.,within,Polygon,Polygon,Central Park,Central Park,New York City Municipal Grid,New York City Municipal Grid,A massive park polygon completely bounded by a dense urban municipal grid.,Level 4
"Despite its unique status as an internationally recognized sovereign entity without a traditional state, the physical architectural footprint of the Order's headquarters sits strictly bound by the municipal borders of Rome.",within,Polygon,Polygon,Sovereign Military Order of Malta HQ,Sovereign Military Order of Malta HQ,City of Rome,City of Rome,An extraterritorial legal polygon representing a sovereign entity that is physically and topologically trapped inside a standard city polygon.,Level 4
"The highly secure, restricted federal perimeter of the Presidential retreat known as Camp David is completely hidden and enclosed deep inside the forested boundaries of Catoctin Mountain Park in Maryland.",within,Polygon,Polygon,Camp David,Camp David,Catoctin Mountain Park,Catoctin Mountain Park,"A highly classified, restricted federal polygon fully contained inside the exterior boundaries of a public federal park polygon.",Level 4
"In a rare geographical anomaly, the smaller United Arab Emirates jurisdiction is completely enveloped and trapped by the sovereign borders of the Omani territory.",within,Polygon,Polygon,UAE Enclave of Nahwa,UAE Enclave of Nahwa,Omani Exclave of Madha,Omani Exclave of Madha,An enclave polygon entirely trapped by the geometric perimeter of an exclave polygon.,Level 4
"The tiny, fractured Belgian cadastral plot is completely encircled by the sovereign Dutch lands, locking it entirely away from Belgium.",within,Polygon,Polygon,Baarle-Hertog Micro-enclave H1,Baarle-Hertog Micro-enclave H1,Netherlands Territory,Netherlands Territory,A foreign micro-enclave completely bounded by a sovereign nation host.,Level 4
"Demonstrating an extreme level of natural recursion, the tiny landmass resting perfectly at the center is completely wrapped by the basin waters.",within,Polygon,Polygon,Vulcan Point Island,Vulcan Point Island,Main Crater Lake,Main Crater Lake,Real-world recursive geometry: a smaller island polygon entirely trapped by a lake polygon.,Level 4
"The foreign exclave is completely encircled by the massive sovereign borders, isolating it completely from its parent nation.",within,Polygon,Polygon,Omani Exclave of Madha,Omani Exclave of Madha,United Arab Emirates Mainland,United Arab Emirates Mainland,A foreign exclave polygon completely bounded by a sovereign nation.,Level 4
"The historic Spanish municipal exclave is completely surrounded by the host nation, totally isolating it from the Iberian peninsula.",within,Polygon,Polygon,Municipality of Llivia,Municipality of Llivia,French Republic,French Republic,A foreign municipal exclave entirely trapped by a host nation perimeter.,Level 4
"The German municipal exclave is perfectly encircled by the regional borders, ensuring it relies entirely on foreign infrastructure.",within,Polygon,Polygon,Busingen am Hochrhein,Busingen am Hochrhein,Swiss Canton of Schaffhausen,Swiss Canton of Schaffhausen,A foreign municipal polygon completely enveloped by a regional administrative polygon.,Level 4
The extraterritorial architectural footprint of the stateless sovereign entity is perfectly boxed in by the municipal limits of the Italian capital.,within,Polygon,Polygon,Sovereign Military Order of Malta HQ,Sovereign Military Order of Malta HQ,City of Rome,City of Rome,An extraterritorial legal polygon completely bounded by a city municipal polygon.,Level 4
"During the Lockerbie trial, the temporary Scottish legal jurisdiction was completely enveloped by the host nation on all sides.",within,Polygon,Polygon,Camp Zeist Legal Compound (1999),Camp Zeist Legal Compound (1999),Kingdom of the Netherlands,Kingdom of the Netherlands,"A temporary, second-order legal enclave completely encircled by a host nation.",Level 4
The secure subterranean architectural footprint engineered to preserve agriculture is completely encapsulated by the deep geological freezing layer.,within,Polygon,Polygon,Svalbard Global Seed Vault,Svalbard Global Seed Vault,Spitsbergen Permafrost Zone,Spitsbergen Permafrost Zone,An engineered architectural polygon fully bounded by a specialized environmental polygon.,Level 4
"The highly secure, classified Presidential retreat is entirely hidden and completely encircled by the public federal preserve.",within,Polygon,Polygon,Camp David Restricted Perimeter,Camp David Restricted Perimeter,Catoctin Mountain Park,Catoctin Mountain Park,A highly restricted federal polygon completely bounded by a public federal park polygon.,Level 4
The deep freshwater body slicing through the Scottish Highlands is completely trapped by the massive geological tectonic depression.,within,Polygon,Polygon,Loch Ness Water Volume,Loch Ness Water Volume,Great Glen Fault,Great Glen Fault,A major aquatic polygon completely bounded by a geological tectonic polygon.,Level 4
The massive military structure and its sprawling parking infrastructure are completely encapsulated by the local county lines.,within,Polygon,Polygon,The Pentagon Grounds,The Pentagon Grounds,State of Virginia,State of Virginia,A massive military footprint completely bounded by a state-level administrative polygon.,Level 4
"The isolated, uninhabited sub-Antarctic island chain is completely boxed in by the sovereign maritime claims.",within,MultiPolygon,Polygon,Prince Edward Islands,Prince Edward Islands,Republic of South Africa,Republic of South Africa,A remote island chain entirely trapped by a national maritime polygon.,Level 4
"The deep artificial water basin is entirely encircled by the massive park, which in turn is completely surrounded by the massive urban masonry.",within,Polygon,Polygon,Central Park Reservoir,Central Park Reservoir,New York City Municipal Grid,New York City Municipal Grid,An artificial water basin completely trapped by a massive city municipal polygon.,Level 4
"The sprawling, internally draining endorheic basin is completely encapsulated by the massive terrestrial boundaries.",within,Polygon,Polygon,Lake Eyre Basin,Lake Eyre Basin,Australian Continent,Australian Continent,A massive endorheic drainage basin entirely bounded by a continental polygon.,Level 4
The massive ice sheet resting on the volcanic peak is completely enveloped by the broad square federal boundaries.,within,Polygon,Polygon,Mount Rainier Glacial Cap,Mount Rainier Glacial Cap,Mount Rainier National Park,Mount Rainier National Park,A high-altitude glacial polygon completely bounded by a federal park polygon.,Level 4
"The massive, labyrinthine subterranean ossuary tunnels are completely boxed in by the sprawling surface municipal grid.",within,MultiPolygon,Polygon,Catacombs of Paris Subterranean Network,Catacombs of Paris Subterranean Network,City of Paris,City of Paris,A complex subterranean infrastructure multi-polygon entirely bounded by a surface city polygon.,Level 4
"The massive, active subterranean geological anomaly fueling the island's growth is perfectly encapsulated by the administrative state bounds.",within,Polygon,Polygon,Mauna Loa Magma Chamber,Mauna Loa Magma Chamber,State of Hawaii,State of Hawaii,A massive subterranean geological polygon completely enclosed by a state polygon.,Level 4
The extraterritorial estate located on the Aventine Hill is completely encircled by the sovereign borders.,within,Polygon,Polygon,Sovereign Military Order of Malta Magistral Villa,Sovereign Military Order of Malta Magistral Villa,Republic of Italy,Republic of Italy,An extraterritorial legal estate completely bounded by a sovereign nation.,Level 4
"Despite its unique status as an internationally recognized sovereign entity without a traditional state, the physical architectural footprint sits strictly bound by the municipal borders of the Italian capital.",within,Polygon,Polygon,Sovereign Military Order of Malta HQ,Sovereign Military Order of Malta HQ,City of Rome,City of Rome,An extraterritorial legal polygon entirely trapped inside a standard city polygon.,Level 5
"The highly secure, restricted perimeter of the Presidential retreat is completely hidden and locked deep inside the forested boundaries of the public federal preserve in Maryland.",within,Polygon,Polygon,Camp David,Camp David,Catoctin Mountain Park,Catoctin Mountain Park,"A classified, restricted federal polygon fully bounded by a public federal park polygon.",Level 5
"The massive, deep freshwater body is situated strictly confined by the linear geological depression created by the active tectonic forces slicing through the Scottish Highlands.",within,Polygon,Polygon,Loch Ness,Loch Ness,Great Glen Fault,Great Glen Fault,A major aquatic polygon completely bounded by the tectonic confines of a geological polygon.,Level 5
The historic Spanish municipality operates as a fully detached sovereign exclave situated entirely in the interior territory of the host nation.,within,Polygon,Polygon,Municipality of Llivia,Municipality of Llivia,French Republic,French Republic,A complete geopolitical donut hole where a municipality is completely trapped in a foreign nation.,Level 5
"During the high-profile Lockerbie trial, the physical footprint was temporarily ceded to Scottish jurisdiction while remaining completely embedded in the host nation's boundaries.",within,Polygon,Polygon,Camp Zeist Legal Compound (1999),Camp Zeist Legal Compound (1999),Kingdom of the Netherlands,Kingdom of the Netherlands,"A temporal, second-order legal enclave fully enclosed by a host nation's polygon.",Level 5
The secure physical subterranean architectural footprint is bored completely into the deep geological polygon of the freezing layer to preserve agricultural diversity.,within,Polygon,Polygon,Svalbard Global Seed Vault,Svalbard Global Seed Vault,Spitsbergen Permafrost Zone,Spitsbergen Permafrost Zone,An engineered architectural polygon fully confined inside a specialized environmental polygon.,Level 5
"Despite its international diplomatic status, the physical real estate sits entirely confined inside the municipal borders of the massive urban grid.",within,Polygon,Polygon,United Nations Headquarters,United Nations Headquarters,Borough of Manhattan,Borough of Manhattan,An international legal polygon physically completely confined inside a city borough polygon.,Level 5
"The complex subterranean transit route operates completely shut inside the administrative borders, never reaching the outer shires of the country.",within,LineString,Polygon,London Underground Central Line,London Underground Central Line,Greater London Authority,Greater London Authority,A subterranean transport line completely bounded by a municipal polygon.,Level 5
The tiny sovereign principality sits fully encompassed by the broader geographic and cultural region of the southern coast.,within,Polygon,Polygon,Principality of Monaco,Principality of Monaco,French Riviera Coastline,French Riviera Coastline,A sovereign micro-state fully encompassed by a larger regional geography polygon.,Level 5
The sovereign microstate operates entirely trapped inside the massive boots-shaped landmass extending into the Mediterranean Sea.,within,Polygon,Polygon,San Marino,San Marino,Italian Peninsula,Italian Peninsula,A sovereign micro-state completely bounded by a massive continental peninsula.,Level 5
The massive military structure and its grounds sit squarely encapsulated by the local county lines of the state of Virginia.,within,Polygon,Polygon,The Pentagon,The Pentagon,Arlington County Boundaries,Arlington County Boundaries,A massive military building footprint completely bounded by a local county polygon.,Level 5
"The German municipal exclave operates entirely locked inside the Swiss regional borders, utilizing Swiss public services and currency.",within,Polygon,Polygon,Busingen am Hochrhein,Busingen am Hochrhein,Swiss Canton of Schaffhausen,Swiss Canton of Schaffhausen,A foreign municipal exclave completely trapped by a host nation's regional canton.,Level 5
The massive green space is completely boxed in by the relentless urban masonry of the dense metropolitan island.,within,Polygon,Polygon,Central Park,Central Park,New York City Municipal Grid,New York City Municipal Grid,A massive park polygon completely bounded by a dense urban municipal grid.,Level 5
The historic Spanish municipality of Llivia operates as a fully detached sovereign exclave situated entirely in the interior territory of the French Republic.,within,Polygon,Polygon,Municipality of Llivia,Municipality of Llivia,French Republic,French Republic,A complete geopolitical enclave scenario where the target municipal polygon is located strictly inside the interior coordinates of a host nation's polygon.,Level 5
"During the high-profile Lockerbie trial, the physical footprint of the Camp Zeist legal compound was temporarily ceded to Scottish jurisdiction while remaining geographically embedded in the Kingdom of the Netherlands.",within,Polygon,Polygon,Camp Zeist Legal Compound (1999),Camp Zeist Legal Compound (1999),Kingdom of the Netherlands,Kingdom of the Netherlands,A temporal and legal anomaly where a sovereign extraterritorial target polygon is situated completely within the boundary lines of a host national polygon.,Level 5
The secure vault entryway of the Svalbard Global Seed Vault is bored deep into the heart of the Platåberget Mountain Permafrost layer to preserve agricultural diversity.,within,Point,Polygon,Svalbard Global Seed Vault Entry,Svalbard Global Seed Vault Entry,Platåberget Mountain Permafrost,Platåberget Mountain Permafrost,A human-engineered infrastructure Point geometry located strictly inside the interior 3D volume/coordinates of an environmental permafrost Polygon.,Level 5
"In a remarkable case of recursive geography, the unnamed landmass is trapped by a sub-lake, sheltered by a smaller island, cradled by an interior lake, all completely wrapped by the massive Arctic landmass.",within,Polygon,Polygon,Unnamed Third-Order Arctic Island (69.793 N 108.241 W),Unnamed Third-Order Arctic Island (69.793 N 108.241 W),Victoria Island Landmass,Victoria Island Landmass,Extreme geographic recursion where a deep sub-island is ultimately hosted by a macro-scale island.,Level 5
"The tiny rocky outcrop is perfectly encircled by the frigid waters of the deeply nested basin, completely isolating it from the parent island.",within,Polygon,Polygon,Unnamed Third-Order Arctic Island (69.793 N 108.241 W),Unnamed Third-Order Arctic Island (69.793 N 108.241 W),Unnamed Arctic Sub-Lake (69.793 N 108.241 W),Unnamed Arctic Sub-Lake (69.793 N 108.241 W),A third-order island polygon completely bounded by a highly recursive sub-lake polygon.,Level 5
The minuscule volcanic depression located exactly at the center is completely surrounded by the tiny recursive landmass.,within,Polygon,Polygon,Vulcan Point Inner Crater,Vulcan Point Inner Crater,Vulcan Point Island,Vulcan Point Island,A micro-crater polygon completely bounded by a recursive micro-island polygon.,Level 5
"The smaller Dutch micro-territory is completely encircled by the complex cadastral borders of the Belgian micro-territory, isolating it entirely.",within,Polygon,Polygon,Dutch Baarle-Nassau Enclave N8,Dutch Baarle-Nassau Enclave N8,Belgian Baarle-Hertog Enclave H22,Belgian Baarle-Hertog Enclave H22,A second-order geopolitical anomaly where a sub-enclave is completely enveloped by an enclave.,Level 5
"The hyper-saline, anoxic underwater lake resting perfectly at the bottom of the basin is completely encapsulated by the massive saltwater body.",within,Polygon,Polygon,Mediterranean Deep Brine Pool,Mediterranean Deep Brine Pool,Mediterranean Sea Volume,Mediterranean Sea Volume,An extreme underwater brine pool polygon completely bounded by a massive sea volumetric polygon.,Level 5
"The independently administered, extra-parochial legal area is completely enveloped by the ancient financial district.",within,Polygon,Polygon,Inner Temple Legal Precinct,Inner Temple Legal Precinct,City of London Corporation,City of London Corporation,An extra-parochial legal polygon entirely bounded by a historic municipal polygon.,Level 5
"The massive, steep-walled depression resting exactly at the summit is perfectly encircled by the towering geological structure.",within,Polygon,Polygon,Vesuvius Main Crater,Vesuvius Main Crater,Mount Vesuvius Volcanic Cone,Mount Vesuvius Volcanic Cone,A summit crater polygon completely bounded by a massive volcanic cone polygon.,Level 5
The deepest known coordinate node on the planetary crust is completely trapped by the colossal oceanic trench.,within,Polygon,Polygon,Challenger Deep,Challenger Deep,Mariana Trench Geomorphic Bounds,Mariana Trench Geomorphic Bounds,The deepest oceanic depression polygon entirely enveloped by a massive geomorphic trench polygon.,Level 5
"The massive, ancient freshwater body trapped deep under the ice is completely encapsulated by the miles-thick frozen mantle.",within,Polygon,Polygon,Lake Vostok Subglacial Volume,Lake Vostok Subglacial Volume,Antarctic Ice Sheet,Antarctic Ice Sheet,A subterranean subglacial lake polygon completely bounded by a massive glacial polygon.,Level 5
The slender anglophone diplomatic footprint is completely surrounded on every terrestrial axis by the francophone diplomatic footprint.,within,Polygon,Polygon,Sovereign Borders of The Gambia,Sovereign Borders of The Gambia,Sovereign Borders of Senegal,Sovereign Borders of Senegal,A national legal polygon completely enveloped by another national legal polygon.,Level 5
The towering limestone peak that serves as the physical foundation is entirely encircled by the ancient microstate.,within,Polygon,Polygon,Mount Titano Summit,Mount Titano Summit,Republic of San Marino,Republic of San Marino,A towering geological peak polygon completely bounded by a sovereign micro-state polygon.,Level 5
The massive architectural footprint of the iconic Renaissance church is completely boxed in by the sovereign legal limits of the microstate.,within,Polygon,Polygon,St. Peter's Basilica Footprint,St. Peter's Basilica Footprint,Vatican City Jurisdiction,Vatican City Jurisdiction,A massive architectural polygon completely enveloped by a sovereign legal polygon.,Level 5
The largest continuous sand desert in the world is completely bound by the massive national borders.,within,Polygon,Polygon,Rub' al Khali Desert,Rub' al Khali Desert,Kingdom of Saudi Arabia,Kingdom of Saudi Arabia,An extreme environmental desert polygon entirely enveloped by a massive nation polygon.,Level 5
The theoretical mathematical area designated as the oceanic pole of inaccessibility is completely encircled by the massive oceanic coordinates.,within,Polygon,Polygon,Point Nemo Mathematical Isolation Zone,Point Nemo Mathematical Isolation Zone,Pacific Ocean Maritime Bounds,Pacific Ocean Maritime Bounds,An abstract mathematical isolation zone completely bounded by a massive oceanic polygon.,Level 5
The extreme geological depression marking the lowest elevation on the continent is completely trapped by the massive state geometry.,within,Polygon,Polygon,Death Valley Below-Sea-Level Basin,Death Valley Below-Sea-Level Basin,State of California,State of California,An extreme below-sea-level geological polygon completely enclosed by a state polygon.,Level 5
The isolated volcanic rock located deep in the southeastern Pacific is completely wrapped by the sovereign maritime claims of the Andean nation.,within,Polygon,Polygon,Easter Island Landmass,Easter Island Landmass,Republic of Chile Maritime Claims,Republic of Chile Maritime Claims,"A remote, isolated island polygon completely bounded by a national maritime claim.",Level 5
The uninhabited external territories situated in the Indian Ocean are completely encircled by the massive national maritime borders.,within,MultiPolygon,Polygon,Ashmore and Cartier Islands,Ashmore and Cartier Islands,Commonwealth of Australia Maritime Bounds,Commonwealth of Australia Maritime Bounds,A remote external territory entirely bounded by a national maritime polygon.,Level 5
The architectural chamber engineered deep in the center is absolutely surrounded by the monumental square masonry footprint of the ancient wonder.,within,Polygon,Polygon,King's Chamber Subterranean Volume,King's Chamber Subterranean Volume,Great Pyramid Perimeter,Great Pyramid Perimeter,An interior 3D architectural polygon entirely enveloped by a monumental surface polygon.,Level 5
Canada and the United States share the longest continuous land frontier in the world.,touches,Polygon,Polygon,Canada,Canada,United States,United States,Two country polygons that share a linear boundary without their interiors overlapping.,Level 1
The southern edge of the State of Colorado meets the northern edge of the State of New Mexico forming a perfectly straight latitudinal line.,touches,Polygon,Polygon,State of Colorado,State of Colorado,State of New Mexico,State of New Mexico,Two state administrative polygons meeting at a shared edge with no internal intersection.,Level 1
The City of Seattle and the City of Bellevue sit right up against the jurisdictional boundary drawn down the middle of Lake Washington.,touches,Polygon,Polygon,City of Seattle,City of Seattle,City of Bellevue,City of Bellevue,Two city administrative polygons that are perfectly adjacent to one another.,Level 1
Canada and the United States share the longest continuous land frontier in the world.,touches,Polygon,Polygon,Canada,Canada,United States,United States,Two country polygons that share a linear boundary without their interiors intersecting.,Level 1
The southern edge of the State of Colorado meets the northern edge of the State of New Mexico forming a perfectly straight latitudinal line.,touches,Polygon,Polygon,State of Colorado,State of Colorado,State of New Mexico,State of New Mexico,Two state administrative polygons meeting at a shared edge.,Level 1
The City of Seattle and the City of Bellevue sit right up against the jurisdictional boundary drawn down the middle of Lake Washington.,touches,Polygon,Polygon,City of Seattle,City of Seattle,City of Bellevue,City of Bellevue,Two city administrative polygons that are perfectly adjacent.,Level 1
"France and Spain sit side by side on the European continent, separated by the Pyrenees mountain range.",touches,Polygon,Polygon,France,France,Spain,Spain,Two national polygons sharing a physical border.,Level 1
The western side of Nevada sits flush against the eastern edge of California.,touches,Polygon,Polygon,State of Nevada,State of Nevada,State of California,State of California,Two state polygons sharing an edge with no interior sharing.,Level 1
Canada and the United States share the longest continuous land frontier in the world.,touches,Polygon,Polygon,Canada,Canada,United States,United States,Two country polygons that share a linear boundary without their interiors intersecting.,Level 1
The City of Seattle and the City of Bellevue sit right up against the jurisdictional boundary drawn down the middle of Lake Washington.,touches,Polygon,Polygon,City of Seattle,City of Seattle,City of Bellevue,City of Bellevue,Two city administrative polygons that are perfectly adjacent.,Level 1
"France and Spain sit side by side on the European continent, separated by the Pyrenees mountain range.",touches,Polygon,Polygon,France,France,Spain,Spain,Two national polygons sharing a physical border.,Level 1
The western side of Nevada sits flush against the eastern edge of California.,touches,Polygon,Polygon,State of Nevada,State of Nevada,State of California,State of California,Two state polygons sharing an edge with no interior sharing.,Level 1
"North Dakota and South Dakota are stacked directly on top of each other, sharing a straight horizontal border.",touches,Polygon,Polygon,State of North Dakota,State of North Dakota,State of South Dakota,State of South Dakota,Two states perfectly adjacent to one another.,Level 1
"Portugal occupies the edge of the Iberian Peninsula, sitting right next to the massive Spanish mainland.",touches,Polygon,Polygon,Portugal,Portugal,Spain,Spain,Adjacent national polygons.,Level 1
The eastern limit of Germany meets the western frontier of Poland at the Oder river.,touches,Polygon,Polygon,Germany,Germany,Poland,Poland,Two European nations sharing a river boundary.,Level 1
"The northern plains of India share a long, continuous border with the Himalayan nation of Nepal.",touches,Polygon,Polygon,India,India,Nepal,Nepal,Adjacent nations sharing a geographic line.,Level 1
The southern tier of New York rests directly against the northern edge of Pennsylvania.,touches,Polygon,Polygon,State of New York,State of New York,State of Pennsylvania,State of Pennsylvania,Two adjacent US states.,Level 1
The municipal limits of Dallas sit immediately adjacent to the municipal limits of Fort Worth.,touches,Polygon,Polygon,City of Dallas,City of Dallas,City of Fort Worth,City of Fort Worth,Two adjacent city polygons forming a metroplex.,Level 1
The Republic of Ireland shares a winding land border with Northern Ireland.,touches,Polygon,Polygon,Republic of Ireland,Republic of Ireland,Northern Ireland,Northern Ireland,Adjacent national/regional polygons.,Level 1
"Oregon and Washington sit side by side, divided by the Columbia River boundary.",touches,Polygon,Polygon,State of Oregon,State of Oregon,State of Washington,State of Washington,Two adjacent state polygons.,Level 1
The southern edge of the massive Asian steppe meets the northern limits of the Chinese mainland.,touches,Polygon,Polygon,Mongolia,Mongolia,China,China,Two nations abutting along a vast border.,Level 1
The northern edge of the midwestern state rests flush against the southern tier of its neighbor.,touches,Polygon,Polygon,State of Kansas,State of Kansas,State of Nebraska,State of Nebraska,Two midwestern states meeting at a linear boundary.,Level 1
"The Twin Cities sit right next to each other, separated only by the flowing waters of the Mississippi.",touches,Polygon,Polygon,City of Minneapolis,City of Minneapolis,City of St. Paul,City of St. Paul,Adjacent municipal polygons sharing a river.,Level 1
"The Scandinavian nations share a massive, mountainous land border stretching into the Arctic.",touches,Polygon,Polygon,Sweden,Sweden,Norway,Norway,Two European nations abutting along a massive physical line.,Level 1
The northern limits of the desert state sit flush against the southern agricultural plains of its neighbor.,touches,Polygon,Polygon,State of Utah,State of Utah,State of Idaho,State of Idaho,Two western states sharing a linear edge.,Level 1
The southern limit of Egypt runs right alongside the northern limit of Sudan.,touches,Polygon,Polygon,Egypt,Egypt,Sudan,Sudan,Two African nations meeting at a shared linear boundary.,Level 1
"North Dakota and South Dakota are stacked directly on top of each other, sharing a straight border.",touches,Polygon,Polygon,State of North Dakota,State of North Dakota,State of South Dakota,State of South Dakota,Two states perfectly adjacent to one another.,Level 1
"Portugal occupies the edge of the Iberian Peninsula, sitting right next to the massive Spanish mainland.",touches,Polygon,Polygon,Portugal,Portugal,Spain,Spain,Adjacent national polygons.,Level 1
The eastern limit of Germany meets the western frontier of Poland at the Oder river.,touches,Polygon,Polygon,Germany,Germany,Poland,Poland,Two European nations sharing a river boundary.,Level 1
The massive landmass of Brazil meets the northern edge of Argentina near the Iguazu Falls.,touches,Polygon,Polygon,Brazil,Brazil,Argentina,Argentina,Two South American polygons sharing a border edge.,Level 1
"The northern plains of India share a long, continuous border with the Himalayan nation of Nepal.",touches,Polygon,Polygon,India,India,Nepal,Nepal,Adjacent nations sharing a geographic line.,Level 1
The southern tier of New York rests directly against the northern edge of Pennsylvania.,touches,Polygon,Polygon,State of New York,State of New York,State of Pennsylvania,State of Pennsylvania,Two adjacent US states.,Level 1
The municipal limits of Dallas sit immediately adjacent to the municipal limits of Fort Worth.,touches,Polygon,Polygon,City of Dallas,City of Dallas,City of Fort Worth,City of Fort Worth,Two adjacent city polygons forming a metroplex.,Level 1
The Republic of Ireland shares a winding land border with Northern Ireland.,touches,Polygon,Polygon,Republic of Ireland,Republic of Ireland,Northern Ireland,Northern Ireland,Adjacent national/regional polygons.,Level 1
"Oregon and Washington sit side by side, divided by the Columbia River boundary.",touches,Polygon,Polygon,State of Oregon,State of Oregon,State of Washington,State of Washington,Two adjacent state polygons.,Level 1
The eastern frontier of the US state of Alaska meets the western edge of the Canadian territory of Yukon along a perfectly straight longitudinal survey line.,touches,Polygon,Polygon,State of Alaska,State of Alaska,Yukon Territory,Yukon Territory,The administrative polygon of the US exclave meets the Canadian territory along a shared linear boundary without interior intersection.,Level 2
"The Gaza Strip shares a short, heavily fortified southern land border directly adjacent to the edge of the Sinai Peninsula.",touches,Polygon,Polygon,Gaza Strip,Gaza Strip,Egypt,Egypt,"The two administrative polygons are physically adjacent, sharing a boundary line.",Level 2
The massive steel cables connect directly onto the rocky landmass of the county to secure the suspension span.,touches,LineString,Polygon,Golden Gate Bridge Northern Anchor,Golden Gate Bridge Northern Anchor,Marin County,Marin County,The endpoint of the bridge's LineString geometry meets the exterior boundary of the county polygon.,Level 2
The winding geographic divide of the Bitterroot Mountains acts as the exact shared boundary dividing the two jurisdictions.,touches,Polygon,Polygon,State of Idaho,State of Idaho,State of Montana,State of Montana,Two state polygons sharing a complex topographical edge.,Level 2
The flowing waters of the Rio Grande provide a clean break dividing the municipal limits of the Texan and Mexican cities.,touches,Polygon,Polygon,City of El Paso,City of El Paso,Ciudad Juarez,Ciudad Juarez,Two international city polygons meeting at a river boundary.,Level 2
"A massive, perfectly straight latitudinal survey mark divides the arid outback of the northern state from the southern one.",touches,Polygon,Polygon,State of Queensland,State of Queensland,State of New South Wales,State of New South Wales,Two administrative state polygons sharing a geometric edge.,Level 2
The ancient masonry walls that define the microstate stand right at the municipal edge of the Italian capital.,touches,Polygon,Polygon,Vatican City,Vatican City,City of Rome,City of Rome,A sovereign microstate polygon meeting a city municipal polygon at a physical wall.,Level 2
The manicured lawns of the royal estate stretch exactly down to the water's edge of the historic waterway.,touches,Polygon,Polygon,Windsor Castle Grounds,Windsor Castle Grounds,River Thames,River Thames,An architectural ground polygon meeting a river polygon.,Level 2
A strict longitudinal meridian dictates where the jurisdiction of the eastern state ends and the western one begins.,touches,Polygon,Polygon,State of Victoria,State of Victoria,State of South Australia,State of South Australia,Two state administrative polygons meeting at a shared edge.,Level 2
"The heavily mined Military Demarcation Line establishes a strict, adjoining boundary separating the two nations.",touches,Polygon,Polygon,North Korea,North Korea,South Korea,South Korea,Two national polygons meeting at a highly defined edge.,Level 2
The entire western edge of the Iberian nation is defined completely by the crashing waves of the massive ocean.,touches,Polygon,Polygon,Portugal,Portugal,Atlantic Ocean,Atlantic Ocean,A country polygon and an ocean polygon sharing a massive coastal boundary.,Level 2
The plunging water of the massive falls sits exactly upon the international divide between the two nations.,touches,Polygon,LineString,Niagara Falls,Niagara Falls,Canada-US Border,Canada-US Border,A natural feature polygon meeting an international boundary line.,Level 2
"The western perimeter of the massive state meets the rolling tides of the ocean along a jagged, continuous coastline.",touches,Polygon,Polygon,State of California,State of California,Pacific Ocean,Pacific Ocean,A state polygon abutting an ocean polygon.,Level 2
The base of the massive South American peaks rests flush against the start of the dense jungle ecosystem.,touches,Polygon,Polygon,Andes Mountains Foothills,Andes Mountains Foothills,Amazon Basin,Amazon Basin,A geological polygon abutting an ecological polygon.,Level 2
The southern municipal limits of the Californian city rest immediately against the international border fence.,touches,Polygon,Polygon,City of San Diego,City of San Diego,Mexico,Mexico,A city polygon abutting a national boundary.,Level 2
"The arid sands of the massive desert meet the semi-arid transition zone in a long, continuous ecological boundary.",touches,Polygon,Polygon,Sahara Desert,Sahara Desert,Sahel Region,Sahel Region,Two massive environmental polygons abutting along an ecological line.,Level 2
The southeastern edge of the state is defined entirely by the warm saltwater of the massive basin.,touches,Polygon,Polygon,State of Texas,State of Texas,Gulf of Mexico,Gulf of Mexico,A state polygon abutting a major maritime polygon.,Level 2
The famous hiking path begins exactly at the geographic peak of the Georgian mountain.,touches,Point,Polygon,Appalachian Trail Southern Terminus,Appalachian Trail Southern Terminus,Springer Mountain Summit,Springer Mountain Summit,A point geometry (trailhead) meeting a geographical polygon.,Level 2
The eastern frontier of the US state of Alaska meets the western edge of the Canadian territory of Yukon along a perfectly straight longitudinal survey line.,touches,Polygon,Polygon,State of Alaska,State of Alaska,Yukon Territory,Yukon Territory,The administrative polygon of the US exclave meets the Canadian territory along a shared linear boundary without interior intersection.,Level 2
The northern anchor of the Golden Gate Bridge connects directly onto the rocky landmass of Marin County.,touches,LineString,Polygon,Golden Gate Bridge,Golden Gate Bridge,Marin County,Marin County,The endpoint of the bridge's LineString geometry meets the exterior boundary of the county polygon.,Level 2
The winding geographic divide of the Bitterroot Mountains acts as the exact shared boundary dividing Idaho and Montana.,touches,Polygon,Polygon,State of Idaho,State of Idaho,State of Montana,State of Montana,Two state polygons sharing a complex topographical edge.,Level 2
The flowing waters of the Rio Grande provide a clean break dividing the municipal limits of El Paso and Ciudad Juarez.,touches,Polygon,Polygon,City of El Paso,City of El Paso,Ciudad Juarez,Ciudad Juarez,Two international city polygons meeting at a river boundary.,Level 2
The turbulent waters of the English Channel wash right up against the sandy beaches of the French Coast.,touches,Polygon,Polygon,English Channel,English Channel,French Coast,French Coast,A maritime polygon and a terrestrial polygon sharing a coastal edge.,Level 2
The rugged base of the Pyrenees Mountains meets the flat southern plains of France.,touches,Polygon,Polygon,Pyrenees Mountains,Pyrenees Mountains,France,France,A geological polygon sharing a physical boundary with a national polygon.,Level 2
"A massive, perfectly straight latitudinal survey mark divides the arid outback of Queensland from New South Wales.",touches,Polygon,Polygon,State of Queensland,State of Queensland,State of New South Wales,State of New South Wales,Two administrative state polygons sharing a geometric edge.,Level 2
The ancient masonry walls that define the Vatican stand right at the municipal edge of the Italian capital.,touches,Polygon,Polygon,Vatican City,Vatican City,City of Rome,City of Rome,A sovereign microstate polygon meeting a city municipal polygon at a physical wall.,Level 2
The manicured lawns of the royal castle grounds stretch exactly down to the water's edge of the Thames.,touches,Polygon,Polygon,Windsor Castle Grounds,Windsor Castle Grounds,River Thames,River Thames,An architectural ground polygon meeting a river polygon.,Level 2
A strict longitudinal meridian dictates where the jurisdiction of Victoria ends and South Australia begins.,touches,Polygon,Polygon,State of Victoria,State of Victoria,State of South Australia,State of South Australia,Two state administrative polygons meeting at a shared edge.,Level 2
"The heavily mined Military Demarcation Line establishes a strict, adjoining boundary separating the two nations.",touches,Polygon,Polygon,North Korea,North Korea,South Korea,South Korea,Two national polygons meeting at a highly defined edge.,Level 2
The entire western edge of Portugal is defined completely by the crashing waves of the Atlantic.,touches,Polygon,Polygon,Portugal,Portugal,Atlantic Ocean,Atlantic Ocean,A country polygon and an ocean polygon sharing a massive coastal boundary.,Level 2
The plunging water of the massive falls sits exactly upon the international divide between the two nations.,touches,Polygon,LineString,Niagara Falls,Niagara Falls,Canada-US Border,Canada-US Border,A natural feature polygon meeting an international boundary line.,Level 2
The eastern frontier of the US state of Alaska meets the western edge of the Canadian territory of Yukon along a perfectly straight longitudinal line.,touches,Polygon,Polygon,State of Alaska,State of Alaska,Yukon Territory,Yukon Territory,The administrative polygon of the US exclave meets the Canadian territory along a shared linear boundary without interior intersection.,Level 2
"The Gaza Strip shares a short, heavily fortified southern land border directly adjacent to the edge of the Sinai Peninsula.",touches,Polygon,Polygon,Gaza Strip,Gaza Strip,Egypt,Egypt,"The two administrative polygons are physically adjacent, sharing a boundary line.",Level 2
The northern anchor of the Golden Gate Bridge connects directly onto the rocky landmass of Marin County.,touches,LineString,Polygon,Golden Gate Bridge,Golden Gate Bridge,Marin County,Marin County,The endpoint of the bridge's LineString geometry intersects the exterior boundary of the county polygon.,Level 2
"At the Four Corners Monument, the southeastern tip of Utah and the northwestern corner of New Mexico converge at exactly one singular mathematical coordinate.",touches,Polygon,Polygon,State of Utah,State of Utah,State of New Mexico,State of New Mexico,Two state administrative polygons that meet at exactly one shared vertex without any shared interior area or linear edge.,Level 3
The American and Canadian municipalities sit flush against the international boundary drawn invisibly down the center of the river.,touches,Polygon,Polygon,City of Detroit,City of Detroit,City of Windsor,City of Windsor,Two city polygons from different nations that share a continuous aquatic border.,Level 3
The geopolitical boundary separating the US and Russia cleanly meets the International Date Line right in the middle of the Bering Strait.,touches,LineString,LineString,Diomede Islands Maritime Border,Diomede Islands Maritime Border,International Date Line,International Date Line,A geopolitical line geometry cleanly meeting a global navigational line geometry.,Level 3
"Near the Kazungula Bridge, the sovereign territories converge at a highly specific 150-meter micro-boundary precisely in the middle of the Zambezi River.",touches,Polygon,Polygon,Republic of Botswana,Republic of Botswana,Republic of Zambia,Republic of Zambia,"Two massive national polygons that share an incredibly tiny, almost microscopic linear boundary.",Level 3
"The massive, rigid, concave concrete face of the dam sits flush against the dynamic, fluid body of the massive reservoir.",touches,Polygon,Polygon,Hoover Dam Concrete Face,Hoover Dam Concrete Face,Lake Mead Water Volume,Lake Mead Water Volume,A physical 3D structural polygon flush against a fluid environmental polygon.,Level 3
The extreme-elevation physical point of the mountain sits completely flush against the mathematical geodesic line defining the international border.,touches,Point,LineString,Mount Everest Summit,Mount Everest Summit,Nepal-China Border,Nepal-China Border,A physical extreme-elevation point geometry meeting perfectly with an invisible boundary line.,Level 3
The suspended steel architecture connects directly onto the rocky landmass of the northern California coastline.,touches,LineString,Polygon,Golden Gate Bridge Northern Anchor,Golden Gate Bridge Northern Anchor,Marin Headlands,Marin Headlands,A bridge line geometry terminating at a landmass polygon boundary.,Level 3
The ancient defensive fortifications stand right at the municipal edge of the Italian capital's modern thoroughfares.,touches,Polygon,Polygon,Vatican City Masonry Walls,Vatican City Masonry Walls,City of Rome Streets,City of Rome Streets,A microstate wall meeting a city municipal polygon.,Level 3
The geopolitical demarcation line runs straight along the exact geometric midpoint of the wooden negotiating table.,touches,Polygon,LineString,Panmunjom T2 Conference Table,Panmunjom T2 Conference Table,Military Demarcation Line,Military Demarcation Line,A macro geopolitical line slicing the exact geometric center of a micro furniture polygon.,Level 3
The plunging veil of water sits exactly upon the international divide separating the two North American nations.,touches,Polygon,LineString,Niagara Falls Horseshoe,Niagara Falls Horseshoe,Canada-US Border,Canada-US Border,A natural feature polygon meeting an international boundary line.,Level 3
The isolated Washington state community hangs right off the mathematical survey coordinate dividing the continent.,touches,Polygon,LineString,Point Roberts Exclave,Point Roberts Exclave,49th Parallel North,49th Parallel North,An exclave polygon meeting a mathematical survey line.,Level 3
A perfectly straight latitudinal survey line perfectly unites the two southwestern jurisdictions.,touches,Polygon,Polygon,State of Colorado,State of Colorado,State of New Mexico,State of New Mexico,Two state administrative polygons meeting at a geometric edge.,Level 3
The physical bronze plaque unites the geometric edges of the southwestern state.,touches,Point,Polygon,Four Corners Monument Plaque,Four Corners Monument Plaque,State of Arizona Boundary,State of Arizona Boundary,A physical point geometry meeting a massive state boundary.,Level 3
The physical transit track ceases its run right at the outer edge of the international legal perimeter.,touches,LineString,Polygon,Eurotunnel Terminal Entrance,Eurotunnel Terminal Entrance,French Customs Zone,French Customs Zone,The end of a transit line abutting a legal polygon.,Level 3
The massive paved plaza rests directly against the bottom coordinates of the towering monument.,touches,Polygon,Point,Trafalgar Square,Trafalgar Square,Nelson's Column Base,Nelson's Column Base,A massive plaza polygon abutting a specific geometric point.,Level 3
The physical stone marker rests exactly on the invisible line severing the two nations.,touches,Point,LineString,Baarle-Nassau Border Monument,Baarle-Nassau Border Monument,Belgian-Dutch Sovereignty Line,Belgian-Dutch Sovereignty Line,A zero-dimensional node meeting a one-dimensional international border.,Level 3
The narrow Belgian transit corridor sits flush against the tiny sovereign German territories it creates.,touches,Polygon,MultiPolygon,Vennbahn Railway Right-of-Way,Vennbahn Railway Right-of-Way,German Micro-Enclaves,German Micro-Enclaves,A transit polygon abutting fractured micro-enclave polygons.,Level 3
The reinforced door to the subterranean facility rests perfectly upon the frozen exterior surface of the mountain.,touches,Point,Polygon,Svalbard Global Seed Vault Entrance,Svalbard Global Seed Vault Entrance,Platåberget Mountain Surface,Platåberget Mountain Surface,A point geometry meeting the exterior surface of a massive geological polygon.,Level 3
The entrance to the massive subterranean tube begins right at the foot of the massive mountain range.,touches,Point,Polygon,Gotthard Base Tunnel Portal,Gotthard Base Tunnel Portal,Swiss Alps Base,Swiss Alps Base,A tunnel portal point meeting a mountain range polygon.,Level 3
The southeastern tip of the State of Utah and the northwestern corner of the State of New Mexico converge at exactly one singular coordinate point at the Four Corners Monument.,touches,Polygon,Polygon,State of Utah,State of Utah,State of New Mexico,State of New Mexico,Two state administrative polygons that intersect at exactly one shared vertex without any overlapping interior area or shared linear edge.,Level 3
Detroit and Windsor sit flush against the international boundary drawn invisibly down the center of the Detroit River.,touches,Polygon,Polygon,City of Detroit,City of Detroit,City of Windsor,City of Windsor,Two city polygons from different nations that share a continuous aquatic border without overlapping.,Level 3
"At the Four Corners Monument, the southeastern tip of Utah and the northwestern corner of New Mexico converge at exactly one singular mathematical coordinate.",touches,Polygon,Polygon,State of Utah,State of Utah,State of New Mexico,State of New Mexico,Two state administrative polygons that meet at exactly one shared vertex without any shared interior area or linear edge.,Level 3
The geopolitical boundary separating the US and Russia cleanly meets the International Date Line right in the middle of the Bering Strait.,touches,LineString,LineString,Diomede Islands Maritime Border,Diomede Islands Maritime Border,International Date Line,International Date Line,A geopolitical line geometry cleanly meeting a global navigational line geometry.,Level 3
"Near the Kazungula Bridge, the sovereign territories converge at a highly specific 150-meter micro-boundary precisely in the middle of the Zambezi River.",touches,Polygon,Polygon,Republic of Botswana,Republic of Botswana,Republic of Zambia,Republic of Zambia,"Two massive national polygons that share an incredibly tiny, almost microscopic linear boundary.",Level 3
"The massive, rigid, concave concrete face of the dam sits flush against the dynamic, fluid body of the massive reservoir.",touches,Polygon,Polygon,Hoover Dam Concrete Face,Hoover Dam Concrete Face,Lake Mead Water Volume,Lake Mead Water Volume,A physical 3D structural polygon flush against a fluid environmental polygon.,Level 3
The extreme-elevation physical point of the mountain sits completely flush against the mathematical geodesic line defining the international border.,touches,Point,LineString,Mount Everest Summit,Mount Everest Summit,Nepal-China Border,Nepal-China Border,A physical extreme-elevation point geometry meeting perfectly with an invisible boundary line.,Level 3
"The fractured Belgian and Dutch land parcels meet at infinitesimally complex junctions, sometimes dividing front doors in half.",touches,MultiPolygon,MultiPolygon,Baarle-Hertog Cadastral Plots,Baarle-Hertog Cadastral Plots,Baarle-Nassau Cadastral Plots,Baarle-Nassau Cadastral Plots,Highly fractured micro-borders meeting at shared edges.,Level 3
The suspended steel architecture connects directly onto the rocky landmass of the northern California coastline.,touches,LineString,Polygon,Golden Gate Bridge Northern Anchor,Golden Gate Bridge Northern Anchor,Marin Headlands,Marin Headlands,A bridge line geometry terminating at a landmass polygon boundary.,Level 3
The ancient defensive fortifications stand right at the municipal edge of the Italian capital's modern thoroughfares.,touches,Polygon,Polygon,Vatican City Masonry Walls,Vatican City Masonry Walls,City of Rome Streets,City of Rome Streets,A microstate wall meeting a city municipal polygon.,Level 3
The geopolitical demarcation line runs straight along the exact geometric midpoint of the wooden negotiating table.,touches,Polygon,LineString,Panmunjom T2 Conference Table,Panmunjom T2 Conference Table,Military Demarcation Line,Military Demarcation Line,A macro geopolitical line slicing the exact geometric center of a micro furniture polygon.,Level 3
The plunging veil of water sits exactly upon the international divide separating the two North American nations.,touches,Polygon,LineString,Niagara Falls Horseshoe,Niagara Falls Horseshoe,Canada-US Border,Canada-US Border,A natural feature polygon meeting an international boundary line.,Level 3
The isolated Washington state community hangs right off the mathematical survey coordinate dividing the continent.,touches,Polygon,LineString,Point Roberts Exclave,Point Roberts Exclave,49th Parallel North,49th Parallel North,An exclave polygon meeting a mathematical survey line.,Level 3
A perfectly straight latitudinal survey line perfectly unites the two southwestern jurisdictions.,touches,Polygon,Polygon,State of Colorado,State of Colorado,State of New Mexico,State of New Mexico,Two state administrative polygons meeting at a geometric edge.,Level 3
The physical bronze plaque unites the geometric edges of the southwestern state.,touches,Point,Polygon,Four Corners Monument Plaque,Four Corners Monument Plaque,State of Arizona Boundary,State of Arizona Boundary,A physical point geometry meeting a massive state boundary.,Level 3
"Near the Kazungula transit hub, the sovereign territories converge at a highly specific 150-meter micro-boundary precisely in the middle of the Zambezi River.",touches,Polygon,Polygon,Republic of Botswana,Republic of Botswana,Republic of Zambia,Republic of Zambia,"Two massive national polygons that meet at an incredibly tiny, almost microscopic linear boundary.",Level 4
The universally unclaimed territory and the fiercely disputed zone converge exclusively at a single zero-dimensional vertex located exactly at the 22nd parallel and 34th meridian.,touches,Polygon,Polygon,Bir Tawil,Bir Tawil,Hala'ib Triangle,Hala'ib Triangle,Two distinct administrative polygons that meet at exactly one mathematical coordinate without sharing any linear border.,Level 4
"The massive, rigid, concave structural masonry sits perfectly flush against the dynamic, fluid body of the massive reservoir.",touches,Polygon,Polygon,Hoover Dam Concrete Face,Hoover Dam Concrete Face,Lake Mead Water Volume,Lake Mead Water Volume,A physical 3D structural polygon sitting flush against a fluid environmental polygon.,Level 4
The physical stone marker sits precisely on the exact invisible boundary line separating the sovereign territory of Belgium and the Netherlands.,touches,Point,LineString,Baarle-Nassau Border Monument 214,Baarle-Nassau Border Monument 214,Belgian-Dutch Sovereignty Line,Belgian-Dutch Sovereignty Line,A 0D point geometry meeting the 1D boundary line of an international border.,Level 4
"The final coordinate of the physical track architecture terminates right at the outer edge of the customs jurisdiction, matching its perimeter flawlessly without dropping a single meter deeper.",touches,LineString,Polygon,Eurotunnel Terminal Boundary,Eurotunnel Terminal Boundary,French Maritime Customs Zone,French Maritime Customs Zone,The end node of a LineString geometry meeting the outer boundary of a Polygon.,Level 4
The physical bronze survey plaque converges precisely at the extreme southeastern tip of the desert state's geometric limits.,touches,Point,Polygon,Four Corners Monument,Four Corners Monument,State of Utah,State of Utah,A zero-dimensional node converging exactly at the extreme vertex of a massive state polygon.,Level 4
The geopolitical boundary severing the US and Russia cleanly converges with the global navigational time barrier right in the middle of the Bering Strait.,touches,LineString,LineString,Diomede Islands Maritime Border,Diomede Islands Maritime Border,International Date Line,International Date Line,A geopolitical line geometry cleanly meeting a global navigational line geometry.,Level 4
"The ancient defensive fortifications stand right at the municipal edge of the Italian capital's modern thoroughfares, creating a hard stop to Italian jurisdiction.",touches,Polygon,Polygon,Vatican City Masonry Walls,Vatican City Masonry Walls,City of Rome Streets,City of Rome Streets,A sovereign microstate wall meeting a city municipal polygon.,Level 4
The geopolitical demarcation barrier runs straight along the exact geometric midpoint of the wooden negotiating table located in the Joint Security Area.,touches,Polygon,LineString,Panmunjom T2 Conference Table,Panmunjom T2 Conference Table,Military Demarcation Line,Military Demarcation Line,A macro geopolitical line slicing the exact geometric center of a micro furniture polygon.,Level 4
The plunging veil of water sits exactly upon the international divide severing the two North American nations.,touches,Polygon,LineString,Niagara Falls Horseshoe,Niagara Falls Horseshoe,Canada-US Border,Canada-US Border,A natural feature polygon meeting an international boundary line.,Level 4
The isolated Washington state community hangs right off the mathematical survey coordinate dividing the North American continent.,touches,Polygon,LineString,Point Roberts Exclave,Point Roberts Exclave,49th Parallel North,49th Parallel North,An exclave polygon meeting a mathematical survey line.,Level 4
"The suspended steel architecture connects directly onto the rocky landmass of the northern California coastline, ceasing its span.",touches,LineString,Polygon,Golden Gate Bridge Northern Anchor,Golden Gate Bridge Northern Anchor,Marin Headlands,Marin Headlands,A bridge line geometry terminating at a landmass polygon boundary.,Level 4
A perfectly straight latitudinal survey boundary perfectly unites the two southwestern jurisdictions along a shared edge.,touches,Polygon,Polygon,State of Colorado,State of Colorado,State of New Mexico,State of New Mexico,Two state administrative polygons meeting at a geometric edge.,Level 4
The massive stone paving of the square sits flush against the bottom coordinates of the towering monument honoring the naval commander.,touches,Polygon,Point,Trafalgar Square Base,Trafalgar Square Base,Nelson's Column,Nelson's Column,A massive flat polygon meeting the geometric base point of a vertical monument.,Level 4
"The narrow transit corridor slices through the landscape, abutting the fragmented sovereign territories it creates.",touches,Polygon,MultiPolygon,Vennbahn Railway Right-of-Way,Vennbahn Railway Right-of-Way,German Micro-Enclaves,German Micro-Enclaves,A narrow transit polygon abutting highly fractured micro-enclave polygons.,Level 4
The high-speed rail line enters the earth directly where the massive mountain range meets the valley floor.,touches,Point,Polygon,Gotthard Base Tunnel North Portal,Gotthard Base Tunnel North Portal,Swiss Alps Geomorphic Base,Swiss Alps Geomorphic Base,A tunnel portal point abutting a complex geological polygon.,Level 4
The titanium orbital architectures converge perfectly in the vacuum of space to create a hermetic seal.,touches,Polygon,Polygon,International Space Station Docking Ring,International Space Station Docking Ring,SpaceX Crew Dragon Adapter,SpaceX Crew Dragon Adapter,Two orbital architecture polygons abutting to form a seal.,Level 4
"The severe drop-off of the oceanic trench meets the relatively flat, sprawling expanse of the deep ocean floor.",touches,Polygon,Polygon,Mariana Trench Geomorphic Lip,Mariana Trench Geomorphic Lip,Abyssal Plain,Abyssal Plain,Two massive submarine geomorphic polygons abutting at a severe drop-off.,Level 4
"Near the Kazungula Bridge, the sovereign territories of the Republic of Botswana and the Republic of Zambia converge at a highly specific 150-meter micro-boundary precisely in the middle of the Zambezi River.",touches,Polygon,Polygon,Republic of Botswana,Republic of Botswana,Republic of Zambia,Republic of Zambia,"Two massive national polygons that share an incredibly tiny, almost microscopic linear boundary along a river thalweg.",Level 4
"Near the Kazungula Bridge, the sovereign territories converge at a highly specific 150-meter micro-boundary precisely in the middle of the Zambezi River.",touches,Polygon,Polygon,Republic of Botswana,Republic of Botswana,Republic of Zambia,Republic of Zambia,"Two massive national polygons that meet at an incredibly tiny, almost microscopic linear boundary.",Level 4
The extreme physical geographical elevation point sits exactly flush against the mathematical geodesic line defining the international border separating the two Asian nations.,touches,Point,LineString,Mount Everest Summit,Mount Everest Summit,Nepal-China Border,Nepal-China Border,A physical extreme-elevation point geometry intersecting perfectly with an invisible boundary line.,Level 4
"The massive, rigid, concave structural masonry sits perfectly flush against the dynamic, fluid body of the massive reservoir.",touches,Polygon,Polygon,Hoover Dam Concrete Face,Hoover Dam Concrete Face,Lake Mead Water Volume,Lake Mead Water Volume,A physical 3D structural polygon sitting flush against a fluid environmental polygon.,Level 4
The physical stone marker sits precisely on the exact invisible boundary line separating the sovereign territory of Belgium and the Netherlands.,touches,Point,LineString,Baarle-Nassau Border Monument 214,Baarle-Nassau Border Monument 214,Belgian-Dutch Sovereignty Line,Belgian-Dutch Sovereignty Line,A 0D point geometry meeting the 1D boundary line of an international border.,Level 4
"The final coordinate of the physical track architecture terminates right at the outer edge of the customs jurisdiction, matching its perimeter flawlessly without dropping a single meter deeper.",touches,LineString,Polygon,Eurotunnel Terminal Boundary,Eurotunnel Terminal Boundary,French Maritime Customs Zone,French Maritime Customs Zone,The end node of a LineString geometry meeting the outer boundary of a Polygon.,Level 4
The physical bronze survey plaque converges precisely at the extreme southeastern tip of the desert state's geometric limits.,touches,Point,Polygon,Four Corners Monument,Four Corners Monument,State of Utah,State of Utah,A zero-dimensional node converging exactly at the extreme vertex of a massive state polygon.,Level 4
The geopolitical boundary severing the US and Russia cleanly converges with the global navigational time barrier right in the middle of the Bering Strait.,touches,LineString,LineString,Diomede Islands Maritime Border,Diomede Islands Maritime Border,International Date Line,International Date Line,A geopolitical line geometry cleanly meeting a global navigational line geometry.,Level 4
"The ancient defensive fortifications stand right at the municipal edge of the Italian capital's modern thoroughfares, creating a hard stop to Italian jurisdiction.",touches,Polygon,Polygon,Vatican City Masonry Walls,Vatican City Masonry Walls,City of Rome Streets,City of Rome Streets,A sovereign microstate wall meeting a city municipal polygon.,Level 4
The geopolitical demarcation barrier runs straight along the exact geometric midpoint of the wooden negotiating table located in the Joint Security Area.,touches,Polygon,LineString,Panmunjom T2 Conference Table,Panmunjom T2 Conference Table,Military Demarcation Line,Military Demarcation Line,A macro geopolitical line slicing the exact geometric center of a micro furniture polygon.,Level 4
The plunging veil of water sits exactly upon the international divide severing the two North American nations.,touches,Polygon,LineString,Niagara Falls Horseshoe,Niagara Falls Horseshoe,Canada-US Border,Canada-US Border,A natural feature polygon meeting an international boundary line.,Level 4
The isolated Washington state community hangs right off the mathematical survey coordinate dividing the North American continent.,touches,Polygon,LineString,Point Roberts Exclave,Point Roberts Exclave,49th Parallel North,49th Parallel North,An exclave polygon meeting a mathematical survey line.,Level 4
"The suspended steel architecture connects directly onto the rocky landmass of the northern California coastline, ceasing its span.",touches,LineString,Polygon,Golden Gate Bridge Northern Anchor,Golden Gate Bridge Northern Anchor,Marin Headlands,Marin Headlands,A bridge line geometry terminating at a landmass polygon boundary.,Level 4
A perfectly straight latitudinal survey boundary perfectly unites the two southwestern jurisdictions along a shared edge.,touches,Polygon,Polygon,State of Colorado,State of Colorado,State of New Mexico,State of New Mexico,Two state administrative polygons meeting at a geometric edge.,Level 4
The massive stone paving of the square sits flush against the bottom coordinates of the towering monument honoring the naval commander.,touches,Polygon,Point,Trafalgar Square Base,Trafalgar Square Base,Nelson's Column,Nelson's Column,A massive flat polygon meeting the geometric base point of a vertical monument.,Level 4
The universally unclaimed territory of Bir Tawil and the fiercely disputed Hala'ib Triangle converge exclusively at a single zero-dimensional vertex located at the intersection of the 22nd parallel north and the 34th meridian east.,touches,Polygon,Polygon,Bir Tawil,Bir Tawil,Hala'ib Triangle,Hala'ib Triangle,Two distinct administrative polygons that meet at exactly one mathematical coordinate without sharing any linear border.,Level 4
The highest physical geographical point of Mount Everest sits exactly flush against the mathematical geodesic line defining the international border between Nepal and China.,touches,Point,LineString,Mount Everest Summit,Mount Everest Summit,Nepal-China Border,Nepal-China Border,A physical extreme-elevation point geometry intersecting perfectly with an invisible geopolitical boundary line without traversing it.,Level 4
"Near the Kazungula transit hub, the sovereign territories converge at a highly specific 150-meter micro-boundary precisely in the middle of the Zambezi River.",touches,Polygon,Polygon,Republic of Botswana,Republic of Botswana,Republic of Zambia,Republic of Zambia,Two massive national polygons converging at an incredibly tiny linear abutment.,Level 5
The universally unclaimed territory and the fiercely disputed zone converge exclusively at a single zero-dimensional vertex located exactly at the 22nd parallel and 34th meridian.,touches,Polygon,Polygon,Bir Tawil,Bir Tawil,Hala'ib Triangle,Hala'ib Triangle,Two distinct administrative polygons meeting at exactly one mathematical coordinate without sharing any linear border.,Level 5
The extreme physical geographical elevation point sits perfectly flush against the mathematical geodesic line defining the international border separating the two Asian nations.,touches,Point,LineString,Mount Everest Summit,Mount Everest Summit,Nepal-China Border,Nepal-China Border,A physical extreme-elevation point geometry converging perfectly with an invisible boundary line.,Level 5
"The massive, rigid, concave structural masonry sits perfectly flush against the dynamic, fluid body of the sprawling reservoir.",touches,Polygon,Polygon,Hoover Dam Concrete Face,Hoover Dam Concrete Face,Lake Mead Water Volume,Lake Mead Water Volume,A physical 3D structural polygon sitting flush against a fluid environmental polygon.,Level 5
The physical stone marker sits precisely on the exact invisible boundary line separating the sovereign domains of Belgium and the Netherlands.,touches,Point,LineString,Baarle-Nassau Border Monument 214,Baarle-Nassau Border Monument 214,Belgian-Dutch Sovereignty Line,Belgian-Dutch Sovereignty Line,A zero-dimensional point geometry meeting the 1D boundary line of an international border.,Level 5
"The final coordinate of the physical track architecture terminates right at the outer edge of the customs jurisdiction, matching its perimeter flawlessly without dropping a single meter deeper.",touches,LineString,Polygon,Eurotunnel Terminal Boundary,Eurotunnel Terminal Boundary,French Maritime Customs Zone,French Maritime Customs Zone,The end node of a LineString geometry abutting the outer boundary of a Polygon.,Level 5
The physical bronze survey plaque converges precisely at the extreme southeastern tip of the desert state's geometric limits.,touches,Point,Polygon,Four Corners Monument,Four Corners Monument,State of Utah,State of Utah,A zero-dimensional node converging exactly at the extreme vertex of a massive state polygon.,Level 5
"The ancient defensive fortifications stand right at the municipal edge of the Italian capital's modern thoroughfares, creating a hard stop to Italian jurisdiction.",touches,Polygon,Polygon,Vatican City Masonry Walls,Vatican City Masonry Walls,City of Rome Streets,City of Rome Streets,A sovereign microstate wall abutting a city municipal polygon.,Level 5
The geopolitical demarcation barrier runs straight along the exact geometric midpoint of the wooden negotiating table located in the Joint Security Area.,touches,Polygon,LineString,Panmunjom T2 Conference Table,Panmunjom T2 Conference Table,Military Demarcation Line,Military Demarcation Line,A macro geopolitical line slicing the exact geometric center of a micro furniture polygon.,Level 5
The plunging veil of water sits exactly upon the international divide severing the two North American nations.,touches,Polygon,LineString,Niagara Falls Horseshoe,Niagara Falls Horseshoe,Canada-US Border,Canada-US Border,A natural feature polygon abutting an international boundary line.,Level 5
The isolated Washington state community hangs right off the mathematical survey coordinate dividing the North American continent.,touches,Polygon,LineString,Point Roberts Exclave,Point Roberts Exclave,49th Parallel North,49th Parallel North,An exclave polygon abutting a mathematical survey line.,Level 5
"The suspended steel architecture connects directly onto the rocky landmass of the northern California coastline, ceasing its span.",touches,LineString,Polygon,Golden Gate Bridge Northern Anchor,Golden Gate Bridge Northern Anchor,Marin Headlands,Marin Headlands,A bridge line geometry terminating at a landmass polygon boundary.,Level 5
A perfectly straight latitudinal survey boundary seamlessly unites the two southwestern jurisdictions along a shared edge.,touches,Polygon,Polygon,State of Colorado,State of Colorado,State of New Mexico,State of New Mexico,Two state administrative polygons meeting at a geometric edge.,Level 5
The massive stone paving of the square sits flush against the bottom coordinates of the towering monument honoring the naval commander.,touches,Polygon,Point,Trafalgar Square Base,Trafalgar Square Base,Nelson's Column,Nelson's Column,A massive flat polygon abutting the geometric base point of a vertical monument.,Level 5
"The narrow transit corridor slices through the landscape, abutting the fragmented sovereign territories it creates without entering them.",touches,Polygon,MultiPolygon,Vennbahn Railway Right-of-Way,Vennbahn Railway Right-of-Way,German Micro-Enclaves,German Micro-Enclaves,A narrow transit polygon abutting highly fractured micro-enclave polygons.,Level 5
The heavy steel doors protecting the agricultural bunker rest flush against the freezing winds whipping across the mountain's surface.,touches,Point,Polygon,Svalbard Global Seed Vault Portal,Svalbard Global Seed Vault Portal,Platåberget Mountain Exterior,Platåberget Mountain Exterior,An infrastructure portal point meeting the exterior environmental polygon.,Level 5
The high-speed rail line enters the earth directly where the massive mountain range converges with the valley floor.,touches,Point,Polygon,Gotthard Base Tunnel North Portal,Gotthard Base Tunnel North Portal,Swiss Alps Geomorphic Base,Swiss Alps Geomorphic Base,A tunnel portal point abutting a complex geological polygon.,Level 5
The titanium orbital architectures converge perfectly in the vacuum of space to create a hermetic seal.,touches,Polygon,Polygon,International Space Station Docking Ring,International Space Station Docking Ring,SpaceX Crew Dragon Adapter,SpaceX Crew Dragon Adapter,Two orbital architecture polygons abutting to form a seal.,Level 5
"The severe drop-off of the oceanic trench converges with the relatively flat, sprawling expanse of the deep ocean floor.",touches,Polygon,Polygon,Mariana Trench Geomorphic Lip,Mariana Trench Geomorphic Lip,Abyssal Plain,Abyssal Plain,Two massive submarine geomorphic polygons abutting at a severe drop-off.,Level 5
"The massive curved concrete wall of the Hoover Dam holds back the immense reservoir of Lake Mead, creating a continuous structural interface where the solid masonry meets the liquid body.",touches,Polygon,Polygon,Hoover Dam Concrete Face,Hoover Dam Concrete Face,Lake Mead,Lake Mead,The two structural geometries share a continuous 2D surface boundary interface without their internal volumes intruding into each other.,Level 5
The stone marker designated as Border Monument 214 sits precisely on the exact boundary line separating Belgium and the Netherlands.,touches,Point,LineString,Baarle-Nassau Border Monument 214,Baarle-Nassau Border Monument 214,Belgian-Dutch Sovereignty Line,Belgian-Dutch Sovereignty Line,A 0D point geometry intersects the 1D boundary line of the international border without traversing it.,Level 5
"Near the Kazungula transit hub, the sovereign territories converge at a highly specific 150-meter micro-boundary precisely in the middle of the Zambezi River.",touches,Polygon,Polygon,Republic of Botswana,Republic of Botswana,Republic of Zambia,Republic of Zambia,Two massive national polygons converging at an incredibly tiny linear abutment.,Level 5
The universally unclaimed territory and the fiercely disputed zone converge exclusively at a single zero-dimensional vertex located exactly at the 22nd parallel and 34th meridian.,touches,Polygon,Polygon,Bir Tawil,Bir Tawil,Hala'ib Triangle,Hala'ib Triangle,Two distinct administrative polygons meeting at exactly one mathematical coordinate without sharing any linear border.,Level 5
The extreme physical geographical elevation point sits perfectly flush against the mathematical geodesic line defining the international border separating the two Asian nations.,touches,Point,LineString,Mount Everest Summit,Mount Everest Summit,Nepal-China Border,Nepal-China Border,A physical extreme-elevation point geometry converging perfectly with an invisible boundary line.,Level 5
"The massive, rigid, concave structural masonry sits perfectly flush against the dynamic, fluid body of the sprawling reservoir.",touches,Polygon,Polygon,Hoover Dam Concrete Face,Hoover Dam Concrete Face,Lake Mead Water Volume,Lake Mead Water Volume,A physical 3D structural polygon sitting flush against a fluid environmental polygon.,Level 5
The physical stone marker sits precisely on the exact invisible boundary line separating the sovereign domains of Belgium and the Netherlands.,touches,Point,LineString,Baarle-Nassau Border Monument 214,Baarle-Nassau Border Monument 214,Belgian-Dutch Sovereignty Line,Belgian-Dutch Sovereignty Line,A zero-dimensional point geometry meeting the 1D boundary line of an international border.,Level 5
"The final coordinate of the physical track architecture terminates right at the outer edge of the customs jurisdiction, matching its perimeter flawlessly without dropping a single meter deeper.",touches,LineString,Polygon,Eurotunnel Terminal Boundary,Eurotunnel Terminal Boundary,French Maritime Customs Zone,French Maritime Customs Zone,The end node of a LineString geometry abutting the outer boundary of a Polygon.,Level 5
The physical bronze survey plaque converges precisely at the extreme southeastern tip of the desert state's geometric limits.,touches,Point,Polygon,Four Corners Monument,Four Corners Monument,State of Utah,State of Utah,A zero-dimensional node converging exactly at the extreme vertex of a massive state polygon.,Level 5
"The ancient defensive fortifications stand right at the municipal edge of the Italian capital's modern thoroughfares, creating a hard stop to Italian jurisdiction.",touches,Polygon,Polygon,Vatican City Masonry Walls,Vatican City Masonry Walls,City of Rome Streets,City of Rome Streets,A sovereign microstate wall abutting a city municipal polygon.,Level 5
The geopolitical demarcation barrier runs straight along the exact geometric midpoint of the wooden negotiating table located in the Joint Security Area.,touches,Polygon,LineString,Panmunjom T2 Conference Table,Panmunjom T2 Conference Table,Military Demarcation Line,Military Demarcation Line,A macro geopolitical line slicing the exact geometric center of a micro furniture polygon.,Level 5
The plunging veil of water sits exactly upon the international divide severing the two North American nations.,touches,Polygon,LineString,Niagara Falls Horseshoe,Niagara Falls Horseshoe,Canada-US Border,Canada-US Border,A natural feature polygon abutting an international boundary line.,Level 5
The isolated Washington state community hangs right off the mathematical survey coordinate dividing the North American continent.,touches,Polygon,LineString,Point Roberts Exclave,Point Roberts Exclave,49th Parallel North,49th Parallel North,An exclave polygon abutting a mathematical survey line.,Level 5
A perfectly straight latitudinal survey boundary seamlessly unites the two southwestern jurisdictions along a shared edge.,touches,Polygon,Polygon,State of Colorado,State of Colorado,State of New Mexico,State of New Mexico,Two state administrative polygons meeting at a geometric edge.,Level 5
The massive stone paving of the square sits flush against the bottom coordinates of the towering monument honoring the naval commander.,touches,Polygon,Point,Trafalgar Square Base,Trafalgar Square Base,Nelson's Column,Nelson's Column,A massive flat polygon abutting the geometric base point of a vertical monument.,Level 5
"The final coordinate of the Eurotunnel track architecture terminates right at the outer edge of the French Maritime Customs Zone, matching its perimeter flawlessly without dropping a single meter inside.",touches,LineString,Polygon,Eurotunnel Terminal Boundary,Eurotunnel Terminal Boundary,French Maritime Customs Zone,French Maritime Customs Zone,The end node of a LineString geometry meets the outer boundary of a Polygon without any internal spatial intrusion.,Level 5
"In the heart of Manhattan, the diagonal path of Broadway cuts directly over 5th Avenue right at 23rd Street.",crosses,LineString,LineString,Broadway,Broadway,5th Avenue,5th Avenue,Two street line geometries that intersect at a single interior node.,Level 1
The historic Route 66 highway bridges over the flowing waters of the Mississippi River via the Chain of Rocks structure.,crosses,LineString,LineString,Route 66,Route 66,Mississippi River,Mississippi River,A highway line intersects a river line at a specific crossing point.,Level 1
The famous Trans-Siberian Railway makes its way completely through the Ural Mountains to link Europe to Asia.,crosses,LineString,Polygon,Trans-Siberian Railway,Trans-Siberian Railway,Ural Mountains,Ural Mountains,A railway line passes through both the exterior and interior of a mountain range polygon.,Level 1
"In the heart of Manhattan, the diagonal path of Broadway cuts directly over 5th Avenue right at 23rd Street.",crosses,LineString,LineString,Broadway,Broadway,5th Avenue,5th Avenue,Two street line geometries intersecting at a single node.,Level 1
The historic Route 66 highway bridges over the flowing waters of the Mississippi River via the Chain of Rocks structure.,crosses,LineString,LineString,Route 66,Route 66,Mississippi River,Mississippi River,A highway line intersects a river line at a crossing point.,Level 1
Interstate 80 slices straight through the middle of Nebraska from east to west.,crosses,LineString,Polygon,Interstate 80,Interstate 80,State of Nebraska,State of Nebraska,A highway line geometry passing cleanly through a state polygon.,Level 1
The massive Amazon River flows straight through the northern half of Brazil before emptying into the ocean.,crosses,LineString,Polygon,Amazon River,Amazon River,Brazil,Brazil,A river line traversing a country polygon.,Level 1
The Nile River weaves its way directly through the barren deserts of Egypt.,crosses,LineString,Polygon,Nile River,Nile River,Egypt,Egypt,A river line intersecting the interior of a national polygon.,Level 1
The massive suspension bridge spans directly from one side of the San Francisco Bay to the other.,crosses,LineString,Polygon,Golden Gate Bridge,Golden Gate Bridge,San Francisco Bay,San Francisco Bay,A bridge line traversing over a water polygon.,Level 1
The imaginary line of the Prime Meridian drops straight through the western edge of France.,crosses,LineString,Polygon,Prime Meridian,Prime Meridian,France,France,An abstract mathematical line passing through a country polygon.,Level 1
The invisible line of the Equator travels straight through the heart of Kenya.,crosses,LineString,Polygon,The Equator,The Equator,Kenya,Kenya,A global latitude line traversing a national polygon.,Level 1
Interstate 5 runs continuously from the northern border of Oregon all the way through to the southern border.,crosses,LineString,Polygon,Interstate 5,Interstate 5,State of Oregon,State of Oregon,A highway passing completely through a state polygon.,Level 1
"The man-made waterway bridges the gap, slicing directly through the landmass of the Isthmus of Panama.",crosses,LineString,Polygon,Panama Canal,Panama Canal,Isthmus of Panama,Isthmus of Panama,A canal line traversing a landmass polygon.,Level 1
The Suez Canal cuts a path right through Egyptian territory to connect the two seas.,crosses,LineString,Polygon,Suez Canal,Suez Canal,Egypt,Egypt,A canal line traversing a national polygon.,Level 1
The rushing waters of the Colorado River carve a path straight down the center of the federal park.,crosses,LineString,Polygon,Colorado River,Colorado River,Grand Canyon National Park,Grand Canyon National Park,A river traversing a national park polygon.,Level 1
The underwater railway bores a path directly beneath the waters of the English Channel.,crosses,LineString,Polygon,Channel Tunnel,Channel Tunnel,English Channel,English Channel,A transit line passing through a maritime polygon.,Level 1
The massive highway slices straight through the middle of the midwestern state from east to west.,crosses,LineString,Polygon,Interstate 80,Interstate 80,State of Nebraska,State of Nebraska,A highway line geometry passing cleanly from one boundary of a state polygon to the other.,Level 1
The massive waterway flows entirely through the northern half of the South American nation before emptying into the ocean.,crosses,LineString,Polygon,Amazon River,Amazon River,Brazil,Brazil,A river line completely traversing a country polygon.,Level 1
The famous river navigates straight through the barren deserts of the African nation.,crosses,LineString,Polygon,Nile River,Nile River,Egypt,Egypt,A river line intersecting the interior of a national polygon.,Level 1
The legendary train tracks run completely through the massive territory of the Eurasian nation.,crosses,LineString,Polygon,Trans-Siberian Railway,Trans-Siberian Railway,Russia,Russia,A railway line passing completely through a massive country polygon.,Level 1
The major highway runs directly through the Pacific coast state from the northern border to the southern border.,crosses,LineString,Polygon,Interstate 5,Interstate 5,State of Oregon,State of Oregon,A highway passing completely through a state polygon.,Level 1
The rushing waters carve a deep path straight through the center of the federal preserve.,crosses,LineString,Polygon,Colorado River,Colorado River,Grand Canyon National Park,Grand Canyon National Park,A river line entirely traversing a national park polygon.,Level 1
The famous street intersects the iconic avenue right at 23rd Street in the heart of Manhattan.,crosses,LineString,LineString,Broadway,Broadway,5th Avenue,5th Avenue,Two street line geometries intersecting at a single node.,Level 1
The artificial waterway slices right through the Central American landmass.,crosses,LineString,Polygon,Panama Canal,Panama Canal,Isthmus of Panama,Isthmus of Panama,A canal line traversing a landmass polygon.,Level 1
The engineered waterway cuts a path straight through the desert sands of the nation.,crosses,LineString,Polygon,Suez Canal,Suez Canal,Egypt,Egypt,An artificial canal traversing a national polygon.,Level 1
The imaginary planetary latitude line traverses the heart of the African nation.,crosses,LineString,Polygon,Equator,Equator,Kenya,Kenya,A global latitude line traversing a national polygon.,Level 1
The imaginary global longitude line drops through the eastern edge of the Iberian nation.,crosses,LineString,Polygon,Prime Meridian,Prime Meridian,Spain,Spain,An abstract mathematical line passing through a country polygon.,Level 1
The massive highway drives right through the entire horizontal span of the southern state.,crosses,LineString,Polygon,Interstate 10,Interstate 10,State of Texas,State of Texas,A highway passing completely through a massive state polygon.,Level 1
The famous hiking path weaves right through the mountain ridges spanning the length of the state.,crosses,LineString,Polygon,Appalachian Trail,Appalachian Trail,State of Virginia,State of Virginia,A hiking trail line intersecting the interior of a state polygon.,Level 1
The massive river flows straight through the southern state before hitting the Gulf of Mexico.,crosses,LineString,Polygon,Mississippi River,Mississippi River,State of Louisiana,State of Louisiana,A river line traversing a state polygon.,Level 1
The high-speed train line passes completely through the northern countryside on its way to Paris.,crosses,LineString,Polygon,Eurostar Railway,Eurostar Railway,France,France,A railway line traversing a national polygon.,Level 1
The massive oil tube runs from the northern freezing slope straight down through the territory to the southern shipping port.,crosses,LineString,Polygon,Trans-Alaska Pipeline,Trans-Alaska Pipeline,State of Alaska,State of Alaska,An infrastructure line intersecting the interior of a state polygon.,Level 1
The major interstate slices right through the Great Plains located in the midwestern state.,crosses,LineString,Polygon,Interstate 90,Interstate 90,State of South Dakota,State of South Dakota,A highway line geometry passing cleanly through a state polygon.,Level 1
The legendary river flows directly through the center of the southwestern state.,crosses,LineString,Polygon,Rio Grande,Rio Grande,State of New Mexico,State of New Mexico,A natural river line entirely traversing a state polygon.,Level 1
The artificial waterway of the Panama Canal cuts completely through the Isthmus of Panama to link the Atlantic and Pacific oceans.,crosses,LineString,Polygon,Panama Canal,Panama Canal,Isthmus of Panama,Isthmus of Panama,A line geometry passes through both the exterior boundary and the interior area of a landmass polygon.,Level 2
The mathematical line of the Equator passes directly over several major islands of the Indonesian archipelago.,crosses,LineString,MultiPolygon,The Equator,The Equator,Indonesia,Indonesia,A global LineString boundary intersects the interior spaces of multiple polygons within an entity.,Level 2
The Channel Tunnel bores entirely under the seabed of the English Channel to link the United Kingdom and France.,crosses,LineString,Polygon,Channel Tunnel,Channel Tunnel,English Channel,English Channel,A transit line geometry traverses the spatial footprint of a maritime polygon.,Level 2
"The massive river flows straight out into the Gulf of Mexico, cutting a deep path directly down the eastern side of Louisiana.",crosses,LineString,Polygon,Mississippi River,Mississippi River,State of Louisiana,State of Louisiana,A river line traversing a state polygon.,Level 2
The massive oil pipeline runs from the northern freezing slope straight down to the southern shipping port.,crosses,LineString,Polygon,Trans-Alaska Pipeline,Trans-Alaska Pipeline,State of Alaska,State of Alaska,An infrastructure line intersecting the interior of a state polygon.,Level 2
The planetary latitudinal line cuts horizontally across the central desert regions of the Mexican nation.,crosses,LineString,Polygon,Tropic of Cancer,Tropic of Cancer,Mexico,Mexico,A global latitude line traversing a national polygon.,Level 2
The massive American highway drives directly through the entire horizontal span of the state from El Paso to Beaumont.,crosses,LineString,Polygon,Interstate 10,Interstate 10,State of Texas,State of Texas,A highway passing completely through a massive state polygon.,Level 2
The high-speed train line passes completely through the northern French countryside on its way to Paris.,crosses,LineString,Polygon,Eurostar Railway,Eurostar Railway,France,France,A railway line traversing a national polygon.,Level 2
"The subterranean transit line bores directly under the sea floor, bridging the gap from Dover to Calais.",crosses,LineString,Polygon,Chunnel,Chunnel,Strait of Dover,Strait of Dover,A tunnel line geometry passing through a maritime polygon.,Level 2
"The historic highway drives right through the arid, sun-baked sands of the California desert.",crosses,LineString,Polygon,Route 66,Route 66,Mojave Desert,Mojave Desert,A highway traversing an environmental polygon.,Level 2
The rushing waters of the Colorado River carve a continuous path straight down the center of the federal park.,crosses,LineString,Polygon,Colorado River,Colorado River,Grand Canyon National Park,Grand Canyon National Park,A river line completely traversing a national park polygon.,Level 2
The famous hiking path winds completely through the mountain ridges spanning the length of the state.,crosses,LineString,Polygon,Appalachian Trail,Appalachian Trail,State of Virginia,State of Virginia,A hiking trail line intersecting the interior of a state polygon.,Level 2
The imaginary longitudinal line drops straight through the eastern edge of the Spanish mainland.,crosses,LineString,Polygon,Prime Meridian,Prime Meridian,Spain,Spain,An abstract mathematical line passing through a country polygon.,Level 2
"The famous river flows right through the heart of the Sudanese capital city, dividing its urban districts.",crosses,LineString,Polygon,Nile River,Nile River,City of Khartoum,City of Khartoum,A river traversing a city polygon.,Level 2
Interstate 80 slices straight through the middle of the midwestern state from east to west.,crosses,LineString,Polygon,Interstate 80,Interstate 80,State of Nebraska,State of Nebraska,A highway line geometry passing cleanly through a state polygon.,Level 2
The artificial waterway of the Panama Canal cuts completely through the Isthmus of Panama to link the Atlantic and Pacific oceans.,crosses,LineString,Polygon,Panama Canal,Panama Canal,Isthmus of Panama,Isthmus of Panama,A line geometry passes through both the exterior boundary and the interior area of a landmass polygon.,Level 2
The mathematical line of the Equator passes directly over several major islands of the Indonesian archipelago.,crosses,LineString,MultiPolygon,The Equator,The Equator,Indonesia,Indonesia,A global LineString boundary intersects the interior spaces of multiple polygons within a MultiPolygon entity.,Level 2
The Channel Tunnel passes entirely under the waters of the English Channel to link the United Kingdom and France.,crosses,LineString,Polygon,Channel Tunnel,Channel Tunnel,English Channel,English Channel,The transit LineString geometry traverses the spatial footprint of the maritime Polygon.,Level 2
"The subterranean transit line bores directly under the sea floor, linking the two European nations.",crosses,LineString,Polygon,Chunnel,Chunnel,Strait of Dover,Strait of Dover,A tunnel line geometry passing through a maritime polygon.,Level 2
"The historic highway drives right through the arid, sun-baked sands of the California basin.",crosses,LineString,Polygon,Route 66,Route 66,Mojave Desert,Mojave Desert,A highway traversing an environmental polygon.,Level 2
The rushing waters carve a continuous path right through the massive red rock desert canyons of the state.,crosses,LineString,Polygon,Colorado River,Colorado River,State of Utah,State of Utah,A river line completely traversing a state polygon.,Level 2
"The famous hiking path winds completely through the dense, protected forest canopy of the federal park.",crosses,LineString,Polygon,Appalachian Trail,Appalachian Trail,Great Smoky Mountains National Park,Great Smoky Mountains National Park,A hiking trail line intersecting the interior of a national park polygon.,Level 2
"The famous waterway flows right through the heart of the Sudanese capital city, dividing its urban districts.",crosses,LineString,Polygon,Nile River,Nile River,City of Khartoum,City of Khartoum,A river traversing a city polygon.,Level 2
The highway geometry slices right through the high plains and mountainous terrain of the western state.,crosses,LineString,Polygon,Interstate 80,Interstate 80,State of Wyoming,State of Wyoming,A highway line geometry passing cleanly through a state polygon.,Level 2
The historic railway line slices completely through multiple continental nations on its journey to Istanbul.,crosses,LineString,Polygon,Orient Express Route,Orient Express Route,Europe,Europe,A railway line passing completely through a massive continental polygon.,Level 2
"The artificial waterway threads directly through the upstate region, linking the Great Lakes to the Hudson River.",crosses,LineString,Polygon,Erie Canal,Erie Canal,State of New York,State of New York,An artificial canal line traversing a state polygon.,Level 2
The global latitude line slices the freezing northern tundra regions of the massive North American nation.,crosses,LineString,Polygon,Arctic Circle,Arctic Circle,Canada,Canada,A global latitude line traversing a national polygon.,Level 2
The massive highway bores directly through the towering mountain peaks of the western state.,crosses,LineString,Polygon,Interstate 70,Interstate 70,State of Colorado,State of Colorado,A highway line intersecting the interior of a state polygon.,Level 2
The massive road network threads entirely through the massive province from east to west.,crosses,LineString,Polygon,Trans-Canada Highway,Trans-Canada Highway,Province of Ontario,Province of Ontario,A highway passing completely through a provincial polygon.,Level 2
The historic waterway snakes right through the center of the massive British metropolis.,crosses,LineString,Polygon,River Thames,River Thames,City of London,City of London,A river line traversing a city polygon.,Level 2
The massive geological trench cuts a wide swath directly through the African nation.,crosses,Polygon,Polygon,Great Rift Valley,Great Rift Valley,Kenya,Kenya,A geological trench polygon traversing a national polygon.,Level 2
"The massive European waterway flows directly through the heart of the nation, splitting its capital in two.",crosses,LineString,Polygon,Danube River,Danube River,Hungary,Hungary,A major river line entirely traversing a national polygon.,Level 2
The highway slices right through the northern desert plateau of the southwestern state.,crosses,LineString,Polygon,Interstate 40,Interstate 40,State of Arizona,State of Arizona,A highway line traversing a state polygon.,Level 2
The historic train tracks traverse the arid basin of the western state.,crosses,LineString,Polygon,Union Pacific Railroad,Union Pacific Railroad,State of Nevada,State of Nevada,A railway line passing through a massive state polygon.,Level 2
The global latitudinal line traverses the arid red center of the massive continent.,crosses,LineString,Polygon,Tropic of Capricorn,Tropic of Capricorn,Australia,Australia,An abstract planetary boundary line traversing a massive landmass polygon.,Level 2
"Interstate 684 runs mostly in New York, but briefly threads through a small section of western Connecticut before immediately heading back out.",crosses,LineString,Polygon,Interstate 684,Interstate 684,State of Connecticut,State of Connecticut,"A highway line geometry enters the exterior boundary of a state polygon, traverses its interior, and exits the exterior boundary.",Level 3
The subterranean Mont Blanc Tunnel bores a path straight through the subterranean projection of the alpine international boundary deep beneath the mountain.,crosses,LineString,LineString,Mont Blanc Tunnel,Mont Blanc Tunnel,French-Italian Border,French-Italian Border,A transport line geometry cuts directly across an international border line geometry.,Level 3
The New York highway briefly threads through a small section of the neighboring state before immediately heading back out.,crosses,LineString,Polygon,Interstate 684,Interstate 684,State of Connecticut,State of Connecticut,"A highway line geometry enters an exterior boundary, traverses the interior, and exits.",Level 3
"The rushing waters carve a continuous, winding path straight through the very center of the federal preserve.",crosses,LineString,Polygon,Colorado River,Colorado River,Grand Canyon National Park,Grand Canyon National Park,A natural river line entirely traversing a federal park polygon.,Level 3
The imaginary global navigational lines meet and project straight through each other at zero degrees in the Gulf of Guinea.,crosses,LineString,LineString,Prime Meridian,Prime Meridian,The Equator,The Equator,Two planet-spanning mathematical line geometries intersecting at exactly one point.,Level 3
The world's longest railway makes its way completely through the massive geological barrier linking Europe to Asia.,crosses,LineString,Polygon,Trans-Siberian Railway,Trans-Siberian Railway,Ural Mountains,Ural Mountains,A railway line passing through a massive mountain range polygon.,Level 3
The subterranean transit line bores entirely beneath the seabed from the French coastline all the way to the British side.,crosses,LineString,Polygon,Channel Tunnel,Channel Tunnel,English Channel,English Channel,A subterranean line completely traversing a maritime polygon footprint.,Level 3
The complex artificial waterway slices directly through the Central American landmass to connect two global oceans.,crosses,LineString,Polygon,Panama Canal,Panama Canal,Isthmus of Panama,Isthmus of Panama,An artificial canal line traversing a landmass polygon.,Level 3
The mathematical global latitude runs directly over the rugged geological peaks on the Australian continent.,crosses,LineString,Polygon,Tropic of Capricorn,Tropic of Capricorn,Great Dividing Range,Great Dividing Range,An abstract planetary line traversing a physical geological polygon.,Level 3
The historic American highway bridges a path completely over the flowing waters via the Chain of Rocks structure.,crosses,LineString,LineString,Route 66,Route 66,Mississippi River,Mississippi River,A highway line intersecting a major river line.,Level 3
The massive engineering project cuts a continuous path right through the desert sands to connect the Mediterranean and Red Seas.,crosses,LineString,Polygon,Suez Canal,Suez Canal,Egypt,Egypt,An artificial canal traversing a national polygon.,Level 3
The deep 3D transit line cuts a path across the vertical projection of the international border deep under the Alps.,crosses,LineString,LineString,Gotthard Base Tunnel,Gotthard Base Tunnel,Swiss-Italian International Border,Swiss-Italian International Border,A subterranean tunnel line intersecting an international boundary line.,Level 3
"The Belgian-owned transit corridor violently carves up the landscape, creating multiple micro-enclaves along its path.",crosses,LineString,Polygon,Vennbahn Railway,Vennbahn Railway,Germany,Germany,A transport line traversing an international border and structurally altering it.,Level 3
The massive steel tube plunges straight over the imaginary global latitude on its way down to the southern port of Valdez.,crosses,LineString,LineString,Trans-Alaska Pipeline,Trans-Alaska Pipeline,Arctic Circle,Arctic Circle,An infrastructure line intersecting a global latitudinal line.,Level 3
The New York highway briefly threads through a small section of the neighboring state before immediately heading back out.,crosses,LineString,Polygon,Interstate 684,Interstate 684,State of Connecticut,State of Connecticut,"A highway line geometry enters an exterior boundary, traverses the interior, and exits.",Level 3
The subterranean alpine tunnel bores a path straight through the vertical projection of the international boundary.,crosses,LineString,LineString,Mont Blanc Tunnel,Mont Blanc Tunnel,French-Italian Border,French-Italian Border,A subterranean transit line intersecting a vertical international border line.,Level 3
The imaginary global navigational lines meet and project straight through each other at zero degrees in the Gulf of Guinea.,crosses,LineString,LineString,Prime Meridian,Prime Meridian,The Equator,The Equator,Two planet-spanning mathematical line geometries intersecting at exactly one point.,Level 3
The world's longest railway makes its way completely through the massive geological barrier linking Europe to Asia.,crosses,LineString,Polygon,Trans-Siberian Railway,Trans-Siberian Railway,Ural Mountains,Ural Mountains,A railway line passing through a massive mountain range polygon.,Level 3
The deep 3D transit line cuts a path through the vertical projection of the international boundary deep under the Alps.,crosses,LineString,LineString,Gotthard Base Tunnel,Gotthard Base Tunnel,Swiss-Italian International Border,Swiss-Italian International Border,A subterranean tunnel line intersecting an international boundary line.,Level 3
"The Belgian-owned transit corridor violently carves up the landscape, slicing the international border multiple times.",crosses,LineString,Polygon,Vennbahn Railway,Vennbahn Railway,Federal Republic of Germany,Federal Republic of Germany,A transport line traversing an international border and structurally altering it.,Level 3
The massive steel tube plunges straight over the imaginary global latitude on its route to the southern port.,crosses,LineString,LineString,Trans-Alaska Pipeline,Trans-Alaska Pipeline,Arctic Circle,Arctic Circle,An infrastructure line intersecting a global latitudinal line.,Level 3
The navigable maritime route weaves a complex path straight through the fragmented southern archipelago.,crosses,LineString,Polygon,Magellan Strait,Magellan Strait,Tierra del Fuego,Tierra del Fuego,A maritime route traversing an archipelago polygon.,Level 3
The massive suspension structure bridges the gap directly over the turbulent tidal waters.,crosses,LineString,Polygon,Golden Gate Bridge,Golden Gate Bridge,San Francisco Bay,San Francisco Bay,A bridge line traversing over a water polygon.,Level 3
The hybrid engineering marvel bridges over and tunnels under the massive estuarine waters.,crosses,LineString,Polygon,Chesapeake Bay Bridge-Tunnel,Chesapeake Bay Bridge-Tunnel,Chesapeake Bay,Chesapeake Bay,A complex transit line geometry traversing a maritime polygon footprint.,Level 3
The artificial waterway completely pierces the massive geological ridge separating the global watersheds.,crosses,LineString,LineString,Panama Canal,Panama Canal,Continental Divide of the Americas,Continental Divide of the Americas,An artificial canal line intersecting a massive geological ridge line.,Level 3
The navigational meridian specifically diverts to slice right through the surrounding ocean to avoid splitting the islands.,crosses,LineString,MultiPolygon,International Date Line,International Date Line,Fiji,Fiji,A navigational line threading through a multi-polygon.,Level 3
"The massive transit architecture bores deep in the bedrock, threading directly under the national maritime jurisdiction.",crosses,LineString,Polygon,Eurotunnel Subterranean Tube,Eurotunnel Subterranean Tube,English Channel Maritime Zone,English Channel Maritime Zone,A subterranean line traversing a maritime polygon.,Level 3
The historic highway drives directly over the massive hydrological spine of North America.,crosses,LineString,LineString,Route 66,Route 66,Continental Divide,Continental Divide,A highway line intersecting a major geographical line.,Level 3
The massive suspension pylons hold the roadway directly over the turbulent shipping lanes connecting the two seas.,crosses,LineString,Polygon,Bosphorus Bridge,Bosphorus Bridge,Bosphorus Strait,Bosphorus Strait,A bridge line traversing a maritime strait polygon.,Level 3
"The massive Japanese rail transit tube bores deeply beneath the ocean floor, threading below the water volume.",crosses,LineString,Polygon,Seikan Tunnel,Seikan Tunnel,Tsugaru Strait,Tsugaru Strait,A subterranean transport line traversing an aquatic volumetric polygon.,Level 3
"The subterranean transit tubes bore deeply through the bedrock, piercing the invisible, vertically extruded geopolitical boundary.",crosses,LineString,LineString,PATH Train Tunnels,PATH Train Tunnels,New York-New Jersey State Line,New York-New Jersey State Line,A physical subterranean transit line cutting directly through an abstract border line.,Level 3
The subterranean transit line intersects the global longitude line deep beneath the ocean floor.,crosses,LineString,LineString,Channel Tunnel,Channel Tunnel,Prime Meridian,Prime Meridian,A subterranean transit line intersecting a global latitudinal line.,Level 3
"The massive highway weaves directly through the desolate, scorching arid basin.",crosses,LineString,Polygon,Interstate 15,Interstate 15,Mojave Desert,Mojave Desert,A highway traversing an environmental polygon.,Level 3
The desolate road network plows a brutal path directly through the massive sea of sand.,crosses,LineString,Polygon,Trans-Sahara Highway,Trans-Sahara Highway,Sahara Desert,Sahara Desert,A highway line completely traversing an environmental polygon.,Level 3
The navigable aqueduct physically carries the canal directly over and completely perpendicular to the flowing waters of the river below.,crosses,LineString,LineString,Magdeburg Water Bridge,Magdeburg Water Bridge,Elbe River,Elbe River,Two distinct waterway line geometries that intersect in a 2D matrix but are completely separated by physical engineering in 3D space.,Level 4
"The two globally defining cartographic lines converge at exactly one coordinate precisely located in the Gulf of Guinea, creating a singular topological node.",crosses,LineString,LineString,Prime Meridian,Prime Meridian,The Equator,The Equator,Two planet-spanning mathematical line geometries intersecting at exactly one point.,Level 4
"The subterranean transit tubes bore deeply through the bedrock, piercing the invisible, vertically extruded geopolitical boundary separating the two states.",crosses,LineString,LineString,PATH Train Tunnels,PATH Train Tunnels,New York-New Jersey State Line,New York-New Jersey State Line,"A physical, subterranean transit line cutting directly through an abstract border line.",Level 4
"The Belgian-owned transit corridor violently carves up the landscape, piercing the international border multiple times and creating five sovereign enclaves.",crosses,LineString,Polygon,Vennbahn Railway,Vennbahn Railway,Federal Republic of Germany,Federal Republic of Germany,A highly complex transport line geometry traversing an international border and structurally altering it.,Level 4
"The purely mathematical planetary latitude silently slices the rugged, physical geological boundary of the Australian mountain peaks.",crosses,LineString,Polygon,Tropic of Capricorn,Tropic of Capricorn,Great Dividing Range,Great Dividing Range,An abstract planetary boundary line traversing a physical geological polygon.,Level 4
"The complex artificial waterway slices directly through the Central American landmass, bridging the gap between two global oceans.",crosses,LineString,Polygon,Panama Canal,Panama Canal,Isthmus of Panama,Isthmus of Panama,An artificial canal line traversing a massive landmass polygon.,Level 4
The deep 3D transit line cuts a path through the vertical projection of the international boundary deep under the Alpine bedrock.,crosses,LineString,LineString,Gotthard Base Tunnel,Gotthard Base Tunnel,Swiss-Italian International Border,Swiss-Italian International Border,A subterranean tunnel line intersecting an international boundary line.,Level 4
The historic American highway bridges a path completely over the flowing waters via the historic Chain of Rocks structure.,crosses,LineString,LineString,Route 66,Route 66,Mississippi River,Mississippi River,A highway line intersecting a major river line.,Level 4
The legendary hiking path weaves a route directly over the historical survey boundary severing the northern and southern states.,crosses,LineString,LineString,Appalachian Trail,Appalachian Trail,Mason-Dixon Line,Mason-Dixon Line,A physical hiking trail line intersecting a historical boundary line.,Level 4
"The massive engineering project cuts a continuous path right through the desert sands, breaking the national landmass to connect two seas.",crosses,LineString,Polygon,Suez Canal,Suez Canal,Egypt,Egypt,An artificial canal traversing a national polygon.,Level 4
The massive steel tube plunges straight over the imaginary global latitude on its route down to the southern ice-free port.,crosses,LineString,LineString,Trans-Alaska Pipeline,Trans-Alaska Pipeline,Arctic Circle,Arctic Circle,An infrastructure line intersecting a global latitudinal line.,Level 4
A plane taking off from the frozen runway flies in a tight arc that slices through every single meridian converging at the geographic pole.,crosses,LineString,MultiLineString,Amundsen-Scott South Pole Station Ski Way,Amundsen-Scott South Pole Station Ski Way,All 360 Meridians of Longitude,All 360 Meridians of Longitude,A local transit LineString intersecting a planet-spanning MultiLineString network.,Level 4
The zig-zagging navigational path sweeps directly through the center of the frigid maritime zone to separate two distinct calendar days.,crosses,LineString,Polygon,International Date Line,International Date Line,Chukchi Sea Maritime Zone,Chukchi Sea Maritime Zone,An abstract global line geometry traversing a large maritime polygon.,Level 4
The navigable aqueduct of the Magdeburg Water Bridge physically carries the Elbe-Havel Canal directly over and completely perpendicular to the flowing waters of the Elbe River below.,crosses,LineString,LineString,Magdeburg Water Bridge,Magdeburg Water Bridge,Elbe River,Elbe River,Two distinct waterway line geometries that intersect in a 2D topological matrix but are completely separated by physical engineering in 3D space.,Level 4
"The Prime Meridian and the Equator, two globally defining cartographic lines, converge at exactly one coordinate precisely located in the Gulf of Guinea, creating a singular topological node.",crosses,LineString,LineString,Prime Meridian,Prime Meridian,The Equator,The Equator,"Two planet-spanning, invisible mathematical line geometries that intersect at exactly one fundamental point.",Level 4
"The subterranean PATH train tunnels bore deeply through the bedrock of the Hudson River, piercing the invisible, vertically extruded geopolitical boundary separating New York and New Jersey.",crosses,LineString,LineString,PATH Train Tunnels,PATH Train Tunnels,New York-New Jersey State Line,New York-New Jersey State Line,"A physical, subterranean transit line geometry cutting directly through an abstract, aquatic border line geometry.",Level 4
A plane taking off from the frozen runway flies in a tight arc that slices through every single meridian converging at the pole.,crosses,LineString,MultiLineString,Amundsen-Scott South Pole Station Ski Way,Amundsen-Scott South Pole Station Ski Way,All 360 Meridians of Longitude,All 360 Meridians of Longitude,A local transit LineString intersecting a planet-spanning MultiLineString network.,Level 4
The zig-zagging navigational path sweeps directly through the center of the frigid maritime zone to separate two distinct calendar days.,crosses,LineString,Polygon,International Date Line,International Date Line,Chukchi Sea Maritime Zone,Chukchi Sea Maritime Zone,An abstract global line geometry traversing a large maritime polygon.,Level 4
"The invisible global latitude slices directly over the winding, massive South American waterway near Macapa.",crosses,LineString,LineString,Equator,Equator,Amazon River,Amazon River,A planetary line geometry intersecting a physical river line geometry.,Level 4
"The massive rail line bridges directly over the freezing, massive Siberian waterway.",crosses,LineString,LineString,Trans-Siberian Railway,Trans-Siberian Railway,Ob River,Ob River,A massive industrial rail artery intersecting a freezing river line.,Level 4
"The subterranean transit line bores entirely beneath the seabed, charting a course directly through the 3D projection of the legal perimeter.",crosses,LineString,Polygon,Channel Tunnel,Channel Tunnel,French Maritime Customs Zone,French Maritime Customs Zone,A subterranean line traversing a legal polygon footprint in 3D space.,Level 4
The massive eastern highway drives directly over the historical survey boundary severing the northern and southern states.,crosses,LineString,LineString,Interstate 95,Interstate 95,Mason-Dixon Line,Mason-Dixon Line,A physical highway line intersecting a historical boundary line.,Level 4
"The purely mathematical planetary latitude silently slices the rugged, physical geological boundary of the Australian mountain peaks.",crosses,LineString,Polygon,Tropic of Capricorn,Tropic of Capricorn,Great Dividing Range,Great Dividing Range,An abstract planetary boundary line traversing a physical geological polygon.,Level 4
"The massive steel tube bridges directly over the rushing, icy waters of the massive northern waterway.",crosses,LineString,LineString,Trans-Alaska Pipeline,Trans-Alaska Pipeline,Yukon River,Yukon River,An infrastructure line intersecting a major river line.,Level 4
"The massive engineering project cuts a continuous path right through the desert sands, severing the landmass to connect two seas.",crosses,LineString,Polygon,Suez Canal,Suez Canal,Sinai Peninsula,Sinai Peninsula,An artificial canal traversing a massive peninsula polygon.,Level 4
"The imaginary global longitude drops exactly vertically, slicing right over the winding waters of the historic British river.",crosses,LineString,LineString,Prime Meridian,Prime Meridian,River Thames,River Thames,An abstract global line intersecting a physical river line.,Level 4
"The deep 3D transit line cuts a path through the subterranean bedrock, threading right beneath the massive hydrological drainage basin.",crosses,LineString,Polygon,Gotthard Base Tunnel,Gotthard Base Tunnel,Rhine River Watershed,Rhine River Watershed,A subterranean tunnel traversing a massive hydrological drainage polygon.,Level 4
The historic American highway bridges a path completely over the flowing waters via a dedicated structural span.,crosses,LineString,LineString,Route 66,Route 66,Colorado River,Colorado River,A physical highway line intersecting a physical river line.,Level 4
The legendary hiking path weaves a route directly over the historical river via a dedicated footbridge.,crosses,LineString,LineString,Appalachian Trail,Appalachian Trail,Potomac River,Potomac River,A physical hiking trail line intersecting a physical river line.,Level 4
"The massive road network threads entirely through the exposed, ancient Precambrian geological bedrock.",crosses,LineString,Polygon,Trans-Canada Highway,Trans-Canada Highway,Canadian Shield,Canadian Shield,A highway passing completely through a massive geological polygon.,Level 4
The massive highway weaves directly over the massive hydrological spine of the North American continent.,crosses,LineString,LineString,Interstate 80,Interstate 80,Continental Divide,Continental Divide,A physical highway line intersecting a major geographical line.,Level 4
"The dirt road cuts a brutal path straight through the dense jungle, bridging over the massive tributary.",crosses,LineString,LineString,Trans-Amazonian Highway,Trans-Amazonian Highway,Xingu River,Xingu River,A highway line intersecting a massive river line.,Level 4
The planetary latitudinal line intersects the northward flowing waters of the ancient African river.,crosses,LineString,LineString,Tropic of Cancer,Tropic of Cancer,Nile River,Nile River,A global latitudinal line intersecting a major river line.,Level 4
The invisible global latitude slices directly over the northern surface waters of the massive African freshwater basin.,crosses,LineString,Polygon,Equator,Equator,Lake Victoria,Lake Victoria,A planetary line traversing a massive lake polygon.,Level 4
The imaginary longitudinal line drops vertically right through the turbulent maritime waters separating Britain and France.,crosses,LineString,Polygon,Prime Meridian,Prime Meridian,English Channel,English Channel,An abstract global line traversing a maritime polygon.,Level 4
The navigable aqueduct physically carries the canal directly over and completely perpendicular to the flowing waters of the river below.,crosses,LineString,LineString,Magdeburg Water Bridge,Magdeburg Water Bridge,Elbe River,Elbe River,Two distinct waterway line geometries that intersect in a 2D matrix but are completely separated by physical engineering in 3D space.,Level 5
"The two globally defining cartographic lines converge at exactly one coordinate precisely located in the Gulf of Guinea, creating a singular topological node.",crosses,LineString,LineString,Prime Meridian,Prime Meridian,The Equator,The Equator,Two planet-spanning mathematical line geometries intersecting at exactly one point.,Level 5
"The subterranean transit tubes bore deeply through the bedrock, piercing the invisible, vertically extruded geopolitical boundary separating the two states.",crosses,LineString,LineString,PATH Train Tunnels,PATH Train Tunnels,New York-New Jersey State Line,New York-New Jersey State Line,"A physical, subterranean transit line slicing directly through an abstract border line.",Level 5
"The Belgian-owned transit corridor violently carves up the landscape, piercing the international border multiple times and creating five sovereign enclaves.",crosses,LineString,Polygon,Vennbahn Railway,Vennbahn Railway,Federal Republic of Germany,Federal Republic of Germany,A highly complex transport line geometry traversing an international border and structurally altering it.,Level 5
"The purely mathematical planetary latitude silently slices the rugged, physical geological boundary of the Australian mountain peaks.",crosses,LineString,Polygon,Tropic of Capricorn,Tropic of Capricorn,Great Dividing Range,Great Dividing Range,An abstract planetary boundary line traversing a physical geological polygon.,Level 5
"The subterranean transit line bores entirely beneath the seabed, charting a course from the French coastline straight through to the British side.",crosses,LineString,Polygon,Channel Tunnel,Channel Tunnel,English Channel Maritime Zone,English Channel Maritime Zone,A subterranean line completely traversing a maritime polygon footprint.,Level 5
The deep 3D transit line cuts a path through the vertical projection of the international boundary deep under the Alpine bedrock.,crosses,LineString,LineString,Gotthard Base Tunnel,Gotthard Base Tunnel,Swiss-Italian International Border,Swiss-Italian International Border,A subterranean tunnel line intersecting an international boundary line.,Level 5
The historic American highway bridges a path completely over the flowing waters via the historic Chain of Rocks structure.,crosses,LineString,LineString,Route 66,Route 66,Mississippi River,Mississippi River,A highway line intersecting a major river line.,Level 5
The legendary hiking path weaves a route directly over the historical survey boundary severing the northern and southern states.,crosses,LineString,LineString,Appalachian Trail,Appalachian Trail,Mason-Dixon Line,Mason-Dixon Line,A physical hiking trail line intersecting a historical boundary line.,Level 5
"The massive engineering project cuts a continuous path right through the desert sands, breaking the national landmass to connect two seas.",crosses,LineString,Polygon,Suez Canal,Suez Canal,Egypt,Egypt,An artificial canal traversing a national polygon.,Level 5
The massive steel tube plunges straight over the imaginary global latitude on its route down to the southern ice-free port.,crosses,LineString,LineString,Trans-Alaska Pipeline,Trans-Alaska Pipeline,Arctic Circle,Arctic Circle,An infrastructure line intersecting a global latitudinal line.,Level 5
A plane taking off from the frozen runway flies in a tight arc that slices through every single meridian converging at the geographic pole.,crosses,LineString,MultiLineString,Amundsen-Scott South Pole Station Ski Way,Amundsen-Scott South Pole Station Ski Way,All 360 Meridians of Longitude,All 360 Meridians of Longitude,A local transit LineString intersecting a planet-spanning MultiLineString network.,Level 5
The zig-zagging navigational path sweeps directly through the center of the frigid maritime zone to sever two distinct calendar days.,crosses,LineString,Polygon,International Date Line,International Date Line,Chukchi Sea Maritime Zone,Chukchi Sea Maritime Zone,An abstract global line geometry traversing a large maritime polygon.,Level 5
The zig-zagging navigational path of the International Date Line sweeps directly through the center of the Chukchi Sea Maritime Zone to separate two distinct calendar days.,crosses,LineString,Polygon,International Date Line,International Date Line,Chukchi Sea Maritime Zone,Chukchi Sea Maritime Zone,An abstract global line geometry intersects both the exterior and interior coordinates of a large maritime polygon.,Level 5
A plane taking off from the Amundsen-Scott South Pole Station ski way flies in a tight arc that slices through every single meridian of longitude converging at the geographic pole.,crosses,LineString,MultiLineString,Amundsen-Scott South Pole Station Ski Way,Amundsen-Scott South Pole Station Ski Way,All 360 Meridians of Longitude,All 360 Meridians of Longitude,A local transit LineString intersects a planet-spanning MultiLineString network at a zero-dimensional topological point.,Level 5
"The engineered aquatic trajectory is suspended in mid-air, slicing exactly perpendicular to the natural aquatic trajectory far below it.",crosses,LineString,LineString,Magdeburg Water Bridge Canal Flow,Magdeburg Water Bridge Canal Flow,Elbe River Current,Elbe River Current,Two distinct waterway line geometries intersecting in a 2D matrix but completely separated in 3D space.,Level 5
"The theoretical geodetic longitude plummets completely perpendicular to the geodetic latitude, intersecting at a singular mathematical zero-dimensional node.",crosses,LineString,LineString,WGS84 Prime Meridian,WGS84 Prime Meridian,WGS84 Equator,WGS84 Equator,Two planet-spanning mathematical line geometries intersecting at exactly one point.,Level 5
"The steel transit tubes bore horizontally through the bedrock crust, piercing the invisible vertical geopolitical plane separating the two administrative domains.",crosses,LineString,LineString,Subterranean PATH Train Trajectory,Subterranean PATH Train Trajectory,Geopolitical State Border Extrusion,Geopolitical State Border Extrusion,A physical subterranean transit line slicing directly through an abstract vertical border line.,Level 5
"The narrow, foreign-owned transit ribbon violently slices the landscape, severing the host nation's soil multiple times and spawning five isolated enclaves.",crosses,Polygon,Polygon,Vennbahn Railway Legal Footprint,Vennbahn Railway Legal Footprint,German Sovereign Territory,German Sovereign Territory,A highly complex transport polygon traversing an international border and structurally altering it.,Level 5
"The purely mathematical planetary plane silently penetrates the rugged, tangible geological ridges of the Australian topography.",crosses,LineString,Polygon,Abstract Tropic of Capricorn,Abstract Tropic of Capricorn,Physical Great Dividing Range,Physical Great Dividing Range,An abstract planetary boundary line traversing a physical geological polygon.,Level 5
"The subterranean engineering marvel threads deep beneath the ocean floor, piercing the 3D vertical projection of the nation's customs perimeter.",crosses,LineString,Polygon,Sub-Seabed Chunnel Transit Line,Sub-Seabed Chunnel Transit Line,French Maritime Legal Zone,French Maritime Legal Zone,A subterranean line completely traversing a maritime polygon footprint in 3D space.,Level 5
"The engineered maritime shortcut brutally pierces the massive, natural hydrological spine separating the watersheds of the Americas.",crosses,LineString,LineString,Artificial Panama Canal Trench,Artificial Panama Canal Trench,Continental Divide Geological Ridge,Continental Divide Geological Ridge,An artificial canal line intersecting a massive geological ridge line.,Level 5
"The iconic American pavement elevates via a steel truss structure, slicing cleanly over the rushing, massive water currents.",crosses,LineString,LineString,Historic Route 66 Asphalt,Historic Route 66 Asphalt,Mississippi River Hydrological Flow,Mississippi River Hydrological Flow,A physical highway line intersecting a physical river line in 3D space.,Level 5
The legendary pedestrian trail weaves a meandering trajectory completely over the invisible historical survey vector that severed the republic.,crosses,LineString,LineString,Appalachian Footpath,Appalachian Footpath,Mason-Dixon Survey Line,Mason-Dixon Survey Line,A physical hiking trail line intersecting a historical boundary line.,Level 5
"The colossal maritime engineering project carves a continuous gouge right through the arid sands, fracturing the massive peninsula to link the oceans.",crosses,LineString,Polygon,Artificial Suez Canal Trench,Artificial Suez Canal Trench,Sinai Desert Landmass,Sinai Desert Landmass,An artificial canal traversing a massive peninsula polygon.,Level 5
The elevated steel petroleum artery plunges straight over the imaginary global planetary ring on its route to the ice-free port.,crosses,LineString,LineString,Trans-Alaska Oil Pipeline,Trans-Alaska Oil Pipeline,Abstract Arctic Circle Latitude,Abstract Arctic Circle Latitude,An infrastructure line intersecting a global latitudinal line.,Level 5
"The ascending aircraft banks in a tight arc, sequentially slicing through every single invisible global longitude line radiating from the planetary axis.",crosses,LineString,MultiLineString,South Pole Station Flight Path,South Pole Station Flight Path,Convergence of 360 Meridians,Convergence of 360 Meridians,A local transit LineString intersecting a planet-spanning MultiLineString network.,Level 5
"The jagged chronological demarcation path sweeps directly through the center of the frigid legal zone, severing two distinct calendar epochs.",crosses,LineString,Polygon,Navigational International Date Line,Navigational International Date Line,Chukchi Sea Legal Boundary,Chukchi Sea Legal Boundary,An abstract global line geometry traversing a large maritime polygon.,Level 5
"The invisible global center-line slices completely over the massive, winding South American hydrological network near the coastal delta.",crosses,LineString,Polygon,Abstract Geodetic Equator,Abstract Geodetic Equator,Physical Amazon River Basin,Physical Amazon River Basin,A planetary line geometry traversing a major river basin polygon.,Level 5
"The massive industrial rail artery bridges directly over the freezing, massive Siberian hydrological currents.",crosses,LineString,LineString,Trans-Siberian Steel Rail,Trans-Siberian Steel Rail,Ob River Ice Flow,Ob River Ice Flow,A massive industrial rail line intersecting a freezing river line.,Level 5
"The imaginary global zero-longitude drops perfectly vertically, slicing exactly perpendicular over the winding waters of the historic British waterway.",crosses,LineString,LineString,Abstract Geodetic Prime Meridian,Abstract Geodetic Prime Meridian,Physical River Thames Current,Physical River Thames Current,An abstract global line intersecting a physical river line.,Level 5
The massive eastern automotive artery drives directly over the invisible colonial survey vector severing the northern and southern jurisdictions.,crosses,LineString,LineString,Interstate 95 Asphalt,Interstate 95 Asphalt,Mason-Dixon Historical Boundary,Mason-Dixon Historical Boundary,A physical highway line intersecting a historical boundary line.,Level 5
"The massive continental road network threads its asphalt trajectory entirely through the exposed, ancient geological bedrock of the north.",crosses,LineString,Polygon,Trans-Canada Highway Ribbon,Trans-Canada Highway Ribbon,Precambrian Canadian Shield,Precambrian Canadian Shield,A highway passing completely through a massive geological polygon.,Level 5
The planetary latitudinal plane intersects the northward-flowing currents of the ancient African hydrological lifeline.,crosses,LineString,LineString,Abstract Tropic of Cancer,Abstract Tropic of Cancer,Physical Nile River Flow,Physical Nile River Flow,A global latitudinal line intersecting a major river line.,Level 5
Australia and Canada are massive nations located thousands of miles apart on entirely different sides of the globe.,disjoint,Polygon,Polygon,Australia,Australia,Canada,Canada,Two country polygons located on completely different continents with no shared points.,Level 1
"London is a major financial hub in Europe, whereas New York City sits far across the Atlantic Ocean in North America.",disjoint,Polygon,Polygon,City of London,City of London,New York City,New York City,Two distant city polygons that have absolutely no spatial intersection.,Level 1
"Interstate 90 runs completely across the northern tier of the US, while Interstate 10 spans the extreme southern regions, leaving a vast geographic distance between them.",disjoint,LineString,LineString,Interstate 90,Interstate 90,Interstate 10,Interstate 10,Two highway line geometries separated by thousands of miles with no crossing nodes.,Level 1
Australia and Canada are massive nations located thousands of miles apart on entirely different sides of the globe.,disjoint,Polygon,Polygon,Australia,Australia,Canada,Canada,Two country polygons located on completely different continents sharing zero points.,Level 1
"London is a major financial hub in Europe, whereas New York City sits separated by the massive Atlantic Ocean in North America.",disjoint,Polygon,Polygon,City of London,City of London,New York City,New York City,Two distant city polygons that have absolutely no spatial intersection.,Level 1
The island nation of Japan is positioned completely removed from the South American nation of Brazil by vast planetary distances.,disjoint,Polygon,Polygon,Japan,Japan,Brazil,Brazil,Countries separated by vast oceans and continents.,Level 1
"Interstate 90 runs exclusively in the northern tier of the US, while Interstate 10 spans the extreme southern regions, leaving a massive geographic distance between them.",disjoint,LineString,LineString,Interstate 90,Interstate 90,Interstate 10,Interstate 10,Two highway line geometries separated by thousands of miles.,Level 1
"Iceland sits in the freezing North Atlantic, far away from the tropical island of Madagascar in the Indian Ocean.",disjoint,Polygon,Polygon,Iceland,Iceland,Madagascar,Madagascar,Two island polygons separated by extreme global distance.,Level 1
"The tropical islands of Hawaii sit in the deep Pacific, totally physically isolated from the midwestern plains of Ohio.",disjoint,MultiPolygon,Polygon,State of Hawaii,State of Hawaii,State of Ohio,State of Ohio,A state island chain and a landlocked state sharing no points.,Level 1
The French capital and the Japanese capital are physically severed by the massive landmass of Eurasia.,disjoint,Polygon,Polygon,City of Paris,City of Paris,City of Tokyo,City of Tokyo,Two cities physically separated by thousands of miles.,Level 1
"The Rocky Mountains are a prominent feature of North America, keeping a massive geographic gap from the Alps in Europe.",disjoint,Polygon,Polygon,Rocky Mountains,Rocky Mountains,The Alps,The Alps,Two mountain range polygons on different continents.,Level 1
The vast waters of the Pacific Ocean never mix with the enclosed basin of the Mediterranean.,disjoint,Polygon,Polygon,Pacific Ocean,Pacific Ocean,Mediterranean Sea,Mediterranean Sea,Two massive bodies of water completely separated by land.,Level 1
"Sitting at the tip of the African continent, South Africa shares no land whatsoever with the northern expanse of Russia.",disjoint,Polygon,Polygon,South Africa,South Africa,Russia,Russia,Two countries separated by multiple continents.,Level 1
"New Zealand sits near the Antarctic, completely separated from the icy landmass of Greenland near the Arctic.",disjoint,Polygon,Polygon,New Zealand,New Zealand,Greenland,Greenland,Two island polygons at opposite ends of the earth.,Level 1
"Florida sits in the extreme southeast corner of the country, miles away from the extreme northwest corner where Washington sits.",disjoint,Polygon,Polygon,State of Florida,State of Florida,State of Washington,State of Washington,Two states at opposite ends of a country.,Level 1
"The River Thames flows through England, sharing no waters at all with the American Mississippi River.",disjoint,LineString,LineString,River Thames,River Thames,Mississippi River,Mississippi River,Two river line geometries on different continents.,Level 1
The South American nation of Argentina is completely isolated geographically from the Scandinavian nation of Norway.,disjoint,Polygon,Polygon,Argentina,Argentina,Norway,Norway,Countries separated by oceans and hemispheres.,Level 1
The arid African sands are physically removed from the dense South American jungles by the Atlantic Ocean.,disjoint,Polygon,Polygon,Sahara Desert,Sahara Desert,Amazon Rainforest,Amazon Rainforest,Two environmental polygons separated by a massive ocean.,Level 1
The cold northeastern state is completely cut off from the southwestern desert state by thousands of miles of American heartland.,disjoint,Polygon,Polygon,State of Maine,State of Maine,State of Arizona,State of Arizona,Two states located on opposite ends of a continental landmass.,Level 1
The famous African waterway maintains absolute geographic separation from the massive Asian river.,disjoint,LineString,LineString,Nile River,Nile River,Yellow River,Yellow River,Two major river geometries on completely different continents.,Level 1
The Australian coastal hub and the South African port are separated by the massive expanse of the Indian Ocean.,disjoint,Polygon,Polygon,City of Sydney,City of Sydney,City of Cape Town,City of Cape Town,Two distant coastal cities sharing absolutely no spatial area.,Level 1
The British Isles and the Kiwi islands sit at nearly perfectly opposite ends of the planetary sphere.,disjoint,Polygon,Polygon,United Kingdom,United Kingdom,New Zealand,New Zealand,Two island nations geographically completely severed from one another.,Level 1
"London is a major financial hub in Europe, whereas New York City sits far across the Atlantic Ocean in North America.",disjoint,Polygon,Polygon,City of London,City of London,New York City,New York City,Two distant city polygons that have absolutely no spatial intersection.,Level 1
The island nation of Japan is positioned completely across the planet from the South American nation of Brazil.,disjoint,Polygon,Polygon,Japan,Japan,Brazil,Brazil,Countries separated by vast oceans and continents.,Level 1
"Interstate 90 runs completely across the northern tier of the US, while Interstate 10 spans the extreme southern regions, leaving a vast geographic distance between them.",disjoint,LineString,LineString,Interstate 90,Interstate 90,Interstate 10,Interstate 10,Two highway line geometries separated by thousands of miles.,Level 1
"Iceland sits in the freezing North Atlantic, far away from the tropical island of Madagascar in the Indian Ocean.",disjoint,Polygon,Polygon,Iceland,Iceland,Madagascar,Madagascar,Two island polygons separated by extreme global distance.,Level 1
"The tropical islands of Hawaii sit in the deep Pacific, nowhere near the midwestern plains of Ohio.",disjoint,MultiPolygon,Polygon,State of Hawaii,State of Hawaii,State of Ohio,State of Ohio,A state island chain and a landlocked state sharing no points.,Level 1
"The Rocky Mountains are a prominent feature of North America, keeping a massive distance from the Alps in Europe.",disjoint,Polygon,Polygon,Rocky Mountains,Rocky Mountains,The Alps,The Alps,Two mountain range polygons on different continents.,Level 1
The vast waters of the Pacific Ocean never meet the enclosed basin of the Mediterranean Sea.,disjoint,Polygon,Polygon,Pacific Ocean,Pacific Ocean,Mediterranean Sea,Mediterranean Sea,Two massive bodies of water completely separated by land.,Level 1
"Sitting at the tip of the African continent, South Africa shares no land whatsoever with the northern expanse of Russia.",disjoint,Polygon,Polygon,South Africa,South Africa,Russia,Russia,Two countries separated by multiple continents.,Level 1
"New Zealand sits near the Antarctic, completely separated from the icy landmass of Greenland near the Arctic.",disjoint,Polygon,Polygon,New Zealand,New Zealand,Greenland,Greenland,Two island polygons at opposite ends of the earth.,Level 1
"Florida sits in the extreme southeast corner of the country, miles away from the extreme northwest corner where Washington sits.",disjoint,Polygon,Polygon,State of Florida,State of Florida,State of Washington,State of Washington,Two states at opposite ends of a country.,Level 1
"The River Thames flows through England, sharing no waters at all with the American Mississippi River.",disjoint,LineString,LineString,River Thames,River Thames,Mississippi River,Mississippi River,Two river line geometries on different continents.,Level 1
The South American nation of Argentina is completely isolated geographically from the Scandinavian nation of Norway.,disjoint,Polygon,Polygon,Argentina,Argentina,Norway,Norway,Countries separated by oceans and hemispheres.,Level 1
The midwestern city of Chicago is located a thousand miles away from the southern humidity of Houston.,disjoint,Polygon,Polygon,City of Chicago,City of Chicago,City of Houston,City of Houston,Two distant cities with no intersecting geometry.,Level 1
"The island nation of Madagascar sits far off the coast, completely isolated from the mainland by the deep waters of the Mozambique Channel.",disjoint,Polygon,Polygon,Madagascar,Madagascar,Mainland Africa,Mainland Africa,A large island polygon and a continental polygon that are physically isolated.,Level 2
"The historic highway runs through the western and midwestern US, maintaining a massive geographic distance from the southeastern peninsula.",disjoint,LineString,Polygon,Route 66,Route 66,State of Florida,State of Florida,A highway LineString and a state Polygon that share zero coordinates.,Level 2
"Alaska is physically severed from the lower 48 states by the immense, intervening landmass of western Canada.",disjoint,Polygon,MultiPolygon,State of Alaska,State of Alaska,Contiguous United States,Contiguous United States,An exclave polygon completely isolated from its parent multi-polygon.,Level 2
The ancient stone fortifications are kept far away from the Japanese archipelago by the Yellow Sea.,disjoint,LineString,Polygon,Great Wall of China,Great Wall of China,Japan,Japan,A historical LineString completely isolated from an island Polygon.,Level 2
The famous copper lady in New York and the iron lattice tower in Paris are separated by thousands of miles of ocean.,disjoint,Point,Point,Statue of Liberty,Statue of Liberty,Eiffel Tower,Eiffel Tower,Two point geometries on completely different continents.,Level 2
The tropical municipal limits are physically severed from the North American continent by the vast expanse of the Pacific.,disjoint,Polygon,MultiPolygon,City of Honolulu,City of Honolulu,Mainland United States,Mainland United States,A city polygon entirely isolated from a continental multi-polygon.,Level 2
The longest waterway in Africa flows completely independently from the massive river network dominating South America.,disjoint,LineString,LineString,Nile River,Nile River,Amazon River,Amazon River,Two massive river line geometries on different continents.,Level 2
The towering peaks of the North American range share absolutely no geographic coordinates with the South American peaks.,disjoint,Polygon,Polygon,Rocky Mountains,Rocky Mountains,Andes Mountains,Andes Mountains,Two mountain range polygons separated by vast hemispheric distances.,Level 2
The American military headquarters and the Russian government complex are separated by thousands of miles of ocean and land.,disjoint,Polygon,Polygon,The Pentagon,The Pentagon,The Kremlin,The Kremlin,Two architectural polygons with massive global separation.,Level 2
The African freshwater basin is completely physically removed from the North American Great Lake.,disjoint,Polygon,Polygon,Lake Victoria,Lake Victoria,Lake Superior,Lake Superior,Two lake polygons existing on entirely different continents.,Level 2
The island state is entirely cut off from the massive continent by the turbulent Bass Strait.,disjoint,Polygon,Polygon,State of Tasmania,State of Tasmania,Mainland Australia,Mainland Australia,An island state polygon and a mainland polygon physically isolated by water.,Level 2
The towering dormant volcano in Tanzania shares no geometric space with the massive Himalayan peak in Nepal.,disjoint,Polygon,Polygon,Mount Kilimanjaro,Mount Kilimanjaro,Mount Everest,Mount Everest,Two mountain polygons separated by a massive continental distance.,Level 2
The artificial waterway connecting the Red Sea to the Mediterranean is located in an entirely different hemisphere than the Central American canal.,disjoint,LineString,LineString,Suez Canal,Suez Canal,Panama Canal,Panama Canal,Two canal line geometries separated by thousands of miles.,Level 2
The small island is completely separated from the British mainland by the waters of the Solent.,disjoint,Polygon,Polygon,Isle of Wight,Isle of Wight,Mainland England,Mainland England,A coastal island polygon totally severed from a mainland polygon.,Level 2
The famous eastern hiking path stays completely isolated from the massive western mountain range.,disjoint,LineString,Polygon,Appalachian Trail,Appalachian Trail,Rocky Mountains,Rocky Mountains,A hiking trail line completely separated from a mountain polygon.,Level 2
The tropical southeastern hub and the rainy northwestern port share absolutely no spatial footprint on the continental map.,disjoint,Polygon,Polygon,City of Miami,City of Miami,City of Seattle,City of Seattle,Two cities physically separated by the entire continental US.,Level 2
The teardrop-shaped island nation is entirely cut off from the massive subcontinent by the Palk Strait.,disjoint,Polygon,Polygon,Sri Lanka,Sri Lanka,India,India,An island polygon completely isolated from an adjacent continental polygon.,Level 2
"The long strip of land is completely severed from the bulk of the nation by the Gulf of California, connecting only in the far north.",disjoint,Polygon,Polygon,Baja California Peninsula,Baja California Peninsula,Mainland Mexico,Mainland Mexico,A peninsula completely physically separated from the mainland at a specific latitude.,Level 2
"The massive, deep Siberian lake maintains extreme geographic isolation from the massive inland sea to the west.",disjoint,Polygon,Polygon,Lake Baikal,Lake Baikal,Caspian Sea,Caspian Sea,Two massive inland water bodies separated by thousands of miles.,Level 2
"The island nation of Madagascar sits far off the coast, completely isolated from mainland Africa by the deep waters of the Mozambique Channel.",disjoint,Polygon,Polygon,Madagascar,Madagascar,Mainland Africa,Mainland Africa,A large island polygon and a continental polygon that are physically isolated.,Level 2
"The historic Route 66 runs through the western and midwestern US, maintaining a massive geographic distance from the state of Florida.",disjoint,LineString,Polygon,Route 66,Route 66,State of Florida,State of Florida,A highway LineString and a state Polygon that share zero coordinates.,Level 2
The famous copper lady in New York and the iron lattice tower in Paris are separated by thousands of miles of Atlantic ocean.,disjoint,Point,Point,Statue of Liberty,Statue of Liberty,Eiffel Tower,Eiffel Tower,Two point geometries on completely different continents.,Level 2
The tropical municipal limits of Honolulu are physically separated from the North American continent by the vast expanse of the Pacific.,disjoint,Polygon,MultiPolygon,City of Honolulu,City of Honolulu,Mainland United States,Mainland United States,A city polygon entirely isolated from a continental multi-polygon.,Level 2
The longest river in Africa flows completely independently from the massive river network dominating South America.,disjoint,LineString,LineString,Nile River,Nile River,Amazon River,Amazon River,Two massive river line geometries on different continents.,Level 2
The towering peaks of the North American Rockies share absolutely no geographic coordinates with the South American Andes.,disjoint,Polygon,Polygon,Rocky Mountains,Rocky Mountains,Andes Mountains,Andes Mountains,Two mountain range polygons separated by vast hemispheric distances.,Level 2
The American military headquarters and the Russian government complex are separated by thousands of miles of ocean and land.,disjoint,Polygon,Polygon,The Pentagon,The Pentagon,The Kremlin,The Kremlin,Two architectural polygons with massive global separation.,Level 2
The African freshwater basin is completely physically removed from the North American Great Lake.,disjoint,Polygon,Polygon,Lake Victoria,Lake Victoria,Lake Superior,Lake Superior,Two lake polygons existing on entirely different continents.,Level 2
The volcanic island in the North Atlantic sits at the extreme opposite end of the globe from the frozen southern continent.,disjoint,Polygon,Polygon,Iceland,Iceland,Antarctica,Antarctica,Two landmass polygons with extreme global separation.,Level 2
The island state of Tasmania is entirely cut off from the massive Australian continent by the turbulent Bass Strait.,disjoint,Polygon,Polygon,State of Tasmania,State of Tasmania,Mainland Australia,Mainland Australia,An island state polygon and a mainland polygon physically isolated by water.,Level 2
The towering dormant volcano in Tanzania shares no geometric space with the massive Himalayan peak in Nepal.,disjoint,Polygon,Polygon,Mount Kilimanjaro,Mount Kilimanjaro,Mount Everest,Mount Everest,Two mountain polygons separated by a massive continental distance.,Level 2
The artificial waterway connecting the Red Sea to the Mediterranean is located in an entirely different hemisphere than the Central American canal.,disjoint,LineString,LineString,Suez Canal,Suez Canal,Panama Canal,Panama Canal,Two canal line geometries separated by thousands of miles.,Level 2
"Alaska is physically separated from the lower 48 states by the immense, intervening landmass of Canada.",disjoint,Polygon,MultiPolygon,State of Alaska,State of Alaska,Contiguous United States,Contiguous United States,The polygon of Alaska and the MultiPolygon of the contiguous US share zero geometric coordinates.,Level 2
"The island nation of Madagascar sits far off the coast, completely isolated from mainland Africa by the deep waters of the Mozambique Channel.",disjoint,Polygon,Polygon,Madagascar,Madagascar,Mainland Africa,Mainland Africa,A large island polygon and a continental polygon that are separated by a physical distance.,Level 2
"The historic Route 66 runs through the western and midwestern US, maintaining a massive geographic distance from the state of Florida.",disjoint,LineString,Polygon,Route 66,Route 66,State of Florida,State of Florida,A highway LineString geometry and a state Polygon geometry that never intersect.,Level 2
The strategic Baltic exclave is completely separated from the mainland by intervening independent European nations.,disjoint,Polygon,Polygon,Kaliningrad Oblast,Kaliningrad Oblast,Mainland Russia,Mainland Russia,An exclave polygon completely isolated from its parent polygon.,Level 3
"The suspended steel roadway spans high in the air above the water's surface, ensuring the cars stay completely dry.",disjoint,LineString,Polygon,Brooklyn Bridge Roadway,Brooklyn Bridge Roadway,East River Surface,East River Surface,A bridge line geometry and a river polygon geometry that are strictly separated in 3D space.,Level 3
The two rocky landmasses are completely isolated from one another by miles of frigid ocean and a full calendar day.,disjoint,Polygon,Polygon,Little Diomede Island,Little Diomede Island,Big Diomede Island,Big Diomede Island,Two island polygons physically proximate but completely topologically isolated by ocean.,Level 3
The Minnesotan territory is completely severed from the lower 48 states by the sprawling waters of the Lake of the Woods.,disjoint,Polygon,MultiPolygon,Northwest Angle,Northwest Angle,Contiguous United States,Contiguous United States,An exclave polygon entirely isolated from its parent multi-polygon.,Level 3
"Despite sovereign ties, the islands are situated off the coast of Normandy, totally isolated from the sovereign mainland.",disjoint,MultiPolygon,Polygon,Channel Islands,Channel Islands,United Kingdom Mainland,United Kingdom Mainland,A dependent island multi-polygon completely separated from the sovereign polygon.,Level 3
"The massive subterranean ring is buried deeply beneath the municipal surface infrastructure, ensuring no physical interaction.",disjoint,LineString,Polygon,CERN Large Hadron Collider,CERN Large Hadron Collider,City of Geneva Surface,City of Geneva Surface,A subterranean line geometry separated completely from a surface city polygon.,Level 3
The massive Japanese rail transit tube is bored deep into solid bedrock directly beneath the crushing weight of the ocean floor.,disjoint,LineString,Polygon,Seikan Tunnel,Seikan Tunnel,Tsugaru Strait Water Volume,Tsugaru Strait Water Volume,A subterranean transport line completely isolated from an aquatic volumetric polygon.,Level 3
The subterranean transit tubes bore deeply beneath the aquatic boundary to move commuters between New York and New Jersey.,disjoint,LineString,Polygon,PATH Train Tunnels,PATH Train Tunnels,Hudson River,Hudson River,Subterranean transit lines completely separated vertically from a surface river.,Level 3
Massive suspension pylons keep the transcontinental roadway completely elevated above the turbulent shipping lanes.,disjoint,LineString,Polygon,Bosphorus Bridge,Bosphorus Bridge,Bosphorus Strait,Bosphorus Strait,An elevated bridge line strictly separated from a maritime strait polygon.,Level 3
The massive geographic expanse of western Canada keeps the frontier state completely isolated from the rest of the country.,disjoint,Polygon,MultiPolygon,State of Alaska,State of Alaska,Contiguous United States,Contiguous United States,An exclave state polygon fully separated from a massive continental multi-polygon.,Level 3
The volcanic island chain is entirely separated from the continental landmass by the deep waters of the Pacific.,disjoint,MultiPolygon,Polygon,State of Hawaii,State of Hawaii,North American Continent,North American Continent,An island multi-polygon completely separated from a continental polygon.,Level 3
The multi-billion dollar transit tube runs exclusively through deep subterranean bedrock without interacting with the mountain peaks.,disjoint,LineString,Polygon,Gotthard Base Tunnel,Gotthard Base Tunnel,Swiss Alps Surface,Swiss Alps Surface,A deep subterranean line separated from complex geological surface polygons.,Level 3
"The massive transit architecture is sealed in the bedrock floor, maintaining total physical isolation from the maritime waves.",disjoint,LineString,Polygon,Eurotunnel Subterranean Tube,Eurotunnel Subterranean Tube,English Channel Surface Waters,English Channel Surface Waters,A tunnel geometry entirely severed in the Z-axis from a surface water polygon.,Level 3
The tiny sovereign pocket is entirely severed from its parent nation by the intervening territory of the United Arab Emirates.,disjoint,Polygon,Polygon,Omani Exclave of Madha,Omani Exclave of Madha,Mainland Oman,Mainland Oman,An exclave completely isolated from its sovereign mainland.,Level 3
The oil-rich territory is totally severed from the national mainland by a narrow strip of the Democratic Republic of the Congo.,disjoint,Polygon,Polygon,Cabinda Province,Cabinda Province,Mainland Angola,Mainland Angola,An administrative polygon physically isolated from its parent nation.,Level 3
The landlocked exclave is entirely isolated from the capital in Baku by the intervening territory of Armenia.,disjoint,Polygon,Polygon,Nakhchivan Autonomous Republic,Nakhchivan Autonomous Republic,Mainland Azerbaijan,Mainland Azerbaijan,An autonomous republic polygon completely severed from its mainland.,Level 3
"The small municipality is totally isolated from the Italian peninsula, completely enclosed by the Swiss canton of Ticino.",disjoint,Polygon,Polygon,Campione d'Italia,Campione d'Italia,Mainland Italy,Mainland Italy,A municipal exclave totally cut off from its sovereign nation.,Level 3
The Russian exclave of Kaliningrad is entirely separated from the rest of the country by the intervening landmasses of independent European nations.,disjoint,Polygon,Polygon,Kaliningrad Oblast,Kaliningrad Oblast,Mainland Russia,Mainland Russia,An exclave administrative polygon and its mainland parent polygon that share zero spatial coordinates.,Level 3
The suspended roadway of the Brooklyn Bridge spans high in the air above the East River without its physical structure ever making contact with the water's surface.,disjoint,LineString,Polygon,Brooklyn Bridge,Brooklyn Bridge,East River,East River,A bridge line geometry and a river polygon geometry that overlap in a 2D map but are strictly separated in 3D topological space.,Level 3
Little Diomede and Big Diomede sit just 2.4 miles apart in the Bering Strait but possess entirely isolated landmasses separated by the frigid ocean.,disjoint,Polygon,Polygon,Little Diomede Island,Little Diomede Island,Big Diomede Island,Big Diomede Island,Two island polygons physically proximate but completely topologically isolated by ocean.,Level 3
The strategic Baltic exclave is completely separated from the mainland by intervening independent European nations.,disjoint,Polygon,Polygon,Kaliningrad Oblast,Kaliningrad Oblast,Mainland Russia,Mainland Russia,An exclave polygon completely isolated from its parent polygon.,Level 3
"The suspended steel roadway spans high in the air above the water's surface, ensuring the cars stay completely dry.",disjoint,LineString,Polygon,Brooklyn Bridge Roadway,Brooklyn Bridge Roadway,East River Surface,East River Surface,A bridge line geometry and a river polygon geometry that are strictly separated in 3D space.,Level 3
The two rocky landmasses are completely isolated from one another by miles of frigid ocean and a full calendar day.,disjoint,Polygon,Polygon,Little Diomede Island,Little Diomede Island,Big Diomede Island,Big Diomede Island,Two island polygons physically proximate but completely topologically isolated by ocean.,Level 3
The Minnesotan territory is completely severed from the lower 48 states by the sprawling waters of the Lake of the Woods.,disjoint,Polygon,MultiPolygon,Northwest Angle,Northwest Angle,Contiguous United States,Contiguous United States,An exclave polygon entirely isolated from its parent multi-polygon.,Level 3
The theoretically isolated mathematical coordinate is completely separated from physical land by thousands of miles of deep ocean.,disjoint,Point,Polygon,Point Nemo,Point Nemo,Ducie Island,Ducie Island,A mathematical point geometry absolutely isolated from any terrestrial polygon.,Level 3
"Despite sovereign ties, the islands are situated off the coast of Normandy, totally isolated from the sovereign mainland.",disjoint,MultiPolygon,Polygon,Channel Islands,Channel Islands,United Kingdom Mainland,United Kingdom Mainland,A dependent island multi-polygon completely separated from the sovereign polygon.,Level 3
"The massive subterranean ring is buried deeply beneath the municipal surface infrastructure, ensuring no physical interaction.",disjoint,LineString,Polygon,CERN Large Hadron Collider,CERN Large Hadron Collider,City of Geneva Surface,City of Geneva Surface,A subterranean line geometry separated completely from a surface city polygon.,Level 3
The massive Japanese rail transit tube is bored deep into solid bedrock directly beneath the crushing weight of the ocean floor.,disjoint,LineString,Polygon,Seikan Tunnel,Seikan Tunnel,Tsugaru Strait Water Volume,Tsugaru Strait Water Volume,A subterranean transport line completely isolated from an aquatic volumetric polygon.,Level 3
The subterranean transit tubes bore deeply beneath the aquatic boundary to move commuters between New York and New Jersey.,disjoint,LineString,Polygon,PATH Train Tunnels,PATH Train Tunnels,Hudson River,Hudson River,Subterranean transit lines completely separated vertically from a surface river.,Level 3
Massive suspension pylons keep the transcontinental roadway completely elevated above the turbulent shipping lanes.,disjoint,LineString,Polygon,Bosphorus Bridge,Bosphorus Bridge,Bosphorus Strait,Bosphorus Strait,An elevated bridge line strictly separated from a maritime strait polygon.,Level 3
The massive geographic expanse of western Canada keeps the frontier state completely isolated from the rest of the country.,disjoint,Polygon,MultiPolygon,State of Alaska,State of Alaska,Contiguous United States,Contiguous United States,An exclave state polygon fully separated from a massive continental multi-polygon.,Level 3
The volcanic island chain is entirely separated from the continental landmass by the deep waters of the Pacific.,disjoint,MultiPolygon,Polygon,State of Hawaii,State of Hawaii,North American Continent,North American Continent,An island multi-polygon completely separated from a continental polygon.,Level 3
The multi-billion dollar transit tube runs exclusively through deep subterranean bedrock without interacting with the mountain peaks.,disjoint,LineString,Polygon,Gotthard Base Tunnel,Gotthard Base Tunnel,Swiss Alps Surface,Swiss Alps Surface,A deep subterranean line separated from complex geological surface polygons.,Level 3
"The contested territory sits completely isolated in the South Atlantic, thousands of miles away from the sovereign capital.",disjoint,MultiPolygon,Polygon,Falkland Islands,Falkland Islands,United Kingdom,United Kingdom,Overseas territories isolated globally from their parent nation.,Level 3
"Although legally part of Minnesota, the territory is completely severed from the lower 48 states by the waters of the Lake of the Woods, requiring travelers to drive through Canada to reach it.",disjoint,Polygon,MultiPolygon,Northwest Angle,Northwest Angle,Contiguous United States,Contiguous United States,An exclave polygon and its parent MultiPolygon that share absolutely zero intersecting spatial coordinates due to an aquatic barrier.,Level 4
The theoretical maritime coordinate is mathematically calculated to remain maximally distant and completely isolated from its nearest physical landmass.,disjoint,Point,Polygon,Point Nemo,Point Nemo,Ducie Island,Ducie Island,A cartographic point geometry specifically defined by its absolute isolation from any terrestrial polygon.,Level 4
"Despite being British Crown Dependencies, the islands are situated off the coast of Normandy, sharing absolutely zero spatial coordinates with the sovereign footprint of the mainland.",disjoint,MultiPolygon,Polygon,Channel Islands,Channel Islands,United Kingdom,United Kingdom,Political affiliation versus spatial geometry; a dependent MultiPolygon is totally separated from its sovereign Polygon.,Level 4
"The 27-kilometer subterranean ring is buried 100 meters beneath the surface, ensuring the particle accelerator runs completely isolated from the municipal infrastructure directly above it.",disjoint,LineString,Polygon,CERN Large Hadron Collider,CERN Large Hadron Collider,City of Geneva,City of Geneva,Two entities that heavily share space on a 2D map but have zero spatial coordinates in a true 3D volumetric model.,Level 4
"The transit tunnel is bored deep into solid bedrock beneath the ocean floor, allowing trains to travel completely isolated from the massive aquatic body directly overhead.",disjoint,LineString,Polygon,Seikan Tunnel,Seikan Tunnel,Tsugaru Strait Water Volume,Tsugaru Strait Water Volume,A subterranean transport LineString separated vertically from an aquatic volumetric Polygon.,Level 4
"As a landlocked nation entirely surrounded by South African territory, the kingdom is completely cut off from the physical coastline of the ocean.",disjoint,Polygon,Polygon,Kingdom of Lesotho,Kingdom of Lesotho,Indian Ocean Maritime Boundary,Indian Ocean Maritime Boundary,Two distinct geographical polygons separated entirely by an intervening sovereign landmass.,Level 4
"Despite sharing identically spelled designations, the American territory and the Caucasian nation are completely severed by the vast Atlantic Ocean.",disjoint,Polygon,Polygon,State of Georgia (USA),State of Georgia (USA),Republic of Georgia (Country),Republic of Georgia (Country),A semantic deduplication trap where identically named entities have completely isolated geometries.,Level 4
"Sitting just 2.4 miles apart, the physical landmasses share no spatial coordinates and are further severed by a 21-hour temporal gap.",disjoint,Polygon,Polygon,Little Diomede Island,Little Diomede Island,Big Diomede Island,Big Diomede Island,Two physically proximate island polygons entirely isolated by water and temporal geography.,Level 4
The strategic Baltic exclave is completely separated from the mainland by intervening independent European nations like Lithuania and Belarus.,disjoint,Polygon,Polygon,Kaliningrad Oblast,Kaliningrad Oblast,Mainland Russia,Mainland Russia,An exclave administrative polygon entirely severed from its mainland parent polygon.,Level 4
"The suspended steel roadway spans high in the air above the water's surface, ensuring the cars stay completely dry.",disjoint,LineString,Polygon,Brooklyn Bridge Roadway,Brooklyn Bridge Roadway,East River Surface,East River Surface,A bridge line geometry and a river polygon geometry that are strictly separated in 3D space.,Level 4
Massive suspension pylons keep the transcontinental roadway completely elevated above the turbulent shipping lanes connecting the two seas.,disjoint,LineString,Polygon,Bosphorus Bridge Roadway,Bosphorus Bridge Roadway,Bosphorus Strait,Bosphorus Strait,An elevated bridge line strictly separated from a maritime strait polygon.,Level 4
The multi-billion dollar transit tube runs exclusively through deep subterranean bedrock without interacting with the towering mountain peaks above.,disjoint,LineString,Polygon,Gotthard Base Tunnel,Gotthard Base Tunnel,Swiss Alps Surface,Swiss Alps Surface,A deep subterranean line separated from complex geological surface polygons.,Level 4
"The contested territory sits completely isolated in the frigid South Atlantic, thousands of miles away from the sovereign capital in Europe.",disjoint,MultiPolygon,Polygon,Falkland Islands,Falkland Islands,United Kingdom Mainland,United Kingdom Mainland,Overseas territories isolated globally from their parent nation.,Level 4
The secure subterranean entryway in the extreme Arctic is mathematically isolated from the planetary latitudinal line by thousands of miles.,disjoint,Point,LineString,Svalbard Global Seed Vault Entrance,Svalbard Global Seed Vault Entrance,Equator,Equator,A point geometry and a planetary line completely severed by global distance.,Level 4
"The commuter rail dives deep into the clay earth beneath the capital, maintaining perfect vertical isolation from the historic waters above.",disjoint,LineString,Polygon,London Underground Central Line Subterranean Track,London Underground Central Line Subterranean Track,River Thames Surface Water,River Thames Surface Water,A subterranean transit line perfectly isolated in 3D space from a surface water body.,Level 4
"The volcanic archipelago is geographically severed from the massive continental road network, rendering any physical connection impossible.",disjoint,MultiPolygon,MultiLineString,State of Hawaii,State of Hawaii,Interstate Highway System,Interstate Highway System,An island multi-polygon completely physically separated from a continental transport network.,Level 4
The highly fortified military installation is completely severed from the North American continent by the waters of the Florida Strait.,disjoint,Polygon,Polygon,Guantanamo Bay Naval Base,Guantanamo Bay Naval Base,United States Mainland,United States Mainland,An extraterritorial military footprint isolated completely from its sovereign nation.,Level 4
The famous crooked road in San Francisco is completely isolated from the iconic theater avenue by the entire expanse of the North American continent.,disjoint,LineString,LineString,Lombard Street,Lombard Street,Broadway (New York),Broadway (New York),Two famous street lines separated by thousands of miles.,Level 4
"Although legally part of Minnesota, the territory is completely severed from the lower 48 states by the waters of the Lake of the Woods, requiring travelers to drive through Canada to reach it.",disjoint,Polygon,MultiPolygon,Northwest Angle,Northwest Angle,Contiguous United States,Contiguous United States,An exclave polygon and its parent MultiPolygon that share absolutely zero intersecting spatial coordinates due to an aquatic barrier.,Level 4
The theoretical maritime coordinate is mathematically calculated to remain maximally distant and completely isolated from its nearest physical landmass.,disjoint,Point,Polygon,Point Nemo,Point Nemo,Ducie Island,Ducie Island,A cartographic point geometry specifically defined by its absolute isolation from any terrestrial polygon.,Level 4
"Despite being British Crown Dependencies, the islands are situated off the coast of Normandy, sharing absolutely zero spatial coordinates with the sovereign footprint of the mainland.",disjoint,MultiPolygon,Polygon,Channel Islands,Channel Islands,United Kingdom,United Kingdom,Political affiliation vs spatial geometry; a dependent MultiPolygon is totally separated from its sovereign Polygon.,Level 4
"The 27-kilometer subterranean ring is buried 100 meters beneath the surface, ensuring the particle accelerator runs completely isolated from the municipal infrastructure directly above it.",disjoint,LineString,Polygon,CERN Large Hadron Collider,CERN Large Hadron Collider,City of Geneva,City of Geneva,Two entities that heavily share space on a 2D map but have zero spatial coordinates in a true 3D volumetric model.,Level 4
"The transit tunnel is bored deep into solid bedrock beneath the ocean floor, allowing trains to travel completely isolated from the massive aquatic body directly overhead.",disjoint,LineString,Polygon,Seikan Tunnel,Seikan Tunnel,Tsugaru Strait Water Volume,Tsugaru Strait Water Volume,A subterranean transport LineString separated vertically from an aquatic volumetric Polygon.,Level 4
"As a landlocked nation entirely surrounded by South African territory, the kingdom is completely cut off from the physical coastline of the ocean.",disjoint,Polygon,Polygon,Kingdom of Lesotho,Kingdom of Lesotho,Indian Ocean Maritime Boundary,Indian Ocean Maritime Boundary,Two distinct geographical polygons separated entirely by an intervening sovereign landmass.,Level 4
"Despite sharing identically spelled designations, the American territory and the Caucasian nation are completely severed by the vast Atlantic Ocean.",disjoint,Polygon,Polygon,State of Georgia (USA),State of Georgia (USA),Republic of Georgia (Country),Republic of Georgia (Country),A semantic deduplication trap where identically named entities have completely isolated geometries.,Level 4
"Sitting just 2.4 miles apart, the physical landmasses share no spatial coordinates and are further severed by a 21-hour temporal gap due to the International Date Line.",disjoint,Polygon,Polygon,Little Diomede Island,Little Diomede Island,Big Diomede Island,Big Diomede Island,Two physically proximate island polygons entirely isolated by water and temporal geography.,Level 4
The strategic Baltic exclave is completely separated from the mainland by intervening independent European nations like Lithuania and Belarus.,disjoint,Polygon,Polygon,Kaliningrad Oblast,Kaliningrad Oblast,Mainland Russia,Mainland Russia,An exclave administrative polygon entirely severed from its mainland parent polygon.,Level 4
"The suspended steel roadway spans high in the air above the water's surface, ensuring the cars stay completely dry.",disjoint,LineString,Polygon,Brooklyn Bridge Roadway,Brooklyn Bridge Roadway,East River Surface,East River Surface,A bridge line geometry and a river polygon geometry that are strictly separated in 3D space.,Level 4
"The subterranean transit tubes bore deeply beneath the aquatic boundary, keeping commuters entirely isolated from the flowing river above.",disjoint,LineString,Polygon,PATH Train Tunnels,PATH Train Tunnels,Hudson River Water Volume,Hudson River Water Volume,Subterranean transit lines completely separated vertically from a surface river.,Level 4
Massive suspension pylons keep the transcontinental roadway completely elevated above the turbulent shipping lanes connecting the two seas.,disjoint,LineString,Polygon,Bosphorus Bridge Roadway,Bosphorus Bridge Roadway,Bosphorus Strait,Bosphorus Strait,An elevated bridge line strictly separated from a maritime strait polygon.,Level 4
The multi-billion dollar transit tube runs exclusively through deep subterranean bedrock without interacting with the towering mountain peaks above.,disjoint,LineString,Polygon,Gotthard Base Tunnel,Gotthard Base Tunnel,Swiss Alps Surface,Swiss Alps Surface,A deep subterranean line separated from complex geological surface polygons.,Level 4
"The contested territory sits completely isolated in the frigid South Atlantic, thousands of miles away from the sovereign capital in Europe.",disjoint,MultiPolygon,Polygon,Falkland Islands,Falkland Islands,United Kingdom Mainland,United Kingdom Mainland,Overseas territories isolated globally from their parent nation.,Level 4
"Although legally part of Minnesota, the Northwest Angle is completely severed from the lower 48 states by the waters of the Lake of the Woods, requiring travelers to drive through Canada to reach it.",disjoint,Polygon,MultiPolygon,Northwest Angle,Northwest Angle,Contiguous United States,Contiguous United States,An exclave polygon and its parent MultiPolygon that share absolutely zero intersecting spatial coordinates due to an aquatic barrier.,Level 4
"The theoretical maritime coordinate known as Point Nemo is mathematically calculated to remain maximally distant and completely isolated from Ducie Island, its nearest physical landmass.",disjoint,Point,Polygon,Point Nemo,Point Nemo,Ducie Island,Ducie Island,A cartographic point geometry specifically defined by its absolute topological isolation from any terrestrial polygon.,Level 4
"Despite being British Crown Dependencies, the Channel Islands are situated off the coast of Normandy, sharing no spatial coordinates with the sovereign footprint of the United Kingdom.",disjoint,MultiPolygon,Polygon,Channel Islands,Channel Islands,United Kingdom,United Kingdom,Testing the difference between political affiliation and spatial geometry; the dependent MultiPolygon is totally separated from the sovereign Polygon.,Level 4
"Although legally administered by Minnesota, the territory is completely severed from the lower 48 states by the waters of the Lake of the Woods, isolating its physical geometry entirely.",disjoint,Polygon,MultiPolygon,Northwest Angle,Northwest Angle,Contiguous United States,Contiguous United States,An exclave polygon and its parent MultiPolygon that share absolutely zero intersecting spatial coordinates due to an aquatic barrier.,Level 5
The theoretical maritime coordinate is mathematically calculated to remain maximally distant and completely isolated from its nearest physical landmass.,disjoint,Point,Polygon,Point Nemo,Point Nemo,Ducie Island,Ducie Island,A cartographic point geometry specifically defined by its absolute isolation from any terrestrial polygon.,Level 5
"Despite being British Crown Dependencies, the islands are situated off the coast of Normandy, sharing absolutely zero spatial coordinates with the sovereign footprint of the mainland.",disjoint,MultiPolygon,Polygon,Channel Islands,Channel Islands,United Kingdom,United Kingdom,Political affiliation versus spatial geometry; a dependent MultiPolygon is totally separated from its sovereign Polygon.,Level 5
"The 27-kilometer subterranean ring is buried 100 meters beneath the surface, ensuring the particle accelerator runs completely isolated from the municipal infrastructure directly above it.",disjoint,LineString,Polygon,CERN Large Hadron Collider,CERN Large Hadron Collider,City of Geneva,City of Geneva,Two entities that heavily share space on a 2D map but have zero spatial coordinates in a true 3D volumetric model.,Level 5
"The transit tunnel is bored deep into solid bedrock beneath the ocean floor, allowing trains to travel completely isolated from the massive aquatic body directly overhead.",disjoint,LineString,Polygon,Seikan Tunnel,Seikan Tunnel,Tsugaru Strait Water Volume,Tsugaru Strait Water Volume,A subterranean transport LineString separated vertically from an aquatic volumetric Polygon.,Level 5
"As a landlocked nation entirely surrounded by South African territory, the kingdom is completely cut off from the physical coastline of the ocean.",disjoint,Polygon,Polygon,Kingdom of Lesotho,Kingdom of Lesotho,Indian Ocean Maritime Boundary,Indian Ocean Maritime Boundary,Two distinct geographical polygons separated entirely by an intervening sovereign landmass.,Level 5
"Despite sharing identically spelled designations, the American territory and the Caucasian nation are completely severed by the vast Atlantic Ocean.",disjoint,Polygon,Polygon,State of Georgia (USA),State of Georgia (USA),Republic of Georgia (Country),Republic of Georgia (Country),A semantic deduplication trap where identically named entities have completely isolated geometries.,Level 5
"Sitting just 2.4 miles apart, the physical landmasses share no spatial coordinates and are further severed by a 21-hour temporal gap.",disjoint,Polygon,Polygon,Little Diomede Island,Little Diomede Island,Big Diomede Island,Big Diomede Island,Two physically proximate island polygons entirely isolated by water and temporal geography.,Level 5
The strategic Baltic exclave is completely separated from the mainland by intervening independent European nations like Lithuania and Belarus.,disjoint,Polygon,Polygon,Kaliningrad Oblast,Kaliningrad Oblast,Mainland Russia,Mainland Russia,An exclave administrative polygon entirely severed from its mainland parent polygon.,Level 5
"The suspended steel roadway spans high in the air above the water's surface, ensuring the cars stay completely dry.",disjoint,LineString,Polygon,Brooklyn Bridge Roadway,Brooklyn Bridge Roadway,East River Surface,East River Surface,A bridge line geometry and a river polygon geometry that are strictly separated in 3D space.,Level 5
Massive suspension pylons keep the transcontinental roadway completely elevated above the turbulent shipping lanes connecting the two seas.,disjoint,LineString,Polygon,Bosphorus Bridge Roadway,Bosphorus Bridge Roadway,Bosphorus Strait,Bosphorus Strait,An elevated bridge line strictly separated from a maritime strait polygon.,Level 5
The multi-billion dollar transit tube runs exclusively through deep subterranean bedrock without interacting with the towering mountain peaks above.,disjoint,LineString,Polygon,Gotthard Base Tunnel,Gotthard Base Tunnel,Swiss Alps Surface,Swiss Alps Surface,A deep subterranean line separated from complex geological surface polygons.,Level 5
"The contested territory sits completely isolated in the frigid South Atlantic, thousands of miles away from the sovereign capital in Europe.",disjoint,MultiPolygon,Polygon,Falkland Islands,Falkland Islands,United Kingdom Mainland,United Kingdom Mainland,Overseas territories isolated globally from their parent nation.,Level 5
The secure subterranean entryway in the extreme Arctic is mathematically isolated from the planetary latitudinal line by thousands of miles.,disjoint,Point,LineString,Svalbard Global Seed Vault Entrance,Svalbard Global Seed Vault Entrance,Equator,Equator,A point geometry and a planetary line completely severed by global distance.,Level 5
"The small municipality operates as a totally detached pocket of sovereignty, permanently isolated from the homeland by the Swiss border.",disjoint,Polygon,Polygon,Busingen am Hochrhein,Busingen am Hochrhein,Federal Republic of Germany,Federal Republic of Germany,A complete geographic separation where a municipal polygon shares zero points with its sovereign nation.,Level 5
"The commuter rail dives deep into the clay earth beneath the capital, maintaining perfect vertical isolation from the historic waters above.",disjoint,LineString,Polygon,London Underground Central Line Subterranean Track,London Underground Central Line Subterranean Track,River Thames Surface Water,River Thames Surface Water,A subterranean transit line perfectly isolated in 3D space from a surface water body.,Level 5
"The volcanic archipelago is geographically severed from the massive continental road network, rendering any physical connection impossible.",disjoint,MultiPolygon,MultiLineString,State of Hawaii,State of Hawaii,Interstate Highway System,Interstate Highway System,An island multi-polygon completely physically separated from a continental transport network.,Level 5
The highly fortified military installation is completely severed from the North American continent by the waters of the Florida Strait.,disjoint,Polygon,Polygon,Guantanamo Bay Naval Base,Guantanamo Bay Naval Base,United States Mainland,United States Mainland,An extraterritorial military footprint isolated completely from its sovereign nation.,Level 5
The overseas department in South America is completely severed from the European mainland by the massive expanse of the Atlantic Ocean.,disjoint,Polygon,Polygon,French Guiana,French Guiana,Metropolitan France,Metropolitan France,A fully integrated national department totally physically isolated from the continental mainland.,Level 5
"Although legally part of Minnesota, the territory is completely severed from the lower 48 states by the waters of the Lake of the Woods, requiring travelers to drive through Canada to reach it.",disjoint,Polygon,MultiPolygon,Northwest Angle,Northwest Angle,Contiguous United States,Contiguous United States,An exclave polygon and its parent MultiPolygon that share absolutely zero intersecting spatial coordinates due to an aquatic barrier.,Level 5
The theoretical maritime coordinate is mathematically calculated to remain maximally distant and completely isolated from its nearest physical landmass.,disjoint,Point,Polygon,Point Nemo,Point Nemo,Ducie Island,Ducie Island,A cartographic point geometry specifically defined by its absolute isolation from any terrestrial polygon.,Level 5
"Despite being British Crown Dependencies, the islands are situated off the coast of Normandy, sharing absolutely zero spatial coordinates with the sovereign footprint of the mainland.",disjoint,MultiPolygon,Polygon,Channel Islands,Channel Islands,United Kingdom,United Kingdom,Political affiliation versus spatial geometry; a dependent MultiPolygon is totally separated from its sovereign Polygon.,Level 5
"The 27-kilometer subterranean ring is buried 100 meters beneath the surface, ensuring the particle accelerator runs completely isolated from the municipal infrastructure directly above it.",disjoint,LineString,Polygon,CERN Large Hadron Collider,CERN Large Hadron Collider,City of Geneva,City of Geneva,Two entities that heavily share space on a 2D map but have zero spatial coordinates in a true 3D volumetric model.,Level 5
"As a landlocked nation entirely surrounded by South African territory, the kingdom is completely cut off from the physical coastline of the ocean.",disjoint,Polygon,Polygon,Kingdom of Lesotho,Kingdom of Lesotho,Indian Ocean Maritime Boundary,Indian Ocean Maritime Boundary,Two distinct geographical polygons separated entirely by an intervening sovereign landmass.,Level 5
"Despite sharing identically spelled designations, the American territory and the Caucasian nation are completely severed by the vast Atlantic Ocean.",disjoint,Polygon,Polygon,State of Georgia (USA),State of Georgia (USA),Republic of Georgia (Country),Republic of Georgia (Country),A semantic deduplication trap where identically named entities have completely isolated geometries.,Level 5
"Sitting just 2.4 miles apart, the physical landmasses share no spatial coordinates and are further severed by a 21-hour temporal gap.",disjoint,Polygon,Polygon,Little Diomede Island,Little Diomede Island,Big Diomede Island,Big Diomede Island,Two physically proximate island polygons entirely isolated by water and temporal geography.,Level 5
The strategic Baltic exclave is completely separated from the mainland by intervening independent European nations like Lithuania and Belarus.,disjoint,Polygon,Polygon,Kaliningrad Oblast,Kaliningrad Oblast,Mainland Russia,Mainland Russia,An exclave administrative polygon entirely severed from its mainland parent polygon.,Level 5
"The subterranean transit tubes bore deeply beneath the aquatic boundary, keeping commuters entirely isolated from the flowing river above.",disjoint,LineString,Polygon,PATH Train Tunnels,PATH Train Tunnels,Hudson River Water Volume,Hudson River Water Volume,Subterranean transit lines completely separated vertically from a surface river.,Level 5
Massive suspension pylons keep the transcontinental roadway completely elevated above the turbulent shipping lanes connecting the two seas.,disjoint,LineString,Polygon,Bosphorus Bridge Roadway,Bosphorus Bridge Roadway,Bosphorus Strait,Bosphorus Strait,An elevated bridge line strictly separated from a maritime strait polygon.,Level 5
The multi-billion dollar transit tube runs exclusively through deep subterranean bedrock without interacting with the towering mountain peaks above.,disjoint,LineString,Polygon,Gotthard Base Tunnel,Gotthard Base Tunnel,Swiss Alps Surface,Swiss Alps Surface,A deep subterranean line separated from complex geological surface polygons.,Level 5
"The contested territory sits completely isolated in the frigid South Atlantic, thousands of miles away from the sovereign capital in Europe.",disjoint,MultiPolygon,Polygon,Falkland Islands,Falkland Islands,United Kingdom Mainland,United Kingdom Mainland,Overseas territories isolated globally from their parent nation.,Level 5
The secure subterranean entryway in the extreme Arctic is mathematically isolated from the planetary latitudinal line by thousands of miles.,disjoint,Point,LineString,Svalbard Global Seed Vault Entrance,Svalbard Global Seed Vault Entrance,Equator,Equator,A point geometry and a planetary line completely severed by global distance.,Level 5
"The 27-kilometer subterranean ring of the Large Hadron Collider is buried 100 meters beneath the surface, ensuring the particle accelerator runs completely isolated from the municipal infrastructure of Geneva directly above it.",disjoint,LineString,Polygon,CERN Large Hadron Collider,CERN Large Hadron Collider,City of Geneva,City of Geneva,"Two entities that heavily intersect when projected onto a standard 2D cartographic map, but share zero spatial coordinates in a true 3D volumetric model.",Level 5
"The Seikan Tunnel is bored deep into the solid bedrock beneath the ocean floor, allowing trains to transit completely isolated from the aquatic body of the Tsugaru Strait directly overhead.",disjoint,LineString,Polygon,Seikan Tunnel,Seikan Tunnel,Tsugaru Strait Water Volume,Tsugaru Strait Water Volume,"A subterranean transport LineString and an aquatic volumetric Polygon that are separated vertically by a bedrock layer, sharing no 3D points.",Level 5
"As a landlocked nation entirely surrounded by South African territory, Lesotho is completely cut off from the physical coastline of the Indian Ocean Maritime Boundary.",disjoint,Polygon,Polygon,Kingdom of Lesotho,Kingdom of Lesotho,Indian Ocean Maritime Boundary,Indian Ocean Maritime Boundary,"Two distinct geographical polygons separated entirely by an intervening sovereign landmass, ensuring zero shared boundaries or interiors.",Level 5
The Amazon Rainforest sprawls over much of northwestern Brazil but also extends its reach deep into neighboring countries like Peru and Colombia.,overlaps,Polygon,Polygon,Amazon Rainforest,Amazon Rainforest,Brazil,Brazil,Two large polygons that share a significant interior area while both retaining exclusive external areas.,Level 1
"The Sahara Desert blankets the vast majority of Egypt's landmass, while also sprawling into several other North African nations.",overlaps,Polygon,Polygon,Sahara Desert,Sahara Desert,Egypt,Egypt,An environmental polygon partially intersecting a national administrative polygon.,Level 1
"The Appalachian Mountains run directly down the center of Pennsylvania, though the mountain chain continues far past the state's limits.",overlaps,Polygon,Polygon,Appalachian Mountains,Appalachian Mountains,State of Pennsylvania,State of Pennsylvania,A geological polygon and a state polygon that partially share spatial coordinates.,Level 1
The Amazon Rainforest sprawls over much of northwestern Brazil but also extends its reach deep into neighboring countries like Peru and Colombia.,overlaps,Polygon,Polygon,Amazon Rainforest,Amazon Rainforest,Brazil,Brazil,Two large polygons sharing a significant interior area while retaining exclusive external areas.,Level 1
"The Sahara Desert blankets the vast majority of Egypt's landmass, while also sprawling into several other North African nations.",overlaps,Polygon,Polygon,Sahara Desert,Sahara Desert,Egypt,Egypt,An environmental polygon partially intersecting a national administrative polygon.,Level 1
"The Appalachian Mountains run directly down the center of Pennsylvania, though the mountain chain continues far past the state's limits.",overlaps,Polygon,Polygon,Appalachian Mountains,Appalachian Mountains,State of Pennsylvania,State of Pennsylvania,A geological polygon and a state polygon partially sharing coordinates.,Level 1
The federal lands of Yellowstone cover the northwest corner of Wyoming but also spill out into Montana and Idaho.,overlaps,Polygon,Polygon,Yellowstone National Park,Yellowstone National Park,State of Wyoming,State of Wyoming,"A federal park polygon largely intersecting a state polygon, but continuing outside it.",Level 1
The massive Andes mountain range blankets the entire eastern edge of Chile while also sprawling deep into Argentina.,overlaps,Polygon,Polygon,Andes Mountains,Andes Mountains,Chile,Chile,A physical geological polygon and a political national polygon partially intersecting.,Level 1
The arid Mojave Desert covers a large swath of southern California while also extending into Nevada and Arizona.,overlaps,Polygon,Polygon,Mojave Desert,Mojave Desert,State of California,State of California,A desert polygon intersecting a state polygon.,Level 1
"The peaks of the Alps dominate the landscape of Switzerland, though the range also stretches into Italy and France.",overlaps,Polygon,Polygon,The Alps,The Alps,Switzerland,Switzerland,A multinational geological polygon sharing space with a sovereign state polygon.,Level 1
"The Rocky Mountains cover a massive section of Colorado, continuing north into Wyoming and beyond.",overlaps,Polygon,Polygon,Rocky Mountains,Rocky Mountains,State of Colorado,State of Colorado,A mountain range polygon partially intersecting a state polygon.,Level 1
The tribal lands of the Navajo Nation cover a large portion of northeastern Arizona while holding lands elsewhere.,overlaps,Polygon,Polygon,Navajo Nation,Navajo Nation,State of Arizona,State of Arizona,A tribal polygon and a state polygon sharing a massive interior area.,Level 1
The sweeping sands of the Gobi Desert cover the southern half of Mongolia and reach down into northern China.,overlaps,Polygon,Polygon,Gobi Desert,Gobi Desert,Mongolia,Mongolia,A desert polygon partially overlapping a national polygon.,Level 1
The massive Himalaya mountain chain covers the northern half of Nepal while extending far across Asia.,overlaps,Polygon,Polygon,Himalaya Mountains,Himalaya Mountains,Nepal,Nepal,A massive mountain polygon intersecting a national polygon.,Level 1
The Great Victoria Desert covers vast tracts of Western Australia before bleeding over into South Australia.,overlaps,Polygon,Polygon,Great Victoria Desert,Great Victoria Desert,Western Australia,Western Australia,A desert polygon overlapping a state polygon.,Level 1
The scorching Sonoran Desert covers much of northwestern Mexico while extending upwards into the United States.,overlaps,Polygon,Polygon,Sonoran Desert,Sonoran Desert,Mexico,Mexico,An environmental polygon sharing space with a national polygon.,Level 1
"The massive arid expanse blankets the vast majority of Egypt's landmass, while also sprawling into several other North African nations.",overlaps,Polygon,Polygon,Sahara Desert,Sahara Desert,Egypt,Egypt,An environmental polygon partially intersecting a national administrative polygon.,Level 1
"The mountain range runs directly down the center of Pennsylvania, though the chain continues far past the state's limits.",overlaps,Polygon,Polygon,Appalachian Mountains,Appalachian Mountains,State of Pennsylvania,State of Pennsylvania,A geological polygon and a state polygon partially sharing coordinates.,Level 1
The federal lands cover the northwest corner of Wyoming but also spill out into Montana and Idaho.,overlaps,Polygon,Polygon,Yellowstone National Park,Yellowstone National Park,State of Wyoming,State of Wyoming,"A federal park polygon largely intersecting a state polygon, but continuing outside it.",Level 1
The massive mountain range blankets the entire eastern edge of Chile while also sprawling deep into Argentina.,overlaps,Polygon,Polygon,Andes Mountains,Andes Mountains,Chile,Chile,A physical geological polygon and a political national polygon partially intersect.,Level 1
The arid desert covers a large swath of southern California while also extending into Nevada and Arizona.,overlaps,Polygon,Polygon,Mojave Desert,Mojave Desert,State of California,State of California,A desert polygon intersecting a state polygon.,Level 1
"The peaks dominate the landscape of Switzerland, though the range also stretches into Italy and France.",overlaps,Polygon,Polygon,The Alps,The Alps,Switzerland,Switzerland,A multinational geological polygon sharing space with a sovereign state polygon.,Level 1
"The mountain range covers a massive section of Colorado, continuing north into Wyoming and beyond.",overlaps,Polygon,Polygon,Rocky Mountains,Rocky Mountains,State of Colorado,State of Colorado,A mountain range polygon partially intersecting a state polygon.,Level 1
The tribal lands cover a large portion of northeastern Arizona while holding lands elsewhere.,overlaps,Polygon,Polygon,Navajo Nation,Navajo Nation,State of Arizona,State of Arizona,A tribal polygon and a state polygon sharing a massive interior area.,Level 1
The sweeping sands cover the southern half of Mongolia and reach down into northern China.,overlaps,Polygon,Polygon,Gobi Desert,Gobi Desert,Mongolia,Mongolia,A desert polygon partially intersecting a national polygon.,Level 1
The massive mountain chain covers the northern half of Nepal while extending far across Asia.,overlaps,Polygon,Polygon,Himalaya Mountains,Himalaya Mountains,Nepal,Nepal,A massive mountain polygon intersecting a national polygon.,Level 1
The dense trees blanket a large corner of the region while also stretching into surrounding areas.,overlaps,Polygon,Polygon,Black Forest,Black Forest,Baden-Württemberg,Baden-Württemberg,A forest polygon partially intersecting a regional administrative polygon.,Level 1
The desert covers vast tracts of the state before bleeding over into the neighboring region.,overlaps,Polygon,Polygon,Great Victoria Desert,Great Victoria Desert,Western Australia,Western Australia,A desert polygon sharing space with a state polygon.,Level 1
The scorching desert covers much of northwestern Mexico while extending upwards into the United States.,overlaps,Polygon,Polygon,Sonoran Desert,Sonoran Desert,Mexico,Mexico,An environmental polygon sharing space with a national polygon.,Level 1
The warm current of water flows through a significant portion of the ocean while also interacting with the coastal shelves.,overlaps,LineString,Polygon,Gulf Stream,Gulf Stream,North Atlantic,North Atlantic,A current line sharing coordinates with a maritime polygon.,Level 1
The dense rainforest covers the bulk of the nation but continues into several neighboring central African countries.,overlaps,Polygon,Polygon,Congo Basin,Congo Basin,Democratic Republic of the Congo,Democratic Republic of the Congo,An ecological polygon sharing space with a national polygon.,Level 1
The massive living structure covers a significant portion of the maritime zone while continuing along the continental shelf.,overlaps,Polygon,Polygon,Great Barrier Reef,Great Barrier Reef,Coral Sea,Coral Sea,A natural feature polygon intersecting a maritime zone.,Level 1
The fertile plains cover the center of the nation but also extend into Uruguay and Brazil.,overlaps,Polygon,Polygon,Pampas Grassland,Pampas Grassland,Argentina,Argentina,A grassland polygon sharing space with a national polygon.,Level 1
The northern cultural and geographic region covers all of the nation while extending to include Sweden and Denmark.,overlaps,Polygon,Polygon,Scandinavia,Scandinavia,Norway,Norway,A regional polygon partially sharing space with a national one.,Level 1
"The Navajo Nation reservation spans multiple states, covering a significant portion of northeastern Arizona while holding lands elsewhere.",overlaps,Polygon,Polygon,Navajo Nation,Navajo Nation,State of Arizona,State of Arizona,A sovereign tribal polygon and a state polygon share a massive interior area.,Level 2
"Yellowstone National Park is primarily located in Wyoming, but its legal borders spill over the boundary into Montana and Idaho.",overlaps,Polygon,Polygon,Yellowstone National Park,Yellowstone National Park,State of Wyoming,State of Wyoming,"A federal park polygon largely intersecting a state polygon, but bleeding over into others.",Level 2
The massive Andes mountain range blankets the entire eastern border region of Chile while also sprawling deep into Argentina.,overlaps,Polygon,Polygon,Andes Mountains,Andes Mountains,Chile,Chile,A physical geological polygon and a political national polygon partially intersect.,Level 2
The dense jungle ecosystem covers the eastern half of the country and extends deep into neighboring Brazil.,overlaps,Polygon,Polygon,Amazon Basin,Amazon Basin,Peru,Peru,A massive ecological polygon intersecting a country polygon.,Level 2
The geological peaks dominate British Columbia and Alberta while continuing their uninterrupted march south into the United States.,overlaps,Polygon,Polygon,Rocky Mountains,Rocky Mountains,Canada,Canada,A mountain range polygon partially sharing coordinates with a national polygon.,Level 2
The cultural and demographic zone covers southeastern Turkey while also bleeding heavily into several neighboring nations.,overlaps,Polygon,Polygon,Kurdish Inhabited Region,Kurdish Inhabited Region,Turkey,Turkey,A cultural demographic polygon intersecting a national polygon.,Level 2
The arid ecosystem covers the southern tip of the state and pushes heavily into the adjacent lands of California.,overlaps,Polygon,Polygon,Mojave Desert,Mojave Desert,State of Nevada,State of Nevada,A desert polygon partially intersecting a state polygon.,Level 2
The northern border region is dominated by the snowy peaks that also heavily cover Switzerland and Austria.,overlaps,Polygon,Polygon,The Alps,The Alps,Italy,Italy,A multinational geological polygon sharing space with a sovereign state polygon.,Level 2
"The massive geological trench cuts a wide swath through the nation, though its full length stretches from Lebanon to Mozambique.",overlaps,Polygon,Polygon,Great Rift Valley,Great Rift Valley,Kenya,Kenya,A geological trench polygon partially intersecting a national polygon.,Level 2
The sweeping desert covers the vast majority of the country while also taking up significant parts of Namibia and South Africa.,overlaps,Polygon,Polygon,Kalahari Desert,Kalahari Desert,Botswana,Botswana,A desert polygon partially overlapping a national polygon.,Level 2
The industrial economic region covers the northern manufacturing cities but also spreads across several other midwestern states.,overlaps,Polygon,Polygon,Rust Belt,Rust Belt,State of Ohio,State of Ohio,An economic region polygon partially intersecting a state polygon.,Level 2
The dangerous meteorological zone covers the entire state and pushes heavily into the plains of Kansas and Texas.,overlaps,Polygon,Polygon,Tornado Alley,Tornado Alley,State of Oklahoma,State of Oklahoma,A meteorological zone polygon overlapping a state polygon.,Level 2
The dense woodlands dominate the region but also stretch their canopy across nearby international borders.,overlaps,Polygon,Polygon,Black Forest,Black Forest,State of Baden-Württemberg,State of Baden-Württemberg,A forest polygon partially intersecting a regional administrative polygon.,Level 2
"Yellowstone National Park is primarily located in Wyoming, but its legal borders spill over the boundary into Montana and Idaho.",overlaps,Polygon,Polygon,Yellowstone National Park,Yellowstone National Park,State of Wyoming,State of Wyoming,"A federal park polygon largely intersects a state polygon, but bleeds over the boundary into adjacent states.",Level 2
The massive Andes mountain range blankets the entire eastern border region of Chile while also sprawling deep into Argentina.,overlaps,Polygon,Polygon,Andes Mountains,Andes Mountains,Chile,Chile,A physical geological polygon and a political national polygon partially intersect one another.,Level 2
"The tribal borders share specific, highly contested joint-use geographical zones in the American southwest.",overlaps,Polygon,Polygon,Navajo Nation,Navajo Nation,Hopi Reservation,Hopi Reservation,Two tribal administrative polygons featuring partially intersecting boundaries.,Level 2
The pie-shaped sovereign territorial claims heavily share the exact same physical wedge of the frozen southern continent.,overlaps,Polygon,Polygon,Argentine Antarctica Claim,Argentine Antarctica Claim,British Antarctic Territory,British Antarctic Territory,Two sovereign legal polygons mutually projecting over the exact same physical landmass.,Level 2
The projected maritime boundaries clash and mutually share a vast swath of the turbulent South Atlantic ocean.,overlaps,Polygon,Polygon,Falkland Islands EEZ,Falkland Islands EEZ,Argentine Sea,Argentine Sea,Two abstract legal maritime polygons intersecting across a vast ocean.,Level 2
"Operating as a geopolitical condominium, the region ensures the sovereign administrative claims of both nations mutually share jurisdiction.",overlaps,Polygon,Polygon,Abyei Area,Abyei Area,Republic of Sudan,Republic of Sudan,An administrative polygon representing the legalized sharing of two sovereign nations.,Level 2
The intensely disputed military zones share the exact same regional mapping on the subcontinent.,overlaps,Polygon,Polygon,Kashmir Region,Kashmir Region,Indian Territorial Claim,Indian Territorial Claim,A contested regional polygon sharing coordinates with a national claim.,Level 2
The competing diplomatic maps mutually project over the exact same island chain in the Pacific.,overlaps,MultiPolygon,Polygon,Kuril Islands,Kuril Islands,Japanese Territorial Claim,Japanese Territorial Claim,A physical multi-polygon sharing identical coordinates with a diplomatic claim.,Level 2
The industrial economic region shares a massive geographic footprint with the central states of the country.,overlaps,Polygon,Polygon,Rust Belt,Rust Belt,State of Ohio,State of Ohio,An economic region polygon intersecting a geographic regional polygon.,Level 2
The arid sands mutually blend and share a massive transition zone with the semi-arid regional band.,overlaps,Polygon,Polygon,Sahara Desert,Sahara Desert,Sahel Region,Sahel Region,Two massive environmental polygons sharing a vast transitional intersection.,Level 2
The dense jungle ecosystem bleeds into and shares a geographic footprint with the lower mountainous elevations.,overlaps,Polygon,Polygon,Amazon Basin,Amazon Basin,Andes Mountains Foothills,Andes Mountains Foothills,Two ecological/geological polygons intersecting over a massive regional transition.,Level 2
The cultural and demographic zone shares map space with the southeastern national borders of the country.,overlaps,Polygon,Polygon,Kurdish Inhabited Region,Kurdish Inhabited Region,Republic of Turkey,Republic of Turkey,A cultural demographic polygon sharing space with a sovereign nation.,Level 2
The dangerous meteorological zone encompasses the entire state while bleeding outward into the surrounding plains.,overlaps,Polygon,Polygon,Tornado Alley,Tornado Alley,State of Oklahoma,State of Oklahoma,A meteorological zone polygon intersecting heavily with a state polygon.,Level 2
The contested desert boundary shares a significant geographic zone with the southern sovereign claims made by Cairo.,overlaps,Polygon,Polygon,Hala'ib Triangle,Hala'ib Triangle,Egyptian Territorial Claim,Egyptian Territorial Claim,A contested geographic polygon partially intersecting with a national claim polygon.,Level 2
"The sweeping geopolitical claims clash with the internationally recognized economic zone, creating an area of dual jurisdiction.",overlaps,MultiPolygon,Polygon,Spratly Islands Maritime Claims,Spratly Islands Maritime Claims,Vietnamese Exclusive Economic Zone,Vietnamese Exclusive Economic Zone,A legal MultiPolygon encroaching on a continuous maritime Polygon.,Level 2
"The regional administrative boundary is largely covered by the forest, which also spreads into nearby areas.",overlaps,Polygon,Polygon,Baden-Württemberg,Baden-Württemberg,Black Forest,Black Forest,A forest polygon partially intersecting a regional administrative polygon.,Level 2
The sweeping sands cover the northern tracts of the country while reaching into Mongolian territory.,overlaps,Polygon,Polygon,Gobi Desert,Gobi Desert,China,China,A desert polygon partially overlapping a national polygon.,Level 2
The arid sands cover the vast interior of the state before bleeding over into the adjacent territory.,overlaps,Polygon,Polygon,Great Victoria Desert,Great Victoria Desert,South Australia,South Australia,A desert polygon overlapping a state polygon.,Level 2
The historical cultural region shares a massive geographic footprint with the member nations of the political bloc.,overlaps,Polygon,Polygon,Mediterranean Basin,Mediterranean Basin,European Union,European Union,A cultural polygon intersecting a political union polygon.,Level 2
The active volcanic zone shares a massive geographic footprint with the tectonic boundaries of the oceanic plate.,overlaps,Polygon,Polygon,Ring of Fire,Ring of Fire,Pacific Plate,Pacific Plate,A geological zone polygon intersecting a tectonic plate polygon.,Level 2
"The contested boundary of the Hala'ib Triangle shares a significant geographic zone with the southern sovereign territorial claims made by Egypt, leading to dual administration.",overlaps,Polygon,Polygon,Hala'ib Triangle,Hala'ib Triangle,Egyptian Territorial Claim,Egyptian Territorial Claim,"A contested geographic polygon partially intersects with a national claim polygon, leaving areas of mutual and exclusive jurisdiction.",Level 3
"The massive footprint of the Alps blankets a large portion of Switzerland while also sprawling deep into Italy, France, and Austria.",overlaps,Polygon,Polygon,The Alps,The Alps,Switzerland,Switzerland,A multinational geological polygon and a sovereign state polygon that share a massive interior intersection.,Level 3
The contested boundary shares a significant contested geographic zone with the southern sovereign claims made by Cairo.,overlaps,Polygon,Polygon,Hala'ib Triangle,Hala'ib Triangle,Egyptian Territorial Claim,Egyptian Territorial Claim,A contested geographic polygon partially intersecting with a national claim polygon.,Level 3
The massive multinational geological footprint heavily shares space with the sovereign national territory of the Swiss.,overlaps,Polygon,Polygon,The Alps,The Alps,Switzerland,Switzerland,A massive multinational geological polygon sharing interior space with a nation.,Level 3
"The complex tribal borders share specific, highly contested joint-use geographical zones in the American southwest.",overlaps,Polygon,Polygon,Navajo Nation,Navajo Nation,Hopi Reservation,Hopi Reservation,Two tribal administrative polygons featuring partially intersecting boundaries.,Level 3
The pie-shaped sovereign territorial claims heavily share the exact same physical wedge of the frozen southern continent.,overlaps,Polygon,Polygon,Argentine Antarctica Claim,Argentine Antarctica Claim,British Antarctic Territory,British Antarctic Territory,Two sovereign legal polygons mutually projecting over the exact same physical landmass.,Level 3
The projected maritime boundaries heavily clash and mutually share a vast swath of the turbulent South Atlantic ocean.,overlaps,Polygon,Polygon,Falkland Islands EEZ,Falkland Islands EEZ,Argentine Sea,Argentine Sea,Two abstract legal maritime polygons intersecting across a vast ocean.,Level 3
"The massive, ambiguous maritime claim heavily encroaches upon and shares waters with the internationally recognized zones of Manila.",overlaps,Polygon,Polygon,Nine-Dash Line Claim,Nine-Dash Line Claim,Philippine Exclusive Economic Zone,Philippine Exclusive Economic Zone,A geopolitical clash where two distinct maritime polygons claim the same space.,Level 3
"Operating as a geopolitical condominium, the region ensures sovereign administrative claims mutually share jurisdiction.",overlaps,Polygon,Polygon,Abyei Area,Abyei Area,Republic of Sudan,Republic of Sudan,An administrative polygon representing the legalized sharing of two sovereign nations.,Level 3
The intensely disputed military zones heavily share the exact same regional mapping on the subcontinent.,overlaps,Polygon,Polygon,Kashmir Region,Kashmir Region,Indian Territorial Claim,Indian Territorial Claim,A contested regional polygon heavily sharing coordinates with a national claim.,Level 3
The competing diplomatic maps mutually project over the exact same island chain in the Pacific.,overlaps,MultiPolygon,Polygon,Kuril Islands,Kuril Islands,Japanese Territorial Claim,Japanese Territorial Claim,A physical multi-polygon sharing identical coordinates with a diplomatic claim.,Level 3
The industrial economic region heavily shares a massive geographic footprint with the central states of the country.,overlaps,Polygon,Polygon,Rust Belt,Rust Belt,American Midwest,American Midwest,An economic region polygon heavily intersecting a geographic regional polygon.,Level 3
The arid sands mutually blend and share a massive transition zone with the semi-arid regional band.,overlaps,Polygon,Polygon,Sahara Desert,Sahara Desert,Sahel Region,Sahel Region,Two massive environmental polygons sharing a vast transitional intersection.,Level 3
The dense jungle ecosystem heavily bleeds into and shares a geographic footprint with the lower mountainous elevations.,overlaps,Polygon,Polygon,Amazon Basin,Amazon Basin,Andes Mountains Foothills,Andes Mountains Foothills,Two ecological/geological polygons intersecting over a massive regional transition.,Level 3
The cultural and demographic zone heavily shares map space with the southeastern national borders of the country.,overlaps,Polygon,Polygon,Kurdish Inhabited Region,Kurdish Inhabited Region,Republic of Turkey,Republic of Turkey,A cultural demographic polygon sharing space with a sovereign nation.,Level 3
The dangerous meteorological zone heavily encompasses the entire state while bleeding outward into the surrounding plains.,overlaps,Polygon,Polygon,Tornado Alley,Tornado Alley,State of Oklahoma,State of Oklahoma,A meteorological zone polygon intersecting heavily with a state polygon.,Level 3
"The massive geological trench cuts a wide swath through the nation, though its full length stretches from Lebanon to Mozambique.",overlaps,Polygon,Polygon,Great Rift Valley,Great Rift Valley,Kenya,Kenya,A geological trench polygon intersecting a national polygon.,Level 3
"The fractured Belgian and Dutch land parcels meet at infinitesimally complex junctions, sometimes dividing front doors in half.",overlaps,MultiPolygon,MultiPolygon,Baarle-Hertog Cadastral Plots,Baarle-Hertog Cadastral Plots,Baarle-Nassau Cadastral Plots,Baarle-Nassau Cadastral Plots,Highly fractured micro-borders sharing interior segments.,Level 3
"The contested desert boundary shares a significant geographic zone with the southern sovereign claims made by Cairo, leading to dual administration.",overlaps,Polygon,Polygon,Hala'ib Triangle,Hala'ib Triangle,Egyptian Territorial Claim,Egyptian Territorial Claim,A contested geographic polygon partially intersecting with a national claim polygon.,Level 3
The projected maritime boundaries heavily clash and mutually share a vast swath of the turbulent South Atlantic ocean.,overlaps,Polygon,Polygon,Falkland Islands EEZ,Falkland Islands EEZ,Argentine Sea,Argentine Sea,Two abstract legal maritime polygons intersecting across a vast ocean.,Level 3
"The massive, ambiguous maritime claim heavily encroaches upon and shares waters with the internationally recognized zones of Manila.",overlaps,Polygon,Polygon,Nine-Dash Line Claim,Nine-Dash Line Claim,Philippine Exclusive Economic Zone,Philippine Exclusive Economic Zone,A geopolitical clash where two distinct maritime polygons claim the same space.,Level 3
"Operating as a geopolitical condominium, the region ensures the sovereign administrative claims of both Khartoum and Juba legally and spatially share a highly contested jurisdiction.",overlaps,Polygon,Polygon,Abyei Area,Abyei Area,Republic of Sudan,Republic of Sudan,An administrative polygon representing the legalized sharing of two sovereign nations.,Level 3
The intensely disputed military zones heavily share the exact same regional mapping on the subcontinent.,overlaps,Polygon,Polygon,Kashmir Region,Kashmir Region,Indian Territorial Claim,Indian Territorial Claim,A contested regional polygon heavily sharing coordinates with a national claim.,Level 3
The industrial economic region heavily shares a massive geographic footprint with the central states of the country.,overlaps,Polygon,Polygon,Rust Belt,Rust Belt,American Midwest,American Midwest,An economic region polygon heavily intersecting a geographic regional polygon.,Level 3
The arid sands mutually blend and share a massive transition zone with the semi-arid regional band stretching across Africa.,overlaps,Polygon,Polygon,Sahara Desert,Sahara Desert,Sahel Region,Sahel Region,Two massive environmental polygons sharing a vast transitional intersection.,Level 3
The dense jungle ecosystem heavily bleeds into and shares a geographic footprint with the lower mountainous elevations in South America.,overlaps,Polygon,Polygon,Amazon Basin,Amazon Basin,Andes Mountains Foothills,Andes Mountains Foothills,Two ecological/geological polygons intersecting over a massive regional transition.,Level 3
The cultural and demographic zone heavily shares map space with the southeastern national borders of the transcontinental country.,overlaps,Polygon,Polygon,Kurdish Inhabited Region,Kurdish Inhabited Region,Republic of Turkey,Republic of Turkey,A cultural demographic polygon sharing space with a sovereign nation.,Level 3
The dangerous meteorological zone heavily encompasses the entire state while bleeding outward into the surrounding plains.,overlaps,Polygon,Polygon,Tornado Alley,Tornado Alley,State of Oklahoma,State of Oklahoma,A meteorological zone polygon intersecting heavily with a state polygon.,Level 3
"The sweeping multi-layered geopolitical claims heavily clash with the internationally recognized economic zone, creating a vast area of dual jurisdiction in the sea.",overlaps,MultiPolygon,Polygon,Spratly Islands Maritime Claims,Spratly Islands Maritime Claims,Vietnamese Exclusive Economic Zone,Vietnamese Exclusive Economic Zone,A highly fractured legal MultiPolygon heavily encroaching on a continuous national maritime Polygon.,Level 3
Geospatial mapping reveals that the maximum territorial extent of the ancient historical footprint heavily encroaches upon the vast majority of the modern sovereign boundaries of the political bloc.,overlaps,Polygon,Polygon,Historical Roman Empire (AD 117),Historical Roman Empire (AD 117),Modern European Union,Modern European Union,A temporal-geospatial mutual sharing between an extinct historical polygon and a modern administrative polygon.,Level 3
"The complex tribal borders share specific, highly contested joint-use geographical zones in the American southwest.",overlaps,Polygon,Polygon,Navajo Nation,Navajo Nation,Hopi Reservation,Hopi Reservation,Two tribal administrative polygons featuring partially intersecting boundaries.,Level 3
The massive multinational geological footprint heavily shares space with the sovereign national territory of the Swiss.,overlaps,Polygon,Polygon,The Alps,The Alps,Switzerland,Switzerland,A massive multinational geological polygon sharing interior space with a nation.,Level 3
The geological peaks dominate British Columbia and Alberta while continuing their uninterrupted march south into the United States.,overlaps,Polygon,Polygon,Rocky Mountains,Rocky Mountains,Canada,Canada,A mountain range polygon partially sharing coordinates with a national polygon.,Level 3
The dense trees blanket a large corner of the region while also stretching into surrounding areas.,overlaps,Polygon,Polygon,Black Forest,Black Forest,Baden-Württemberg,Baden-Württemberg,A forest polygon partially intersecting a regional administrative polygon.,Level 3
The incredibly fractured cadastral borders of the Belgian and Dutch towns result in a macro-regional footprint where both sovereign domains extensively interweave and mutually share a regional zone.,overlaps,MultiPolygon,MultiPolygon,Baarle-Hertog Municipality,Baarle-Hertog Municipality,Baarle-Nassau Municipality,Baarle-Nassau Municipality,An extreme anomaly where dozens of micro-enclaves cause two national MultiPolygons to heavily intersect in a shared zone.,Level 4
"Under the frozen geopolitical realities of the South Pole, the pie-shaped sovereign territorial claim of the South American nation massively encroaches upon the wedge claimed by London.",overlaps,Polygon,Polygon,Argentine Antarctica Claim,Argentine Antarctica Claim,British Antarctic Territory,British Antarctic Territory,Two sovereign legal polygons mutually projecting over the exact same physical landmass.,Level 4
The 200-nautical-mile economic projection extending outward from the British islands deeply intrudes into the sovereign maritime territory recognized by Buenos Aires.,overlaps,Polygon,Polygon,Falkland Islands EEZ,Falkland Islands EEZ,Argentine Sea,Argentine Sea,Two abstract legal maritime polygons that clash and intersect across a vast swath of ocean.,Level 4
Geospatial mapping reveals that the maximum territorial extent of the ancient historical footprint heavily encroaches upon the vast majority of the modern sovereign boundaries of the political bloc.,overlaps,Polygon,Polygon,Historical Roman Empire (AD 117),Historical Roman Empire (AD 117),Modern European Union,Modern European Union,A temporal-geospatial overlap between an extinct historical polygon and a modern administrative polygon.,Level 4
"Acting as a geopolitical condominium, the region ensures the sovereign administrative claims of both Khartoum and Juba legally and spatially share a highly contested jurisdiction.",overlaps,Polygon,Polygon,Abyei Administrative Area,Abyei Administrative Area,Republic of Sudan,Republic of Sudan,A legal anomaly where an administrative polygon represents the legalized sharing of two sovereign nations.,Level 4
"The sweeping multi-layered geopolitical claims heavily clash with the internationally recognized economic zone, creating a vast area of dual jurisdiction in the sea.",overlaps,MultiPolygon,Polygon,Spratly Islands Maritime Claims,Spratly Islands Maritime Claims,Vietnamese Exclusive Economic Zone,Vietnamese Exclusive Economic Zone,A highly fractured legal MultiPolygon heavily encroaching on a continuous national maritime Polygon.,Level 4
The intensely disputed military zones heavily share the exact same regional mapping as the sovereign claims broadcast by New Delhi.,overlaps,Polygon,Polygon,Kashmir Region,Kashmir Region,Indian Territorial Claim,Indian Territorial Claim,A contested regional polygon heavily sharing coordinates with a national claim.,Level 4
The competing diplomatic maps mutually project over the exact same frigid island chain in the northern Pacific.,overlaps,MultiPolygon,Polygon,Kuril Islands,Kuril Islands,Japanese Territorial Claim,Japanese Territorial Claim,A physical multi-polygon sharing identical coordinates with a diplomatic claim.,Level 4
The historical industrial economic region heavily shares a massive geographic footprint with the central states of the country.,overlaps,Polygon,Polygon,Rust Belt,Rust Belt,American Midwest,American Midwest,An economic region polygon heavily intersecting a geographic regional polygon.,Level 4
The arid sands mutually blend and share a massive transition zone with the semi-arid regional band stretching across Africa.,overlaps,Polygon,Polygon,Sahara Desert,Sahara Desert,Sahel Region,Sahel Region,Two massive environmental polygons sharing a vast transitional intersection.,Level 4
The dense jungle ecosystem heavily bleeds into and shares a geographic footprint with the lower mountainous elevations in South America.,overlaps,Polygon,Polygon,Amazon Basin,Amazon Basin,Andes Mountains Foothills,Andes Mountains Foothills,Two ecological/geological polygons intersecting over a massive regional transition.,Level 4
The cultural and demographic zone heavily shares map space with the southeastern national borders of the transcontinental country.,overlaps,Polygon,Polygon,Kurdish Inhabited Region,Kurdish Inhabited Region,Republic of Turkey,Republic of Turkey,A cultural demographic polygon sharing space with a sovereign nation.,Level 4
"The contested desert boundary shares a significant geographic zone with the southern sovereign claims made by Cairo, leading to dual administration.",overlaps,Polygon,Polygon,Hala'ib Triangle,Hala'ib Triangle,Egyptian Territorial Claim,Egyptian Territorial Claim,A contested geographic polygon partially intersecting with a national claim polygon.,Level 4
The incredibly fractured cadastral borders of the Belgian Baarle-Hertog and the Dutch Baarle-Nassau result in a macro-regional footprint where both sovereign domains extensively interweave and mutually share a regional zone.,overlaps,MultiPolygon,MultiPolygon,Baarle-Hertog Municipality,Baarle-Hertog Municipality,Baarle-Nassau Municipality,Baarle-Nassau Municipality,An extreme real-world topological anomaly where dozens of micro-enclaves cause two national administrative MultiPolygons to heavily intersect in a shared zone.,Level 4
"Under the frozen geopolitical realities of the South Pole, the pie-shaped sovereign territorial claim of Argentina massively encroaches upon the wedge claimed by the United Kingdom.",overlaps,Polygon,Polygon,Argentine Antarctica Claim,Argentine Antarctica Claim,British Antarctic Territory,British Antarctic Territory,"Two sovereign legal polygons projecting over the exact same physical landmass, resulting in a massive zone of shared coordinates.",Level 4
The incredibly fractured cadastral borders of the Belgian and Dutch towns result in a macro-regional footprint where both sovereign domains extensively interweave and mutually share a regional zone.,overlaps,MultiPolygon,MultiPolygon,Baarle-Hertog Municipality,Baarle-Hertog Municipality,Baarle-Nassau Municipality,Baarle-Nassau Municipality,An extreme anomaly where dozens of micro-enclaves cause two national MultiPolygons to heavily intersect in a shared zone.,Level 4
"Under the frozen geopolitical realities of the South Pole, the pie-shaped sovereign territorial claim of the South American nation massively encroaches upon the wedge claimed by London.",overlaps,Polygon,Polygon,Argentine Antarctica Claim,Argentine Antarctica Claim,British Antarctic Territory,British Antarctic Territory,Two sovereign legal polygons mutually projecting over the exact same physical landmass.,Level 4
The 200-nautical-mile economic projection extending outward from the British islands deeply intrudes into the sovereign maritime territory recognized by Buenos Aires.,overlaps,Polygon,Polygon,Falkland Islands EEZ,Falkland Islands EEZ,Argentine Sea,Argentine Sea,Two abstract legal maritime polygons that clash and intersect mutually in a vast swath of ocean.,Level 4
Geospatial mapping reveals that the maximum territorial extent of the ancient historical footprint heavily encroaches upon the vast majority of the modern sovereign boundaries of the political bloc.,overlaps,Polygon,Polygon,Historical Roman Empire (AD 117),Historical Roman Empire (AD 117),Modern European Union,Modern European Union,A temporal-geospatial mutual sharing between an extinct historical polygon and a modern administrative polygon.,Level 4
"The massive, highly ambiguous maritime polygon claimed by Beijing heavily encroaches upon and mutually shares waters with the internationally recognized zones of Manila.",overlaps,Polygon,Polygon,Nine-Dash Line Claim,Nine-Dash Line Claim,Philippine Exclusive Economic Zone (EEZ),Philippine Exclusive Economic Zone (EEZ),A geopolitical clash where two distinct maritime polygons claim the same space.,Level 4
"Acting as a geopolitical condominium, the region ensures the sovereign administrative claims of both Khartoum and Juba legally and spatially share a highly contested jurisdiction.",overlaps,Polygon,Polygon,Abyei Administrative Area,Abyei Administrative Area,Republic of Sudan,Republic of Sudan,A legal anomaly where an administrative polygon represents the legalized sharing of two sovereign nations.,Level 4
"The sweeping multi-layered geopolitical claims heavily clash with the internationally recognized economic zone, creating a vast area of dual jurisdiction in the sea.",overlaps,MultiPolygon,Polygon,Spratly Islands Maritime Claims,Spratly Islands Maritime Claims,Vietnamese Exclusive Economic Zone,Vietnamese Exclusive Economic Zone,A highly fractured legal MultiPolygon heavily encroaching on a continuous national maritime Polygon.,Level 4
The intensely disputed military zones heavily share the exact same regional mapping as the sovereign claims broadcast by New Delhi.,overlaps,Polygon,Polygon,Kashmir Region,Kashmir Region,Indian Territorial Claim,Indian Territorial Claim,A contested regional polygon heavily sharing coordinates with a national claim.,Level 4
The competing diplomatic maps mutually project over the exact same frigid island chain in the northern Pacific.,overlaps,MultiPolygon,Polygon,Kuril Islands,Kuril Islands,Japanese Territorial Claim,Japanese Territorial Claim,A physical multi-polygon sharing identical coordinates with a diplomatic claim.,Level 4
The historical industrial economic region heavily shares a massive geographic footprint with the central states of the country.,overlaps,Polygon,Polygon,Rust Belt,Rust Belt,American Midwest,American Midwest,An economic region polygon heavily intersecting a geographic regional polygon.,Level 4
The arid sands mutually blend and share a massive transition zone with the semi-arid regional band stretching across Africa.,overlaps,Polygon,Polygon,Sahara Desert,Sahara Desert,Sahel Region,Sahel Region,Two massive environmental polygons sharing a vast transitional intersection.,Level 4
The dense jungle ecosystem heavily bleeds into and shares a geographic footprint with the lower mountainous elevations in South America.,overlaps,Polygon,Polygon,Amazon Basin,Amazon Basin,Andes Mountains Foothills,Andes Mountains Foothills,Two ecological/geological polygons intersecting over a massive regional transition.,Level 4
The cultural and demographic zone heavily shares map space with the southeastern national borders of the transcontinental country.,overlaps,Polygon,Polygon,Kurdish Inhabited Region,Kurdish Inhabited Region,Republic of Turkey,Republic of Turkey,A cultural demographic polygon sharing space with a sovereign nation.,Level 4
The dangerous meteorological zone heavily encompasses the entire state while bleeding outward into the surrounding plains.,overlaps,Polygon,Polygon,Tornado Alley,Tornado Alley,State of Oklahoma,State of Oklahoma,A meteorological zone polygon intersecting heavily with a state polygon.,Level 4
"The contested desert boundary shares a significant geographic zone with the southern sovereign claims made by Cairo, leading to dual administration.",overlaps,Polygon,Polygon,Hala'ib Triangle,Hala'ib Triangle,Egyptian Territorial Claim,Egyptian Territorial Claim,A contested geographic polygon partially intersecting with a national claim polygon.,Level 4
The physical metallic marker on the ice sheet is continuously repositioned to remain perfectly synonymous with the absolute mathematical coordinate of the planetary axis.,overlaps,Point,Point,Geographic South Pole,Geographic South Pole,90 Degrees South Latitude,90 Degrees South Latitude,A physical infrastructure point geometry updated to share coordinates perfectly with an abstract mathematical point.,Level 4
"The ancient, independently governed municipal enclave shares a rigidly exact and identical topological footprint with the financial district colloquially defined by its size.",overlaps,Polygon,Polygon,City of London,City of London,The Square Mile,The Square Mile,Two completely different semantic named entities that share the exact same geospatial polygon.,Level 4
The physical Soul weather buoy moored in the Gulf of Guinea is mathematically forced to perfectly match the theoretical geodetic anchor point at zero degrees latitude and zero degrees longitude.,overlaps,Point,Point,Null Island,Null Island,WGS84 Origin Coordinate,WGS84 Origin Coordinate,A physical maritime object forced by human definition to share a geometric coordinate perfectly with an anchor point.,Level 4
"Following the 2015 federal renaming, the colonial surveying coordinates were officially reverted to perfectly match the indigenous summit footprint down to the millimeter.",overlaps,Point,Point,Historical Mount McKinley Summit,Historical Mount McKinley Summit,Modern Denali Summit,Modern Denali Summit,Semantic identicalness requiring historical context sharing the exact same physical node.,Level 4
The defensive geometric perimeter of the historical walled city is topologically identical to the modern administrative borders of the municipal district.,overlaps,Polygon,Polygon,Constantinople Walled City (1453),Constantinople Walled City (1453),Fatih District of Istanbul,Fatih District of Istanbul,A temporal and cartographic alignment where an ancient architectural polygon perfectly shares a modern municipal polygon.,Level 4
The incredibly fractured cadastral borders of the Belgian and Dutch towns result in a macro-regional footprint where both sovereign domains extensively interweave and mutually share a regional zone.,overlaps,MultiPolygon,MultiPolygon,Baarle-Hertog Municipality,Baarle-Hertog Municipality,Baarle-Nassau Municipality,Baarle-Nassau Municipality,An extreme anomaly where dozens of micro-enclaves cause two national MultiPolygons to heavily intersect in a shared zone.,Level 5
"Under the frozen geopolitical realities of the South Pole, the pie-shaped sovereign territorial claim of the South American nation massively encroaches upon the wedge claimed by London.",overlaps,Polygon,Polygon,Argentine Antarctica Claim,Argentine Antarctica Claim,British Antarctic Territory,British Antarctic Territory,Two sovereign legal polygons mutually projecting over the exact same physical landmass.,Level 5
The 200-nautical-mile economic projection extending outward from the British islands deeply intrudes into the sovereign maritime territory recognized by Buenos Aires.,overlaps,Polygon,Polygon,Falkland Islands EEZ,Falkland Islands EEZ,Argentine Sea,Argentine Sea,Two abstract legal maritime polygons that clash and intersect mutually in a vast swath of ocean.,Level 5
Geospatial mapping reveals that the maximum territorial extent of the ancient historical footprint heavily encroaches upon the vast majority of the modern sovereign boundaries of the political bloc.,overlaps,Polygon,Polygon,Historical Roman Empire (AD 117),Historical Roman Empire (AD 117),Modern European Union,Modern European Union,A temporal-geospatial mutual sharing between an extinct historical polygon and a modern administrative polygon.,Level 5
"The massive, highly ambiguous maritime polygon claimed by Beijing heavily encroaches upon and mutually shares waters with the internationally recognized zones of Manila.",overlaps,Polygon,Polygon,Nine-Dash Line Claim,Nine-Dash Line Claim,Philippine Exclusive Economic Zone (EEZ),Philippine Exclusive Economic Zone (EEZ),A geopolitical clash where two distinct maritime polygons claim the same space.,Level 5
"Acting as a geopolitical condominium, the region ensures the sovereign administrative claims of both Khartoum and Juba legally and spatially share a highly contested jurisdiction.",overlaps,Polygon,Polygon,Abyei Administrative Area,Abyei Administrative Area,Republic of Sudan,Republic of Sudan,A legal anomaly where an administrative polygon represents the legalized sharing of two sovereign nations.,Level 5
"The sweeping multi-layered geopolitical claims heavily clash with the internationally recognized economic zone, creating a vast area of dual jurisdiction in the sea.",overlaps,MultiPolygon,Polygon,Spratly Islands Maritime Claims,Spratly Islands Maritime Claims,Vietnamese Exclusive Economic Zone,Vietnamese Exclusive Economic Zone,A highly fractured legal MultiPolygon heavily encroaching on a continuous national maritime Polygon.,Level 5
The intensely disputed military zones heavily share the exact same regional mapping as the sovereign claims broadcast by New Delhi.,overlaps,Polygon,Polygon,Kashmir Region,Kashmir Region,Indian Territorial Claim,Indian Territorial Claim,A contested regional polygon heavily sharing coordinates with a national claim.,Level 5
The competing diplomatic maps mutually project over the exact same frigid island chain in the northern Pacific.,overlaps,MultiPolygon,Polygon,Kuril Islands,Kuril Islands,Japanese Territorial Claim,Japanese Territorial Claim,A physical multi-polygon sharing identical coordinates with a diplomatic claim.,Level 5
The historical industrial economic region heavily shares a massive geographic footprint with the central states of the country.,overlaps,Polygon,Polygon,Rust Belt,Rust Belt,American Midwest,American Midwest,An economic region polygon heavily intersecting a geographic regional polygon.,Level 5
The arid sands mutually blend and share a massive transition zone with the semi-arid regional band stretching across Africa.,overlaps,Polygon,Polygon,Sahara Desert,Sahara Desert,Sahel Region,Sahel Region,Two massive environmental polygons sharing a vast transitional intersection.,Level 5
The dense jungle ecosystem heavily bleeds into and shares a geographic footprint with the lower mountainous elevations in South America.,overlaps,Polygon,Polygon,Amazon Basin,Amazon Basin,Andes Mountains Foothills,Andes Mountains Foothills,Two ecological/geological polygons intersecting over a massive regional transition.,Level 5
The cultural and demographic zone heavily shares map space with the southeastern national borders of the transcontinental country.,overlaps,Polygon,Polygon,Kurdish Inhabited Region,Kurdish Inhabited Region,Republic of Turkey,Republic of Turkey,A cultural demographic polygon sharing space with a sovereign nation.,Level 5
"Administered as a special geopolitical condominium, the Abyei Area shares its sovereign jurisdiction with both the Republic of Sudan and the Republic of South Sudan, leading to a severely contested shared territory.",overlaps,Polygon,Polygon,Abyei Area,Abyei Area,Republic of South Sudan,Republic of South Sudan,Two administrative polygons that share a massive interior region while maintaining exclusive external territories.,Level 5
"Geospatial mapping reveals that the historical Ottoman Empire footprint at its peak territorial extent shares a massive geographic area with the modern European Union territory, though both possess vast exclusive lands.",overlaps,Polygon,Polygon,Historical Ottoman Empire Footprint (1683),Historical Ottoman Empire Footprint (1683),Modern European Union Territory,Modern European Union Territory,A temporal-geospatial overlap between an extinct historical polygon and a modern multi-state administrative polygon.,Level 5
"The sweeping multi-layered maritime claims over the Spratly Islands heavily clash with the internationally recognized Philippine Exclusive Economic Zone, creating a vast area of dual claimed jurisdiction in the South China Sea.",overlaps,MultiPolygon,Polygon,Spratly Islands Maritime Claims,Spratly Islands Maritime Claims,Philippine Exclusive Economic Zone,Philippine Exclusive Economic Zone,A highly fractured legal MultiPolygon overlapping a continuous national maritime Polygon.,Level 5
The international demilitarized legal polygon was drafted to map exactly 1:1 with the physical geographic multi-polygon of the frozen island chain.,overlaps,Polygon,MultiPolygon,Svalbard Treaty Zone,Svalbard Treaty Zone,Spitsbergen Archipelago,Spitsbergen Archipelago,An abstract diplomatic treaty boundary designed to share the physical boundaries of an archipelago.,Level 5
The incredibly fractured cadastral borders of the Belgian and Dutch towns result in a macro-regional footprint where both sovereign domains extensively interweave and mutually share a regional zone.,overlaps,MultiPolygon,MultiPolygon,Baarle-Hertog Municipality,Baarle-Hertog Municipality,Baarle-Nassau Municipality,Baarle-Nassau Municipality,An extreme anomaly where dozens of micro-enclaves cause two national MultiPolygons to heavily intersect in a shared zone.,Level 5
"Under the frozen geopolitical realities of the South Pole, the pie-shaped sovereign territorial claim of the South American nation massively encroaches upon the wedge claimed by London.",overlaps,Polygon,Polygon,Argentine Antarctica Claim,Argentine Antarctica Claim,British Antarctic Territory,British Antarctic Territory,Two sovereign legal polygons mutually projecting over the exact same physical landmass.,Level 5
Geospatial mapping reveals that the maximum territorial extent of the ancient historical footprint heavily encroaches upon the vast majority of the modern sovereign boundaries of the political bloc.,overlaps,Polygon,Polygon,Historical Roman Empire (AD 117),Historical Roman Empire (AD 117),Modern European Union,Modern European Union,A temporal-geospatial mutual sharing between an extinct historical polygon and a modern administrative polygon.,Level 5
"The massive, highly ambiguous maritime polygon claimed by Beijing heavily encroaches upon and mutually shares waters with the internationally recognized zones of Manila.",overlaps,Polygon,Polygon,Nine-Dash Line Claim,Nine-Dash Line Claim,Philippine Exclusive Economic Zone (EEZ),Philippine Exclusive Economic Zone (EEZ),A geopolitical clash where two distinct maritime polygons claim the same space.,Level 5
"Acting as a geopolitical condominium, the region ensures the sovereign administrative claims of both Khartoum and Juba legally and spatially share a highly contested jurisdiction.",overlaps,Polygon,Polygon,Abyei Administrative Area,Abyei Administrative Area,Republic of Sudan,Republic of Sudan,A legal anomaly where an administrative polygon represents the legalized sharing of two sovereign nations.,Level 5
"The sweeping multi-layered geopolitical claims heavily clash with the internationally recognized economic zone, creating a vast area of dual jurisdiction in the sea.",overlaps,MultiPolygon,Polygon,Spratly Islands Maritime Claims,Spratly Islands Maritime Claims,Vietnamese Exclusive Economic Zone,Vietnamese Exclusive Economic Zone,A highly fractured legal MultiPolygon heavily encroaching on a continuous national maritime Polygon.,Level 5
The intensely disputed military zones heavily share the exact same regional mapping as the sovereign claims broadcast by New Delhi.,overlaps,Polygon,Polygon,Kashmir Region,Kashmir Region,Indian Territorial Claim,Indian Territorial Claim,A contested regional polygon heavily sharing coordinates with a national claim.,Level 5
The competing diplomatic maps mutually project over the exact same frigid island chain in the northern Pacific.,overlaps,MultiPolygon,Polygon,Kuril Islands,Kuril Islands,Japanese Territorial Claim,Japanese Territorial Claim,A physical multi-polygon sharing identical coordinates with a diplomatic claim.,Level 5
The historical industrial economic region heavily shares a massive geographic footprint with the central states of the country.,overlaps,Polygon,Polygon,Rust Belt,Rust Belt,American Midwest,American Midwest,An economic region polygon heavily intersecting a geographic regional polygon.,Level 5
The arid sands mutually blend and share a massive transition zone with the semi-arid regional band stretching across Africa.,overlaps,Polygon,Polygon,Sahara Desert,Sahara Desert,Sahel Region,Sahel Region,Two massive environmental polygons sharing a vast transitional intersection.,Level 5
The dense jungle ecosystem heavily bleeds into and shares a geographic footprint with the lower mountainous elevations in South America.,overlaps,Polygon,Polygon,Amazon Basin,Amazon Basin,Andes Mountains Foothills,Andes Mountains Foothills,Two ecological/geological polygons intersecting over a massive regional transition.,Level 5
The cultural and demographic zone heavily shares map space with the southeastern national borders of the transcontinental country.,overlaps,Polygon,Polygon,Kurdish Inhabited Region,Kurdish Inhabited Region,Republic of Turkey,Republic of Turkey,A cultural demographic polygon sharing space with a sovereign nation.,Level 5
The dangerous meteorological zone heavily encompasses the entire state while bleeding outward into the surrounding plains.,overlaps,Polygon,Polygon,Tornado Alley,Tornado Alley,State of Oklahoma,State of Oklahoma,A meteorological zone polygon intersecting heavily with a state polygon.,Level 5
The physical metallic marker on the ice sheet is continuously repositioned to remain perfectly synonymous with the absolute mathematical coordinate of the planetary axis.,overlaps,Point,Point,Geographic South Pole,Geographic South Pole,90 Degrees South Latitude,90 Degrees South Latitude,A physical infrastructure point geometry updated to share coordinates perfectly with an abstract mathematical point.,Level 5
"The ancient, independently governed municipal enclave shares a rigidly exact and identical topological footprint with the financial district colloquially defined by its size.",overlaps,Polygon,Polygon,City of London,City of London,The Square Mile,The Square Mile,Two completely different semantic named entities that share the exact same geospatial polygon.,Level 5
The physical Soul weather buoy moored in the Gulf of Guinea is mathematically forced to perfectly match the theoretical geodetic anchor point at zero degrees latitude and zero degrees longitude.,overlaps,Point,Point,Null Island,Null Island,WGS84 Origin Coordinate,WGS84 Origin Coordinate,A physical maritime object forced by human definition to share a geometric coordinate perfectly with an anchor point.,Level 5
"Following the 2015 federal renaming, the colonial surveying coordinates were officially reverted to perfectly match the indigenous summit footprint down to the millimeter.",overlaps,Point,Point,Historical Mount McKinley Summit,Historical Mount McKinley Summit,Modern Denali Summit,Modern Denali Summit,Semantic identicalness requiring historical context sharing the exact same physical node.,Level 5
"The City of Philadelphia and Philadelphia County are consolidated, meaning they map to the exact same geographical footprint.",equals,Polygon,Polygon,City of Philadelphia,City of Philadelphia,Philadelphia County,Philadelphia County,Two administrative entities that cover the exact same topological footprint.,Level 1
"San Francisco operates as a consolidated city-county, possessing matching municipal and county boundaries.",equals,Polygon,Polygon,City of San Francisco,City of San Francisco,San Francisco County,San Francisco County,The city polygon and the county polygon are geometrically identical.,Level 1
"The New York City borough of Brooklyn is coextensive with Kings County, covering the precise same land area down to the square inch.",equals,Polygon,Polygon,Borough of Brooklyn,Borough of Brooklyn,Kings County,Kings County,A borough and a county that map to an identical set of geometric coordinates.,Level 1
"The City of Philadelphia and Philadelphia County are consolidated, meaning they map to the exact same geographical footprint.",equals,Polygon,Polygon,City of Philadelphia,City of Philadelphia,Philadelphia County,Philadelphia County,Two administrative entities that cover the identical topological footprint.,Level 1
"San Francisco operates as a consolidated city-county, possessing matching municipal and county boundaries down to the inch.",equals,Polygon,Polygon,City of San Francisco,City of San Francisco,San Francisco County,San Francisco County,The city polygon and the county polygon are geometrically identical.,Level 1
"The New York City borough of Brooklyn is coextensive with Kings County, covering the precise same land area.",equals,Polygon,Polygon,Borough of Brooklyn,Borough of Brooklyn,Kings County,Kings County,A borough and a county mapping to an identical set of geometric coordinates.,Level 1
The municipal limits of the City of Denver perfectly match the administrative footprint of Denver County.,equals,Polygon,Polygon,City of Denver,City of Denver,Denver County,Denver County,A consolidated city-county sharing the exact same footprint.,Level 1
The island borough of Manhattan and New York County share an identical jurisdictional map.,equals,Polygon,Polygon,Borough of Manhattan,Borough of Manhattan,New York County,New York County,A borough and a county with perfectly matching boundaries.,Level 1
The borders defining the Borough of Queens are completely synonymous with the borders of Queens County.,equals,Polygon,Polygon,Borough of Queens,Borough of Queens,Queens County,Queens County,Identical geometries for two different administrative titles.,Level 1
The political map of the Borough of The Bronx is entirely coextensive with Bronx County.,equals,Polygon,Polygon,Borough of The Bronx,Borough of The Bronx,Bronx County,Bronx County,Two semantic labels resolving to the exact same polygon.,Level 1
The island footprint of the Borough of Staten Island maps identically to the boundaries of Richmond County.,equals,Polygon,Polygon,Borough of Staten Island,Borough of Staten Island,Richmond County,Richmond County,A borough and a county sharing the precise same coordinates.,Level 1
The physical masonry walls that define Vatican City map flawlessly to the sovereign territorial limits of the Holy See.,equals,Polygon,Polygon,Vatican City,Vatican City,Holy See Territory,Holy See Territory,Physical architectural polygon maps exactly 1:1 with international legal polygon.,Level 1
The municipal government of the City of Washington is geographically coextensive with the federal District of Columbia.,equals,Polygon,Polygon,City of Washington,City of Washington,District of Columbia,District of Columbia,The city polygon and the district polygon are legally and geographically identical.,Level 1
"Because it operates outside of any county, the City of Baltimore shares the exact same map footprint as the Independent City legal entity.",equals,Polygon,Polygon,City of Baltimore,City of Baltimore,Independent City of Baltimore,Independent City of Baltimore,Two legal definitions for the exact same physical polygon.,Level 1
The municipal limits of St. Louis represent the exact same geographical footprint as its independent county-level equivalent.,equals,Polygon,Polygon,City of St. Louis,City of St. Louis,Independent City of St. Louis,Independent City of St. Louis,Identical mapping for city and independent-county status.,Level 1
The borders drawn for Carson City perfectly mirror the borders of the Consolidated Municipality.,equals,Polygon,Polygon,City of Carson City,City of Carson City,Consolidated Municipality of Carson City,Consolidated Municipality of Carson City,Consolidated government footprints that match exactly.,Level 1
The geographic boundaries defining the City of Alexandria are identical to the independent municipal area.,equals,Polygon,Polygon,City of Alexandria,City of Alexandria,Independent City of Alexandria,Independent City of Alexandria,Two distinct levels of civic administration mapping to identical coordinates.,Level 1
"The municipal boundary lines perfectly trace the county boundary lines, merging the two governments into one geographic space.",equals,Polygon,Polygon,City of Philadelphia,City of Philadelphia,Philadelphia County,Philadelphia County,Two administrative entities that cover the identical topological footprint.,Level 1
"The city operates as a consolidated city-county, possessing matching municipal and county boundaries.",equals,Polygon,Polygon,City of San Francisco,City of San Francisco,San Francisco County,San Francisco County,The city polygon and the county polygon are geometrically identical.,Level 1
The New York City borough of Brooklyn shares the exact same land area as the jurisdiction of Kings County.,equals,Polygon,Polygon,Borough of Brooklyn,Borough of Brooklyn,Kings County,Kings County,A borough and a county mapping to an identical set of geometric coordinates.,Level 1
The municipal limits of the City of Denver perfectly match the administrative footprint of Denver County.,equals,Polygon,Polygon,City of Denver,City of Denver,Denver County,Denver County,A consolidated city-county sharing the exact same footprint.,Level 1
The island borough and the county share an identical jurisdictional map.,equals,Polygon,Polygon,Borough of Manhattan,Borough of Manhattan,New York County,New York County,A borough and a county with perfectly matching boundaries.,Level 1
The borders defining the Borough of Queens are completely synonymous with the borders of Queens County.,equals,Polygon,Polygon,Borough of Queens,Borough of Queens,Queens County,Queens County,Identical geometries for two different administrative titles.,Level 1
The political map of the Borough of The Bronx is entirely synonymous with Bronx County.,equals,Polygon,Polygon,Borough of The Bronx,Borough of The Bronx,Bronx County,Bronx County,Two semantic labels resolving to the exact same polygon.,Level 1
The island footprint of the Borough of Staten Island maps identically to the boundaries of Richmond County.,equals,Polygon,Polygon,Borough of Staten Island,Borough of Staten Island,Richmond County,Richmond County,A borough and a county sharing the precise same coordinates.,Level 1
"Because it operates outside of any county, the city shares the exact same map footprint as the independent city legal entity.",equals,Polygon,Polygon,City of Baltimore,City of Baltimore,Independent City of Baltimore,Independent City of Baltimore,Two legal definitions for the exact same physical polygon.,Level 1
The municipal limits of St. Louis represent the exact same geographical footprint as its independent county-level equivalent.,equals,Polygon,Polygon,City of St. Louis,City of St. Louis,Independent City of St. Louis,Independent City of St. Louis,Identical mapping for city and independent-county status.,Level 1
The borders drawn for Carson City perfectly mirror the borders of the consolidated municipality.,equals,Polygon,Polygon,City of Carson City,City of Carson City,Consolidated Municipality of Carson City,Consolidated Municipality of Carson City,Consolidated government footprints that match exactly.,Level 1
The sovereign microstate and its single integrated municipality are entirely synonymous in their territorial extent.,equals,Polygon,Polygon,Principality of Monaco,Principality of Monaco,City of Monaco,City of Monaco,A national polygon and a city polygon that are perfectly identical.,Level 1
The municipal government and the regional borough govern the identical landmass.,equals,Polygon,Polygon,City of Juneau,City of Juneau,Juneau Borough,Juneau Borough,Two administrative layers mapping to the exact same perimeter.,Level 1
The city-borough operates on an identical set of geographic coordinates for all its administrative functions.,equals,Polygon,Polygon,City of Sitka,City of Sitka,Sitka Borough,Sitka Borough,City and borough boundaries that mirror each other perfectly.,Level 1
The municipal government and the unified city boundaries define the exact same space.,equals,Polygon,Polygon,City of Anchorage,City of Anchorage,Anchorage Municipality,Anchorage Municipality,Two titles for the same territorial extent.,Level 1
"The consolidated government covers the entire county area, creating a perfectly mirrored geographic map.",equals,Polygon,Polygon,City of Jacksonville,City of Jacksonville,Duval County,Duval County,A city and county that share a single territorial perimeter.,Level 1
The consolidated metropolitan government oversees the entire county territory as one single geographic entity.,equals,Polygon,Polygon,City of Nashville,City of Nashville,Davidson County,Davidson County,The metro government and county jurisdiction share a perfectly synonymous footprint.,Level 1
"The municipal government of the City of Washington is coextensive with the federal District of Columbia, sharing the exact same geographic boundary.",equals,Polygon,Polygon,City of Washington,City of Washington,District of Columbia,District of Columbia,The city polygon and the district polygon are legally and geographically identical.,Level 2
"In Colorado, the municipal limits of the City of Denver perfectly match the administrative footprint of Denver County.",equals,Polygon,Polygon,City of Denver,City of Denver,Denver County,Denver County,A consolidated city-county where two distinct administrative levels map identically.,Level 2
The physical masonry walls that define Vatican City map perfectly to the sovereign territorial limits of the Holy See.,equals,Polygon,Polygon,Vatican City,Vatican City,Holy See Territory,Holy See Territory,Physical architectural polygon maps exactly 1:1 with international legal polygon.,Level 2
"The borough and the county share the exact same geographical footprint down to the inch, covering identical neighborhoods.",equals,Polygon,Polygon,Borough of Brooklyn,Borough of Brooklyn,Kings County,Kings County,A borough and a county mapping to an identical set of geometric coordinates.,Level 2
"San Francisco operates as a consolidated city-county, possessing matching municipal and county boundaries.",equals,Polygon,Polygon,City of San Francisco,City of San Francisco,San Francisco County,San Francisco County,The city polygon and the county polygon are geometrically identical.,Level 2
"Because it operates outside of any county framework, the legal municipal bounds perfectly mirror its geographic footprint.",equals,Polygon,Polygon,Independent City of Baltimore,Independent City of Baltimore,City of Baltimore,City of Baltimore,Two legal definitions for the exact same physical polygon.,Level 2
The island's political boundaries are perfectly coextensive with the county lines established by the state.,equals,Polygon,Polygon,Borough of Manhattan,Borough of Manhattan,New York County,New York County,A borough and a county with perfectly matching boundaries.,Level 2
Two different administrative titles mapped to the exact same island perimeter in the New York harbor.,equals,Polygon,Polygon,Borough of Staten Island,Borough of Staten Island,Richmond County,Richmond County,A borough and a county sharing the precise same coordinates.,Level 2
The administrative footprint maps identically to the geographic limits due to its special independent status.,equals,Polygon,Polygon,City of St. Louis,City of St. Louis,Independent City of St. Louis,Independent City of St. Louis,Identical mapping for city and independent-county status.,Level 2
The sovereign European microstate and its single integrated municipality are entirely coextensive.,equals,Polygon,Polygon,Principality of Monaco,Principality of Monaco,City of Monaco,City of Monaco,A national polygon and a city polygon that are perfectly identical.,Level 2
The geographic boundaries defining the local city government are identical to the independent municipal area.,equals,Polygon,Polygon,City of Alexandria,City of Alexandria,Independent City of Alexandria,Independent City of Alexandria,Two distinct levels of civic administration mapping to identical coordinates.,Level 2
"The municipal boundary lines perfectly trace the county boundary lines, merging the two governments into one geographic space.",equals,Polygon,Polygon,City of Philadelphia,City of Philadelphia,Philadelphia County,Philadelphia County,Two administrative entities that cover the identical topological footprint.,Level 2
"The municipal government of the City of Washington is coextensive with the federal District of Columbia, sharing the exact same geographic boundary down to the inch.",equals,Polygon,Polygon,City of Washington,City of Washington,District of Columbia,District of Columbia,The city polygon and the district polygon are legally and geographically identical.,Level 2
"In Colorado, the municipal limits of the City of Denver perfectly match the administrative footprint of Denver County.",equals,Polygon,Polygon,City of Denver,City of Denver,Denver County,Denver County,A consolidated city-county where the two distinct administrative levels map to the exact same geometric footprint.,Level 2
"The municipal government is geographically synonymous with the federal district, maintaining a 1:1 mapping.",equals,Polygon,Polygon,City of Washington,City of Washington,District of Columbia,District of Columbia,The city polygon and the district polygon are legally and geometrically the same.,Level 2
"Because it operates outside of any county, the city shares the exact same map footprint as the independent entity.",equals,Polygon,Polygon,Independent City of Baltimore,Independent City of Baltimore,Baltimore City Government Territory,Baltimore City Government Territory,Two legal definitions for the exact same physical polygon.,Level 2
The municipal limits represent the exact same geographical footprint as its independent county-level equivalent.,equals,Polygon,Polygon,City of St. Louis,City of St. Louis,Independent City of St. Louis,Independent City of St. Louis,Identical mapping for city and independent-county status.,Level 2
The borders drawn for the local government perfectly mirror the borders of the consolidated administrative body.,equals,Polygon,Polygon,City of Carson City,City of Carson City,Consolidated Municipality of Carson City,Consolidated Municipality of Carson City,Consolidated government footprints that match exactly.,Level 2
The geographic boundaries defining the local city government are identical to the independent municipal area.,equals,Polygon,Polygon,City of Alexandria,City of Alexandria,Independent City of Alexandria,Independent City of Alexandria,Two distinct levels of civic administration mapping to identical coordinates.,Level 2
"The municipal boundary lines perfectly trace the county boundary lines, merging the two governments into one space.",equals,Polygon,Polygon,City of Philadelphia,City of Philadelphia,Philadelphia County,Philadelphia County,Two administrative entities that cover the identical topological footprint.,Level 2
The mile-high municipal limits completely and perfectly match the administrative footprint of the corresponding county.,equals,Polygon,Polygon,City of Denver,City of Denver,Denver County,Denver County,A consolidated city-county where the two distinct levels map exactly 1:1.,Level 2
The sovereign European microstate and its single integrated municipality are entirely coextensive.,equals,Polygon,Polygon,Principality of Monaco,Principality of Monaco,Municipality of Monaco,Municipality of Monaco,A national polygon and a city polygon that are perfectly identical.,Level 2
"The borough and the county share the exact same geographical footprint down to the inch, covering identical neighborhoods.",equals,Polygon,Polygon,Borough of Brooklyn,Borough of Brooklyn,Kings County,Kings County,A borough and a county mapping to an identical set of geometric coordinates.,Level 2
"San Francisco operates as a consolidated city-county, possessing matching municipal and county boundaries.",equals,Polygon,Polygon,City of San Francisco,City of San Francisco,San Francisco County,San Francisco County,The city polygon and the county polygon are geometrically identical.,Level 2
The island's political boundaries are perfectly coextensive with the county lines established by the state.,equals,Polygon,Polygon,Borough of Manhattan,Borough of Manhattan,New York County,New York County,A borough and a county with perfectly matching boundaries.,Level 2
Two different administrative titles mapped to the exact same island perimeter in the New York harbor.,equals,Polygon,Polygon,Borough of Staten Island,Borough of Staten Island,Richmond County,Richmond County,A borough and a county sharing the precise same coordinates.,Level 2
The geometric limits defining the massive borough are completely synonymous with the county limits.,equals,Polygon,Polygon,Borough of Queens,Borough of Queens,Queens County,Queens County,Identical geometries for two different administrative titles.,Level 2
"The ancient, independently governed municipal enclave shares a rigidly exact and identical topological footprint with the financial district.",equals,Polygon,Polygon,City of London,City of London,The Square Mile,The Square Mile,Two completely different semantic named entities that resolve to the exact same geospatial polygon.,Level 2
"Operating completely outside the county system, the local municipality maps identically to its highest-level administrative tier.",equals,Polygon,Polygon,Independent City of Baltimore,Independent City of Baltimore,City of Baltimore Municipal Limits,City of Baltimore Municipal Limits,Two distinct legal definitions mapping perfectly to the same urban footprint.,Level 2
The physical masonry walls that define the microstate map flawlessly to the sovereign territorial limits.,equals,Polygon,Polygon,Vatican City,Vatican City,Holy See Jurisdiction,Holy See Jurisdiction,A physical architectural polygon mapping exactly to a legal diplomatic polygon.,Level 2
The modern geometric borders of the smallest state map flawlessly to the historical colonial land-grant lines.,equals,Polygon,Polygon,State of Rhode Island,State of Rhode Island,Providence Plantations,Providence Plantations,A modern administrative polygon and a historical legal polygon resolving to the exact same coordinates.,Level 2
The municipal government and the regional borough govern the identical landmass in Alaska.,equals,Polygon,Polygon,City of Juneau,City of Juneau,Juneau Borough,Juneau Borough,Two administrative layers mapping to the exact same perimeter.,Level 2
The city-borough operates on an identical set of geographic coordinates for all its administrative functions.,equals,Polygon,Polygon,City of Sitka,City of Sitka,Sitka Borough,Sitka Borough,City and borough boundaries that mirror each other perfectly.,Level 2
The municipal government and the unified city boundaries define the exact same space.,equals,Polygon,Polygon,City of Anchorage,City of Anchorage,Anchorage Municipality,Anchorage Municipality,Two titles for the same territorial extent.,Level 2
The modern geometric borders of the State of Rhode Island map flawlessly to the historical colonial land-grant lines of the Providence Plantations.,equals,Polygon,Polygon,State of Rhode Island,State of Rhode Island,Providence Plantations,Providence Plantations,A modern administrative polygon and a historical legal polygon that resolve to the exact same geometric coordinates.,Level 3
"Because it operates independently, the municipal limits of St. Louis represent the exact same geographical footprint as its county-level equivalent.",equals,Polygon,Polygon,Independent City of St. Louis,Independent City of St. Louis,St. Louis County Municipal Boundary,St. Louis County Municipal Boundary,Two distinct levels of civic administration (city and county) that map to a perfectly identical topological footprint.,Level 3
"The physical, fortified perimeter of the DMZ strictly aligns with the mathematical boundaries drafted in the North/South Korea armistice agreement.",equals,Polygon,Polygon,Demilitarized Zone (DMZ),Demilitarized Zone (DMZ),1953 Ceasefire Buffer Zone,1953 Ceasefire Buffer Zone,A physically constructed military polygon seamlessly matching a legally drafted geopolitical polygon.,Level 3
The modern geometric borders map flawlessly to the historical colonial land-grant lines down to the final survey marker.,equals,Polygon,Polygon,State of Rhode Island,State of Rhode Island,Providence Plantations,Providence Plantations,A modern administrative polygon resolving to the exact same coordinates as a historical one.,Level 3
"Operating entirely independently, the municipal limits represent the exact same geographical footprint as the county equivalent.",equals,Polygon,Polygon,Independent City of St. Louis,Independent City of St. Louis,St. Louis County Municipal Boundary,St. Louis County Municipal Boundary,Two distinct levels of civic administration mapping to an identical footprint.,Level 3
"The physical, fortified perimeter strictly aligns with the mathematical boundaries drafted in the Korean armistice.",equals,Polygon,Polygon,Demilitarized Zone (DMZ),Demilitarized Zone (DMZ),1953 Ceasefire Buffer Zone,1953 Ceasefire Buffer Zone,A physically constructed polygon seamlessly matching a legally drafted treaty polygon.,Level 3
The physical metallic marker is continuously repositioned to remain perfectly synonymous with the absolute mathematical coordinate.,equals,Point,Point,Geographic South Pole,Geographic South Pole,90 Degrees South Latitude,90 Degrees South Latitude,A physical point geometry updated to perfectly match a mathematical point geometry.,Level 3
The physical ocean weather buoy is mathematically forced to perfectly match the theoretical geodetic anchor at zero degrees.,equals,Point,Point,Null Island,Null Island,WGS84 Origin Coordinate,WGS84 Origin Coordinate,A physical maritime object mathematically forced to match a global origin point.,Level 3
The ancient municipal enclave shares a rigidly exact and identical topological footprint with the colloquial financial district.,equals,Polygon,Polygon,City of London,City of London,The Square Mile,The Square Mile,Two semantic named entities resolving to the exact same geospatial polygon.,Level 3
The defensive geometric perimeter of the historical walled city is topologically identical to the modern municipal borders.,equals,Polygon,Polygon,Constantinople Walled City (1453),Constantinople Walled City (1453),Fatih District of Istanbul,Fatih District of Istanbul,An ancient architectural polygon perfectly matching a modern administrative polygon.,Level 3
The demilitarized legal zone was drafted to map exactly 1:1 with the physical geographic multi-polygon of the islands.,equals,Polygon,MultiPolygon,Svalbard Treaty Zone,Svalbard Treaty Zone,Spitsbergen Archipelago,Spitsbergen Archipelago,An abstract diplomatic treaty boundary designed to perfectly equate with physical boundaries.,Level 3
"Following the federal renaming, the colonial surveying coordinates were officially reverted to perfectly match the indigenous footprint.",equals,Point,Point,Mount McKinley Summit,Mount McKinley Summit,Denali Summit,Denali Summit,Semantic equality requiring historical context resolving to the exact same physical node.,Level 3
The physical masonry walls that define the microstate map flawlessly to the sovereign territorial limits recognized by international law.,equals,Polygon,Polygon,Vatican City,Vatican City,Holy See Jurisdiction,Holy See Jurisdiction,A physical architectural polygon mapping exactly to a legal diplomatic polygon.,Level 3
"Operating completely outside the county system, the local municipality maps identically to its highest-level administrative tier.",equals,Polygon,Polygon,Independent City of Baltimore,Independent City of Baltimore,City of Baltimore Municipal Limits,City of Baltimore Municipal Limits,Two distinct legal definitions mapping perfectly to the same urban footprint.,Level 3
The massive New York borough maps to an identical set of geometric coordinates as the state-level jurisdictional zone.,equals,Polygon,Polygon,Borough of Brooklyn,Borough of Brooklyn,Kings County,Kings County,A city borough and a state county mapping exactly to the same geographic footprint.,Level 3
The mile-high municipal limits completely and perfectly match the administrative footprint of the corresponding county.,equals,Polygon,Polygon,City of Denver,City of Denver,Denver County,Denver County,A consolidated city-county where the two distinct levels map exactly 1:1.,Level 3
The physical metallic marker on the ice sheet is continuously repositioned to remain perfectly synonymous with the absolute mathematical coordinate of the planetary axis.,equals,Point,Point,Geographic South Pole,Geographic South Pole,90 Degrees South Latitude,90 Degrees South Latitude,A physical infrastructure point geometry constantly updated to perfectly match an abstract mathematical point.,Level 3
The physical weather buoy moored in the Gulf of Guinea is mathematically forced to perfectly match the theoretical geodetic anchor point at zero degrees latitude and zero degrees longitude.,equals,Point,Point,Null Island,Null Island,WGS84 Origin Coordinate,WGS84 Origin Coordinate,A physical maritime object forced by human definition to geometrically equate perfectly with an anchor point.,Level 3
"Following the 2015 federal renaming, the colonial surveying coordinates were officially reverted to perfectly match the indigenous summit footprint down to the millimeter.",equals,Point,Point,Historical Mount McKinley Summit,Historical Mount McKinley Summit,Modern Denali Summit,Modern Denali Summit,Semantic identicalness requiring historical context resolving to the exact same physical node.,Level 3
The defensive geometric perimeter of the historical walled city is topologically identical to the modern administrative borders of the municipal district.,equals,Polygon,Polygon,Constantinople Walled City (1453),Constantinople Walled City (1453),Fatih District of Istanbul,Fatih District of Istanbul,A temporal and cartographic alignment where an ancient architectural polygon perfectly matches a modern municipal polygon.,Level 3
The international demilitarized legal polygon was drafted to map exactly 1:1 with the physical geographic multi-polygon of the frozen island chain.,equals,Polygon,MultiPolygon,Svalbard Treaty Zone,Svalbard Treaty Zone,Spitsbergen Archipelago,Spitsbergen Archipelago,An abstract diplomatic treaty boundary designed to perfectly equate with the physical boundaries of an archipelago.,Level 3
The heavily fortified physical perimeter seamlessly mirrors the theoretical boundaries drafted in the historical military agreement.,equals,Polygon,Polygon,Demilitarized Zone (DMZ),Demilitarized Zone (DMZ),1953 Korean Armistice Ceasefire Buffer,1953 Korean Armistice Ceasefire Buffer,A physically constructed military buffer zone perfectly matching a legally codified treaty polygon.,Level 3
The physical lightning rod at the top of the iron lattice maps precisely to the coordinate legally designated as the highest municipal architectural point.,equals,Point,Point,Eiffel Tower Spire Tip,Eiffel Tower Spire Tip,Highest Architectural Node of Paris,Highest Architectural Node of Paris,Two separate semantic concepts resolving to the identical 0D node.,Level 3
The floating ice research station marker is periodically re-calibrated to ensure it holds the exact position of the planetary rotation axis.,equals,Point,Point,North Pole,North Pole,90 Degrees North Latitude,90 Degrees North Latitude,A moving physical point geometry matched to a fixed mathematical coordinate.,Level 3
"While the legal navigational boundary zig-zags for convenience, the mathematical line of the 180th meridian serves as the backbone for the conceptual coordinate system.",equals,LineString,LineString,International Date Line (Conceptual),International Date Line (Conceptual),180 Degrees Longitude,180 Degrees Longitude,Two LineStrings that are defined as geometrically synonymous in the geodetic model.,Level 3
"The physical monument serves as the primary survey anchor for the entire district, occupying the exact same zero-coordinate.",equals,Point,Point,Zero Mile Marker (Washington DC),Zero Mile Marker (Washington DC),Geographic Anchor of DC,Geographic Anchor of DC,A physical survey monument acting as the absolute mathematical origin.,Level 3
The historic transit circle used for standard timekeeping maps flawlessly to the mathematical geodetic longitude of zero.,equals,LineString,LineString,Prime Meridian (Greenwich),Prime Meridian (Greenwich),0 Degrees Longitude,0 Degrees Longitude,An architectural transit line matching the mathematical longitudinal line.,Level 3
The physical pole sits precisely at the unique mathematical singularity where every single longitudinal meridian meets.,equals,Point,Point,Geographic North Pole,Geographic North Pole,Convergence of All Longitude Lines,Convergence of All Longitude Lines,A point geometry synonymous with the convergence of the meridian grid.,Level 3
The mathematical geodetic center for GPS systems is designed to resolve flawlessly to the physical center of mass of the planet.,equals,Point,Point,WGS84 Ellipsoid Center,WGS84 Ellipsoid Center,Earth Center of Mass,Earth Center of Mass,A model-based mathematical point matching the physical center of mass.,Level 3
The modern geometric borders of the smallest state map flawlessly to the historical colonial land-grant lines down to the final survey marker.,equals,Polygon,Polygon,State of Rhode Island,State of Rhode Island,Providence Plantations,Providence Plantations,A modern administrative polygon and a historical legal polygon resolving to the exact same coordinates.,Level 3
"Operating completely outside the county system, the local municipality maps identically to its highest-level administrative tier.",equals,Polygon,Polygon,Independent City of Baltimore,Independent City of Baltimore,City of Baltimore Municipal Limits,City of Baltimore Municipal Limits,Two distinct legal definitions mapping perfectly to the same urban footprint.,Level 3
The massive New York borough maps to an identical set of geometric coordinates as the state-level jurisdictional zone.,equals,Polygon,Polygon,Borough of Brooklyn,Borough of Brooklyn,Kings County,Kings County,A city borough and a state county mapping exactly to the same geographic footprint.,Level 3
"Operating under a consolidated government, the municipal limits seamlessly mirror the county boundary lines, blending them into one entity.",equals,Polygon,Polygon,City of Philadelphia,City of Philadelphia,Philadelphia County,Philadelphia County,Two administrative entities covering the exact same topological footprint.,Level 3
"San Francisco operates as a consolidated city-county, possessing matching municipal and county boundaries.",equals,Polygon,Polygon,City of San Francisco,City of San Francisco,San Francisco County,San Francisco County,The city polygon and the county polygon are geometrically identical.,Level 3
The physical metallic marker on the ice sheet is continuously repositioned to remain perfectly synonymous with the absolute mathematical coordinate of the planetary axis.,equals,Point,Point,Geographic South Pole,Geographic South Pole,90 Degrees South Latitude,90 Degrees South Latitude,A physical infrastructure point geometry constantly updated to perfectly match an abstract mathematical point.,Level 4
"The ancient, independently governed municipal enclave shares a rigidly exact and identical topological footprint with the financial district colloquially defined by its size.",equals,Polygon,Polygon,City of London,City of London,The Square Mile,The Square Mile,Two completely different semantic named entities that resolve to the exact same geospatial polygon.,Level 4
The physical Soul weather buoy moored in the Gulf of Guinea is mathematically forced to perfectly match the theoretical geodetic anchor point at zero degrees latitude and zero degrees longitude.,equals,Point,Point,Null Island,Null Island,WGS84 Origin Coordinate,WGS84 Origin Coordinate,A physical maritime object forced by human definition to geometrically equate perfectly with an anchor point.,Level 4
"Following the 2015 federal renaming, the colonial surveying coordinates were officially reverted to perfectly match the indigenous summit footprint down to the millimeter.",equals,Point,Point,Historical Mount McKinley Summit,Historical Mount McKinley Summit,Modern Denali Summit,Modern Denali Summit,Semantic equality requiring historical context resolving to the exact same physical node.,Level 4
The defensive geometric perimeter of the historical walled city is topologically identical to the modern administrative borders of the municipal district.,equals,Polygon,Polygon,Constantinople Walled City (1453),Constantinople Walled City (1453),Fatih District of Istanbul,Fatih District of Istanbul,A temporal and cartographic alignment where an ancient architectural polygon perfectly matches a modern municipal polygon.,Level 4
The international demilitarized legal polygon was drafted to map exactly 1:1 with the physical geographic multi-polygon of the frozen island chain.,equals,Polygon,MultiPolygon,Svalbard Treaty Zone,Svalbard Treaty Zone,Spitsbergen Archipelago,Spitsbergen Archipelago,An abstract diplomatic treaty boundary designed to perfectly equate with the physical boundaries of an archipelago.,Level 4
"The heavily fortified physical perimeter seamlessly mirrors the theoretical boundaries drafted in the historical military agreement, creating a perfect mapping symmetry.",equals,Polygon,Polygon,Demilitarized Zone (DMZ),Demilitarized Zone (DMZ),1953 Korean Armistice Ceasefire Buffer,1953 Korean Armistice Ceasefire Buffer,A physically constructed military buffer zone perfectly matching a legally codified treaty polygon.,Level 4
"Because it operates entirely independently, the municipal limits represent the exact same geographical footprint as its county-level equivalent.",equals,Polygon,Polygon,Independent City of St. Louis,Independent City of St. Louis,St. Louis County Municipal Boundary,St. Louis County Municipal Boundary,Two distinct levels of civic administration mapping to a perfectly identical topological footprint.,Level 4
The modern geometric borders of the smallest US state map flawlessly to the historical colonial land-grant lines down to the final survey marker.,equals,Polygon,Polygon,State of Rhode Island,State of Rhode Island,Providence Plantations,Providence Plantations,A modern administrative polygon and a historical legal polygon resolving to the exact same coordinates.,Level 4
The physical lightning rod at the top of the iron lattice maps precisely to the coordinate legally designated as the highest municipal architectural point.,equals,Point,Point,Eiffel Tower Spire Tip,Eiffel Tower Spire Tip,Highest Architectural Node of Paris,Highest Architectural Node of Paris,Two separate semantic concepts resolving to the identical 0D node.,Level 4
The physical masonry walls that define the microstate map flawlessly to the sovereign territorial limits recognized by international diplomatic law.,equals,Polygon,Polygon,Vatican City,Vatican City,Holy See Jurisdiction,Holy See Jurisdiction,A physical architectural polygon mapping exactly to a legal diplomatic polygon.,Level 4
"Operating completely outside the county system, the local municipality maps identically to its highest-level administrative tier.",equals,Polygon,Polygon,Independent City of Baltimore,Independent City of Baltimore,City of Baltimore Municipal Limits,City of Baltimore Municipal Limits,Two distinct legal definitions mapping perfectly to the same urban footprint.,Level 4
The massive New York borough maps to an identical set of geometric coordinates as the state-level jurisdictional zone.,equals,Polygon,Polygon,Borough of Brooklyn,Borough of Brooklyn,Kings County,Kings County,A city borough and a state county mapping exactly to the same geographic footprint.,Level 4
"Operating under a consolidated government, the municipal limits seamlessly mirror the county boundary lines, blending them into one entity.",equals,Polygon,Polygon,City of Philadelphia,City of Philadelphia,Philadelphia County,Philadelphia County,Two administrative entities covering the exact same topological footprint.,Level 4
The mile-high municipal limits completely and perfectly match the administrative footprint of the corresponding county.,equals,Polygon,Polygon,City of Denver,City of Denver,Denver County,Denver County,A consolidated city-county where the two distinct levels map exactly 1:1.,Level 4
The physical metallic marker designating the Geographic South Pole on the Antarctic ice sheet is continuously repositioned to remain perfectly synonymous with the absolute mathematical coordinate of 90 degrees south latitude.,equals,Point,Point,Geographic South Pole,Geographic South Pole,90 Degrees South Latitude,90 Degrees South Latitude,A physical infrastructure point geometry that is constantly updated to perfectly match an abstract mathematical point geometry.,Level 4
The physical Soul weather buoy moored in the Gulf of Guinea is mathematically forced to perfectly match the theoretical WGS84 geodetic anchor point at zero degrees latitude and zero degrees longitude.,equals,Point,Point,Null Island,Null Island,WGS84 Origin Coordinate,WGS84 Origin Coordinate,A physical maritime object forced by human definition to geometrically equate perfectly with the anchor point of a global coordinate system.,Level 4
The physical metallic marker is continuously repositioned to remain perfectly synonymous with the absolute mathematical coordinate of the planetary axis.,equals,Point,Point,Geographic South Pole,Geographic South Pole,90 Degrees South Latitude,90 Degrees South Latitude,A physical infrastructure point geometry updated to match an abstract mathematical point.,Level 4
"The ancient, independently governed municipal enclave shares a rigidly exact and identical topological footprint with the financial district colloquially defined by its size.",equals,Polygon,Polygon,City of London,City of London,The Square Mile,The Square Mile,Two completely different semantic named entities that resolve to the exact same geospatial polygon.,Level 4
The physical weather buoy moored in the Gulf of Guinea is mathematically forced to perfectly match the theoretical geodetic anchor point at zero degrees latitude and zero degrees longitude.,equals,Point,Point,Null Island,Null Island,WGS84 Origin Coordinate,WGS84 Origin Coordinate,A physical maritime object forced by human definition to geometrically equate perfectly with an anchor point.,Level 4
"Following the 2015 federal renaming, the colonial surveying coordinates were officially reverted to perfectly match the indigenous summit footprint down to the millimeter.",equals,Point,Point,Historical Mount McKinley Summit,Historical Mount McKinley Summit,Modern Denali Summit,Modern Denali Summit,Semantic identicalness requiring historical context resolving to the exact same physical node.,Level 4
The defensive geometric perimeter of the historical walled city is topologically identical to the modern administrative borders of the municipal district.,equals,Polygon,Polygon,Constantinople Walled City (1453),Constantinople Walled City (1453),Fatih District of Istanbul,Fatih District of Istanbul,A temporal and cartographic alignment where an ancient architectural polygon perfectly matches a modern municipal polygon.,Level 4
The international demilitarized legal polygon was drafted to map exactly 1:1 with the physical geographic multi-polygon of the frozen island chain.,equals,Polygon,MultiPolygon,Svalbard Treaty Zone,Svalbard Treaty Zone,Spitsbergen Archipelago,Spitsbergen Archipelago,An abstract diplomatic treaty boundary designed to perfectly equate with the physical boundaries of an archipelago.,Level 4
"The heavily fortified physical perimeter seamlessly mirrors the theoretical boundaries drafted in the historical military agreement, creating a perfect mapping symmetry.",equals,Polygon,Polygon,Demilitarized Zone (DMZ),Demilitarized Zone (DMZ),1953 Korean Armistice Ceasefire Buffer,1953 Korean Armistice Ceasefire Buffer,A physically constructed military buffer zone perfectly matching a legally codified treaty polygon.,Level 4
"Because it operates entirely independently, the municipal limits represent the exact same geographical footprint as its county-level equivalent.",equals,Polygon,Polygon,Independent City of St. Louis,Independent City of St. Louis,St. Louis County Municipal Boundary,St. Louis County Municipal Boundary,Two distinct levels of civic administration mapping to a perfectly identical topological footprint.,Level 4
The modern geometric borders of the smallest US state map flawlessly to the historical colonial land-grant lines down to the final survey marker.,equals,Polygon,Polygon,State of Rhode Island,State of Rhode Island,Providence Plantations,Providence Plantations,A modern administrative polygon and a historical legal polygon resolving to the exact same coordinates.,Level 4
The physical masonry walls that define the microstate map flawlessly to the sovereign territorial limits recognized by international diplomatic law.,equals,Polygon,Polygon,Vatican City,Vatican City,Holy See Jurisdiction,Holy See Jurisdiction,A physical architectural polygon mapping exactly to a legal diplomatic polygon.,Level 4
"Operating completely outside the county system, the local municipality maps identically to its highest-level administrative tier.",equals,Polygon,Polygon,Independent City of Baltimore,Independent City of Baltimore,City of Baltimore Municipal Limits,City of Baltimore Municipal Limits,Two distinct legal definitions mapping perfectly to the same urban footprint.,Level 4
The massive New York borough maps to an identical set of geometric coordinates as the state-level jurisdictional zone.,equals,Polygon,Polygon,Borough of Brooklyn,Borough of Brooklyn,Kings County,Kings County,A city borough and a state county mapping exactly to the same geographic footprint.,Level 4
"Operating under a consolidated government, the municipal limits seamlessly mirror the county boundary lines, blending them into one entity.",equals,Polygon,Polygon,City of Philadelphia,City of Philadelphia,Philadelphia County,Philadelphia County,Two administrative entities covering the exact same topological footprint.,Level 4
The mile-high municipal limits completely and perfectly match the administrative footprint of the corresponding county.,equals,Polygon,Polygon,City of Denver,City of Denver,Denver County,Denver County,A consolidated city-county where the two distinct levels map exactly 1:1.,Level 4
The sovereign European microstate and its single integrated municipality are entirely coextensive.,equals,Polygon,Polygon,Principality of Monaco,Principality of Monaco,Municipality of Monaco,Municipality of Monaco,A national polygon and a city polygon that are perfectly identical.,Level 4
The island's political boundaries are perfectly coextensive with the county lines established by the state.,equals,Polygon,Polygon,Borough of Manhattan,Borough of Manhattan,New York County,New York County,A borough and a county with perfectly matching boundaries.,Level 4
Two different administrative titles mapped to the exact same island perimeter in the New York harbor.,equals,Polygon,Polygon,Borough of Staten Island,Borough of Staten Island,Richmond County,Richmond County,A borough and a county sharing the precise same coordinates.,Level 4
The borders drawn for the local city government perfectly mirror the borders of the consolidated administrative body.,equals,Polygon,Polygon,City of Carson City,City of Carson City,Consolidated Municipality of Carson City,Consolidated Municipality of Carson City,Consolidated government footprints that match exactly.,Level 4
The physical metallic marker on the ice sheet is continuously repositioned to remain perfectly synonymous with the absolute mathematical coordinate of the planetary axis.,equals,Point,Point,Geographic South Pole,Geographic South Pole,90 Degrees South Latitude,90 Degrees South Latitude,A physical infrastructure point geometry constantly updated to perfectly match an abstract mathematical point.,Level 5
"The ancient, independently governed municipal enclave shares a rigidly exact and identical topological footprint with the financial district colloquially defined by its size.",equals,Polygon,Polygon,City of London,City of London,The Square Mile,The Square Mile,Two completely different semantic named entities that resolve to the exact same geospatial polygon.,Level 5
The physical Soul weather buoy moored in the Gulf of Guinea is mathematically forced to perfectly match the theoretical geodetic anchor point at zero degrees latitude and zero degrees longitude.,equals,Point,Point,Null Island,Null Island,WGS84 Origin Coordinate,WGS84 Origin Coordinate,A physical maritime object forced by human definition to geometrically equate perfectly with an anchor point.,Level 5
"Following the 2015 federal renaming, the colonial surveying coordinates were officially reverted to perfectly match the indigenous summit footprint down to the millimeter.",equals,Point,Point,Historical Mount McKinley Summit,Historical Mount McKinley Summit,Modern Denali Summit,Modern Denali Summit,Semantic identicalness requiring historical context resolving to the exact same physical node.,Level 5
The defensive geometric perimeter of the historical walled city is topologically identical to the modern administrative borders of the municipal district.,equals,Polygon,Polygon,Constantinople Walled City (1453),Constantinople Walled City (1453),Fatih District of Istanbul,Fatih District of Istanbul,A temporal and cartographic alignment where an ancient architectural polygon perfectly matches a modern municipal polygon.,Level 5
The international demilitarized legal polygon was drafted to map exactly 1:1 with the physical geographic multi-polygon of the frozen island chain.,equals,Polygon,MultiPolygon,Svalbard Treaty Zone,Svalbard Treaty Zone,Spitsbergen Archipelago,Spitsbergen Archipelago,An abstract diplomatic treaty boundary designed to perfectly equate with the physical boundaries of an archipelago.,Level 5
"The heavily fortified physical perimeter seamlessly mirrors the theoretical boundaries drafted in the historical military agreement, creating a perfect mapping symmetry.",equals,Polygon,Polygon,Demilitarized Zone (DMZ),Demilitarized Zone (DMZ),1953 Korean Armistice Ceasefire Buffer,1953 Korean Armistice Ceasefire Buffer,A physically constructed military buffer zone perfectly matching a legally codified treaty polygon.,Level 5
"Because it operates entirely independently, the municipal limits represent the exact same geographical footprint as its county-level equivalent.",equals,Polygon,Polygon,Independent City of St. Louis,Independent City of St. Louis,St. Louis County Municipal Boundary,St. Louis County Municipal Boundary,Two distinct levels of civic administration mapping to a perfectly identical topological footprint.,Level 5
The modern geometric borders of the smallest US state map flawlessly to the historical colonial land-grant lines down to the final survey marker.,equals,Polygon,Polygon,State of Rhode Island,State of Rhode Island,Providence Plantations,Providence Plantations,A modern administrative polygon and a historical legal polygon resolving to the exact same coordinates.,Level 5
The physical lightning rod at the top of the iron lattice maps precisely to the coordinate legally designated as the highest municipal architectural point.,equals,Point,Point,Eiffel Tower Spire Tip,Eiffel Tower Spire Tip,Highest Architectural Node of Paris,Highest Architectural Node of Paris,Two separate semantic concepts resolving to the identical 0D node.,Level 5
The physical masonry walls that define the microstate map flawlessly to the sovereign territorial limits recognized by international diplomatic law.,equals,Polygon,Polygon,Vatican City,Vatican City,Holy See Jurisdiction,Holy See Jurisdiction,A physical architectural polygon mapping exactly to a legal diplomatic polygon.,Level 5
"Operating completely outside the county system, the local municipality maps identically to its highest-level administrative tier.",equals,Polygon,Polygon,Independent City of Baltimore,Independent City of Baltimore,City of Baltimore Municipal Limits,City of Baltimore Municipal Limits,Two distinct legal definitions mapping perfectly to the same urban footprint.,Level 5
The massive New York borough maps to an identical set of geometric coordinates as the state-level jurisdictional zone.,equals,Polygon,Polygon,Borough of Brooklyn,Borough of Brooklyn,Kings County,Kings County,A city borough and a state county mapping exactly to the same geographic footprint.,Level 5
"Operating under a consolidated government, the municipal limits seamlessly mirror the county boundary lines, blending them into one entity.",equals,Polygon,Polygon,City of Philadelphia,City of Philadelphia,Philadelphia County,Philadelphia County,Two administrative entities covering the exact same topological footprint.,Level 5
The physical lightning rod at the top of the Eiffel Tower spire tip maps precisely to the coordinate designated as the Highest Architectural Node of Paris.,equals,Point,Point,Eiffel Tower Spire Tip,Eiffel Tower Spire Tip,Highest Architectural Node of Paris,Highest Architectural Node of Paris,Two separate semantic concepts—a physical landmark feature and a municipal architectural superlative—resolving to the identical 0D node.,Level 5
"The heavily fortified physical perimeter of the DMZ seamlessly mirrors the theoretical boundaries drafted in the 1953 Korean Armistice Ceasefire Buffer agreement, creating a perfect mapping symmetry.",equals,Polygon,Polygon,Demilitarized Zone (DMZ),Demilitarized Zone (DMZ),1953 Korean Armistice Ceasefire Buffer,1953 Korean Armistice Ceasefire Buffer,A physically constructed military buffer zone perfectly matching a legally codified treaty polygon down to the coordinate level.,Level 5
The physical metallic marker is continuously repositioned to remain perfectly synonymous with the absolute mathematical coordinate of the planetary axis.,equals,Point,Point,Geographic South Pole,Geographic South Pole,90 Degrees South Latitude,90 Degrees South Latitude,A physical infrastructure point geometry constantly updated to match an abstract mathematical point.,Level 5
"The ancient, independently governed municipal enclave shares a rigidly exact and identical topological footprint with the financial district colloquially defined by its size.",equals,Polygon,Polygon,City of London,City of London,The Square Mile,The Square Mile,Two completely different semantic named entities that share the exact same geospatial polygon.,Level 5
The physical Soul weather buoy moored in the Gulf of Guinea is mathematically forced to perfectly match the theoretical geodetic anchor point at zero degrees latitude and zero degrees longitude.,equals,Point,Point,Null Island,Null Island,WGS84 Origin Coordinate,WGS84 Origin Coordinate,A physical maritime object forced by human definition to share a geometric coordinate perfectly with an anchor point.,Level 5
"Following the 2015 federal renaming, the colonial surveying coordinates were officially reverted to perfectly match the indigenous summit footprint down to the millimeter.",equals,Point,Point,Historical Mount McKinley Summit,Historical Mount McKinley Summit,Modern Denali Summit,Modern Denali Summit,Semantic identicalness requiring historical context sharing the exact same physical node.,Level 5
The defensive geometric perimeter of the historical walled city is topologically identical to the modern administrative borders of the municipal district.,equals,Polygon,Polygon,Constantinople Walled City (1453),Constantinople Walled City (1453),Fatih District of Istanbul,Fatih District of Istanbul,A temporal and cartographic alignment where an ancient architectural polygon perfectly shares a modern municipal polygon.,Level 5
The international demilitarized legal polygon was drafted to map exactly 1:1 with the physical geographic multi-polygon of the frozen island chain.,equals,Polygon,MultiPolygon,Svalbard Treaty Zone,Svalbard Treaty Zone,Spitsbergen Archipelago,Spitsbergen Archipelago,An abstract diplomatic treaty boundary designed to share the physical boundaries of an archipelago.,Level 5
"Because it operates entirely independently, the municipal limits represent the exact same geographical footprint as its county-level equivalent.",equals,Polygon,Polygon,Independent City of St. Louis,Independent City of St. Louis,St. Louis County Municipal Boundary,St. Louis County Municipal Boundary,Two distinct levels of civic administration mapping to a perfectly identical topological footprint.,Level 5
The physical lightning rod at the top of the iron lattice maps precisely to the coordinate legally designated as the highest municipal architectural point.,equals,Point,Point,Eiffel Tower Spire Tip,Eiffel Tower Spire Tip,Highest Architectural Node of Paris,Highest Architectural Node of Paris,Two separate semantic concepts resolving to the identical 0D node.,Level 5
The physical masonry walls that define the microstate map flawlessly to the sovereign territorial limits recognized by international diplomatic law.,equals,Polygon,Polygon,Vatican City,Vatican City,Holy See Jurisdiction,Holy See Jurisdiction,A physical architectural polygon mapping exactly to a legal diplomatic polygon.,Level 5
"Operating completely outside the county system, the local municipality maps identically to its highest-level administrative tier.",equals,Polygon,Polygon,Independent City of Baltimore,Independent City of Baltimore,City of Baltimore Municipal Limits,City of Baltimore Municipal Limits,Two distinct legal definitions mapping perfectly to the same urban footprint.,Level 5
The massive New York borough maps to an identical set of geometric coordinates as the state-level jurisdictional zone.,equals,Polygon,Polygon,Borough of Brooklyn,Borough of Brooklyn,Kings County,Kings County,A city borough and a state county mapping exactly to the same geographic footprint.,Level 5
"Operating under a consolidated government, the municipal limits seamlessly mirror the county boundary lines, blending them into one entity.",equals,Polygon,Polygon,City of Philadelphia,City of Philadelphia,Philadelphia County,Philadelphia County,Two administrative entities covering the exact same topological footprint.,Level 5
The mile-high municipal limits completely and perfectly match the administrative footprint of the corresponding county.,equals,Polygon,Polygon,City of Denver,City of Denver,Denver County,Denver County,A consolidated city-county where the two distinct levels map exactly 1:1.,Level 5
The sovereign European microstate and its single integrated municipality are entirely coextensive.,equals,Polygon,Polygon,Principality of Monaco,Principality of Monaco,Municipality of Monaco,Municipality of Monaco,A national polygon and a city polygon that are perfectly identical.,Level 5
The island's political boundaries are perfectly coextensive with the county lines established by the state.,equals,Polygon,Polygon,Borough of Manhattan,Borough of Manhattan,New York County,New York County,A borough and a county with perfectly matching boundaries.,Level 5
Two different administrative titles mapped to the exact same island perimeter in the New York harbor.,equals,Polygon,Polygon,Borough of Staten Island,Borough of Staten Island,Richmond County,Richmond County,A borough and a county sharing the precise same coordinates.,Level 5
The borders drawn for the local city government perfectly mirror the borders of the consolidated administrative body.,equals,Polygon,Polygon,City of Carson City,City of Carson City,Consolidated Municipality of Carson City,Consolidated Municipality of Carson City,Consolidated government footprints that match exactly.,Level 5
The geometric limits defining the massive borough are completely synonymous with the county limits.,equals,Polygon,Polygon,Borough of Queens,Borough of Queens,Queens County,Queens County,Identical geometries for two different administrative titles.,Level 5
