source_entity,source_geometry,target_entity,target_geometry,corpus,relation_type,relation_label,explanation,ambiguity_level
Canada,Polygon,United States,Polygon,"Canada and the United States share the longest continuous land frontier in the world.",topological,touches,"Two country polygons that share a linear boundary without their interiors overlapping.",Level 1
State of Colorado,Polygon,State of New Mexico,Polygon,"The southern edge of the State of Colorado meets the northern edge of the State of New Mexico forming a perfectly straight latitudinal line.",topological,touches,"Two state administrative polygons meeting at a shared edge with no internal intersection.",Level 1
City of Seattle,Polygon,City of Bellevue,Polygon,"The City of Seattle and the City of Bellevue sit right up against the jurisdictional boundary drawn down the middle of Lake Washington.",topological,touches,"Two city administrative polygons that are perfectly adjacent to one another.",Level 1
Australia,Polygon,Canada,Polygon,"Australia and Canada are massive nations located thousands of miles apart on entirely different sides of the globe.",topological,disjoint,"Two country polygons located on completely different continents with no shared points.",Level 1
City of London,Polygon,New York City,Polygon,"London is a major financial hub in Europe, whereas New York City sits far across the Atlantic Ocean in North America.",topological,disjoint,"Two distant city polygons that have absolutely no spatial intersection.",Level 1
Interstate 90,LineString,Interstate 10,LineString,"Interstate 90 runs completely across the northern tier of the US, while Interstate 10 spans the extreme southern regions, leaving a vast geographic distance between them.",topological,disjoint,"Two highway line geometries separated by thousands of miles with no crossing nodes.",Level 1
Broadway,LineString,5th Avenue,LineString,"In the heart of Manhattan, the diagonal path of Broadway cuts directly over 5th Avenue right at 23rd Street.",topological,crosses,"Two street line geometries that intersect at a single interior node.",Level 1
Route 66,LineString,Mississippi River,LineString,"The historic Route 66 highway bridges over the flowing waters of the Mississippi River via the Chain of Rocks structure.",topological,crosses,"A highway line intersects a river line at a specific crossing point.",Level 1
Trans-Siberian Railway,LineString,Ural Mountains,Polygon,"The famous Trans-Siberian Railway makes its way completely through the Ural Mountains to link Europe to Asia.",topological,crosses,"A railway line passes through both the exterior and interior of a mountain range polygon.",Level 1
Amazon Rainforest,Polygon,Brazil,Polygon,"The Amazon Rainforest sprawls over much of northwestern Brazil but also extends its reach deep into neighboring countries like Peru and Colombia.",topological,overlaps,"Two large polygons that share a significant interior area while both retaining exclusive external areas.",Level 1
Sahara Desert,Polygon,Egypt,Polygon,"The Sahara Desert blankets the vast majority of Egypt's landmass, while also sprawling into several other North African nations.",topological,overlaps,"An environmental polygon partially intersecting a national administrative polygon.",Level 1
Appalachian Mountains,Polygon,State of Pennsylvania,Polygon,"The Appalachian Mountains run directly down the center of Pennsylvania, though the mountain chain continues far past the state's limits.",topological,overlaps,"A geological polygon and a state polygon that partially share spatial coordinates.",Level 1
City of Philadelphia,Polygon,Philadelphia County,Polygon,"The City of Philadelphia and Philadelphia County are consolidated, meaning they map to the exact same geographical footprint.",topological,equals,"Two administrative entities that cover the exact same topological footprint.",Level 1
City of San Francisco,Polygon,San Francisco County,Polygon,"San Francisco operates as a consolidated city-county, possessing matching municipal and county boundaries.",topological,equals,"The city polygon and the county polygon are geometrically identical.",Level 1
Borough of Brooklyn,Polygon,Kings County,Polygon,"The New York City borough of Brooklyn is coextensive with Kings County, covering the precise same land area down to the square inch.",topological,equals,"A borough and a county that map to an identical set of geometric coordinates.",Level 1
United States,Polygon,State of Texas,Polygon,"The national borders of the United States completely encircle the State of Texas.",topological,contains,"The source country polygon completely encloses the target state polygon.",Level 1
State of California,Polygon,City of Los Angeles,Polygon,"The State of California fully envelops the sprawling jurisdiction of the City of Los Angeles in its southern half.",topological,contains,"A state polygon fully encompasses a city administrative polygon.",Level 1
Japan,Polygon,Mount Fuji,Polygon,"The island nation of Japan completely surrounds the iconic geological base of Mount Fuji.",topological,contains,"The national polygon completely surrounds the geological polygon of the mountain.",Level 1
City of Chicago,Polygon,State of Illinois,Polygon,"The City of Chicago sits on the shores of Lake Michigan, fully enveloped by the geographic boundaries of the State of Illinois.",topological,within,"The source city polygon is strictly confined inside the target state polygon.",Level 1
Eiffel Tower,Point,City of Paris,Polygon,"The Eiffel Tower stands proudly on the Champ de Mars, situated fully in the city limits of Paris.",topological,within,"A geometric point representing a landmark is located entirely inside a city polygon.",Level 1
Lombard Street,LineString,City of San Francisco,Polygon,"The famous crooked path of Lombard Street is built perfectly in the borders of San Francisco.",topological,within,"A street line geometry is completely enclosed by the surrounding city polygon.",Level 1
source_entity,source_geometry,target_entity,target_geometry,corpus,relation_type,relation_label,explanation,ambiguity_level
Canada,Polygon,United States,Polygon,"Canada and the United States share the longest continuous land frontier in the world.",topological,touches,"Two country polygons that share a linear boundary without their interiors intersecting.",Level 1
State of Colorado,Polygon,State of New Mexico,Polygon,"The southern edge of the State of Colorado meets the northern edge of the State of New Mexico forming a perfectly straight latitudinal line.",topological,touches,"Two state administrative polygons meeting at a shared edge.",Level 1
City of Seattle,Polygon,City of Bellevue,Polygon,"The City of Seattle and the City of Bellevue sit right up against the jurisdictional boundary drawn down the middle of Lake Washington.",topological,touches,"Two city administrative polygons that are perfectly adjacent.",Level 1
France,Polygon,Spain,Polygon,"France and Spain sit side by side on the European continent, separated by the Pyrenees mountain range.",topological,touches,"Two national polygons sharing a physical border.",Level 1
State of Nevada,Polygon,State of California,Polygon,"The western side of Nevada sits flush against the eastern edge of California.",topological,touches,"Two state polygons sharing an edge with no interior sharing.",Level 1
source_entity,source_geometry,target_entity,target_geometry,corpus,relation_type,relation_label,explanation,ambiguity_level
United States,Polygon,State of Kansas,Polygon,"The national boundaries of the United States completely encircle the landlocked State of Kansas on all sides.",topological,contains,"The source country polygon acts as the absolute perimeter for the target state polygon.",Level 1
France,Polygon,City of Paris,Polygon,"The national frontiers of France serve as a complete bounding box for the densely populated capital city.",topological,contains,"A nation polygon fully enclosing a city polygon.",Level 1
State of Texas,Polygon,City of Austin,Polygon,"The massive state borders of Texas completely box in the municipal limits of its capital city.",topological,contains,"A state polygon completely enclosing a city polygon.",Level 1
Germany,Polygon,City of Berlin,Polygon,"The sovereign limits of Germany entirely surround the urban footprint of Berlin.",topological,contains,"A country polygon completely enveloping a city polygon.",Level 1
State of Colorado,Polygon,City of Denver,Polygon,"The rectangular state lines of Colorado entirely trap the mile-high city nestled near the mountains.",topological,contains,"A state polygon acting as a complete bounding box for a city polygon.",Level 1
Japan,Polygon,Mount Fuji,Polygon,"The island nation of Japan completely surrounds the iconic geological base of Mount Fuji.",topological,contains,"The national polygon completely encircles the geological polygon.",Level 1
Australia,Polygon,Uluru,Polygon,"The massive continental landmass completely surrounds the ancient sandstone monolith located in its arid center.",topological,contains,"A continental polygon fully enclosing a landmark polygon.",Level 1
Mediterranean Sea,Polygon,Island of Malta,Polygon,"The salty waters of the Mediterranean completely encircle the rocky shores of Malta on every side.",topological,contains,"A sea polygon acting as a geometric host for an island polygon.",Level 1
State of New York,Polygon,Central Park,Polygon,"The state lines of New York completely enclose the massive green rectangle located in Manhattan.",topological,contains,"A state polygon completely enveloping a park polygon.",Level 1
State of California,Polygon,City of Sacramento,Polygon,"The sprawling borders of California entirely surround the central municipal grid of Sacramento.",topological,contains,"A state polygon completely encircling a city polygon.",Level 1
Canada,Polygon,Province of Alberta,Polygon,"The national frontiers of Canada completely wrap around the landlocked Province of Alberta.",topological,contains,"A country polygon fully enclosing a provincial polygon.",Level 1
State of Florida,Polygon,City of Orlando,Polygon,"The peninsular state borders completely trap the inland municipal limits of Orlando.",topological,contains,"A state polygon acting as a bounding box for an inland city.",Level 1
United Kingdom,Polygon,City of London,Polygon,"The island nation completely encompasses the urban borders of the historic capital.",topological,contains,"A nation polygon completely surrounding a city polygon.",Level 1
State of Ohio,Polygon,City of Columbus,Polygon,"The midwestern state boundaries completely encircle the central municipal footprint of Columbus.",topological,contains,"A state polygon acting as an absolute perimeter for a city.",Level 1
Italy,Polygon,City of Rome,Polygon,"The sovereign territory of Italy entirely envelops the ancient municipal grid of Rome.",topological,contains,"A national polygon completely bounding a city polygon.",Level 1
State of Arizona,Polygon,City of Phoenix,Polygon,"The desert state limits perfectly box in the sprawling urban footprint of Phoenix.",topological,contains,"A state polygon fully enclosing a city polygon.",Level 1
Spain,Polygon,City of Madrid,Polygon,"The national borders of Spain entirely encircle the central capital city.",topological,contains,"A nation polygon acting as a complete boundary for a city.",Level 1
State of Washington,Polygon,City of Seattle,Polygon,"The state lines completely wrap around the coastal municipal grid of Seattle.",topological,contains,"A state polygon fully surrounding a city polygon.",Level 1
Pacific Ocean,Polygon,Island of Oahu,Polygon,"The vast oceanic waters completely isolate and encircle the volcanic shores of Oahu.",topological,contains,"An ocean polygon serving as the absolute boundary for an island polygon.",Level 1
State of Illinois,Polygon,City of Springfield,Polygon,"The midwestern state limits perfectly surround the municipal footprint of Springfield.",topological,contains,"A state polygon completely enveloping a city polygon.",Level 1
source_entity,source_geometry,target_entity,target_geometry,corpus,relation_type,relation_label,explanation,ambiguity_level
Canada,Polygon,United States,Polygon,"Canada and the United States share the longest continuous land frontier in the world.",topological,touches,"Two country polygons that share a linear boundary without their interiors intersecting.",Level 1
State of Colorado,Polygon,State of New Mexico,Polygon,"The southern edge of the State of Colorado meets the northern edge of the State of New Mexico forming a perfectly straight latitudinal line.",topological,touches,"Two state administrative polygons meeting at a shared edge.",Level 1
City of Seattle,Polygon,City of Bellevue,Polygon,"The City of Seattle and the City of Bellevue sit right up against the jurisdictional boundary drawn down the middle of Lake Washington.",topological,touches,"Two city administrative polygons that are perfectly adjacent.",Level 1
France,Polygon,Spain,Polygon,"France and Spain sit side by side on the European continent, separated by the Pyrenees mountain range.",topological,touches,"Two national polygons sharing a physical border.",Level 1
State of Nevada,Polygon,State of California,Polygon,"The western side of Nevada sits flush against the eastern edge of California.",topological,touches,"Two state polygons sharing an edge with no interior sharing.",Level 1
Egypt,Polygon,Sudan,Polygon,"The southern limit of Egypt runs right alongside the northern limit of Sudan.",topological,touches,"Two African nations meeting at a shared linear boundary.",Level 1
State of North Dakota,Polygon,State of South Dakota,Polygon,"North Dakota and South Dakota are stacked directly on top of each other, sharing a straight horizontal border.",topological,touches,"Two states perfectly adjacent to one another.",Level 1
Portugal,Polygon,Spain,Polygon,"Portugal occupies the edge of the Iberian Peninsula, sitting right next to the massive Spanish mainland.",topological,touches,"Adjacent national polygons.",Level 1
Germany,Polygon,Poland,Polygon,"The eastern limit of Germany meets the western frontier of Poland at the Oder river.",topological,touches,"Two European nations sharing a river boundary.",Level 1
Brazil,Polygon,Argentina,Polygon,"The massive landmass of Brazil meets the northern edge of Argentina near the Iguazu Falls.",topological,touches,"Two South American polygons sharing a border edge.",Level 1
India,Polygon,Nepal,Polygon,"The northern plains of India share a long, continuous border with the Himalayan nation of Nepal.",topological,touches,"Adjacent nations sharing a geographic line.",Level 1
State of New York,Polygon,State of Pennsylvania,Polygon,"The southern tier of New York rests directly against the northern edge of Pennsylvania.",topological,touches,"Two adjacent US states.",Level 1
City of Dallas,Polygon,City of Fort Worth,Polygon,"The municipal limits of Dallas sit immediately adjacent to the municipal limits of Fort Worth.",topological,touches,"Two adjacent city polygons forming a metroplex.",Level 1
Republic of Ireland,Polygon,Northern Ireland,Polygon,"The Republic of Ireland shares a winding land border with Northern Ireland.",topological,touches,"Adjacent national/regional polygons.",Level 1
State of Oregon,Polygon,State of Washington,Polygon,"Oregon and Washington sit side by side, divided by the Columbia River boundary.",topological,touches,"Two adjacent state polygons.",Level 1
Mongolia,Polygon,China,Polygon,"The southern edge of the massive Asian steppe meets the northern limits of the Chinese mainland.",topological,touches,"Two nations abutting along a vast border.",Level 1
State of Kansas,Polygon,State of Nebraska,Polygon,"The northern edge of the midwestern state rests flush against the southern tier of its neighbor.",topological,touches,"Two midwestern states meeting at a linear boundary.",Level 1
City of Minneapolis,Polygon,City of St. Paul,Polygon,"The Twin Cities sit right next to each other, separated only by the flowing waters of the Mississippi.",topological,touches,"Adjacent municipal polygons sharing a river.",Level 1
Sweden,Polygon,Norway,Polygon,"The Scandinavian nations share a massive, mountainous land border stretching into the Arctic.",topological,touches,"Two European nations abutting along a massive physical line.",Level 1
State of Utah,Polygon,State of Idaho,Polygon,"The northern limits of the desert state sit flush against the southern agricultural plains of its neighbor.",topological,touches,"Two western states sharing a linear edge.",Level 1
State of Alaska,Polygon,Yukon Territory,Polygon,"The eastern frontier of the US state of Alaska meets the western edge of the Canadian territory of Yukon along a perfectly straight longitudinal survey line.",topological,touches,"The administrative polygon of the US exclave meets the Canadian territory along a shared linear boundary without interior intersection.",Level 2
Gaza Strip,Polygon,Egypt,Polygon,"The Gaza Strip shares a short, heavily fortified southern land border directly adjacent to the edge of the Sinai Peninsula.",topological,touches,"The two administrative polygons are physically adjacent, sharing a boundary line.",Level 2
Golden Gate Bridge Northern Anchor,LineString,Marin County,Polygon,"The massive steel cables connect directly onto the rocky landmass of the county to secure the suspension span.",topological,touches,"The endpoint of the bridge's LineString geometry meets the exterior boundary of the county polygon.",Level 2
State of Idaho,Polygon,State of Montana,Polygon,"The winding geographic divide of the Bitterroot Mountains acts as the exact shared boundary dividing the two jurisdictions.",topological,touches,"Two state polygons sharing a complex topographical edge.",Level 2
City of El Paso,Polygon,Ciudad Juarez,Polygon,"The flowing waters of the Rio Grande provide a clean break dividing the municipal limits of the Texan and Mexican cities.",topological,touches,"Two international city polygons meeting at a river boundary.",Level 2
English Channel,Polygon,French Coast,Polygon,"The turbulent maritime waters wash right up against the sandy beaches defining the edge of the nation.",topological,touches,"A maritime polygon and a terrestrial polygon sharing a coastal edge.",Level 2
Pyrenees Mountains,Polygon,France,Polygon,"The rugged base of the massive geological structure meets the flat southern plains of the European nation.",topological,touches,"A geological polygon sharing a physical boundary with a national polygon.",Level 2
State of Queensland,Polygon,State of New South Wales,Polygon,"A massive, perfectly straight latitudinal survey mark divides the arid outback of the northern state from the southern one.",topological,touches,"Two administrative state polygons sharing a geometric edge.",Level 2
Vatican City,Polygon,City of Rome,Polygon,"The ancient masonry walls that define the microstate stand right at the municipal edge of the Italian capital.",topological,touches,"A sovereign microstate polygon meeting a city municipal polygon at a physical wall.",Level 2
Windsor Castle Grounds,Polygon,River Thames,Polygon,"The manicured lawns of the royal estate stretch exactly down to the water's edge of the historic waterway.",topological,touches,"An architectural ground polygon meeting a river polygon.",Level 2
State of Victoria,Polygon,State of South Australia,Polygon,"A strict longitudinal meridian dictates where the jurisdiction of the eastern state ends and the western one begins.",topological,touches,"Two state administrative polygons meeting at a shared edge.",Level 2
North Korea,Polygon,South Korea,Polygon,"The heavily mined Military Demarcation Line establishes a strict, adjoining boundary separating the two nations.",topological,touches,"Two national polygons meeting at a highly defined edge.",Level 2
Portugal,Polygon,Atlantic Ocean,Polygon,"The entire western edge of the Iberian nation is defined completely by the crashing waves of the massive ocean.",topological,touches,"A country polygon and an ocean polygon sharing a massive coastal boundary.",Level 2
Niagara Falls,Polygon,Canada-US Border,LineString,"The plunging water of the massive falls sits exactly upon the international divide between the two nations.",topological,touches,"A natural feature polygon meeting an international boundary line.",Level 2
State of California,Polygon,Pacific Ocean,Polygon,"The western perimeter of the massive state meets the rolling tides of the ocean along a jagged, continuous coastline.",topological,touches,"A state polygon abutting an ocean polygon.",Level 2
Andes Mountains Foothills,Polygon,Amazon Basin,Polygon,"The base of the massive South American peaks rests flush against the start of the dense jungle ecosystem.",topological,touches,"A geological polygon abutting an ecological polygon.",Level 2
City of San Diego,Polygon,Mexico,Polygon,"The southern municipal limits of the Californian city rest immediately against the international border fence.",topological,touches,"A city polygon abutting a national boundary.",Level 2
Sahara Desert,Polygon,Sahel Region,Polygon,"The arid sands of the massive desert meet the semi-arid transition zone in a long, continuous ecological boundary.",topological,touches,"Two massive environmental polygons abutting along an ecological line.",Level 2
State of Texas,Polygon,Gulf of Mexico,Polygon,"The southeastern edge of the state is defined entirely by the warm saltwater of the massive basin.",topological,touches,"A state polygon abutting a major maritime polygon.",Level 2
Appalachian Trail Southern Terminus,Point,Springer Mountain Summit,Polygon,"The famous hiking path begins exactly at the geographic peak of the Georgian mountain.",topological,touches,"A point geometry (trailhead) meeting a geographical polygon.",Level 2
State of Utah,Polygon,State of New Mexico,Polygon,"At the Four Corners Monument, the southeastern tip of Utah and the northwestern corner of New Mexico converge at exactly one singular mathematical coordinate.",topological,touches,"Two state administrative polygons that meet at exactly one shared vertex without any shared interior area or linear edge.",Level 3
City of Detroit,Polygon,City of Windsor,Polygon,"The American and Canadian municipalities sit flush against the international boundary drawn invisibly down the center of the river.",topological,touches,"Two city polygons from different nations that share a continuous aquatic border.",Level 3
Diomede Islands Maritime Border,LineString,International Date Line,LineString,"The geopolitical boundary separating the US and Russia cleanly meets the International Date Line right in the middle of the Bering Strait.",topological,touches,"A geopolitical line geometry cleanly meeting a global navigational line geometry.",Level 3
Republic of Botswana,Polygon,Republic of Zambia,Polygon,"Near the Kazungula Bridge, the sovereign territories converge at a highly specific 150-meter micro-boundary precisely in the middle of the Zambezi River.",topological,touches,"Two massive national polygons that share an incredibly tiny, almost microscopic linear boundary.",Level 3
Hoover Dam Concrete Face,Polygon,Lake Mead Water Volume,Polygon,"The massive, rigid, concave concrete face of the dam sits flush against the dynamic, fluid body of the massive reservoir.",topological,touches,"A physical 3D structural polygon flush against a fluid environmental polygon.",Level 3
Mount Everest Summit,Point,Nepal-China Border,LineString,"The extreme-elevation physical point of the mountain sits completely flush against the mathematical geodesic line defining the international border.",topological,touches,"A physical extreme-elevation point geometry meeting perfectly with an invisible boundary line.",Level 3
Baarle-Hertog Cadastral Plots,MultiPolygon,Baarle-Nassau Cadastral Plots,MultiPolygon,"The fractured Belgian and Dutch land parcels meet at infinitesimally complex junctions, sometimes dividing front doors in half.",topological,touches,"Highly fractured micro-borders meeting at shared edges.",Level 3
Golden Gate Bridge Northern Anchor,LineString,Marin Headlands,Polygon,"The suspended steel architecture connects directly onto the rocky landmass of the northern California coastline.",topological,touches,"A bridge line geometry terminating at a landmass polygon boundary.",Level 3
Vatican City Masonry Walls,Polygon,City of Rome Streets,Polygon,"The ancient defensive fortifications stand right at the municipal edge of the Italian capital's modern thoroughfares.",topological,touches,"A microstate wall meeting a city municipal polygon.",Level 3
Panmunjom T2 Conference Table,Polygon,Military Demarcation Line,LineString,"The geopolitical demarcation line runs straight along the exact geometric midpoint of the wooden negotiating table.",topological,touches,"A macro geopolitical line slicing the exact geometric center of a micro furniture polygon.",Level 3
Niagara Falls Horseshoe,Polygon,Canada-US Border,LineString,"The plunging veil of water sits exactly upon the international divide separating the two North American nations.",topological,touches,"A natural feature polygon meeting an international boundary line.",Level 3
Point Roberts Exclave,Polygon,49th Parallel North,LineString,"The isolated Washington state community hangs right off the mathematical survey coordinate dividing the continent.",topological,touches,"An exclave polygon meeting a mathematical survey line.",Level 3
State of Colorado,Polygon,State of New Mexico,Polygon,"A perfectly straight latitudinal survey line perfectly unites the two southwestern jurisdictions.",topological,touches,"Two state administrative polygons meeting at a geometric edge.",Level 3
Four Corners Monument Plaque,Point,State of Arizona Boundary,Polygon,"The physical bronze plaque unites the geometric edges of the southwestern state.",topological,touches,"A physical point geometry meeting a massive state boundary.",Level 3
Eurotunnel Terminal Entrance,LineString,French Customs Zone,Polygon,"The physical transit track ceases its run right at the outer edge of the international legal perimeter.",topological,touches,"The end of a transit line abutting a legal polygon.",Level 3
Trafalgar Square,Polygon,Nelson's Column Base,Point,"The massive paved plaza rests directly against the bottom coordinates of the towering monument.",topological,touches,"A massive plaza polygon abutting a specific geometric point.",Level 3
Baarle-Nassau Border Monument,Point,Belgian-Dutch Sovereignty Line,LineString,"The physical stone marker rests exactly on the invisible line severing the two nations.",topological,touches,"A zero-dimensional node meeting a one-dimensional international border.",Level 3
Vennbahn Railway Right-of-Way,Polygon,German Micro-Enclaves,MultiPolygon,"The narrow Belgian transit corridor sits flush against the tiny sovereign German territories it creates.",topological,touches,"A transit polygon abutting fractured micro-enclave polygons.",Level 3
Svalbard Global Seed Vault Entrance,Point,Platåberget Mountain Surface,Polygon,"The reinforced door to the subterranean facility rests perfectly upon the frozen exterior surface of the mountain.",topological,touches,"A point geometry meeting the exterior surface of a massive geological polygon.",Level 3
Gotthard Base Tunnel Portal,Point,Swiss Alps Base,Polygon,"The entrance to the massive subterranean tube begins right at the foot of the massive mountain range.",topological,touches,"A tunnel portal point meeting a mountain range polygon.",Level 3
Republic of Botswana,Polygon,Republic of Zambia,Polygon,"Near the Kazungula transit hub, the sovereign territories converge at a highly specific 150-meter micro-boundary precisely in the middle of the Zambezi River.",topological,touches,"Two massive national polygons that meet at an incredibly tiny, almost microscopic linear boundary.",Level 4
Bir Tawil,Polygon,Hala'ib Triangle,Polygon,"The universally unclaimed territory and the fiercely disputed zone converge exclusively at a single zero-dimensional vertex located exactly at the 22nd parallel and 34th meridian.",topological,touches,"Two distinct administrative polygons that meet at exactly one mathematical coordinate without sharing any linear border.",Level 4
Mount Everest Summit,Point,Nepal-China Border,LineString,"The extreme physical geographical elevation point sits exactly flush against the mathematical geodesic line defining the international border separating the two Asian nations.",topological,touches,"A physical extreme-elevation point geometry intersecting perfectly with an invisible boundary line.",Level 4
Hoover Dam Concrete Face,Polygon,Lake Mead Water Volume,Polygon,"The massive, rigid, concave structural masonry sits perfectly flush against the dynamic, fluid body of the massive reservoir.",topological,touches,"A physical 3D structural polygon sitting flush against a fluid environmental polygon.",Level 4
Baarle-Nassau Border Monument 214,Point,Belgian-Dutch Sovereignty Line,LineString,"The physical stone marker sits precisely on the exact invisible boundary line separating the sovereign territory of Belgium and the Netherlands.",topological,touches,"A 0D point geometry meeting the 1D boundary line of an international border.",Level 4
Eurotunnel Terminal Boundary,LineString,French Maritime Customs Zone,Polygon,"The final coordinate of the physical track architecture terminates right at the outer edge of the customs jurisdiction, matching its perimeter flawlessly without dropping a single meter deeper.",topological,touches,"The end node of a LineString geometry meeting the outer boundary of a Polygon.",Level 4
Four Corners Monument,Point,State of Utah,Polygon,"The physical bronze survey plaque converges precisely at the extreme southeastern tip of the desert state's geometric limits.",topological,touches,"A zero-dimensional node converging exactly at the extreme vertex of a massive state polygon.",Level 4
Diomede Islands Maritime Border,LineString,International Date Line,LineString,"The geopolitical boundary severing the US and Russia cleanly converges with the global navigational time barrier right in the middle of the Bering Strait.",topological,touches,"A geopolitical line geometry cleanly meeting a global navigational line geometry.",Level 4
Vatican City Masonry Walls,Polygon,City of Rome Streets,Polygon,"The ancient defensive fortifications stand right at the municipal edge of the Italian capital's modern thoroughfares, creating a hard stop to Italian jurisdiction.",topological,touches,"A sovereign microstate wall meeting a city municipal polygon.",Level 4
Panmunjom T2 Conference Table,Polygon,Military Demarcation Line,LineString,"The geopolitical demarcation barrier runs straight along the exact geometric midpoint of the wooden negotiating table located in the Joint Security Area.",topological,touches,"A macro geopolitical line slicing the exact geometric center of a micro furniture polygon.",Level 4
Niagara Falls Horseshoe,Polygon,Canada-US Border,LineString,"The plunging veil of water sits exactly upon the international divide severing the two North American nations.",topological,touches,"A natural feature polygon meeting an international boundary line.",Level 4
Point Roberts Exclave,Polygon,49th Parallel North,LineString,"The isolated Washington state community hangs right off the mathematical survey coordinate dividing the North American continent.",topological,touches,"An exclave polygon meeting a mathematical survey line.",Level 4
Golden Gate Bridge Northern Anchor,LineString,Marin Headlands,Polygon,"The suspended steel architecture connects directly onto the rocky landmass of the northern California coastline, ceasing its span.",topological,touches,"A bridge line geometry terminating at a landmass polygon boundary.",Level 4
State of Colorado,Polygon,State of New Mexico,Polygon,"A perfectly straight latitudinal survey boundary perfectly unites the two southwestern jurisdictions along a shared edge.",topological,touches,"Two state administrative polygons meeting at a geometric edge.",Level 4
Trafalgar Square Base,Polygon,Nelson's Column,Point,"The massive stone paving of the square sits flush against the bottom coordinates of the towering monument honoring the naval commander.",topological,touches,"A massive flat polygon meeting the geometric base point of a vertical monument.",Level 4
Vennbahn Railway Right-of-Way,Polygon,German Micro-Enclaves,MultiPolygon,"The narrow transit corridor slices through the landscape, abutting the fragmented sovereign territories it creates.",topological,touches,"A narrow transit polygon abutting highly fractured micro-enclave polygons.",Level 4
Svalbard Global Seed Vault Portal,Point,Platåberget Mountain Exterior,Polygon,"The heavy steel doors protecting the agricultural bunker rest flush against the freezing winds whipping across the mountain's surface.",topological,touches,"An infrastructure portal point meeting the exterior environmental polygon.",Level 4
Gotthard Base Tunnel North Portal,Point,Swiss Alps Geomorphic Base,Polygon,"The high-speed rail line enters the earth directly where the massive mountain range meets the valley floor.",topological,touches,"A tunnel portal point abutting a complex geological polygon.",Level 4
International Space Station Docking Ring,Polygon,SpaceX Crew Dragon Adapter,Polygon,"The titanium orbital architectures converge perfectly in the vacuum of space to create a hermetic seal.",topological,touches,"Two orbital architecture polygons abutting to form a seal.",Level 4
source_entity,source_geometry,target_entity,target_geometry,corpus,relation_type,relation_label,explanation,ambiguity_level
Australia,Polygon,Canada,Polygon,"Australia and Canada are massive nations located thousands of miles apart on entirely different sides of the globe.",topological,disjoint,"Two country polygons located on completely different continents sharing zero points.",Level 1
City of London,Polygon,New York City,Polygon,"London is a major financial hub in Europe, whereas New York City sits separated by the massive Atlantic Ocean in North America.",topological,disjoint,"Two distant city polygons that have absolutely no spatial intersection.",Level 1
Japan,Polygon,Brazil,Polygon,"The island nation of Japan is positioned completely removed from the South American nation of Brazil by vast planetary distances.",topological,disjoint,"Countries separated by vast oceans and continents.",Level 1
Interstate 90,LineString,Interstate 10,LineString,"Interstate 90 runs exclusively in the northern tier of the US, while Interstate 10 spans the extreme southern regions, leaving a massive geographic distance between them.",topological,disjoint,"Two highway line geometries separated by thousands of miles.",Level 1
Iceland,Polygon,Madagascar,Polygon,"Iceland sits in the freezing North Atlantic, far away from the tropical island of Madagascar in the Indian Ocean.",topological,disjoint,"Two island polygons separated by extreme global distance.",Level 1
State of Hawaii,MultiPolygon,State of Ohio,Polygon,"The tropical islands of Hawaii sit in the deep Pacific, totally physically isolated from the midwestern plains of Ohio.",topological,disjoint,"A state island chain and a landlocked state sharing no points.",Level 1
City of Paris,Polygon,City of Tokyo,Polygon,"The French capital and the Japanese capital are physically severed by the massive landmass of Eurasia.",topological,disjoint,"Two cities physically separated by thousands of miles.",Level 1
Rocky Mountains,Polygon,The Alps,Polygon,"The Rocky Mountains are a prominent feature of North America, keeping a massive geographic gap from the Alps in Europe.",topological,disjoint,"Two mountain range polygons on different continents.",Level 1
Pacific Ocean,Polygon,Mediterranean Sea,Polygon,"The vast waters of the Pacific Ocean never mix with the enclosed basin of the Mediterranean.",topological,disjoint,"Two massive bodies of water completely separated by land.",Level 1
South Africa,Polygon,Russia,Polygon,"Sitting at the tip of the African continent, South Africa shares no land whatsoever with the northern expanse of Russia.",topological,disjoint,"Two countries separated by multiple continents.",Level 1
New Zealand,Polygon,Greenland,Polygon,"New Zealand sits near the Antarctic, completely separated from the icy landmass of Greenland near the Arctic.",topological,disjoint,"Two island polygons at opposite ends of the earth.",Level 1
State of Florida,Polygon,State of Washington,Polygon,"Florida sits in the extreme southeast corner of the country, miles away from the extreme northwest corner where Washington sits.",topological,disjoint,"Two states at opposite ends of a country.",Level 1
River Thames,LineString,Mississippi River,LineString,"The River Thames flows through England, sharing no waters at all with the American Mississippi River.",topological,disjoint,"Two river line geometries on different continents.",Level 1
Argentina,Polygon,Norway,Polygon,"The South American nation of Argentina is completely isolated geographically from the Scandinavian nation of Norway.",topological,disjoint,"Countries separated by oceans and hemispheres.",Level 1
City of Chicago,Polygon,City of Houston,Polygon,"The midwestern city of Chicago is located a thousand miles north of the southern humidity of Houston.",topological,disjoint,"Two distant cities with no intersecting geometry.",Level 1
Sahara Desert,Polygon,Amazon Rainforest,Polygon,"The arid African sands are physically removed from the dense South American jungles by the Atlantic Ocean.",topological,disjoint,"Two environmental polygons separated by a massive ocean.",Level 1
State of Maine,Polygon,State of Arizona,Polygon,"The cold northeastern state is completely cut off from the southwestern desert state by thousands of miles of American heartland.",topological,disjoint,"Two states located on opposite ends of a continental landmass.",Level 1
Nile River,LineString,Yellow River,LineString,"The famous African waterway maintains absolute geographic separation from the massive Asian river.",topological,disjoint,"Two major river geometries on completely different continents.",Level 1
City of Sydney,Polygon,City of Cape Town,Polygon,"The Australian coastal hub and the South African port are separated by the massive expanse of the Indian Ocean.",topological,disjoint,"Two distant coastal cities sharing absolutely no spatial area.",Level 1
United Kingdom,Polygon,New Zealand,Polygon,"The British Isles and the Kiwi islands sit at nearly perfectly opposite ends of the planetary sphere.",topological,disjoint,"Two island nations geographically completely severed from one another.",Level 1
Madagascar,Polygon,Mainland Africa,Polygon,"The island nation of Madagascar sits far off the coast, completely isolated from the mainland by the deep waters of the Mozambique Channel.",topological,disjoint,"A large island polygon and a continental polygon that are physically isolated.",Level 2
Route 66,LineString,State of Florida,Polygon,"The historic highway runs through the western and midwestern US, maintaining a massive geographic distance from the southeastern peninsula.",topological,disjoint,"A highway LineString and a state Polygon that share zero coordinates.",Level 2
State of Alaska,Polygon,Contiguous United States,MultiPolygon,"Alaska is physically severed from the lower 48 states by the immense, intervening landmass of western Canada.",topological,disjoint,"An exclave polygon completely isolated from its parent multi-polygon.",Level 2
Great Wall of China,LineString,Japan,Polygon,"The ancient stone fortifications are kept far away from the Japanese archipelago by the Yellow Sea.",topological,disjoint,"A historical LineString completely isolated from an island Polygon.",Level 2
Statue of Liberty,Point,Eiffel Tower,Point,"The famous copper lady in New York and the iron lattice tower in Paris are separated by thousands of miles of ocean.",topological,disjoint,"Two point geometries on completely different continents.",Level 2
City of Honolulu,Polygon,Mainland United States,MultiPolygon,"The tropical municipal limits are physically severed from the North American continent by the vast expanse of the Pacific.",topological,disjoint,"A city polygon entirely isolated from a continental multi-polygon.",Level 2
Nile River,LineString,Amazon River,LineString,"The longest waterway in Africa flows completely independently from the massive river network dominating South America.",topological,disjoint,"Two massive river line geometries on different continents.",Level 2
Rocky Mountains,Polygon,Andes Mountains,Polygon,"The towering peaks of the North American range share absolutely no geographic coordinates with the South American peaks.",topological,disjoint,"Two mountain range polygons separated by vast hemispheric distances.",Level 2
The Pentagon,Polygon,The Kremlin,Polygon,"The American military headquarters and the Russian government complex are separated by thousands of miles of ocean and land.",topological,disjoint,"Two architectural polygons with massive global separation.",Level 2
Lake Victoria,Polygon,Lake Superior,Polygon,"The African freshwater basin is completely physically removed from the North American Great Lake.",topological,disjoint,"Two lake polygons existing on entirely different continents.",Level 2
Iceland,Polygon,Antarctica,Polygon,"The volcanic island in the North Atlantic sits at the extreme opposite end of the globe from the frozen southern continent.",topological,disjoint,"Two landmass polygons with extreme global separation.",Level 2
State of Tasmania,Polygon,Mainland Australia,Polygon,"The island state is entirely cut off from the massive continent by the turbulent Bass Strait.",topological,disjoint,"An island state polygon and a mainland polygon physically isolated by water.",Level 2
Mount Kilimanjaro,Polygon,Mount Everest,Polygon,"The towering dormant volcano in Tanzania shares no geometric space with the massive Himalayan peak in Nepal.",topological,disjoint,"Two mountain polygons separated by a massive continental distance.",Level 2
Suez Canal,LineString,Panama Canal,LineString,"The artificial waterway connecting the Red Sea to the Mediterranean is located in an entirely different hemisphere than the Central American canal.",topological,disjoint,"Two canal line geometries separated by thousands of miles.",Level 2
Isle of Wight,Polygon,Mainland England,Polygon,"The small island is completely separated from the British mainland by the waters of the Solent.",topological,disjoint,"A coastal island polygon totally severed from a mainland polygon.",Level 2
Appalachian Trail,LineString,Rocky Mountains,Polygon,"The famous eastern hiking path stays completely isolated from the massive western mountain range.",topological,disjoint,"A hiking trail line completely separated from a mountain polygon.",Level 2
City of Miami,Polygon,City of Seattle,Polygon,"The tropical southeastern hub and the rainy northwestern port share absolutely no spatial footprint on the continental map.",topological,disjoint,"Two cities physically separated by the entire continental US.",Level 2
Sri Lanka,Polygon,India,Polygon,"The teardrop-shaped island nation is entirely cut off from the massive subcontinent by the Palk Strait.",topological,disjoint,"An island polygon completely isolated from an adjacent continental polygon.",Level 2
Baja California Peninsula,Polygon,Mainland Mexico,Polygon,"The long strip of land is completely severed from the bulk of the nation by the Gulf of California, connecting only in the far north.",topological,disjoint,"A peninsula completely physically separated from the mainland at a specific latitude.",Level 2
Lake Baikal,Polygon,Caspian Sea,Polygon,"The massive, deep Siberian lake maintains extreme geographic isolation from the massive inland sea to the west.",topological,disjoint,"Two massive inland water bodies separated by thousands of miles.",Level 2
Kaliningrad Oblast,Polygon,Mainland Russia,Polygon,"The strategic Baltic exclave is completely separated from the mainland by intervening independent European nations.",topological,disjoint,"An exclave polygon completely isolated from its parent polygon.",Level 3
Brooklyn Bridge Roadway,LineString,East River Surface,Polygon,"The suspended steel roadway spans high in the air above the water's surface, ensuring the cars stay completely dry.",topological,disjoint,"A bridge line geometry and a river polygon geometry that are strictly separated in 3D space.",Level 3
Little Diomede Island,Polygon,Big Diomede Island,Polygon,"The two rocky landmasses are completely isolated from one another by miles of frigid ocean and a full calendar day.",topological,disjoint,"Two island polygons physically proximate but completely topologically isolated by ocean.",Level 3
Northwest Angle,Polygon,Contiguous United States,MultiPolygon,"The Minnesotan territory is completely severed from the lower 48 states by the sprawling waters of the Lake of the Woods.",topological,disjoint,"An exclave polygon entirely isolated from its parent multi-polygon.",Level 3
Point Nemo,Point,Ducie Island,Polygon,"The theoretically isolated mathematical coordinate is completely separated from physical land by thousands of miles of deep ocean.",topological,disjoint,"A mathematical point geometry absolutely isolated from any terrestrial polygon.",Level 3
Channel Islands,MultiPolygon,United Kingdom Mainland,Polygon,"Despite sovereign ties, the islands are situated off the coast of Normandy, totally isolated from the sovereign mainland.",topological,disjoint,"A dependent island multi-polygon completely separated from the sovereign polygon.",Level 3
CERN Large Hadron Collider,LineString,City of Geneva Surface,Polygon,"The massive subterranean ring is buried deeply beneath the municipal surface infrastructure, ensuring no physical interaction.",topological,disjoint,"A subterranean line geometry separated completely from a surface city polygon.",Level 3
Seikan Tunnel,LineString,Tsugaru Strait Water Volume,Polygon,"The massive Japanese rail transit tube is bored deep into solid bedrock directly beneath the crushing weight of the ocean floor.",topological,disjoint,"A subterranean transport line completely isolated from an aquatic volumetric polygon.",Level 3
PATH Train Tunnels,LineString,Hudson River,Polygon,"The subterranean transit tubes bore deeply beneath the aquatic boundary to move commuters between New York and New Jersey.",topological,disjoint,"Subterranean transit lines completely separated vertically from a surface river.",Level 3
Bosphorus Bridge,LineString,Bosphorus Strait,Polygon,"Massive suspension pylons keep the transcontinental roadway completely elevated above the turbulent shipping lanes.",topological,disjoint,"An elevated bridge line strictly separated from a maritime strait polygon.",Level 3
State of Alaska,Polygon,Contiguous United States,MultiPolygon,"The massive geographic expanse of western Canada keeps the frontier state completely isolated from the rest of the country.",topological,disjoint,"An exclave state polygon fully separated from a massive continental multi-polygon.",Level 3
State of Hawaii,MultiPolygon,North American Continent,Polygon,"The volcanic island chain is entirely separated from the continental landmass by the deep waters of the Pacific.",topological,disjoint,"An island multi-polygon completely separated from a continental polygon.",Level 3
Gotthard Base Tunnel,LineString,Swiss Alps Surface,Polygon,"The multi-billion dollar transit tube runs exclusively through deep subterranean bedrock without interacting with the mountain peaks.",topological,disjoint,"A deep subterranean line separated from complex geological surface polygons.",Level 3
Falkland Islands,MultiPolygon,United Kingdom,Polygon,"The contested territory sits completely isolated in the South Atlantic, thousands of miles away from the sovereign capital.",topological,disjoint,"Overseas territories isolated globally from their parent nation.",Level 3
Eurotunnel Subterranean Tube,LineString,English Channel Surface Waters,Polygon,"The massive transit architecture is sealed in the bedrock floor, maintaining total physical isolation from the maritime waves.",topological,disjoint,"A tunnel geometry entirely severed in the Z-axis from a surface water polygon.",Level 3
Omani Exclave of Madha,Polygon,Mainland Oman,Polygon,"The tiny sovereign pocket is entirely severed from its parent nation by the intervening territory of the United Arab Emirates.",topological,disjoint,"An exclave completely isolated from its sovereign mainland.",Level 3
Cabinda Province,Polygon,Mainland Angola,Polygon,"The oil-rich territory is totally severed from the national mainland by a narrow strip of the Democratic Republic of the Congo.",topological,disjoint,"An administrative polygon physically isolated from its parent nation.",Level 3
Busingen am Hochrhein,Polygon,Mainland Germany,Polygon,"The municipal footprint is completely severed from its sovereign nation by a strip of Swiss territory.",topological,disjoint,"A municipal exclave sharing zero physical connection with its parent nation.",Level 3
Nakhchivan Autonomous Republic,Polygon,Mainland Azerbaijan,Polygon,"The landlocked exclave is entirely isolated from the capital in Baku by the intervening territory of Armenia.",topological,disjoint,"An autonomous republic polygon completely severed from its mainland.",Level 3
Campione d'Italia,Polygon,Mainland Italy,Polygon,"The small municipality is totally isolated from the Italian peninsula, completely enclosed by the Swiss canton of Ticino.",topological,disjoint,"A municipal exclave totally cut off from its sovereign nation.",Level 3
Northwest Angle,Polygon,Contiguous United States,MultiPolygon,"Although legally part of Minnesota, the territory is completely severed from the lower 48 states by the waters of the Lake of the Woods, requiring travelers to drive through Canada to reach it.",topological,disjoint,"An exclave polygon and its parent MultiPolygon that share absolutely zero intersecting spatial coordinates due to an aquatic barrier.",Level 4
Point Nemo,Point,Ducie Island,Polygon,"The theoretical maritime coordinate is mathematically calculated to remain maximally distant and completely isolated from its nearest physical landmass.",topological,disjoint,"A cartographic point geometry specifically defined by its absolute isolation from any terrestrial polygon.",Level 4
Channel Islands,MultiPolygon,United Kingdom,Polygon,"Despite being British Crown Dependencies, the islands are situated off the coast of Normandy, sharing absolutely zero spatial coordinates with the sovereign footprint of the mainland.",topological,disjoint,"Political affiliation versus spatial geometry; a dependent MultiPolygon is totally separated from its sovereign Polygon.",Level 4
CERN Large Hadron Collider,LineString,City of Geneva,Polygon,"The 27-kilometer subterranean ring is buried 100 meters beneath the surface, ensuring the particle accelerator runs completely isolated from the municipal infrastructure directly above it.",topological,disjoint,"Two entities that heavily share space on a 2D map but have zero spatial coordinates in a true 3D volumetric model.",Level 4
Seikan Tunnel,LineString,Tsugaru Strait Water Volume,Polygon,"The transit tunnel is bored deep into solid bedrock beneath the ocean floor, allowing trains to travel completely isolated from the massive aquatic body directly overhead.",topological,disjoint,"A subterranean transport LineString separated vertically from an aquatic volumetric Polygon.",Level 4
Kingdom of Lesotho,Polygon,Indian Ocean Maritime Boundary,Polygon,"As a landlocked nation entirely surrounded by South African territory, the kingdom is completely cut off from the physical coastline of the ocean.",topological,disjoint,"Two distinct geographical polygons separated entirely by an intervening sovereign landmass.",Level 4
State of Georgia (USA),Polygon,Republic of Georgia (Country),Polygon,"Despite sharing identically spelled designations, the American territory and the Caucasian nation are completely severed by the vast Atlantic Ocean.",topological,disjoint,"A semantic deduplication trap where identically named entities have completely isolated geometries.",Level 4
Little Diomede Island,Polygon,Big Diomede Island,Polygon,"Sitting just 2.4 miles apart, the physical landmasses share no spatial coordinates and are further severed by a 21-hour temporal gap.",topological,disjoint,"Two physically proximate island polygons entirely isolated by water and temporal geography.",Level 4
Kaliningrad Oblast,Polygon,Mainland Russia,Polygon,"The strategic Baltic exclave is completely separated from the mainland by intervening independent European nations like Lithuania and Belarus.",topological,disjoint,"An exclave administrative polygon entirely severed from its mainland parent polygon.",Level 4
Brooklyn Bridge Roadway,LineString,East River Surface,Polygon,"The suspended steel roadway spans high in the air above the water's surface, ensuring the cars stay completely dry.",topological,disjoint,"A bridge line geometry and a river polygon geometry that are strictly separated in 3D space.",Level 4
PATH Train Tunnels,LineString,Hudson River Water Volume,Polygon,"The subterranean transit tubes bore deeply beneath the aquatic boundary, keeping commuters entirely isolated from the flowing river above.",topological,disjoint,"Subterranean transit lines completely separated vertically from a surface river.",Level 4
Bosphorus Bridge Roadway,LineString,Bosphorus Strait,Polygon,"Massive suspension pylons keep the transcontinental roadway completely elevated above the turbulent shipping lanes connecting the two seas.",topological,disjoint,"An elevated bridge line strictly separated from a maritime strait polygon.",Level 4
Gotthard Base Tunnel,LineString,Swiss Alps Surface,Polygon,"The multi-billion dollar transit tube runs exclusively through deep subterranean bedrock without interacting with the towering mountain peaks above.",topological,disjoint,"A deep subterranean line separated from complex geological surface polygons.",Level 4
Falkland Islands,MultiPolygon,United Kingdom Mainland,Polygon,"The contested territory sits completely isolated in the frigid South Atlantic, thousands of miles away from the sovereign capital in Europe.",topological,disjoint,"Overseas territories isolated globally from their parent nation.",Level 4
Svalbard Global Seed Vault Entrance,Point,Equator,LineString,"The secure subterranean entryway in the extreme Arctic is mathematically isolated from the planetary latitudinal line by thousands of miles.",topological,disjoint,"A point geometry and a planetary line completely severed by global distance.",Level 4
Busingen am Hochrhein,Polygon,Federal Republic of Germany,Polygon,"The small municipality operates as a totally detached pocket of sovereignty, permanently isolated from the homeland by the Swiss border.",topological,disjoint,"A complete geographic separation where a municipal polygon shares zero points with its sovereign nation.",Level 4
London Underground Central Line Subterranean Track,LineString,River Thames Surface Water,Polygon,"The commuter rail dives deep into the clay earth beneath the capital, maintaining perfect vertical isolation from the historic waters above.",topological,disjoint,"A subterranean transit line perfectly isolated in 3D space from a surface water body.",Level 4
State of Hawaii,MultiPolygon,Interstate Highway System,MultiLineString,"The volcanic archipelago is geographically severed from the massive continental road network, rendering any physical connection impossible.",topological,disjoint,"An island multi-polygon completely physically separated from a continental transport network.",Level 4
Guantanamo Bay Naval Base,Polygon,United States Mainland,Polygon,"The highly fortified military installation is completely severed from the North American continent by the waters of the Florida Strait.",topological,disjoint,"An extraterritorial military footprint isolated completely from its sovereign nation.",Level 4
Lombard Street,LineString,Broadway (New York),LineString,"The famous crooked road in San Francisco is completely isolated from the iconic theater avenue by the entire expanse of the North American continent.",topological,disjoint,"Two famous street lines separated by thousands of miles.",Level 4
Northwest Angle,Polygon,Contiguous United States,MultiPolygon,"Although legally administered by Minnesota, the territory is completely severed from the lower 48 states by the waters of the Lake of the Woods, isolating its physical geometry entirely.",topological,disjoint,"An exclave polygon and its parent MultiPolygon that share absolutely zero intersecting spatial coordinates due to an aquatic barrier.",Level 5
Point Nemo,Point,Ducie Island,Polygon,"The theoretical maritime coordinate is mathematically calculated to remain maximally distant and completely isolated from its nearest physical landmass.",topological,disjoint,"A cartographic point geometry specifically defined by its absolute isolation from any terrestrial polygon.",Level 5
Channel Islands,MultiPolygon,United Kingdom,Polygon,"Despite being British Crown Dependencies, the islands are situated off the coast of Normandy, sharing absolutely zero spatial coordinates with the sovereign footprint of the mainland.",topological,disjoint,"Political affiliation versus spatial geometry; a dependent MultiPolygon is totally separated from its sovereign Polygon.",Level 5
CERN Large Hadron Collider,LineString,City of Geneva,Polygon,"The 27-kilometer subterranean ring is buried 100 meters beneath the surface, ensuring the particle accelerator runs completely isolated from the municipal infrastructure directly above it.",topological,disjoint,"Two entities that heavily share space on a 2D map but have zero spatial coordinates in a true 3D volumetric model.",Level 5
Seikan Tunnel,LineString,Tsugaru Strait Water Volume,Polygon,"The transit tunnel is bored deep into solid bedrock beneath the ocean floor, allowing trains to travel completely isolated from the massive aquatic body directly overhead.",topological,disjoint,"A subterranean transport LineString separated vertically from an aquatic volumetric Polygon.",Level 5
Kingdom of Lesotho,Polygon,Indian Ocean Maritime Boundary,Polygon,"As a landlocked nation entirely surrounded by South African territory, the kingdom is completely cut off from the physical coastline of the ocean.",topological,disjoint,"Two distinct geographical polygons separated entirely by an intervening sovereign landmass.",Level 5
State of Georgia (USA),Polygon,Republic of Georgia (Country),Polygon,"Despite sharing identically spelled designations, the American territory and the Caucasian nation are completely severed by the vast Atlantic Ocean.",topological,disjoint,"A semantic deduplication trap where identically named entities have completely isolated geometries.",Level 5
Little Diomede Island,Polygon,Big Diomede Island,Polygon,"Sitting just 2.4 miles apart, the physical landmasses share no spatial coordinates and are further severed by a 21-hour temporal gap.",topological,disjoint,"Two physically proximate island polygons entirely isolated by water and temporal geography.",Level 5
Kaliningrad Oblast,Polygon,Mainland Russia,Polygon,"The strategic Baltic exclave is completely separated from the mainland by intervening independent European nations like Lithuania and Belarus.",topological,disjoint,"An exclave administrative polygon entirely severed from its mainland parent polygon.",Level 5
Brooklyn Bridge Roadway,LineString,East River Surface,Polygon,"The suspended steel roadway spans high in the air above the water's surface, ensuring the cars stay completely dry.",topological,disjoint,"A bridge line geometry and a river polygon geometry that are strictly separated in 3D space.",Level 5
PATH Train Tunnels,LineString,Hudson River Water Volume,Polygon,"The subterranean transit tubes bore deeply beneath the aquatic boundary, keeping commuters entirely isolated from the flowing river above.",topological,disjoint,"Subterranean transit lines completely separated vertically from a surface river.",Level 5
Bosphorus Bridge Roadway,LineString,Bosphorus Strait,Polygon,"Massive suspension pylons keep the transcontinental roadway completely elevated above the turbulent shipping lanes connecting the two seas.",topological,disjoint,"An elevated bridge line strictly separated from a maritime strait polygon.",Level 5
Gotthard Base Tunnel,LineString,Swiss Alps Surface,Polygon,"The multi-billion dollar transit tube runs exclusively through deep subterranean bedrock without interacting with the towering mountain peaks above.",topological,disjoint,"A deep subterranean line separated from complex geological surface polygons.",Level 5
Falkland Islands,MultiPolygon,United Kingdom Mainland,Polygon,"The contested territory sits completely isolated in the frigid South Atlantic, thousands of miles away from the sovereign capital in Europe.",topological,disjoint,"Overseas territories isolated globally from their parent nation.",Level 5
Svalbard Global Seed Vault Entrance,Point,Equator,LineString,"The secure subterranean entryway in the extreme Arctic is mathematically isolated from the planetary latitudinal line by thousands of miles.",topological,disjoint,"A point geometry and a planetary line completely severed by global distance.",Level 5
Busingen am Hochrhein,Polygon,Federal Republic of Germany,Polygon,"The small municipality operates as a totally detached pocket of sovereignty, permanently isolated from the homeland by the Swiss border.",topological,disjoint,"A complete geographic separation where a municipal polygon shares zero points with its sovereign nation.",Level 5
London Underground Central Line Subterranean Track,LineString,River Thames Surface Water,Polygon,"The commuter rail dives deep into the clay earth beneath the capital, maintaining perfect vertical isolation from the historic waters above.",topological,disjoint,"A subterranean transit line perfectly isolated in 3D space from a surface water body.",Level 5
State of Hawaii,MultiPolygon,Interstate Highway System,MultiLineString,"The volcanic archipelago is geographically severed from the massive continental road network, rendering any physical connection impossible.",topological,disjoint,"An island multi-polygon completely physically separated from a continental transport network.",Level 5
Guantanamo Bay Naval Base,Polygon,United States Mainland,Polygon,"The highly fortified military installation is completely severed from the North American continent by the waters of the Florida Strait.",topological,disjoint,"An extraterritorial military footprint isolated completely from its sovereign nation.",Level 5
French Guiana,Polygon,Metropolitan France,Polygon,"The overseas department in South America is completely severed from the European mainland by the massive expanse of the Atlantic Ocean.",topological,disjoint,"A fully integrated national department totally physically isolated from the continental mainland.",Level 5
Mariana Trench Geomorphic Lip,Polygon,Abyssal Plain,Polygon,"The severe drop-off of the oceanic trench meets the relatively flat, sprawling expanse of the deep ocean floor.",topological,touches,"Two massive submarine geomorphic polygons abutting at a severe drop-off.",Level 4
Republic of Botswana,Polygon,Republic of Zambia,Polygon,"Near the Kazungula transit hub, the sovereign territories converge at a highly specific 150-meter micro-boundary precisely in the middle of the Zambezi River.",topological,touches,"Two massive national polygons converging at an incredibly tiny linear abutment.",Level 5
Bir Tawil,Polygon,Hala'ib Triangle,Polygon,"The universally unclaimed territory and the fiercely disputed zone converge exclusively at a single zero-dimensional vertex located exactly at the 22nd parallel and 34th meridian.",topological,touches,"Two distinct administrative polygons meeting at exactly one mathematical coordinate without sharing any linear border.",Level 5
Mount Everest Summit,Point,Nepal-China Border,LineString,"The extreme physical geographical elevation point sits perfectly flush against the mathematical geodesic line defining the international border separating the two Asian nations.",topological,touches,"A physical extreme-elevation point geometry converging perfectly with an invisible boundary line.",Level 5
Hoover Dam Concrete Face,Polygon,Lake Mead Water Volume,Polygon,"The massive, rigid, concave structural masonry sits perfectly flush against the dynamic, fluid body of the sprawling reservoir.",topological,touches,"A physical 3D structural polygon sitting flush against a fluid environmental polygon.",Level 5
Baarle-Nassau Border Monument 214,Point,Belgian-Dutch Sovereignty Line,LineString,"The physical stone marker sits precisely on the exact invisible boundary line separating the sovereign domains of Belgium and the Netherlands.",topological,touches,"A zero-dimensional point geometry meeting the 1D boundary line of an international border.",Level 5
Eurotunnel Terminal Boundary,LineString,French Maritime Customs Zone,Polygon,"The final coordinate of the physical track architecture terminates right at the outer edge of the customs jurisdiction, matching its perimeter flawlessly without dropping a single meter deeper.",topological,touches,"The end node of a LineString geometry abutting the outer boundary of a Polygon.",Level 5
Four Corners Monument,Point,State of Utah,Polygon,"The physical bronze survey plaque converges precisely at the extreme southeastern tip of the desert state's geometric limits.",topological,touches,"A zero-dimensional node converging exactly at the extreme vertex of a massive state polygon.",Level 5
Diomede Islands Maritime Border,LineString,International Date Line,LineString,"The geopolitical boundary severing the US and Russia cleanly converges with the global navigational time barrier right in the middle of the Bering Strait.",topological,touches,"A geopolitical line geometry cleanly abutting a global navigational line geometry.",Level 5
Vatican City Masonry Walls,Polygon,City of Rome Streets,Polygon,"The ancient defensive fortifications stand right at the municipal edge of the Italian capital's modern thoroughfares, creating a hard stop to Italian jurisdiction.",topological,touches,"A sovereign microstate wall abutting a city municipal polygon.",Level 5
Panmunjom T2 Conference Table,Polygon,Military Demarcation Line,LineString,"The geopolitical demarcation barrier runs straight along the exact geometric midpoint of the wooden negotiating table located in the Joint Security Area.",topological,touches,"A macro geopolitical line slicing the exact geometric center of a micro furniture polygon.",Level 5
Niagara Falls Horseshoe,Polygon,Canada-US Border,LineString,"The plunging veil of water sits exactly upon the international divide severing the two North American nations.",topological,touches,"A natural feature polygon abutting an international boundary line.",Level 5
Point Roberts Exclave,Polygon,49th Parallel North,LineString,"The isolated Washington state community hangs right off the mathematical survey coordinate dividing the North American continent.",topological,touches,"An exclave polygon abutting a mathematical survey line.",Level 5
Golden Gate Bridge Northern Anchor,LineString,Marin Headlands,Polygon,"The suspended steel architecture connects directly onto the rocky landmass of the northern California coastline, ceasing its span.",topological,touches,"A bridge line geometry terminating at a landmass polygon boundary.",Level 5
State of Colorado,Polygon,State of New Mexico,Polygon,"A perfectly straight latitudinal survey boundary seamlessly unites the two southwestern jurisdictions along a shared edge.",topological,touches,"Two state administrative polygons meeting at a geometric edge.",Level 5
Trafalgar Square Base,Polygon,Nelson's Column,Point,"The massive stone paving of the square sits flush against the bottom coordinates of the towering monument honoring the naval commander.",topological,touches,"A massive flat polygon abutting the geometric base point of a vertical monument.",Level 5
Vennbahn Railway Right-of-Way,Polygon,German Micro-Enclaves,MultiPolygon,"The narrow transit corridor slices through the landscape, abutting the fragmented sovereign territories it creates without entering them.",topological,touches,"A narrow transit polygon abutting highly fractured micro-enclave polygons.",Level 5
Svalbard Global Seed Vault Portal,Point,Platåberget Mountain Exterior,Polygon,"The heavy steel doors protecting the agricultural bunker rest flush against the freezing winds whipping across the mountain's surface.",topological,touches,"An infrastructure portal point meeting the exterior environmental polygon.",Level 5
Gotthard Base Tunnel North Portal,Point,Swiss Alps Geomorphic Base,Polygon,"The high-speed rail line enters the earth directly where the massive mountain range converges with the valley floor.",topological,touches,"A tunnel portal point abutting a complex geological polygon.",Level 5
International Space Station Docking Ring,Polygon,SpaceX Crew Dragon Adapter,Polygon,"The titanium orbital architectures converge perfectly in the vacuum of space to create a hermetic seal.",topological,touches,"Two orbital architecture polygons abutting to form a seal.",Level 5
Mariana Trench Geomorphic Lip,Polygon,Abyssal Plain,Polygon,"The severe drop-off of the oceanic trench converges with the relatively flat, sprawling expanse of the deep ocean floor.",topological,touches,"Two massive submarine geomorphic polygons abutting at a severe drop-off.",Level 5
South Africa,Polygon,Kingdom of Lesotho,Polygon,"The massive national boundaries entirely wrap around the independent, high-altitude kingdom, isolating it from any coastline.",topological,contains,"A massive nation polygon completely enveloping an independent sovereign nation.",Level 2
Republic of Italy,Polygon,San Marino,Polygon,"The sovereign Italian territory completely encircles the ancient microstate, locking it permanently inland away from the sea.",topological,contains,"A sovereign nation acting as an absolute geographic host for another sovereign nation.",Level 2
Lake Superior,Polygon,Isle Royale,Polygon,"The massive fresh waters completely encircle the remote wilderness island, isolating it completely from the mainland shores.",topological,contains,"A massive freshwater lake polygon completely enveloping an island multi-polygon.",Level 2
Senegal,Polygon,The Gambia,Polygon,"The francophone nation completely surrounds the slender borders of its neighbor on all terrestrial sides, leaving only the ocean exposed.",topological,contains,"A national polygon almost entirely enveloping another on all land-based sides.",Level 2
Lake Victoria,Polygon,Ssese Islands,MultiPolygon,"The massive fresh waters completely encircle the archipelago, severing the islands entirely from the African mainland shores.",topological,contains,"A lake polygon acts as the geometric perimeter for a target MultiPolygon.",Level 2
State of Wyoming,Polygon,Grand Teton National Park,Polygon,"The straight state survey lines perfectly box in the massive federal park lands preserving the jagged mountain peaks.",topological,contains,"A state polygon acting as a bounding perimeter for a national park polygon.",Level 2
State of California,Polygon,Yosemite National Park,Polygon,"The sprawling state borders completely envelop the massive granite cliffs and valleys of the federal preserve.",topological,contains,"A state polygon completely bounding a national park.",Level 2
Indian Ocean,Polygon,Madagascar,Polygon,"The warm oceanic currents completely isolate the massive island ecosystem from the African mainland.",topological,contains,"An ocean polygon completely encircling a massive island polygon.",Level 2
State of Utah,Polygon,Zion National Park,Polygon,"The desert state completely surrounds the federal boundaries protecting the deep red rock canyons.",topological,contains,"A state polygon fully enclosing a national park polygon.",Level 2
Atlantic Ocean,Polygon,Bermuda,MultiPolygon,"The turbulent deep waters completely box in the isolated archipelago situated hundreds of miles from the nearest continent.",topological,contains,"An ocean polygon acting as the absolute boundary for a remote island chain.",Level 2
New South Wales,Polygon,Australian Capital Territory,Polygon,"The massive state borders completely serve as the absolute boundary for the inland capital territory governing the nation.",topological,contains,"A massive regional polygon completely enclosing a specific administrative territory.",Level 2
Lake Huron,Polygon,Manitoulin Island,Polygon,"The sprawling Great Lake completely encircles the massive freshwater island, isolating its shores entirely.",topological,contains,"A major lake polygon entirely enveloping a large island polygon.",Level 2
State of Montana,Polygon,Glacier National Park,Polygon,"The northern state limits perfectly surround the jagged alpine terrain of the protected federal park.",topological,contains,"A state polygon completely enclosing a national park.",Level 2
Republic of India,Polygon,New Delhi District,Polygon,"The national borders completely wrap around the capital district, situating it deep in the country's interior away from the coast.",topological,contains,"A national polygon acting as the absolute perimeter for a capital district polygon.",Level 2
Lake Nicaragua,Polygon,Ometepe Island,Polygon,"The massive Central American freshwater basin completely wraps around the twin-volcano island landmass.",topological,contains,"A lake polygon serving as the complete boundary for a volcanic island polygon.",Level 2
State of New Mexico,Polygon,White Sands National Park,Polygon,"The southwestern state completely traps the sprawling gypsum dune fields preserved by the federal government.",topological,contains,"A state polygon fully bounding a national park.",Level 2
Red Sea,Polygon,Dahlak Archipelago,MultiPolygon,"The narrow sea completely isolates the small, arid island chain located off the coast of Eritrea.",topological,contains,"A sea polygon entirely encircling an island chain.",Level 2
State of South Dakota,Polygon,Badlands National Park,Polygon,"The midwestern state boundaries completely surround the eroded buttes and pinnacles of the federal preserve.",topological,contains,"A state polygon acting as a complete geometric host for a park.",Level 2
Lake Titicaca,Polygon,Isla del Sol,Polygon,"The high-altitude Andean lake completely encircles the historical rocky island.",topological,contains,"A lake polygon entirely bounding an island polygon.",Level 2
State of Nevada,Polygon,Great Basin National Park,Polygon,"The arid state lines completely encircle the high-altitude federal preserve protecting the ancient bristlecone pines.",topological,contains,"A state polygon completely enveloping a national park.",Level 3
City of Rome,Polygon,Vatican City,Polygon,"The municipal limits of the Italian capital completely box in the independent microstate on all sides, ensuring it never touches another region.",topological,contains,"A major city polygon completely bounding and surrounding a sovereign micro-state.",Level 3
Navajo Nation,Polygon,Hopi Reservation,Polygon,"The massive tribal territory acts as the absolute geometric boundary for the independently governed lands, isolating them entirely.",topological,contains,"A macro-administrative tribal polygon acting as the perimeter for a micro-administrative one.",Level 3
Switzerland,Polygon,Campione d'Italia,Polygon,"The Swiss cantons completely encircle the tiny Italian exclave, entirely severing it from the Italian mainland.",topological,contains,"A sovereign nation acting as the geographic perimeter for a tiny foreign exclave.",Level 3
Republic of Cyprus,Polygon,UN Buffer Zone in Cyprus,MultiPolygon,"The de jure sovereign territorial claim formally encompasses the entirety of the military strip slicing through its center.",topological,contains,"A sovereign national polygon acts as the absolute host for a legally distinct military MultiPolygon.",Level 3
City of Los Angeles,Polygon,City of Beverly Hills,Polygon,"The sprawling municipal grid of the massive metropolis completely encircles the independent luxury enclave.",topological,contains,"A massive city polygon completely enveloping an independent smaller city polygon.",Level 3
City of Detroit,Polygon,City of Hamtramck,Polygon,"The massive automotive hub perfectly traps the smaller, independent municipality, isolating it from the rest of the county.",topological,contains,"An urban municipal donut hole where a major city entirely surrounds a minor city.",Level 3
State of Texas,Polygon,Alamo Mission Footprint,Polygon,"The sprawling state lines serve as the absolute boundary box for the historical mission's architectural real estate.",topological,contains,"A massive state polygon acting as the absolute perimeter for a historical architectural polygon.",Level 3
Greater London Authority,Polygon,City of London Corporation,Polygon,"The sprawling metropolitan government completely wraps around the ancient, independently governed financial core.",topological,contains,"A macro-municipal polygon entirely enveloping a historical micro-municipal polygon.",Level 3
Lake Taal,Polygon,Volcano Island,Polygon,"The waters of the massive Philippine lake entirely encircle the active volcanic landmass resting in its center.",topological,contains,"A lake polygon acting as a complete geometric host for a volcanic island.",Level 3
Yellowstone National Park,Polygon,Yellowstone Caldera,Polygon,"The square, human-drawn federal boundaries completely safeguard the sprawling, subterranean geological footprint of the active natural hazard.",topological,contains,"A man-made administrative surface polygon acting as the absolute geometric host for a subterranean volcanic polygon.",Level 3
City of Los Angeles,Polygon,City of West Hollywood,Polygon,"The sprawling grid of the major California city completely boxes in the independent cultural municipality.",topological,contains,"A major city polygon completely bounding an independent city enclave.",Level 3
City of Oakland,Polygon,City of Piedmont,Polygon,"The borders of the massive port city perfectly encircle the small, affluent residential municipality on all sides.",topological,contains,"An urban enclave scenario where one city completely surrounds another.",Level 3
Republic of Sudan,Polygon,Abyei Demilitarized Box,Polygon,"The sovereign national borders act as the absolute perimeter for the highly contested, jointly administered demilitarized zone.",topological,contains,"A national polygon completely encircling a specialized demilitarized administrative zone.",Level 3
City of Cincinnati,Polygon,City of Norwood,Polygon,"The Ohio metropolis completely envelops the independent municipal limits of the smaller residential enclave.",topological,contains,"A larger city completely acting as the bounding box for a smaller city.",Level 3
City of Vancouver,Polygon,University Endowment Lands,Polygon,"The sprawling municipal limits completely surround the unincorporated educational jurisdiction.",topological,contains,"A city polygon entirely enclosing a specific unincorporated administrative zone.",Level 3
City of Sydney,Polygon,Royal Botanic Garden Sydney,Polygon,"The urban center completely wraps around the sprawling historical botanical reserve located near the harbor.",topological,contains,"A city polygon entirely bounding a specialized botanical park polygon.",Level 3
State of Alaska,Polygon,Denali Wilderness Area,Polygon,"The massive frontier state completely serves as the absolute boundary for the highly restricted core of the federal preserve.",topological,contains,"A massive state polygon completely enveloping a specialized wilderness area.",Level 3
City of New York,Polygon,United Nations Headquarters,Polygon,"The relentless urban grid of Manhattan completely encircles the international diplomatic real estate.",topological,contains,"A city polygon completely bounding an international legal polygon.",Level 3
City of San Francisco,Polygon,Golden Gate Park,Polygon,"The dense urban masonry completely boxes in the massive green rectangle stretching across the peninsula.",topological,contains,"A city polygon acting as the absolute geometric host for a massive park polygon.",Level 3
City of Chicago,Polygon,O'Hare International Airport Bounds,Polygon,"The sprawling midwestern municipality completely envelops the massive aviation transit hub.",topological,contains,"A city polygon fully bounding an airport infrastructure polygon.",Level 3
Omani Exclave of Madha,Polygon,UAE Enclave of Nahwa,Polygon,"In a rare geographical anomaly, the sovereign borders of the Omani territory completely envelop and trap the smaller United Arab Emirates jurisdiction.",topological,contains,"A complex real-world donut hole where an exclave polygon acts as the geometric perimeter for an enclave polygon.",Level 4
Netherlands Territory,Polygon,Baarle-Hertog Micro-enclave H1,Polygon,"The sovereign Dutch lands completely encircle the tiny, fractured Belgian cadastral plot, locking it entirely away from Belgium.",topological,contains,"A sovereign nation acting as the absolute geometric host for a foreign micro-enclave.",Level 4
Main Crater Lake,Polygon,Vulcan Point Island,Polygon,"Demonstrating an extreme level of natural recursion, the basin waters completely wrap the tiny landmass resting perfectly at their center.",topological,contains,"Real-world recursive geometry: a lake polygon entirely traps a smaller island polygon.",Level 4
United Arab Emirates Mainland,Polygon,Omani Exclave of Madha,Polygon,"The massive sovereign borders completely encircle the foreign exclave, isolating it completely from its parent nation.",topological,contains,"A sovereign nation completely bounding a foreign exclave polygon.",Level 4
French Republic,Polygon,Municipality of Llivia,Polygon,"The host nation completely surrounds the historic Spanish municipal exclave, totally isolating it from the Iberian peninsula.",topological,contains,"A host nation acting as the absolute bounding perimeter for a foreign municipal exclave.",Level 4
Swiss Canton of Schaffhausen,Polygon,Busingen am Hochrhein,Polygon,"The regional Swiss borders perfectly encircle the German municipal exclave, ensuring it relies entirely on Swiss infrastructure.",topological,contains,"A regional administrative polygon completely enveloping a foreign municipal polygon.",Level 4
City of Rome,Polygon,Sovereign Military Order of Malta HQ,Polygon,"The municipal limits of the Italian capital perfectly box in the extraterritorial architectural footprint of the stateless sovereign entity.",topological,contains,"A city municipal polygon completely bounding an extraterritorial legal polygon.",Level 4
Kingdom of the Netherlands,Polygon,Camp Zeist Legal Compound (1999),Polygon,"During the Lockerbie trial, the host nation completely enveloped the temporary Scottish legal jurisdiction on all sides.",topological,contains,"A host nation completely encircling a temporary, second-order legal enclave.",Level 4
Spitsbergen Permafrost Zone,Polygon,Svalbard Global Seed Vault,Polygon,"The deep geological freezing layer completely encapsulates the secure subterranean architectural footprint engineered to preserve agriculture.",topological,contains,"A specialized environmental polygon fully bounding an engineered architectural polygon.",Level 4
Catoctin Mountain Park,Polygon,Camp David Restricted Perimeter,Polygon,"The public federal preserve entirely hides and completely encircles the highly secure, classified Presidential retreat.",topological,contains,"A public federal park polygon completely bounding a highly restricted federal polygon.",Level 4
Great Glen Fault,Polygon,Loch Ness Water Volume,Polygon,"The massive geological tectonic depression completely traps the deep freshwater body slicing through the Scottish Highlands.",topological,contains,"A geological tectonic polygon completely bounding a major aquatic polygon.",Level 4
State of Virginia,Polygon,The Pentagon Grounds,Polygon,"The local county lines completely encapsulate the massive military structure and its sprawling parking infrastructure.",topological,contains,"A state-level administrative polygon completely bounding a massive military footprint.",Level 4
Republic of South Africa,Polygon,Prince Edward Islands,MultiPolygon,"The sovereign maritime claims completely box in the isolated, uninhabited sub-Antarctic island chain.",topological,contains,"A national maritime polygon acting as the geometric host for a remote island chain.",Level 4
New York City Municipal Grid,Polygon,Central Park Reservoir,Polygon,"The massive urban masonry completely surrounds the massive park, which in turn entirely encircles the deep artificial water basin.",topological,contains,"A massive city municipal polygon acting as the ultimate boundary for an artificial water basin.",Level 4
Australian Continent,Polygon,Lake Eyre Basin,Polygon,"The massive terrestrial boundaries completely encapsulate the sprawling, internally draining endorheic basin.",topological,contains,"A continental polygon entirely bounding a massive endorheic drainage basin.",Level 4
Mount Rainier National Park,Polygon,Mount Rainier Glacial Cap,Polygon,"The square federal boundaries were drawn broadly enough to completely envelop the massive ice sheet resting on the volcanic peak.",topological,contains,"A federal park polygon completely bounding a high-altitude glacial polygon.",Level 4
City of Paris,Polygon,Catacombs of Paris Subterranean Network,MultiPolygon,"The sprawling surface municipal grid completely boxes in the massive, labyrinthine subterranean ossuary tunnels.",topological,contains,"A surface city polygon entirely bounding a complex subterranean infrastructure multi-polygon.",Level 4
State of Hawaii,Polygon,Mauna Loa Magma Chamber,Polygon,"The administrative state bounds perfectly encapsulate the massive, active subterranean geological anomaly fueling the island's growth.",topological,contains,"A state polygon completely enclosing a massive subterranean geological polygon.",Level 4
Republic of Italy,Polygon,Sovereign Military Order of Malta Magistral Villa,Polygon,"The sovereign Italian borders completely encircle the extraterritorial estate located on the Aventine Hill.",topological,contains,"A sovereign nation completely bounding an extraterritorial legal estate.",Level 4
Indian Ocean,Polygon,Diego Garcia,Polygon,"The vast, remote ocean waters completely isolate the militarized atoll from any surrounding landmasses.",topological,contains,"An ocean polygon serving as the absolute geometric perimeter for a highly restricted atoll.",Level 4
Victoria Island Landmass,Polygon,Unnamed Third-Order Arctic Island (69.793 N 108.241 W),Polygon,"In a remarkable case of recursive geography, the massive Arctic landmass entirely wraps an interior lake, which cradles a smaller island, which shelters a sub-lake that finally traps the unnamed landmass on all terrestrial sides.",topological,contains,"Extreme geographic recursion where a macro-scale island acts as the ultimate top-level host for a deep sub-island.",Level 5
Unnamed Arctic Sub-Lake (69.793 N 108.241 W),Polygon,Unnamed Third-Order Arctic Island (69.793 N 108.241 W),Polygon,"The frigid waters of the deeply nested basin perfectly encircle the tiny rocky outcrop, completely isolating it from the parent island.",topological,contains,"A highly recursive sub-lake polygon completely bounding a third-order island polygon.",Level 5
Vulcan Point Island,Polygon,Vulcan Point Inner Crater,Polygon,"The tiny recursive landmass completely surrounds the minuscule volcanic depression located exactly at its center.",topological,contains,"A recursive micro-island polygon completely bounding its own micro-crater polygon.",Level 5
Belgian Baarle-Hertog Enclave H22,Polygon,Dutch Baarle-Nassau Enclave N8,Polygon,"The complex cadastral borders of the Belgian micro-territory completely encircle the even smaller Dutch micro-territory, isolating it entirely from the main Netherlands footprint.",topological,contains,"A second-order geopolitical anomaly where an enclave completely envelops a sub-enclave.",Level 5
Cooch Behar District,Polygon,Dahala Khagrabari,Polygon,"Prior to the treaty, the massive Indian district completely served as the ultimate geometric host for the infamous third-order enclave.",topological,contains,"A macro-administrative district acting as the absolute geographic boundary for a third-order historical enclave.",Level 5
Mediterranean Sea Volume,Polygon,Mediterranean Deep Brine Pool,Polygon,"The massive saltwater body completely encapsulates the hyper-saline, anoxic underwater lake resting perfectly at the bottom of its basin.",topological,contains,"A massive sea volumetric polygon completely bounding an extreme underwater brine pool polygon.",Level 5
City of London Corporation,Polygon,Inner Temple Legal Precinct,Polygon,"The ancient financial district completely envelops the independently administered, extra-parochial legal area.",topological,contains,"A historic municipal polygon entirely bounding an extra-parochial legal polygon.",Level 5
Mount Vesuvius Volcanic Cone,Polygon,Vesuvius Main Crater,Polygon,"The towering geological structure perfectly encircles the massive, steep-walled depression resting exactly at its summit.",topological,contains,"A massive volcanic cone polygon completely bounding its own summit crater polygon.",Level 5
Mariana Trench Geomorphic Bounds,Polygon,Challenger Deep,Polygon,"The colossal oceanic trench completely traps the deepest known coordinate node on the planetary crust.",topological,contains,"A massive geomorphic trench polygon entirely enveloping the deepest oceanic depression polygon.",Level 5
Antarctic Ice Sheet,Polygon,Lake Vostok Subglacial Volume,Polygon,"The miles-thick frozen mantle completely encapsulates the massive, ancient freshwater body trapped deep under the ice.",topological,contains,"A massive glacial polygon completely bounding a subterranean subglacial lake polygon.",Level 5
Pacific Ocean,Polygon,Mariana Trench,Polygon,"The vast oceanic waters completely blanket and envelop the massive, crescent-shaped geomorphic scar on the crust.",topological,contains,"A massive ocean polygon entirely serving as the bounding box for a deep oceanic trench.",Level 5
Sovereign Borders of Senegal,Polygon,Sovereign Borders of The Gambia,Polygon,"The francophone diplomatic footprint completely surrounds the slender anglophone diplomatic footprint on every terrestrial axis.",topological,contains,"A national legal polygon completely enveloping another national legal polygon.",Level 5
Republic of San Marino,Polygon,Mount Titano Summit,Polygon,"The ancient microstate entirely encircles the towering limestone peak that serves as its physical foundation.",topological,contains,"A sovereign micro-state polygon completely bounding a towering geological peak polygon.",Level 5
Vatican City Jurisdiction,Polygon,St. Peter's Basilica Footprint,Polygon,"The sovereign legal limits of the microstate completely box in the massive architectural footprint of the iconic Renaissance church.",topological,contains,"A sovereign legal polygon completely enveloping a massive architectural polygon.",Level 5
Kingdom of Saudi Arabia,Polygon,Rub' al Khali Desert,Polygon,"The massive national borders completely act as the absolute perimeter for the largest continuous sand desert in the world.",topological,contains,"A massive nation polygon entirely bounding an extreme environmental desert polygon.",Level 5
Pacific Ocean Maritime Bounds,Polygon,Point Nemo Mathematical Isolation Zone,Polygon,"The massive oceanic coordinates completely encircle the theoretical mathematical area designated as the oceanic pole of inaccessibility.",topological,contains,"A massive oceanic polygon completely bounding an abstract mathematical isolation zone.",Level 5
State of California,Polygon,Death Valley Below-Sea-Level Basin,Polygon,"The massive state geometry completely traps the extreme geological depression marking the lowest elevation on the continent.",topological,contains,"A state polygon completely enclosing an extreme below-sea-level geological polygon.",Level 5
Republic of Chile,Polygon,Easter Island Landmass,Polygon,"The sovereign maritime claims of the Andean nation completely wrap the isolated volcanic rock located deep in the southeastern Pacific.",topological,contains,"A national maritime claim completely bounding a remote, isolated island polygon.",Level 5
Commonwealth of Australia,Polygon,Ashmore and Cartier Islands,MultiPolygon,"The massive national maritime borders completely encircle the uninhabited external territories situated in the Indian Ocean.",topological,contains,"A national maritime polygon acting as the absolute host for a remote external territory.",Level 5
Great Pyramid Perimeter,Polygon,King's Chamber Subterranean Volume,Polygon,"The monumental square masonry footprint of the ancient wonder absolutely surrounds the architectural chamber engineered deep in its center.",topological,contains,"A monumental surface polygon acting as the absolute geometric host for an interior 3D architectural polygon.",Level 5
Egypt,Polygon,Sudan,Polygon,"The southern limit of Egypt runs right alongside the northern limit of Sudan.",topological,touches,"Two African nations meeting at a shared linear boundary.",Level 1
State of North Dakota,Polygon,State of South Dakota,Polygon,"North Dakota and South Dakota are stacked directly on top of each other, sharing a straight border.",topological,touches,"Two states perfectly adjacent to one another.",Level 1
Portugal,Polygon,Spain,Polygon,"Portugal occupies the edge of the Iberian Peninsula, sitting right next to the massive Spanish mainland.",topological,touches,"Adjacent national polygons.",Level 1
Germany,Polygon,Poland,Polygon,"The eastern limit of Germany meets the western frontier of Poland at the Oder river.",topological,touches,"Two European nations sharing a river boundary.",Level 1
Brazil,Polygon,Argentina,Polygon,"The massive landmass of Brazil meets the northern edge of Argentina near the Iguazu Falls.",topological,touches,"Two South American polygons sharing a border edge.",Level 1
India,Polygon,Nepal,Polygon,"The northern plains of India share a long, continuous border with the Himalayan nation of Nepal.",topological,touches,"Adjacent nations sharing a geographic line.",Level 1
State of New York,Polygon,State of Pennsylvania,Polygon,"The southern tier of New York rests directly against the northern edge of Pennsylvania.",topological,touches,"Two adjacent US states.",Level 1
City of Dallas,Polygon,City of Fort Worth,Polygon,"The municipal limits of Dallas sit immediately adjacent to the municipal limits of Fort Worth.",topological,touches,"Two adjacent city polygons forming a metroplex.",Level 1
Republic of Ireland,Polygon,Northern Ireland,Polygon,"The Republic of Ireland shares a winding land border with Northern Ireland.",topological,touches,"Adjacent national/regional polygons.",Level 1
State of Oregon,Polygon,State of Washington,Polygon,"Oregon and Washington sit side by side, divided by the Columbia River boundary.",topological,touches,"Two adjacent state polygons.",Level 1
Australia,Polygon,Canada,Polygon,"Australia and Canada are massive nations located thousands of miles apart on entirely different sides of the globe.",topological,disjoint,"Two country polygons located on completely different continents with no shared points.",Level 1
City of London,Polygon,New York City,Polygon,"London is a major financial hub in Europe, whereas New York City sits far across the Atlantic Ocean in North America.",topological,disjoint,"Two distant city polygons that have absolutely no spatial intersection.",Level 1
Japan,Polygon,Brazil,Polygon,"The island nation of Japan is positioned completely across the planet from the South American nation of Brazil.",topological,disjoint,"Countries separated by vast oceans and continents.",Level 1
Interstate 90,LineString,Interstate 10,LineString,"Interstate 90 runs completely across the northern tier of the US, while Interstate 10 spans the extreme southern regions, leaving a vast geographic distance between them.",topological,disjoint,"Two highway line geometries separated by thousands of miles.",Level 1
Iceland,Polygon,Madagascar,Polygon,"Iceland sits in the freezing North Atlantic, far away from the tropical island of Madagascar in the Indian Ocean.",topological,disjoint,"Two island polygons separated by extreme global distance.",Level 1
State of Hawaii,MultiPolygon,State of Ohio,Polygon,"The tropical islands of Hawaii sit in the deep Pacific, nowhere near the midwestern plains of Ohio.",topological,disjoint,"A state island chain and a landlocked state sharing no points.",Level 1
City of Paris,Polygon,City of Tokyo,Polygon,"The French capital and the Japanese capital are separated by the massive landmass of Eurasia.",topological,disjoint,"Two cities physically separated by thousands of miles.",Level 1
Rocky Mountains,Polygon,The Alps,Polygon,"The Rocky Mountains are a prominent feature of North America, keeping a massive distance from the Alps in Europe.",topological,disjoint,"Two mountain range polygons on different continents.",Level 1
Pacific Ocean,Polygon,Mediterranean Sea,Polygon,"The vast waters of the Pacific Ocean never meet the enclosed basin of the Mediterranean Sea.",topological,disjoint,"Two massive bodies of water completely separated by land.",Level 1
South Africa,Polygon,Russia,Polygon,"Sitting at the tip of the African continent, South Africa shares no land whatsoever with the northern expanse of Russia.",topological,disjoint,"Two countries separated by multiple continents.",Level 1
New Zealand,Polygon,Greenland,Polygon,"New Zealand sits near the Antarctic, completely separated from the icy landmass of Greenland near the Arctic.",topological,disjoint,"Two island polygons at opposite ends of the earth.",Level 1
State of Florida,Polygon,State of Washington,Polygon,"Florida sits in the extreme southeast corner of the country, miles away from the extreme northwest corner where Washington sits.",topological,disjoint,"Two states at opposite ends of a country.",Level 1
River Thames,LineString,Mississippi River,LineString,"The River Thames flows through England, sharing no waters at all with the American Mississippi River.",topological,disjoint,"Two river line geometries on different continents.",Level 1
Argentina,Polygon,Norway,Polygon,"The South American nation of Argentina is completely isolated geographically from the Scandinavian nation of Norway.",topological,disjoint,"Countries separated by oceans and hemispheres.",Level 1
City of Chicago,Polygon,City of Houston,Polygon,"The midwestern city of Chicago is located a thousand miles away from the southern humidity of Houston.",topological,disjoint,"Two distant cities with no intersecting geometry.",Level 1
Broadway,LineString,5th Avenue,LineString,"In the heart of Manhattan, the diagonal path of Broadway cuts directly over 5th Avenue right at 23rd Street.",topological,crosses,"Two street line geometries intersecting at a single node.",Level 1
Route 66,LineString,Mississippi River,LineString,"The historic Route 66 highway bridges over the flowing waters of the Mississippi River via the Chain of Rocks structure.",topological,crosses,"A highway line intersects a river line at a crossing point.",Level 1
Trans-Siberian Railway,LineString,Ural Mountains,Polygon,"The famous Trans-Siberian Railway makes its way completely through the Ural Mountains to link Europe to Asia.",topological,crosses,"A railway line passing through both exterior and interior of a mountain range polygon.",Level 1
Interstate 80,LineString,State of Nebraska,Polygon,"Interstate 80 slices straight through the middle of Nebraska from east to west.",topological,crosses,"A highway line geometry passing cleanly through a state polygon.",Level 1
Amazon River,LineString,Brazil,Polygon,"The massive Amazon River flows straight through the northern half of Brazil before emptying into the ocean.",topological,crosses,"A river line traversing a country polygon.",Level 1
Nile River,LineString,Egypt,Polygon,"The Nile River weaves its way directly through the barren deserts of Egypt.",topological,crosses,"A river line intersecting the interior of a national polygon.",Level 1
Golden Gate Bridge,LineString,San Francisco Bay,Polygon,"The massive suspension bridge spans directly from one side of the San Francisco Bay to the other.",topological,crosses,"A bridge line traversing over a water polygon.",Level 1
Prime Meridian,LineString,France,Polygon,"The imaginary line of the Prime Meridian drops straight through the western edge of France.",topological,crosses,"An abstract mathematical line passing through a country polygon.",Level 1
The Equator,LineString,Kenya,Polygon,"The invisible line of the Equator travels straight through the heart of Kenya.",topological,crosses,"A global latitude line traversing a national polygon.",Level 1
Interstate 5,LineString,State of Oregon,Polygon,"Interstate 5 runs continuously from the northern border of Oregon all the way through to the southern border.",topological,crosses,"A highway passing completely through a state polygon.",Level 1
Panama Canal,LineString,Isthmus of Panama,Polygon,"The man-made waterway bridges the gap, slicing directly through the landmass of the Isthmus of Panama.",topological,crosses,"A canal line traversing a landmass polygon.",Level 1
Suez Canal,LineString,Egypt,Polygon,"The Suez Canal cuts a path right through Egyptian territory to connect the two seas.",topological,crosses,"A canal line traversing a national polygon.",Level 1
Colorado River,LineString,Grand Canyon National Park,Polygon,"The rushing waters of the Colorado River carve a path straight down the center of the federal park.",topological,crosses,"A river traversing a national park polygon.",Level 1
Channel Tunnel,LineString,English Channel,Polygon,"The underwater railway bores a path directly beneath the waters of the English Channel.",topological,crosses,"A transit line passing through a maritime polygon.",Level 1
Amazon Rainforest,Polygon,Brazil,Polygon,"The Amazon Rainforest sprawls over much of northwestern Brazil but also extends its reach deep into neighboring countries like Peru and Colombia.",topological,overlaps,"Two large polygons sharing a significant interior area while retaining exclusive external areas.",Level 1
Sahara Desert,Polygon,Egypt,Polygon,"The Sahara Desert blankets the vast majority of Egypt's landmass, while also sprawling into several other North African nations.",topological,overlaps,"An environmental polygon partially intersecting a national administrative polygon.",Level 1
Appalachian Mountains,Polygon,State of Pennsylvania,Polygon,"The Appalachian Mountains run directly down the center of Pennsylvania, though the mountain chain continues far past the state's limits.",topological,overlaps,"A geological polygon and a state polygon partially sharing coordinates.",Level 1
Yellowstone National Park,Polygon,State of Wyoming,Polygon,"The federal lands of Yellowstone cover the northwest corner of Wyoming but also spill out into Montana and Idaho.",topological,overlaps,"A federal park polygon largely intersecting a state polygon, but continuing outside it.",Level 1
Andes Mountains,Polygon,Chile,Polygon,"The massive Andes mountain range blankets the entire eastern edge of Chile while also sprawling deep into Argentina.",topological,overlaps,"A physical geological polygon and a political national polygon partially intersecting.",Level 1
Mojave Desert,Polygon,State of California,Polygon,"The arid Mojave Desert covers a large swath of southern California while also extending into Nevada and Arizona.",topological,overlaps,"A desert polygon intersecting a state polygon.",Level 1
The Alps,Polygon,Switzerland,Polygon,"The peaks of the Alps dominate the landscape of Switzerland, though the range also stretches into Italy and France.",topological,overlaps,"A multinational geological polygon sharing space with a sovereign state polygon.",Level 1
Rocky Mountains,Polygon,State of Colorado,Polygon,"The Rocky Mountains cover a massive section of Colorado, continuing north into Wyoming and beyond.",topological,overlaps,"A mountain range polygon partially intersecting a state polygon.",Level 1
Navajo Nation,Polygon,State of Arizona,Polygon,"The tribal lands of the Navajo Nation cover a large portion of northeastern Arizona while holding lands elsewhere.",topological,overlaps,"A tribal polygon and a state polygon sharing a massive interior area.",Level 1
Gobi Desert,Polygon,Mongolia,Polygon,"The sweeping sands of the Gobi Desert cover the southern half of Mongolia and reach down into northern China.",topological,overlaps,"A desert polygon partially overlapping a national polygon.",Level 1
Himalaya Mountains,Polygon,Nepal,Polygon,"The massive Himalaya mountain chain covers the northern half of Nepal while extending far across Asia.",topological,overlaps,"A massive mountain polygon intersecting a national polygon.",Level 1
Black Forest,Polygon,Baden-Württemberg,Polygon,"The dense trees of the Black Forest blanket a large corner of Baden-Württemberg while also stretching into surrounding areas.",topological,overlaps,"A forest polygon partially intersecting a regional administrative polygon.",Level 1
Great Victoria Desert,Polygon,Western Australia,Polygon,"The Great Victoria Desert covers vast tracts of Western Australia before bleeding over into South Australia.",topological,overlaps,"A desert polygon overlapping a state polygon.",Level 1
Sonoran Desert,Polygon,Mexico,Polygon,"The scorching Sonoran Desert covers much of northwestern Mexico while extending upwards into the United States.",topological,overlaps,"An environmental polygon sharing space with a national polygon.",Level 1
City of Philadelphia,Polygon,Philadelphia County,Polygon,"The City of Philadelphia and Philadelphia County are consolidated, meaning they map to the exact same geographical footprint.",topological,equals,"Two administrative entities that cover the identical topological footprint.",Level 1
City of San Francisco,Polygon,San Francisco County,Polygon,"San Francisco operates as a consolidated city-county, possessing matching municipal and county boundaries down to the inch.",topological,equals,"The city polygon and the county polygon are geometrically identical.",Level 1
Borough of Brooklyn,Polygon,Kings County,Polygon,"The New York City borough of Brooklyn is coextensive with Kings County, covering the precise same land area.",topological,equals,"A borough and a county mapping to an identical set of geometric coordinates.",Level 1
City of Denver,Polygon,Denver County,Polygon,"The municipal limits of the City of Denver perfectly match the administrative footprint of Denver County.",topological,equals,"A consolidated city-county sharing the exact same footprint.",Level 1
Borough of Manhattan,Polygon,New York County,Polygon,"The island borough of Manhattan and New York County share an identical jurisdictional map.",topological,equals,"A borough and a county with perfectly matching boundaries.",Level 1
Borough of Queens,Polygon,Queens County,Polygon,"The borders defining the Borough of Queens are completely synonymous with the borders of Queens County.",topological,equals,"Identical geometries for two different administrative titles.",Level 1
Borough of The Bronx,Polygon,Bronx County,Polygon,"The political map of the Borough of The Bronx is entirely coextensive with Bronx County.",topological,equals,"Two semantic labels resolving to the exact same polygon.",Level 1
Borough of Staten Island,Polygon,Richmond County,Polygon,"The island footprint of the Borough of Staten Island maps identically to the boundaries of Richmond County.",topological,equals,"A borough and a county sharing the precise same coordinates.",Level 1
Vatican City,Polygon,Holy See Territory,Polygon,"The physical masonry walls that define Vatican City map flawlessly to the sovereign territorial limits of the Holy See.",topological,equals,"Physical architectural polygon maps exactly 1:1 with international legal polygon.",Level 1
City of Washington,Polygon,District of Columbia,Polygon,"The municipal government of the City of Washington is geographically coextensive with the federal District of Columbia.",topological,equals,"The city polygon and the district polygon are legally and geographically identical.",Level 1
City of Baltimore,Polygon,Independent City of Baltimore,Polygon,"Because it operates outside of any county, the City of Baltimore shares the exact same map footprint as the Independent City legal entity.",topological,equals,"Two legal definitions for the exact same physical polygon.",Level 1
City of St. Louis,Polygon,Independent City of St. Louis,Polygon,"The municipal limits of St. Louis represent the exact same geographical footprint as its independent county-level equivalent.",topological,equals,"Identical mapping for city and independent-county status.",Level 1
City of Carson City,Polygon,Consolidated Municipality of Carson City,Polygon,"The borders drawn for Carson City perfectly mirror the borders of the Consolidated Municipality.",topological,equals,"Consolidated government footprints that match exactly.",Level 1
City of Alexandria,Polygon,Independent City of Alexandria,Polygon,"The geographic boundaries defining the City of Alexandria are identical to the independent municipal area.",topological,equals,"Two distinct levels of civic administration mapping to identical coordinates.",Level 1
United States,Polygon,State of Texas,Polygon,"The national borders of the United States completely encircle the State of Texas.",topological,contains,"The source country polygon completely encloses the target state polygon.",Level 1
State of California,Polygon,City of Los Angeles,Polygon,"The State of California fully envelops the sprawling jurisdiction of the City of Los Angeles in its southern half.",topological,contains,"A state polygon fully encompasses a city administrative polygon.",Level 1
Japan,Polygon,Mount Fuji,Polygon,"The island nation of Japan completely surrounds the iconic geological base of Mount Fuji.",topological,contains,"The national polygon completely surrounds the geological polygon.",Level 1
South Africa,Polygon,Lesotho,Polygon,"The nation of South Africa entirely wraps around the independent, high-altitude kingdom of Lesotho.",topological,contains,"The source country polygon completely encompasses the exterior boundaries of the target country polygon.",Level 1
Italy,Polygon,San Marino,Polygon,"The sovereign territory of Italy completely encircles the microstate of San Marino on all sides.",topological,contains,"A country polygon acting as a complete geographic container for an enclave polygon.",Level 1
France,Polygon,City of Paris,Polygon,"The national borders of France serve as a complete bounding box for the capital City of Paris.",topological,contains,"A nation polygon fully enclosing a city polygon.",Level 1
State of New York,Polygon,Central Park,Polygon,"The state lines of New York completely enclose the massive green rectangle of Central Park.",topological,contains,"A state polygon encompassing a park polygon.",Level 1
Australia,Polygon,Uluru,Polygon,"The massive continent of Australia fully surrounds the giant sandstone monolith known as Uluru.",topological,contains,"A continental polygon fully enclosing a landmark polygon.",Level 1
United Kingdom,Polygon,City of London,Polygon,"The island nation of the United Kingdom fully envelopes the borders of the City of London.",topological,contains,"A nation polygon completely surrounding a city polygon.",Level 1
State of Arizona,Polygon,Grand Canyon National Park,Polygon,"The borders of the State of Arizona completely box in the massive expanse of the Grand Canyon National Park.",topological,contains,"A state polygon acting as the absolute container for a national park polygon.",Level 1
Lake Superior,Polygon,Isle Royale,Polygon,"The massive fresh waters of Lake Superior completely encircle the landmass of Isle Royale.",topological,contains,"A lake polygon fully enclosing an island polygon.",Level 1
Mediterranean Sea,Polygon,Island of Malta,Polygon,"The salty waters of the Mediterranean Sea completely surround the rocky shores of the Island of Malta.",topological,contains,"A sea polygon acting as a container for an island polygon.",Level 1
State of Texas,Polygon,City of Austin,Polygon,"The massive state lines of Texas completely enclose the municipal boundaries of the City of Austin.",topological,contains,"A state polygon containing a city polygon.",Level 1
Canada,Polygon,Province of Alberta,Polygon,"The national frontiers of Canada completely wrap around the landlocked Province of Alberta.",topological,contains,"A country polygon fully enclosing a provincial polygon.",Level 1
City of Chicago,Polygon,State of Illinois,Polygon,"The City of Chicago sits on the shores of Lake Michigan, fully enveloped by the geographic boundaries of the State of Illinois.",topological,within,"The source city polygon is strictly confined inside the target state polygon.",Level 1
Eiffel Tower,Point,City of Paris,Polygon,"The Eiffel Tower stands proudly on the Champ de Mars, situated fully in the city limits of Paris.",topological,within,"A geometric point representing a landmark is located entirely inside a city polygon.",Level 1
Lombard Street,LineString,City of San Francisco,Polygon,"The famous crooked path of Lombard Street is built perfectly in the borders of San Francisco.",topological,within,"A street line geometry is completely enclosed by the surrounding city polygon.",Level 1
Statue of Liberty,Point,New York Bay,Polygon,"The Statue of Liberty is anchored on a small island situated completely enclosed by the waters of New York Bay.",topological,within,"A landmark point is strictly confined inside a water polygon.",Level 1
City of Berlin,Polygon,Germany,Polygon,"The municipal borders of the City of Berlin are situated completely inside the national frontiers of Germany.",topological,within,"A city polygon is enclosed entirely by a national polygon.",Level 1
Colosseum,Polygon,City of Rome,Polygon,"The ancient ruins of the Colosseum sit entirely encapsulated by the modern streets of the City of Rome.",topological,within,"A historical architectural polygon is strictly enclosed by a city polygon.",Level 1
Mount Rushmore,Polygon,State of South Dakota,Polygon,"The carved mountain faces of Mount Rushmore are located entirely enclosed by the borders of the State of South Dakota.",topological,within,"A landmark polygon is fully contained by a state polygon.",Level 1
City of Seattle,Polygon,State of Washington,Polygon,"The municipal boundaries of the City of Seattle exist entirely inside the state lines of Washington.",topological,within,"A city polygon is completely boxed in by a state polygon.",Level 1
Golden Gate Park,Polygon,City of San Francisco,Polygon,"The massive green rectangle of Golden Gate Park was built fully enclosed by the surrounding streets of San Francisco.",topological,within,"A park polygon is completely trapped inside a city municipal polygon.",Level 1
City of Toronto,Polygon,Province of Ontario,Polygon,"The urban center of Toronto is located perfectly inside the massive provincial borders of Ontario.",topological,within,"A city polygon sits entirely within a province polygon.",Level 1
Taj Mahal,Polygon,Republic of India,Polygon,"The marble mausoleum of the Taj Mahal sits completely enclosed by the sovereign borders of the Republic of India.",topological,within,"A landmark polygon is situated entirely inside a national polygon.",Level 1
Buckingham Palace,Polygon,City of London,Polygon,"The royal residence of Buckingham Palace is situated entirely enclosed by the urban footprint of London.",topological,within,"A palace polygon is fully surrounded by a city polygon.",Level 1
City of Miami,Polygon,State of Florida,Polygon,"The coastal hub of Miami is located strictly confined inside the state borders of Florida.",topological,within,"A city polygon is completely bounded by a state polygon.",Level 1
Lake Tahoe,Polygon,United States,Polygon,"The deep fresh waters of Lake Tahoe sit fully enveloped by the national frontiers of the United States.",topological,within,"A massive lake polygon is completely enclosed by a national polygon.",Level 1
source_entity,source_geometry,target_entity,target_geometry,corpus,relation_type,relation_label,explanation,ambiguity_level
State of Alaska,Polygon,Yukon Territory,Polygon,"The eastern frontier of the US state of Alaska meets the western edge of the Canadian territory of Yukon along a perfectly straight longitudinal survey line.",topological,touches,"The administrative polygon of the US exclave meets the Canadian territory along a shared linear boundary without interior intersection.",Level 2
Gaza Strip,Polygon,Egypt,Polygon,"The Gaza Strip shares a short, heavily fortified southern land border directly adjacent to the edge of the Sinai Peninsula.",topological,touches,"The two administrative polygons are physically adjacent, sharing a boundary line.",Level 2
Golden Gate Bridge,LineString,Marin County,Polygon,"The northern anchor of the Golden Gate Bridge connects directly onto the rocky landmass of Marin County.",topological,touches,"The endpoint of the bridge's LineString geometry meets the exterior boundary of the county polygon.",Level 2
State of Idaho,Polygon,State of Montana,Polygon,"The winding geographic divide of the Bitterroot Mountains acts as the exact shared boundary dividing Idaho and Montana.",topological,touches,"Two state polygons sharing a complex topographical edge.",Level 2
City of El Paso,Polygon,Ciudad Juarez,Polygon,"The flowing waters of the Rio Grande provide a clean break dividing the municipal limits of El Paso and Ciudad Juarez.",topological,touches,"Two international city polygons meeting at a river boundary.",Level 2
English Channel,Polygon,French Coast,Polygon,"The turbulent waters of the English Channel wash right up against the sandy beaches of the French Coast.",topological,touches,"A maritime polygon and a terrestrial polygon sharing a coastal edge.",Level 2
Pyrenees Mountains,Polygon,France,Polygon,"The rugged base of the Pyrenees Mountains meets the flat southern plains of France.",topological,touches,"A geological polygon sharing a physical boundary with a national polygon.",Level 2
State of Queensland,Polygon,State of New South Wales,Polygon,"A massive, perfectly straight latitudinal survey mark divides the arid outback of Queensland from New South Wales.",topological,touches,"Two administrative state polygons sharing a geometric edge.",Level 2
Vatican City,Polygon,City of Rome,Polygon,"The ancient masonry walls that define the Vatican stand right at the municipal edge of the Italian capital.",topological,touches,"A sovereign microstate polygon meeting a city municipal polygon at a physical wall.",Level 2
Windsor Castle Grounds,Polygon,River Thames,Polygon,"The manicured lawns of the royal castle grounds stretch exactly down to the water's edge of the Thames.",topological,touches,"An architectural ground polygon meeting a river polygon.",Level 2
State of Victoria,Polygon,State of South Australia,Polygon,"A strict longitudinal meridian dictates where the jurisdiction of Victoria ends and South Australia begins.",topological,touches,"Two state administrative polygons meeting at a shared edge.",Level 2
North Korea,Polygon,South Korea,Polygon,"The heavily mined Military Demarcation Line establishes a strict, adjoining boundary separating the two nations.",topological,touches,"Two national polygons meeting at a highly defined edge.",Level 2
Portugal,Polygon,Atlantic Ocean,Polygon,"The entire western edge of Portugal is defined completely by the crashing waves of the Atlantic.",topological,touches,"A country polygon and an ocean polygon sharing a massive coastal boundary.",Level 2
Niagara Falls,Polygon,Canada-US Border,LineString,"The plunging water of the massive falls sits exactly upon the international divide between the two nations.",topological,touches,"A natural feature polygon meeting an international boundary line.",Level 2
Madagascar,Polygon,Mainland Africa,Polygon,"The island nation of Madagascar sits far off the coast, completely isolated from mainland Africa by the deep waters of the Mozambique Channel.",topological,disjoint,"A large island polygon and a continental polygon that are physically isolated.",Level 2
Route 66,LineString,State of Florida,Polygon,"The historic Route 66 runs through the western and midwestern US, maintaining a massive geographic distance from the state of Florida.",topological,disjoint,"A highway LineString and a state Polygon that share zero coordinates.",Level 2
State of Alaska,Polygon,Contiguous United States,MultiPolygon,"Alaska is physically separated from the lower 48 states by the immense, intervening landmass of Canada.",topological,disjoint,"An exclave polygon completely isolated from its parent multi-polygon.",Level 2
Great Wall of China,LineString,Japan,Polygon,"The ancient stone fortifications of the Great Wall are kept far away from the Japanese archipelago by the Yellow Sea.",topological,disjoint,"A historical LineString completely isolated from an island Polygon.",Level 2
Statue of Liberty,Point,Eiffel Tower,Point,"The famous copper lady in New York and the iron lattice tower in Paris are separated by thousands of miles of Atlantic ocean.",topological,disjoint,"Two point geometries on completely different continents.",Level 2
City of Honolulu,Polygon,Mainland United States,MultiPolygon,"The tropical municipal limits of Honolulu are physically separated from the North American continent by the vast expanse of the Pacific.",topological,disjoint,"A city polygon entirely isolated from a continental multi-polygon.",Level 2
Nile River,LineString,Amazon River,LineString,"The longest river in Africa flows completely independently from the massive river network dominating South America.",topological,disjoint,"Two massive river line geometries on different continents.",Level 2
Rocky Mountains,Polygon,Andes Mountains,Polygon,"The towering peaks of the North American Rockies share absolutely no geographic coordinates with the South American Andes.",topological,disjoint,"Two mountain range polygons separated by vast hemispheric distances.",Level 2
The Pentagon,Polygon,The Kremlin,Polygon,"The American military headquarters and the Russian government complex are separated by thousands of miles of ocean and land.",topological,disjoint,"Two architectural polygons with massive global separation.",Level 2
Lake Victoria,Polygon,Lake Superior,Polygon,"The African freshwater basin is completely physically removed from the North American Great Lake.",topological,disjoint,"Two lake polygons existing on entirely different continents.",Level 2
Iceland,Polygon,Antarctica,Polygon,"The volcanic island in the North Atlantic sits at the extreme opposite end of the globe from the frozen southern continent.",topological,disjoint,"Two landmass polygons with extreme global separation.",Level 2
State of Tasmania,Polygon,Mainland Australia,Polygon,"The island state of Tasmania is entirely cut off from the massive Australian continent by the turbulent Bass Strait.",topological,disjoint,"An island state polygon and a mainland polygon physically isolated by water.",Level 2
Mount Kilimanjaro,Polygon,Mount Everest,Polygon,"The towering dormant volcano in Tanzania shares no geometric space with the massive Himalayan peak in Nepal.",topological,disjoint,"Two mountain polygons separated by a massive continental distance.",Level 2
Suez Canal,LineString,Panama Canal,LineString,"The artificial waterway connecting the Red Sea to the Mediterranean is located in an entirely different hemisphere than the Central American canal.",topological,disjoint,"Two canal line geometries separated by thousands of miles.",Level 2
Panama Canal,LineString,Isthmus of Panama,Polygon,"The artificial waterway of the Panama Canal cuts completely through the Isthmus of Panama to link the Atlantic and Pacific oceans.",topological,crosses,"A line geometry passes through both the exterior boundary and the interior area of a landmass polygon.",Level 2
The Equator,LineString,Indonesia,MultiPolygon,"The mathematical line of the Equator passes directly over several major islands of the Indonesian archipelago.",topological,crosses,"A global LineString boundary intersects the interior spaces of multiple polygons within an entity.",Level 2
Channel Tunnel,LineString,English Channel,Polygon,"The Channel Tunnel bores entirely under the seabed of the English Channel to link the United Kingdom and France.",topological,crosses,"A transit line geometry traverses the spatial footprint of a maritime polygon.",Level 2
Mississippi River,LineString,State of Louisiana,Polygon,"The massive river flows straight out into the Gulf of Mexico, cutting a deep path directly down the eastern side of Louisiana.",topological,crosses,"A river line traversing a state polygon.",Level 2
Trans-Alaska Pipeline,LineString,State of Alaska,Polygon,"The massive oil pipeline runs from the northern freezing slope straight down to the southern shipping port.",topological,crosses,"An infrastructure line intersecting the interior of a state polygon.",Level 2
Tropic of Cancer,LineString,Mexico,Polygon,"The planetary latitudinal line cuts horizontally across the central desert regions of the Mexican nation.",topological,crosses,"A global latitude line traversing a national polygon.",Level 2
Interstate 10,LineString,State of Texas,Polygon,"The massive American highway drives directly through the entire horizontal span of the state from El Paso to Beaumont.",topological,crosses,"A highway passing completely through a massive state polygon.",Level 2
Eurostar Railway,LineString,France,Polygon,"The high-speed train line passes completely through the northern French countryside on its way to Paris.",topological,crosses,"A railway line traversing a national polygon.",Level 2
Chunnel,LineString,Strait of Dover,Polygon,"The subterranean transit line bores directly under the sea floor, bridging the gap from Dover to Calais.",topological,crosses,"A tunnel line geometry passing through a maritime polygon.",Level 2
Route 66,LineString,Mojave Desert,Polygon,"The historic highway drives right through the arid, sun-baked sands of the California desert.",topological,crosses,"A highway traversing an environmental polygon.",Level 2
Colorado River,LineString,Grand Canyon National Park,Polygon,"The rushing waters of the Colorado River carve a continuous path straight down the center of the federal park.",topological,crosses,"A river line completely traversing a national park polygon.",Level 2
Appalachian Trail,LineString,State of Virginia,Polygon,"The famous hiking path winds completely through the mountain ridges spanning the length of the state.",topological,crosses,"A hiking trail line intersecting the interior of a state polygon.",Level 2
Prime Meridian,LineString,Spain,Polygon,"The imaginary longitudinal line drops straight through the eastern edge of the Spanish mainland.",topological,crosses,"An abstract mathematical line passing through a country polygon.",Level 2
Nile River,LineString,City of Khartoum,Polygon,"The famous river flows right through the heart of the Sudanese capital city, dividing its urban districts.",topological,crosses,"A river traversing a city polygon.",Level 2
Interstate 80,LineString,State of Nebraska,Polygon,"Interstate 80 slices straight through the middle of the midwestern state from east to west.",topological,crosses,"A highway line geometry passing cleanly through a state polygon.",Level 2
Navajo Nation,Polygon,State of Arizona,Polygon,"The Navajo Nation reservation spans multiple states, covering a significant portion of northeastern Arizona while holding lands elsewhere.",topological,overlaps,"A sovereign tribal polygon and a state polygon share a massive interior area.",Level 2
Yellowstone National Park,Polygon,State of Wyoming,Polygon,"Yellowstone National Park is primarily located in Wyoming, but its legal borders spill over the boundary into Montana and Idaho.",topological,overlaps,"A federal park polygon largely intersecting a state polygon, but bleeding over into others.",Level 2
Andes Mountains,Polygon,Chile,Polygon,"The massive Andes mountain range blankets the entire eastern border region of Chile while also sprawling deep into Argentina.",topological,overlaps,"A physical geological polygon and a political national polygon partially intersect.",Level 2
Sahara Desert,Polygon,Republic of Mali,Polygon,"The arid sands cover the entire northern half of the territory, while the nation itself extends further south into the Sahel.",topological,overlaps,"An environmental polygon partially intersecting a national administrative polygon.",Level 2
Amazon Basin,Polygon,Peru,Polygon,"The dense jungle ecosystem covers the eastern half of the country and extends deep into neighboring Brazil.",topological,overlaps,"A massive ecological polygon intersecting a country polygon.",Level 2
Rocky Mountains,Polygon,Canada,Polygon,"The geological peaks dominate British Columbia and Alberta while continuing their uninterrupted march south into the United States.",topological,overlaps,"A mountain range polygon partially sharing coordinates with a national polygon.",Level 2
Kurdish Inhabited Region,Polygon,Turkey,Polygon,"The cultural and demographic zone covers southeastern Turkey while also bleeding heavily into several neighboring nations.",topological,overlaps,"A cultural demographic polygon intersecting a national polygon.",Level 2
Mojave Desert,Polygon,State of Nevada,Polygon,"The arid ecosystem covers the southern tip of the state and pushes heavily into the adjacent lands of California.",topological,overlaps,"A desert polygon partially intersecting a state polygon.",Level 2
The Alps,Polygon,Italy,Polygon,"The northern border region is dominated by the snowy peaks that also heavily cover Switzerland and Austria.",topological,overlaps,"A multinational geological polygon sharing space with a sovereign state polygon.",Level 2
Great Rift Valley,Polygon,Kenya,Polygon,"The massive geological trench cuts a wide swath through the nation, though its full length stretches from Lebanon to Mozambique.",topological,overlaps,"A geological trench polygon partially intersecting a national polygon.",Level 2
Kalahari Desert,Polygon,Botswana,Polygon,"The sweeping desert covers the vast majority of the country while also taking up significant parts of Namibia and South Africa.",topological,overlaps,"A desert polygon partially overlapping a national polygon.",Level 2
Rust Belt,Polygon,State of Ohio,Polygon,"The industrial economic region covers the northern manufacturing cities but also spreads across several other midwestern states.",topological,overlaps,"An economic region polygon partially intersecting a state polygon.",Level 2
Tornado Alley,Polygon,State of Oklahoma,Polygon,"The dangerous meteorological zone covers the entire state and pushes heavily into the plains of Kansas and Texas.",topological,overlaps,"A meteorological zone polygon overlapping a state polygon.",Level 2
Black Forest,Polygon,State of Baden-Württemberg,Polygon,"The dense woodlands dominate the region but also stretch their canopy across nearby international borders.",topological,overlaps,"A forest polygon partially intersecting a regional administrative polygon.",Level 2
City of Washington,Polygon,District of Columbia,Polygon,"The municipal government of the City of Washington is coextensive with the federal District of Columbia, sharing the exact same geographic boundary.",topological,equals,"The city polygon and the district polygon are legally and geographically identical.",Level 2
City of Denver,Polygon,Denver County,Polygon,"In Colorado, the municipal limits of the City of Denver perfectly match the administrative footprint of Denver County.",topological,equals,"A consolidated city-county where two distinct administrative levels map identically.",Level 2
Vatican City,Polygon,Holy See Territory,Polygon,"The physical masonry walls that define Vatican City map perfectly to the sovereign territorial limits of the Holy See.",topological,equals,"Physical architectural polygon maps exactly 1:1 with international legal polygon.",Level 2
Borough of Brooklyn,Polygon,Kings County,Polygon,"The borough and the county share the exact same geographical footprint down to the inch, covering identical neighborhoods.",topological,equals,"A borough and a county mapping to an identical set of geometric coordinates.",Level 2
City of San Francisco,Polygon,San Francisco County,Polygon,"San Francisco operates as a consolidated city-county, possessing matching municipal and county boundaries.",topological,equals,"The city polygon and the county polygon are geometrically identical.",Level 2
Independent City of Baltimore,Polygon,City of Baltimore,Polygon,"Because it operates outside of any county framework, the legal municipal bounds perfectly mirror its geographic footprint.",topological,equals,"Two legal definitions for the exact same physical polygon.",Level 2
Borough of Manhattan,Polygon,New York County,Polygon,"The island's political boundaries are perfectly coextensive with the county lines established by the state.",topological,equals,"A borough and a county with perfectly matching boundaries.",Level 2
Borough of Staten Island,Polygon,Richmond County,Polygon,"Two different administrative titles mapped to the exact same island perimeter in the New York harbor.",topological,equals,"A borough and a county sharing the precise same coordinates.",Level 2
City of Carson City,Polygon,Consolidated Municipality of Carson City,Polygon,"The borders drawn for the local city government perfectly mirror the borders of the consolidated administrative body.",topological,equals,"Consolidated government footprints that match exactly.",Level 2
Borough of Queens,Polygon,Queens County,Polygon,"The geometric limits defining the massive borough are completely synonymous with the county limits.",topological,equals,"Identical geometries for two different administrative titles.",Level 2
City of St. Louis,Polygon,Independent City of St. Louis,Polygon,"The administrative footprint maps identically to the geographic limits due to its special independent status.",topological,equals,"Identical mapping for city and independent-county status.",Level 2
Principality of Monaco,Polygon,City of Monaco,Polygon,"The sovereign European microstate and its single integrated municipality are entirely coextensive.",topological,equals,"A national polygon and a city polygon that are perfectly identical.",Level 2
City of Alexandria,Polygon,Independent City of Alexandria,Polygon,"The geographic boundaries defining the local city government are identical to the independent municipal area.",topological,equals,"Two distinct levels of civic administration mapping to identical coordinates.",Level 2
City of Philadelphia,Polygon,Philadelphia County,Polygon,"The municipal boundary lines perfectly trace the county boundary lines, merging the two governments into one geographic space.",topological,equals,"Two administrative entities that cover the identical topological footprint.",Level 2
Italy,Polygon,San Marino,Polygon,"The sovereign territory of Italy entirely wraps around the independent microstate on all sides.",topological,contains,"A country polygon acting as a complete geographic container for an enclave polygon.",Level 2
South Africa,Polygon,Lesotho,Polygon,"The nation completely envelops the high-altitude kingdom, isolating it entirely from any other international borders.",topological,contains,"The source country polygon completely encompasses the exterior boundaries of the target.",Level 2
Lake Victoria,Polygon,Ssese Islands,MultiPolygon,"The massive fresh waters completely encircle the archipelago, isolating the islands from the mainland shores.",topological,contains,"A lake polygon acts as the geometric container for a target MultiPolygon.",Level 2
State of Texas,Polygon,City of Austin,Polygon,"The massive state borders completely box in the municipal limits of the capital city.",topological,contains,"A state polygon completely enclosing a city polygon.",Level 2
France,Polygon,City of Paris,Polygon,"The national frontiers serve as a complete geometric container for the densely populated capital city.",topological,contains,"A nation polygon fully enclosing a city polygon.",Level 2
Mediterranean Sea,Polygon,Island of Cyprus,Polygon,"The salty saltwater expanse completely surrounds the island landmass, ensuring it touches no other land.",topological,contains,"A sea polygon acting as a container for an island polygon.",Level 2
State of New York,Polygon,Central Park,Polygon,"The massive green rectangle is completely encircled by the urban grid built inside the state's largest city.",topological,contains,"A state polygon encompassing a park polygon.",Level 2
United Kingdom,Polygon,City of London,Polygon,"The island nation fully encompasses the historical financial district located in the heart of its capital.",topological,contains,"A nation polygon completely surrounding a city polygon.",Level 2
Canada,Polygon,Province of Saskatchewan,Polygon,"The national boundaries act as the ultimate bounding box for the completely landlocked midwestern province.",topological,contains,"A country polygon fully enclosing a provincial polygon.",Level 2
Republic of India,Polygon,New Delhi,Polygon,"The national borders completely wrap around the capital district, situating it deep in the country's interior.",topological,contains,"A national polygon acting as the absolute container for a city polygon.",Level 2
Pacific Ocean,Polygon,State of Hawaii,MultiPolygon,"The vast oceanic waters act as a complete geometric container for the isolated volcanic island chain.",topological,contains,"An ocean polygon fully enclosing a state multi-polygon.",Level 2
State of Colorado,Polygon,City of Denver,Polygon,"The rectangular state lines completely box in the mile-high city nestled near the mountains.",topological,contains,"A state polygon containing a city polygon.",Level 2
Australia,Polygon,Uluru,Polygon,"The massive continental landmass completely surrounds the ancient sandstone monolith located in its arid center.",topological,contains,"A continental polygon fully enclosing a landmark polygon.",Level 2
State of California,Polygon,Yosemite National Park,Polygon,"The state borders completely envelop the massive granite cliffs and valleys of the federal park lands.",topological,contains,"A state polygon completely bounding a national park.",Level 2
The Pentagon,Polygon,State of Virginia,Polygon,"The massive physical structure and its immediate grounds sit squarely encapsulated by the borders of Arlington County, Virginia.",topological,within,"The building's architectural polygon is strictly confined inside the state's administrative polygon.",Level 2
River Thames,LineString,England,Polygon,"The entire course of the historic river flows strictly encapsulated by the national borders, never reaching Scotland or Wales.",topological,within,"A natural river LineString geometry is completely enclosed by a single national polygon.",Level 2
Isle of Wight,Polygon,English Channel,Polygon,"The island sits a few miles off the southern coast, situated fully enveloped by the maritime waters.",topological,within,"An island polygon is completely enclosed by the coordinates of a designated maritime polygon.",Level 2
Central Park,Polygon,Borough of Manhattan,Polygon,"The massive green space is completely boxed in by the relentless urban grid of the island borough.",topological,within,"A park polygon is strictly confined inside a borough polygon.",Level 2
City of Chicago,Polygon,State of Illinois,Polygon,"The municipal borders are fully enveloped by the geographic lines of the midwestern state.",topological,within,"A city polygon sits entirely within a state polygon.",Level 2
Statue of Liberty,Point,New York Bay,Polygon,"The monument is anchored on a small island completely encircled by the surrounding harbor waters.",topological,within,"A landmark point is strictly confined inside a water polygon.",Level 2
Eiffel Tower,Point,City of Paris,Polygon,"The iconic iron structure stands strictly confined inside the municipal limits of the French capital.",topological,within,"A geometric point representing a landmark is located entirely inside a city polygon.",Level 2
Mount Rushmore,Polygon,State of South Dakota,Polygon,"The carved mountain faces are situated entirely inside the state's geographic boundaries.",topological,within,"A landmark polygon is fully contained by a state polygon.",Level 2
City of Berlin,Polygon,Germany,Polygon,"The municipal borders of the capital are situated completely inside the national frontiers.",topological,within,"A city polygon is enclosed entirely by a national polygon.",Level 2
Colosseum,Polygon,City of Rome,Polygon,"The ancient ruins sit entirely encapsulated by the modern streets of the Italian capital.",topological,within,"A historical architectural polygon is strictly enclosed by a city polygon.",Level 2
Taj Mahal,Polygon,Republic of India,Polygon,"The marble mausoleum sits completely enclosed by the sovereign borders of the nation.",topological,within,"A landmark polygon is situated entirely inside a national polygon.",Level 2
Lake Tahoe,Polygon,United States,Polygon,"The deep fresh waters sit fully enveloped by the national frontiers, split between two states but leaving neither.",topological,within,"A massive lake polygon is completely enclosed by a national polygon.",Level 2
City of Seattle,Polygon,State of Washington,Polygon,"The municipal boundaries exist entirely inside the state lines of the Pacific Northwest territory.",topological,within,"A city polygon is completely boxed in by a state polygon.",Level 2
Buckingham Palace,Polygon,City of London,Polygon,"The royal residence is situated entirely enclosed by the urban footprint of the massive metropolis.",topological,within,"A palace polygon is fully surrounded by a city polygon.",Level 2
City of Toronto,Polygon,Province of Ontario,Polygon,"The urban center is located perfectly inside the massive provincial borders of the Canadian province.",topological,within,"A city polygon sits entirely within a province polygon.",Level 2
State of Alaska,Polygon,Yukon Territory,Polygon,"The eastern frontier of the US state of Alaska meets the western edge of the Canadian territory of Yukon along a perfectly straight longitudinal line.",topological,touches,"The administrative polygon of the US exclave meets the Canadian territory along a shared linear boundary without interior intersection.",Level 2
Gaza Strip,Polygon,Egypt,Polygon,"The Gaza Strip shares a short, heavily fortified southern land border directly adjacent to the edge of the Sinai Peninsula.",topological,touches,"The two administrative polygons are physically adjacent, sharing a boundary line.",Level 2
Golden Gate Bridge,LineString,Marin County,Polygon,"The northern anchor of the Golden Gate Bridge connects directly onto the rocky landmass of Marin County.",topological,touches,"The endpoint of the bridge's LineString geometry intersects the exterior boundary of the county polygon.",Level 2
State of Alaska,Polygon,Contiguous United States,MultiPolygon,"Alaska is physically separated from the lower 48 states by the immense, intervening landmass of Canada.",topological,disjoint,"The polygon of Alaska and the MultiPolygon of the contiguous US share zero geometric coordinates.",Level 2
Madagascar,Polygon,Mainland Africa,Polygon,"The island nation of Madagascar sits far off the coast, completely isolated from mainland Africa by the deep waters of the Mozambique Channel.",topological,disjoint,"A large island polygon and a continental polygon that are separated by a physical distance.",Level 2
Route 66,LineString,State of Florida,Polygon,"The historic Route 66 runs through the western and midwestern US, maintaining a massive geographic distance from the state of Florida.",topological,disjoint,"A highway LineString geometry and a state Polygon geometry that never intersect.",Level 2
Panama Canal,LineString,Isthmus of Panama,Polygon,"The artificial waterway of the Panama Canal cuts completely through the Isthmus of Panama to link the Atlantic and Pacific oceans.",topological,crosses,"A line geometry passes through both the exterior boundary and the interior area of a landmass polygon.",Level 2
The Equator,LineString,Indonesia,MultiPolygon,"The mathematical line of the Equator passes directly over several major islands of the Indonesian archipelago.",topological,crosses,"A global LineString boundary intersects the interior spaces of multiple polygons within a MultiPolygon entity.",Level 2
Channel Tunnel,LineString,English Channel,Polygon,"The Channel Tunnel passes entirely under the waters of the English Channel to link the United Kingdom and France.",topological,crosses,"The transit LineString geometry traverses the spatial footprint of the maritime Polygon.",Level 2
Navajo Nation,Polygon,State of Arizona,Polygon,"The Navajo Nation reservation spans multiple states, covering a significant portion of northeastern Arizona while holding lands elsewhere.",topological,overlaps,"A sovereign tribal polygon and a state polygon share a massive interior area, while both retain exclusive regions outside of that intersection.",Level 2
Yellowstone National Park,Polygon,State of Wyoming,Polygon,"Yellowstone National Park is primarily located in Wyoming, but its legal borders spill over the boundary into Montana and Idaho.",topological,overlaps,"A federal park polygon largely intersects a state polygon, but bleeds over the boundary into adjacent states.",Level 2
Andes Mountains,Polygon,Chile,Polygon,"The massive Andes mountain range blankets the entire eastern border region of Chile while also sprawling deep into Argentina.",topological,overlaps,"A physical geological polygon and a political national polygon partially intersect one another.",Level 2
City of Washington,Polygon,District of Columbia,Polygon,"The municipal government of the City of Washington is coextensive with the federal District of Columbia, sharing the exact same geographic boundary down to the inch.",topological,equals,"The city polygon and the district polygon are legally and geographically identical.",Level 2
City of Denver,Polygon,Denver County,Polygon,"In Colorado, the municipal limits of the City of Denver perfectly match the administrative footprint of Denver County.",topological,equals,"A consolidated city-county where the two distinct administrative levels map to the exact same geometric footprint.",Level 2
Vatican City,Polygon,Holy See Territory,Polygon,"The physical masonry walls that define Vatican City map perfectly to the sovereign territorial limits of the Holy See.",topological,equals,"The physical architectural polygon maps exactly 1:1 with the international legal polygon.",Level 2
Italy,Polygon,San Marino,Polygon,"The sovereign microstate of San Marino is an enclave completely surrounded by the territory of Italy.",topological,contains,"A classic geographical 'donut hole' where the Italian polygon entirely encloses the San Marino polygon.",Level 2
South Africa,Polygon,Lesotho,Polygon,"The nation of South Africa entirely wraps around the independent, high-altitude kingdom of Lesotho.",topological,contains,"The source country polygon completely encompasses the exterior boundaries of the target country polygon.",Level 2
Lake Victoria,Polygon,Ssese Islands,MultiPolygon,"The massive fresh waters of Lake Victoria completely encircle the Ssese Islands archipelago.",topological,contains,"A lake polygon acts as the geometric container for a target MultiPolygon consisting of several islands.",Level 2
The Pentagon,Polygon,State of Virginia,Polygon,"The massive physical structure of the Pentagon and its immediate grounds sit squarely inside the borders of Arlington County, Virginia.",topological,within,"The building's architectural polygon is strictly confined inside the state's administrative polygon.",Level 2
River Thames,LineString,England,Polygon,"The entire 215-mile course of the River Thames flows strictly encapsulated by the borders of England.",topological,within,"A natural river LineString geometry begins, flows, and ends completely enclosed by a single national polygon.",Level 2
Isle of Wight,Polygon,English Channel,Polygon,"The Isle of Wight sits a few miles off the southern coast of Great Britain, situated fully in the waters of the English Channel.",topological,within,"An island polygon is completely enclosed by the coordinates of a designated maritime polygon.",Level 2
State of Utah,Polygon,State of New Mexico,Polygon,"The southeastern tip of the State of Utah and the northwestern corner of the State of New Mexico converge at exactly one singular coordinate point at the Four Corners Monument.",topological,touches,"Two state administrative polygons that intersect at exactly one shared vertex without any overlapping interior area or shared linear edge.",Level 3
City of Detroit,Polygon,City of Windsor,Polygon,"Detroit and Windsor sit flush against the international boundary drawn invisibly down the center of the Detroit River.",topological,touches,"Two city polygons from different nations that share a continuous aquatic border without overlapping.",Level 3
Diomede Islands Maritime Border,LineString,International Date Line,LineString,"The geopolitical boundary separating the US and Russia cleanly meets the International Date Line right in the middle of the strait between Little and Big Diomede.",topological,touches,"A geopolitical line geometry cleanly meeting a global navigational line geometry in the middle of a strait.",Level 3
Kaliningrad Oblast,Polygon,Mainland Russia,Polygon,"The Russian exclave of Kaliningrad is entirely separated from the rest of the country by the intervening landmasses of independent European nations.",topological,disjoint,"An exclave administrative polygon and its mainland parent polygon that share zero spatial coordinates.",Level 3
Brooklyn Bridge,LineString,East River,Polygon,"The suspended roadway of the Brooklyn Bridge spans high in the air above the East River without its physical structure ever making contact with the water's surface.",topological,disjoint,"A bridge line geometry and a river polygon geometry that overlap in a 2D map but are strictly separated in 3D topological space.",Level 3
Little Diomede Island,Polygon,Big Diomede Island,Polygon,"Little Diomede and Big Diomede sit just 2.4 miles apart in the Bering Strait but possess entirely isolated landmasses separated by the frigid ocean.",topological,disjoint,"Two island polygons physically proximate but completely topologically isolated by ocean.",Level 3
Interstate 684,LineString,State of Connecticut,Polygon,"Interstate 684 runs mostly in New York, but briefly threads through a small section of western Connecticut before immediately heading back out.",topological,crosses,"A highway line geometry enters the exterior boundary of a state polygon, traverses its interior, and exits the exterior boundary.",Level 3
Mont Blanc Tunnel,LineString,French-Italian Border,LineString,"The subterranean Mont Blanc Tunnel bores a path straight through the subterranean projection of the alpine international boundary deep beneath the mountain.",topological,crosses,"A transport line geometry cuts directly across an international border line geometry.",Level 3
Colorado River,LineString,Grand Canyon National Park,Polygon,"The rushing waters of the Colorado River carve a continuous path straight through the very center of the federal park from east to west.",topological,crosses,"A natural river line geometry entirely traverses the interior and exterior boundaries of a federal park polygon.",Level 3
Hala'ib Triangle,Polygon,Egyptian Territorial Claim,Polygon,"The contested boundary of the Hala'ib Triangle shares a significant geographic zone with the southern sovereign territorial claims made by Egypt, leading to dual administration.",topological,overlaps,"A contested geographic polygon partially intersects with a national claim polygon, leaving areas of mutual and exclusive jurisdiction.",Level 3
The Alps,Polygon,Switzerland,Polygon,"The massive footprint of the Alps blankets a large portion of Switzerland while also sprawling deep into Italy, France, and Austria.",topological,overlaps,"A multinational geological polygon and a sovereign state polygon that share a massive interior intersection.",Level 3
Navajo Nation,Polygon,Hopi Reservation,Polygon,"The borders of the Navajo Nation share specific, highly contested joint-use geographical zones with the Hopi Reservation.",topological,overlaps,"Two tribal administrative polygons that feature partially intersecting boundaries and shared internal land areas.",Level 3
State of Rhode Island,Polygon,Providence Plantations,Polygon,"The modern geometric borders of the State of Rhode Island map flawlessly to the historical colonial land-grant lines of the Providence Plantations.",topological,equals,"A modern administrative polygon and a historical legal polygon that resolve to the exact same geometric coordinates.",Level 3
Independent City of St. Louis,Polygon,St. Louis County Municipal Boundary,Polygon,"Because it operates independently, the municipal limits of St. Louis represent the exact same geographical footprint as its county-level equivalent.",topological,equals,"Two distinct levels of civic administration (city and county) that map to a perfectly identical topological footprint.",Level 3
Demilitarized Zone (DMZ),Polygon,1953 Ceasefire Buffer Zone,Polygon,"The physical, fortified perimeter of the DMZ strictly aligns with the mathematical boundaries drafted in the North/South Korea armistice agreement.",topological,equals,"A physically constructed military polygon seamlessly matching a legally drafted geopolitical polygon.",Level 3
Omani Exclave of Madha,Polygon,UAE Enclave of Nahwa,Polygon,"The borders of the Omani exclave of Madha completely encircle the smaller, second-order United Arab Emirates territory of Nahwa.",topological,contains,"A complex geopolitical 'donut hole' where an exclave polygon acts as the geometric container for another nation's enclave polygon.",Level 3
Manitoulin Island,Polygon,Lake Manitou,Polygon,"Manitoulin Island, which is itself situated in Lake Huron, entirely encompasses the sprawling fresh waters of Lake Manitou.",topological,contains,"A geographic recursion where a large island polygon completely encompasses a large internal lake polygon.",Level 3
City of Rome,Polygon,Vatican City State,Polygon,"The municipal limits of the City of Rome completely box in the independent, sovereign territory of Vatican City on all sides.",topological,contains,"A major city polygon completely bounding and surrounding a micro-state polygon.",Level 3
United Nations Headquarters,Polygon,Borough of Manhattan,Polygon,"Despite its status as an international diplomatic territory, the physical real estate of the UN Headquarters sits purely situated completely inside the municipal borders of Manhattan.",topological,within,"Testing legal vs. physical topology: an international legal polygon is physically contained entirely inside a city borough polygon.",Level 3
London Underground Central Line,LineString,Greater London Authority,Polygon,"The entire complex subterranean route of the London Underground Central Line operates completely shut inside the administrative borders of Greater London.",topological,within,"A subterranean transport line geometry that never crosses the exterior boundary of its enclosing municipal polygon.",Level 3
Principality of Monaco,Polygon,French Riviera Coastline,Polygon,"The tiny, independent Principality of Monaco is situated fully encompassed by the broader geographic and cultural region known as the French Riviera.",topological,within,"A sovereign micro-state polygon fully encompassed by a larger, defined regional geography polygon.",Level 3
source_entity,source_geometry,target_entity,target_geometry,corpus,relation_type,relation_label,explanation,ambiguity_level
State of Utah,Polygon,State of New Mexico,Polygon,"At the Four Corners Monument, the southeastern tip of Utah and the northwestern corner of New Mexico converge at exactly one singular mathematical coordinate.",topological,touches,"Two state administrative polygons that meet at exactly one shared vertex without any shared interior area or linear edge.",Level 3
City of Detroit,Polygon,City of Windsor,Polygon,"The American and Canadian municipalities sit flush against the international boundary drawn invisibly down the center of the Detroit River.",topological,touches,"Two city polygons from different nations that share a continuous aquatic border.",Level 3
Diomede Islands Maritime Border,LineString,International Date Line,LineString,"The geopolitical boundary separating the US and Russia cleanly meets the International Date Line right in the middle of the Bering Strait.",topological,touches,"A geopolitical line geometry cleanly meeting a global navigational line geometry.",Level 3
Republic of Botswana,Polygon,Republic of Zambia,Polygon,"Near the Kazungula Bridge, the sovereign territories converge at a highly specific 150-meter micro-boundary precisely in the middle of the Zambezi River.",topological,touches,"Two massive national polygons that share an incredibly tiny, almost microscopic linear boundary.",Level 3
Hoover Dam Concrete Face,Polygon,Lake Mead Water Volume,Polygon,"The massive, rigid, concave concrete face of the dam sits flush against the dynamic, fluid body of the massive reservoir.",topological,touches,"A physical 3D structural polygon flush against a fluid environmental polygon.",Level 3
Mount Everest Summit,Point,Nepal-China Border,LineString,"The extreme-elevation physical point of the mountain sits completely flush against the mathematical geodesic line defining the international border.",topological,touches,"A physical extreme-elevation point geometry meeting perfectly with an invisible boundary line.",Level 3
Baarle-Hertog Cadastral Plots,MultiPolygon,Baarle-Nassau Cadastral Plots,MultiPolygon,"The fractured Belgian and Dutch land parcels meet at infinitesimally complex junctions, sometimes dividing front doors in half.",topological,touches,"Highly fractured micro-borders meeting at shared edges.",Level 3
Golden Gate Bridge Northern Anchor,LineString,Marin Headlands,Polygon,"The suspended steel architecture connects directly onto the rocky landmass of the northern California coastline.",topological,touches,"A bridge line geometry terminating at a landmass polygon boundary.",Level 3
Vatican City Masonry Walls,Polygon,City of Rome Streets,Polygon,"The ancient defensive fortifications stand right at the municipal edge of the Italian capital's modern thoroughfares.",topological,touches,"A microstate wall meeting a city municipal polygon.",Level 3
Panmunjom T2 Conference Table,Polygon,Military Demarcation Line,LineString,"The geopolitical demarcation line runs straight along the exact geometric midpoint of the wooden negotiating table.",topological,touches,"A macro geopolitical line slicing the exact geometric center of a micro furniture polygon.",Level 3
Niagara Falls Horseshoe,Polygon,Canada-US Border,LineString,"The plunging veil of water sits exactly upon the international divide separating the two North American nations.",topological,touches,"A natural feature polygon meeting an international boundary line.",Level 3
Point Roberts Exclave,Polygon,49th Parallel North,LineString,"The isolated Washington state community hangs right off the mathematical survey coordinate dividing the continent.",topological,touches,"An exclave polygon meeting a mathematical survey line.",Level 3
State of Colorado,Polygon,State of New Mexico,Polygon,"A perfectly straight latitudinal survey line perfectly unites the two southwestern jurisdictions.",topological,touches,"Two state administrative polygons meeting at a geometric edge.",Level 3
Four Corners Monument Plaque,Point,State of Arizona Boundary,Polygon,"The physical bronze plaque unites the geometric edges of the southwestern state.",topological,touches,"A physical point geometry meeting a massive state boundary.",Level 3
Kaliningrad Oblast,Polygon,Mainland Russia,Polygon,"The strategic Baltic exclave is completely separated from the mainland by intervening independent European nations.",topological,disjoint,"An exclave polygon completely isolated from its parent polygon.",Level 3
Brooklyn Bridge Roadway,LineString,East River Surface,Polygon,"The suspended steel roadway spans high in the air above the water's surface, ensuring the cars stay completely dry.",topological,disjoint,"A bridge line geometry and a river polygon geometry that are strictly separated in 3D space.",Level 3
Little Diomede Island,Polygon,Big Diomede Island,Polygon,"The two rocky landmasses are completely isolated from one another by miles of frigid ocean and a full calendar day.",topological,disjoint,"Two island polygons physically proximate but completely topologically isolated by ocean.",Level 3
Northwest Angle,Polygon,Contiguous United States,MultiPolygon,"The Minnesotan territory is completely severed from the lower 48 states by the sprawling waters of the Lake of the Woods.",topological,disjoint,"An exclave polygon entirely isolated from its parent multi-polygon.",Level 3
Point Nemo,Point,Ducie Island,Polygon,"The theoretically isolated mathematical coordinate is completely separated from physical land by thousands of miles of deep ocean.",topological,disjoint,"A mathematical point geometry absolutely isolated from any terrestrial polygon.",Level 3
Channel Islands,MultiPolygon,United Kingdom Mainland,Polygon,"Despite sovereign ties, the islands are situated off the coast of Normandy, totally isolated from the sovereign mainland.",topological,disjoint,"A dependent island multi-polygon completely separated from the sovereign polygon.",Level 3
CERN Large Hadron Collider,LineString,City of Geneva Surface,Polygon,"The massive subterranean ring is buried deeply beneath the municipal surface infrastructure, ensuring no physical interaction.",topological,disjoint,"A subterranean line geometry separated completely from a surface city polygon.",Level 3
Seikan Tunnel,LineString,Tsugaru Strait Water Volume,Polygon,"The massive Japanese rail transit tube is bored deep into solid bedrock directly beneath the crushing weight of the ocean floor.",topological,disjoint,"A subterranean transport line completely isolated from an aquatic volumetric polygon.",Level 3
PATH Train Tunnels,LineString,Hudson River,Polygon,"The subterranean transit tubes bore deeply beneath the aquatic boundary to move commuters between New York and New Jersey.",topological,disjoint,"Subterranean transit lines completely separated vertically from a surface river.",Level 3
Bosphorus Bridge,LineString,Bosphorus Strait,Polygon,"Massive suspension pylons keep the transcontinental roadway completely elevated above the turbulent shipping lanes.",topological,disjoint,"An elevated bridge line strictly separated from a maritime strait polygon.",Level 3
State of Alaska,Polygon,Contiguous United States,MultiPolygon,"The massive geographic expanse of western Canada keeps the frontier state completely isolated from the rest of the country.",topological,disjoint,"An exclave state polygon fully separated from a massive continental multi-polygon.",Level 3
State of Hawaii,MultiPolygon,North American Continent,Polygon,"The volcanic island chain is entirely separated from the continental landmass by the deep waters of the Pacific.",topological,disjoint,"An island multi-polygon completely separated from a continental polygon.",Level 3
Gotthard Base Tunnel,LineString,Swiss Alps Surface,Polygon,"The multi-billion dollar transit tube runs exclusively through deep subterranean bedrock without interacting with the mountain peaks.",topological,disjoint,"A deep subterranean line separated from complex geological surface polygons.",Level 3
Falkland Islands,MultiPolygon,United Kingdom,Polygon,"The contested territory sits completely isolated in the South Atlantic, thousands of miles away from the sovereign capital.",topological,disjoint,"Overseas territories isolated globally from their parent nation.",Level 3
Interstate 684,LineString,State of Connecticut,Polygon,"The New York highway briefly threads through a small section of the neighboring state before immediately heading back out.",topological,crosses,"A highway line geometry enters an exterior boundary, traverses the interior, and exits.",Level 3
Mont Blanc Tunnel,LineString,French-Italian Border,LineString,"The subterranean alpine tunnel bores a path straight through the vertical subterranean projection of the international boundary.",topological,crosses,"A subterranean transit line intersecting a vertical international border line.",Level 3
Colorado River,LineString,Grand Canyon National Park,Polygon,"The rushing waters carve a continuous, winding path straight through the very center of the federal preserve.",topological,crosses,"A natural river line entirely traversing a federal park polygon.",Level 3
Prime Meridian,LineString,The Equator,LineString,"The imaginary global navigational lines meet and project straight through each other at zero degrees in the Gulf of Guinea.",topological,crosses,"Two planet-spanning mathematical line geometries intersecting at exactly one point.",Level 3
Trans-Siberian Railway,LineString,Ural Mountains,Polygon,"The world's longest railway makes its way completely through the massive geological barrier linking Europe to Asia.",topological,crosses,"A railway line passing through a massive mountain range polygon.",Level 3
Channel Tunnel,LineString,English Channel,Polygon,"The subterranean transit line bores entirely beneath the seabed from the French coastline all the way to the British side.",topological,crosses,"A subterranean line completely traversing a maritime polygon footprint.",Level 3
Panama Canal,LineString,Isthmus of Panama,Polygon,"The complex artificial waterway slices directly through the Central American landmass to connect two global oceans.",topological,crosses,"An artificial canal line traversing a landmass polygon.",Level 3
Tropic of Capricorn,LineString,Great Dividing Range,Polygon,"The mathematical global latitude runs directly over the rugged geological peaks on the Australian continent.",topological,crosses,"An abstract planetary line traversing a physical geological polygon.",Level 3
Route 66,LineString,Mississippi River,LineString,"The historic American highway bridges a path completely over the flowing waters via the Chain of Rocks structure.",topological,crosses,"A highway line intersecting a major river line.",Level 3
Appalachian Trail,LineString,Mason-Dixon Line,LineString,"The legendary hiking path weaves a route directly over the historical boundary separating the northern and southern states.",topological,crosses,"A physical hiking trail line intersecting a historical boundary line.",Level 3
Suez Canal,LineString,Egypt,Polygon,"The massive engineering project cuts a continuous path right through the desert sands to connect the Mediterranean and Red Seas.",topological,crosses,"An artificial canal traversing a national polygon.",Level 3
Gotthard Base Tunnel,LineString,Swiss-Italian International Border,LineString,"The deep 3D transit line cuts a path across the vertical projection of the international border deep under the Alps.",topological,crosses,"A subterranean tunnel line intersecting an international boundary line.",Level 3
Vennbahn Railway,LineString,Germany,Polygon,"The Belgian-owned transit corridor violently carves up the landscape, creating multiple micro-enclaves along its path.",topological,crosses,"A transport line traversing an international border and structurally altering it.",Level 3
Trans-Alaska Pipeline,LineString,Arctic Circle,LineString,"The massive steel tube plunges straight over the imaginary global latitude on its way down to the southern port of Valdez.",topological,crosses,"An infrastructure line intersecting a global latitudinal line.",Level 3
Hala'ib Triangle,Polygon,Egyptian Territorial Claim,Polygon,"The contested boundary shares a significant contested geographic zone with the southern sovereign claims made by Cairo.",topological,overlaps,"A contested geographic polygon partially intersecting with a national claim polygon.",Level 3
The Alps,Polygon,Switzerland,Polygon,"The massive multinational geological footprint heavily shares space with the sovereign national territory of the Swiss.",topological,overlaps,"A massive multinational geological polygon sharing interior space with a nation.",Level 3
Navajo Nation,Polygon,Hopi Reservation,Polygon,"The complex tribal borders share specific, highly contested joint-use geographical zones in the American southwest.",topological,overlaps,"Two tribal administrative polygons featuring partially intersecting boundaries.",Level 3
Argentine Antarctica Claim,Polygon,British Antarctic Territory,Polygon,"The pie-shaped sovereign territorial claims heavily share the exact same physical wedge of the frozen southern continent.",topological,overlaps,"Two sovereign legal polygons mutually projecting over the exact same physical landmass.",Level 3
Falkland Islands EEZ,Polygon,Argentine Sea,Polygon,"The projected maritime boundaries heavily clash and mutually share a vast swath of the turbulent South Atlantic ocean.",topological,overlaps,"Two abstract legal maritime polygons intersecting across a vast ocean.",Level 3
Nine-Dash Line Claim,Polygon,Philippine Exclusive Economic Zone,Polygon,"The massive, ambiguous maritime claim heavily encroaches upon and shares waters with the internationally recognized zones of Manila.",topological,overlaps,"A geopolitical clash where two distinct maritime polygons claim the same space.",Level 3
Abyei Area,Polygon,Republic of Sudan,Polygon,"Operating as a geopolitical condominium, the region ensures sovereign administrative claims mutually share jurisdiction.",topological,overlaps,"An administrative polygon representing the legalized sharing of two sovereign nations.",Level 3
Kashmir Region,Polygon,Indian Territorial Claim,Polygon,"The intensely disputed military zones heavily share the exact same regional mapping on the subcontinent.",topological,overlaps,"A contested regional polygon heavily sharing coordinates with a national claim.",Level 3
Kuril Islands,MultiPolygon,Japanese Territorial Claim,Polygon,"The competing diplomatic maps mutually project over the exact same island chain in the Pacific.",topological,overlaps,"A physical multi-polygon sharing identical coordinates with a diplomatic claim.",Level 3
Rust Belt,Polygon,American Midwest,Polygon,"The industrial economic region heavily shares a massive geographic footprint with the central states of the country.",topological,overlaps,"An economic region polygon heavily intersecting a geographic regional polygon.",Level 3
Sahara Desert,Polygon,Sahel Region,Polygon,"The arid sands mutually blend and share a massive transition zone with the semi-arid regional band.",topological,overlaps,"Two massive environmental polygons sharing a vast transitional intersection.",Level 3
Amazon Basin,Polygon,Andes Mountains Foothills,Polygon,"The dense jungle ecosystem heavily bleeds into and shares a geographic footprint with the lower mountainous elevations.",topological,overlaps,"Two ecological/geological polygons intersecting over a massive regional transition.",Level 3
Kurdish Inhabited Region,Polygon,Republic of Turkey,Polygon,"The cultural and demographic zone heavily shares map space with the southeastern national borders of the country.",topological,overlaps,"A cultural demographic polygon sharing space with a sovereign nation.",Level 3
Tornado Alley,Polygon,State of Oklahoma,Polygon,"The dangerous meteorological zone heavily encompasses the entire state while bleeding outward into the surrounding plains.",topological,overlaps,"A meteorological zone polygon intersecting heavily with a state polygon.",Level 3
State of Rhode Island,Polygon,Providence Plantations,Polygon,"The modern geometric borders map flawlessly to the historical colonial land-grant lines down to the final survey marker.",topological,equals,"A modern administrative polygon resolving to the exact same coordinates as a historical one.",Level 3
Independent City of St. Louis,Polygon,St. Louis County Municipal Boundary,Polygon,"Operating entirely independently, the municipal limits represent the exact same geographical footprint as the county equivalent.",topological,equals,"Two distinct levels of civic administration mapping to an identical footprint.",Level 3
Demilitarized Zone (DMZ),Polygon,1953 Ceasefire Buffer Zone,Polygon,"The physical, fortified perimeter strictly aligns with the mathematical boundaries drafted in the Korean armistice.",topological,equals,"A physically constructed polygon seamlessly matching a legally drafted treaty polygon.",Level 3
Geographic South Pole,Point,90 Degrees South Latitude,Point,"The physical metallic marker is continuously repositioned to remain perfectly synonymous with the absolute mathematical coordinate.",topological,equals,"A physical point geometry updated to perfectly match a mathematical point geometry.",Level 3
Null Island,Point,WGS84 Origin Coordinate,Point,"The physical ocean weather buoy is mathematically forced to perfectly match the theoretical geodetic anchor at zero degrees.",topological,equals,"A physical maritime object mathematically forced to match a global origin point.",Level 3
City of London,Polygon,The Square Mile,Polygon,"The ancient municipal enclave shares a rigidly exact and identical topological footprint with the colloquial financial district.",topological,equals,"Two semantic named entities resolving to the exact same geospatial polygon.",Level 3
Constantinople Walled City (1453),Polygon,Fatih District of Istanbul,Polygon,"The defensive geometric perimeter of the historical walled city is topologically identical to the modern municipal borders.",topological,equals,"An ancient architectural polygon perfectly matching a modern administrative polygon.",Level 3
Svalbard Treaty Zone,Polygon,Spitsbergen Archipelago,MultiPolygon,"The demilitarized legal zone was drafted to map exactly 1:1 with the physical geographic multi-polygon of the islands.",topological,equals,"An abstract diplomatic treaty boundary designed to perfectly equate with physical boundaries.",Level 3
Mount McKinley Summit,Point,Denali Summit,Point,"Following the federal renaming, the colonial surveying coordinates were officially reverted to perfectly match the indigenous footprint.",topological,equals,"Semantic equality requiring historical context resolving to the exact same physical node.",Level 3
Vatican City,Polygon,Holy See Jurisdiction,Polygon,"The physical masonry walls that define the microstate map flawlessly to the sovereign territorial limits recognized by international law.",topological,equals,"A physical architectural polygon mapping exactly to a legal diplomatic polygon.",Level 3
Independent City of Baltimore,Polygon,City of Baltimore Municipal Limits,Polygon,"Operating completely outside the county system, the local municipality maps identically to its highest-level administrative tier.",topological,equals,"Two distinct legal definitions mapping perfectly to the same urban footprint.",Level 3
Borough of Brooklyn,Polygon,Kings County,Polygon,"The massive New York borough maps to an identical set of geometric coordinates as the state-level jurisdictional zone.",topological,equals,"A city borough and a state county mapping exactly to the same geographic footprint.",Level 3
City of Philadelphia,Polygon,Philadelphia County,Polygon,"Operating under a consolidated government, the municipal limits seamlessly mirror the county boundary lines.",topological,equals,"Two administrative entities covering the exact same topological footprint.",Level 3
City of Denver,Polygon,Denver County,Polygon,"The mile-high municipal limits completely and perfectly match the administrative footprint of the corresponding county.",topological,equals,"A consolidated city-county where the two distinct levels map exactly 1:1.",Level 3
Omani Exclave of Madha,Polygon,UAE Enclave of Nahwa,Polygon,"The borders of the Omani exclave completely encircle the smaller, second-order United Arab Emirates territory.",topological,contains,"A complex geopolitical donut hole where an exclave acts as the container for an enclave.",Level 3
Manitoulin Island,Polygon,Lake Manitou,Polygon,"The massive Canadian landmass completely encompasses the sprawling fresh waters of the internal basin.",topological,contains,"A geographic recursion where a large island polygon entirely envelops an internal lake.",Level 3
City of Rome,Polygon,Vatican City,Polygon,"The municipal limits of the Italian capital completely box in the independent micro-state on all sides.",topological,contains,"A major city polygon completely bounding and surrounding a sovereign micro-state.",Level 3
Navajo Nation,Polygon,Hopi Reservation,Polygon,"The massive tribal territory completely acts as the absolute geometric container for the independently governed lands.",topological,contains,"A macro-administrative tribal polygon acting as the container for a micro-administrative one.",Level 3
Republic of Cyprus,Polygon,UN Buffer Zone,MultiPolygon,"The de jure sovereign territorial claim formally encompasses the entirety of the military strip cutting through its center.",topological,contains,"A sovereign national polygon acting as the absolute container for a military multi-polygon.",Level 3
Main Crater Lake,Polygon,Vulcan Point Island,Polygon,"The waters of the volcanic basin completely lock in the tiny recursive landmass at their center.",topological,contains,"Recursive containment: a lake polygon entirely traps a smaller island polygon.",Level 3
South Africa,Polygon,Kingdom of Lesotho,Polygon,"The massive national boundaries entirely wrap around the independent, high-altitude kingdom, isolating it from any coastline.",topological,contains,"A massive nation polygon completely enveloping an independent sovereign nation.",Level 3
Republic of Italy,Polygon,San Marino,Polygon,"The sovereign Italian territory completely encircles the ancient microstate, locking it permanently inland.",topological,contains,"A sovereign nation acting as an absolute geographic container for another sovereign nation.",Level 3
Senegal,Polygon,The Gambia,Polygon,"The francophone nation completely surrounds the slender borders of its neighbor on all terrestrial sides.",topological,contains,"A national polygon almost entirely enveloping another, acting as its primary container.",Level 3
Yellowstone National Park,Polygon,Yellowstone Supervolcano Caldera,Polygon,"The human-drawn federal boundaries completely encapsulate the sprawling subterranean geological footprint.",topological,contains,"A man-made surface polygon completely bounding a dangerous subterranean geological polygon.",Level 3
Australia,Polygon,Australian Capital Territory,Polygon,"The massive continental bounds completely serve as the absolute container for the inland capital territory.",topological,contains,"A massive continental polygon completely enclosing a specific administrative territory.",Level 3
Victoria Island,Polygon,Unnamed Arctic Sub-Island (69.793N 108.241W),Polygon,"The massive Arctic landmass completely encompasses the recursive sub-lake that traps the tiny landmass.",topological,contains,"Extreme geographic recursion where a macro-island serves as the ultimate container for a sub-island.",Level 3
Lake Superior,Polygon,Isle Royale,Polygon,"The massive fresh waters completely encircle the remote wilderness island, isolating it from the mainland.",topological,contains,"A massive freshwater lake polygon completely enveloping an island multi-polygon.",Level 3
State of Texas,Polygon,The Alamo Mission Footprint,Polygon,"The sprawling state lines completely serve as the absolute boundary box for the historical mission's real estate.",topological,contains,"A massive state polygon acting as the absolute container for a historical architectural polygon.",Level 3
Switzerland,Polygon,Campione d'Italia,Polygon,"The Swiss cantons completely encircle the tiny Italian exclave situated near the waters of Lake Lugano.",topological,contains,"A sovereign nation acting as the geographic container for a tiny foreign exclave.",Level 3
United Nations Headquarters,Polygon,Borough of Manhattan,Polygon,"Despite its international diplomatic status, the physical real estate sits entirely confined inside the municipal borders.",topological,within,"An international legal polygon physically completely confined inside a city borough polygon.",Level 3
London Underground Central Line,LineString,Greater London Authority,Polygon,"The subterranean transit route operates completely shut inside the administrative borders, never reaching the outer shires.",topological,within,"A subterranean transport line completely bounded by a municipal polygon.",Level 3
Principality of Monaco,Polygon,French Riviera,Polygon,"The tiny sovereign principality sits fully encompassed by the broader geographic and cultural region of the southern coast.",topological,within,"A sovereign micro-state fully encompassed by a larger regional geography polygon.",Level 3
Camp David,Polygon,Catoctin Mountain Park,Polygon,"The highly secure restricted federal perimeter is completely hidden deep inside the forested public boundaries.",topological,within,"A classified, restricted federal polygon fully bounded by a public federal park polygon.",Level 3
Loch Ness,Polygon,Great Glen Fault,Polygon,"The massive deep freshwater body is situated strictly confined by the linear geological depression slicing the highlands.",topological,within,"A major aquatic polygon completely bounded by the tectonic confines of a geological polygon.",Level 3
Municipality of Llivia,Polygon,French Republic,Polygon,"The historic Spanish municipality operates as a fully detached sovereign exclave situated entirely in the interior territory.",topological,within,"A complete geopolitical donut hole where a municipality is completely trapped in a foreign nation.",Level 3
Sovereign Military Order of Malta HQ,Polygon,City of Rome,Polygon,"The extraterritorial architectural footprint sits strictly bound by the municipal borders of the Italian capital.",topological,within,"An extraterritorial legal polygon entirely trapped inside a standard city polygon.",Level 3
Camp Zeist (1999-2002),Polygon,Kingdom of the Netherlands,Polygon,"The temporary Scottish legal compound was situated completely embedded in the host nation's sovereign boundaries.",topological,within,"A temporal, second-order legal enclave fully enclosed by a host nation's polygon.",Level 3
Svalbard Global Seed Vault,Polygon,Spitsbergen Permafrost Zone,Polygon,"The secure subterranean architectural footprint is bored completely into the deep geological layers of the mountain.",topological,within,"An engineered architectural polygon fully confined inside a specialized environmental polygon.",Level 3
San Marino,Polygon,Italian Peninsula,Polygon,"The sovereign microstate operates entirely trapped inside the massive boots-shaped landmass extending into the Mediterranean.",topological,within,"A sovereign micro-state completely bounded by a massive continental peninsula.",Level 3
Kingdom of Lesotho,Polygon,South African Borders,Polygon,"The independent kingdom sits strictly confined by the surrounding borders of the massive host nation.",topological,within,"An independent nation polygon completely confined by another nation's polygon.",Level 3
The Pentagon,Polygon,Arlington County Boundaries,Polygon,"The massive military structure and its grounds sit squarely encapsulated by the local county lines of Virginia.",topological,within,"A massive military building footprint completely bounded by a local county polygon.",Level 3
Busingen am Hochrhein,Polygon,Swiss Canton of Schaffhausen,Polygon,"The German municipal exclave operates entirely locked inside the Swiss regional borders, utilizing Swiss public services.",topological,within,"A foreign municipal exclave completely trapped by a host nation's regional canton.",Level 3
Baarle-Hertog Micro-enclaves,MultiPolygon,Netherlands Territory,Polygon,"The tiny Belgian cadastral plots sit entirely trapped inside the Dutch regional boundaries, creating complex administrative zones.",topological,within,"Highly fractured micro-enclaves completely bounded by a foreign nation's polygon.",Level 3
Central Park,Polygon,New York City Municipal Grid,Polygon,"The massive green space is completely boxed in by the relentless urban masonry of the dense metropolitan island.",topological,within,"A massive park polygon completely bounded by a dense urban municipal grid.",Level 3
Republic of Botswana,Polygon,Republic of Zambia,Polygon,"Near the Kazungula Bridge, the sovereign territories of the Republic of Botswana and the Republic of Zambia converge at a highly specific 150-meter micro-boundary precisely in the middle of the Zambezi River.",topological,touches,"Two massive national polygons that share an incredibly tiny, almost microscopic linear boundary along a river thalweg.",Level 4
source_entity,source_geometry,target_entity,target_geometry,corpus,relation_type,relation_label,explanation,ambiguity_level
Republic of Botswana,Polygon,Republic of Zambia,Polygon,"Near the Kazungula Bridge, the sovereign territories converge at a highly specific 150-meter micro-boundary precisely in the middle of the Zambezi River.",topological,touches,"Two massive national polygons that meet at an incredibly tiny, almost microscopic linear boundary.",Level 4
Bir Tawil,Polygon,Hala'ib Triangle,Polygon,"The universally unclaimed territory of Bir Tawil and the fiercely disputed Hala'ib Triangle converge exclusively at a single zero-dimensional vertex located at the intersection of the 22nd parallel and 34th meridian.",topological,touches,"Two distinct administrative polygons that meet at exactly one mathematical coordinate without sharing any linear border.",Level 4
Mount Everest Summit,Point,Nepal-China Border,LineString,"The extreme physical geographical elevation point sits exactly flush against the mathematical geodesic line defining the international border separating the two Asian nations.",topological,touches,"A physical extreme-elevation point geometry intersecting perfectly with an invisible boundary line.",Level 4
Hoover Dam Concrete Face,Polygon,Lake Mead Water Volume,Polygon,"The massive, rigid, concave structural masonry sits perfectly flush against the dynamic, fluid body of the massive reservoir.",topological,touches,"A physical 3D structural polygon sitting flush against a fluid environmental polygon.",Level 4
Baarle-Nassau Border Monument 214,Point,Belgian-Dutch Sovereignty Line,LineString,"The physical stone marker sits precisely on the exact invisible boundary line separating the sovereign territory of Belgium and the Netherlands.",topological,touches,"A 0D point geometry meeting the 1D boundary line of an international border.",Level 4
Eurotunnel Terminal Boundary,LineString,French Maritime Customs Zone,Polygon,"The final coordinate of the physical track architecture terminates right at the outer edge of the customs jurisdiction, matching its perimeter flawlessly without dropping a single meter deeper.",topological,touches,"The end node of a LineString geometry meeting the outer boundary of a Polygon.",Level 4
Four Corners Monument,Point,State of Utah,Polygon,"The physical bronze survey plaque converges precisely at the extreme southeastern tip of the desert state's geometric limits.",topological,touches,"A zero-dimensional node converging exactly at the extreme vertex of a massive state polygon.",Level 4
Diomede Islands Maritime Border,LineString,International Date Line,LineString,"The geopolitical boundary severing the US and Russia cleanly converges with the global navigational time barrier right in the middle of the Bering Strait.",topological,touches,"A geopolitical line geometry cleanly meeting a global navigational line geometry.",Level 4
Vatican City Masonry Walls,Polygon,City of Rome Streets,Polygon,"The ancient defensive fortifications stand right at the municipal edge of the Italian capital's modern thoroughfares, creating a hard stop to Italian jurisdiction.",topological,touches,"A sovereign microstate wall meeting a city municipal polygon.",Level 4
Panmunjom T2 Conference Table,Polygon,Military Demarcation Line,LineString,"The geopolitical demarcation barrier runs straight along the exact geometric midpoint of the wooden negotiating table located in the Joint Security Area.",topological,touches,"A macro geopolitical line slicing the exact geometric center of a micro furniture polygon.",Level 4
Niagara Falls Horseshoe,Polygon,Canada-US Border,LineString,"The plunging veil of water sits exactly upon the international divide severing the two North American nations.",topological,touches,"A natural feature polygon meeting an international boundary line.",Level 4
Point Roberts Exclave,Polygon,49th Parallel North,LineString,"The isolated Washington state community hangs right off the mathematical survey coordinate dividing the North American continent.",topological,touches,"An exclave polygon meeting a mathematical survey line.",Level 4
Golden Gate Bridge Northern Anchor,LineString,Marin Headlands,Polygon,"The suspended steel architecture connects directly onto the rocky landmass of the northern California coastline, ceasing its span.",topological,touches,"A bridge line geometry terminating at a landmass polygon boundary.",Level 4
State of Colorado,Polygon,State of New Mexico,Polygon,"A perfectly straight latitudinal survey boundary perfectly unites the two southwestern jurisdictions along a shared edge.",topological,touches,"Two state administrative polygons meeting at a geometric edge.",Level 4
Trafalgar Square Base,Polygon,Nelson's Column,Point,"The massive stone paving of the square sits flush against the bottom coordinates of the towering monument honoring the naval commander.",topological,touches,"A massive flat polygon meeting the geometric base point of a vertical monument.",Level 4
Northwest Angle,Polygon,Contiguous United States,MultiPolygon,"Although legally part of Minnesota, the territory is completely severed from the lower 48 states by the waters of the Lake of the Woods, requiring travelers to drive through Canada to reach it.",topological,disjoint,"An exclave polygon and its parent MultiPolygon that share absolutely zero intersecting spatial coordinates due to an aquatic barrier.",Level 4
Point Nemo,Point,Ducie Island,Polygon,"The theoretical maritime coordinate is mathematically calculated to remain maximally distant and completely isolated from its nearest physical landmass.",topological,disjoint,"A cartographic point geometry specifically defined by its absolute isolation from any terrestrial polygon.",Level 4
Channel Islands,MultiPolygon,United Kingdom,Polygon,"Despite being British Crown Dependencies, the islands are situated off the coast of Normandy, sharing absolutely zero spatial coordinates with the sovereign footprint of the mainland.",topological,disjoint,"Political affiliation vs spatial geometry; a dependent MultiPolygon is totally separated from its sovereign Polygon.",Level 4
CERN Large Hadron Collider,LineString,City of Geneva,Polygon,"The 27-kilometer subterranean ring is buried 100 meters beneath the surface, ensuring the particle accelerator runs completely isolated from the municipal infrastructure directly above it.",topological,disjoint,"Two entities that heavily share space on a 2D map but have zero spatial coordinates in a true 3D volumetric model.",Level 4
Seikan Tunnel,LineString,Tsugaru Strait Water Volume,Polygon,"The transit tunnel is bored deep into solid bedrock beneath the ocean floor, allowing trains to travel completely isolated from the massive aquatic body directly overhead.",topological,disjoint,"A subterranean transport LineString separated vertically from an aquatic volumetric Polygon.",Level 4
Kingdom of Lesotho,Polygon,Indian Ocean Maritime Boundary,Polygon,"As a landlocked nation entirely surrounded by South African territory, the kingdom is completely cut off from the physical coastline of the ocean.",topological,disjoint,"Two distinct geographical polygons separated entirely by an intervening sovereign landmass.",Level 4
State of Georgia (USA),Polygon,Republic of Georgia (Country),Polygon,"Despite sharing identically spelled designations, the American territory and the Caucasian nation are completely severed by the vast Atlantic Ocean.",topological,disjoint,"A semantic deduplication trap where identically named entities have completely isolated geometries.",Level 4
Little Diomede Island,Polygon,Big Diomede Island,Polygon,"Sitting just 2.4 miles apart, the physical landmasses share no spatial coordinates and are further severed by a 21-hour temporal gap due to the International Date Line.",topological,disjoint,"Two physically proximate island polygons entirely isolated by water and temporal geography.",Level 4
Kaliningrad Oblast,Polygon,Mainland Russia,Polygon,"The strategic Baltic exclave is completely separated from the mainland by intervening independent European nations like Lithuania and Belarus.",topological,disjoint,"An exclave administrative polygon entirely severed from its mainland parent polygon.",Level 4
Brooklyn Bridge Roadway,LineString,East River Surface,Polygon,"The suspended steel roadway spans high in the air above the water's surface, ensuring the cars stay completely dry.",topological,disjoint,"A bridge line geometry and a river polygon geometry that are strictly separated in 3D space.",Level 4
PATH Train Tunnels,LineString,Hudson River Water Volume,Polygon,"The subterranean transit tubes bore deeply beneath the aquatic boundary, keeping commuters entirely isolated from the flowing river above.",topological,disjoint,"Subterranean transit lines completely separated vertically from a surface river.",Level 4
Bosphorus Bridge Roadway,LineString,Bosphorus Strait,Polygon,"Massive suspension pylons keep the transcontinental roadway completely elevated above the turbulent shipping lanes connecting the two seas.",topological,disjoint,"An elevated bridge line strictly separated from a maritime strait polygon.",Level 4
Gotthard Base Tunnel,LineString,Swiss Alps Surface,Polygon,"The multi-billion dollar transit tube runs exclusively through deep subterranean bedrock without interacting with the towering mountain peaks above.",topological,disjoint,"A deep subterranean line separated from complex geological surface polygons.",Level 4
Falkland Islands,MultiPolygon,United Kingdom Mainland,Polygon,"The contested territory sits completely isolated in the frigid South Atlantic, thousands of miles away from the sovereign capital in Europe.",topological,disjoint,"Overseas territories isolated globally from their parent nation.",Level 4
Svalbard Global Seed Vault Entrance,Point,Equator,LineString,"The secure subterranean entryway in the extreme Arctic is mathematically isolated from the planetary latitudinal line by thousands of miles.",topological,disjoint,"A point geometry and a planetary line completely severed by global distance.",Level 4
Magdeburg Water Bridge,LineString,Elbe River,LineString,"The navigable aqueduct physically carries the canal directly over and completely perpendicular to the flowing waters of the river below.",topological,crosses,"Two distinct waterway line geometries that intersect in a 2D matrix but are completely separated by physical engineering in 3D space.",Level 4
Prime Meridian,LineString,The Equator,LineString,"The two globally defining cartographic lines converge at exactly one coordinate precisely located in the Gulf of Guinea, creating a singular topological node.",topological,crosses,"Two planet-spanning mathematical line geometries intersecting at exactly one point.",Level 4
PATH Train Tunnels,LineString,New York-New Jersey State Line,LineString,"The subterranean transit tubes bore deeply through the bedrock, piercing the invisible, vertically extruded geopolitical boundary separating the two states.",topological,crosses,"A physical, subterranean transit line cutting directly through an abstract border line.",Level 4
Vennbahn Railway,LineString,Federal Republic of Germany,Polygon,"The Belgian-owned transit corridor violently carves up the landscape, piercing the international border multiple times and creating five sovereign enclaves.",topological,crosses,"A highly complex transport line geometry traversing an international border and structurally altering it.",Level 4
Tropic of Capricorn,LineString,Great Dividing Range,Polygon,"The purely mathematical planetary latitude silently slices the rugged, physical geological boundary of the Australian mountain peaks.",topological,crosses,"An abstract planetary boundary line traversing a physical geological polygon.",Level 4
Channel Tunnel,LineString,English Channel Maritime Zone,Polygon,"The subterranean transit line bores entirely beneath the seabed, charting a course from the French coastline completely through to the British side.",topological,crosses,"A subterranean line completely traversing a maritime polygon footprint.",Level 4
Panama Canal,LineString,Isthmus of Panama,Polygon,"The complex artificial waterway slices directly through the Central American landmass, bridging the gap between two global oceans.",topological,crosses,"An artificial canal line traversing a massive landmass polygon.",Level 4
Gotthard Base Tunnel,LineString,Swiss-Italian International Border,LineString,"The deep 3D transit line cuts a path through the vertical projection of the international boundary deep under the Alpine bedrock.",topological,crosses,"A subterranean tunnel line intersecting an international boundary line.",Level 4
Route 66,LineString,Mississippi River,LineString,"The historic American highway bridges a path completely over the flowing waters via the historic Chain of Rocks structure.",topological,crosses,"A highway line intersecting a major river line.",Level 4
Appalachian Trail,LineString,Mason-Dixon Line,LineString,"The legendary hiking path weaves a route directly over the historical survey boundary severing the northern and southern states.",topological,crosses,"A physical hiking trail line intersecting a historical boundary line.",Level 4
Suez Canal,LineString,Egypt,Polygon,"The massive engineering project cuts a continuous path right through the desert sands, breaking the national landmass to connect two seas.",topological,crosses,"An artificial canal traversing a national polygon.",Level 4
Trans-Alaska Pipeline,LineString,Arctic Circle,LineString,"The massive steel tube plunges straight over the imaginary global latitude on its route down to the southern ice-free port.",topological,crosses,"An infrastructure line intersecting a global latitudinal line.",Level 4
Amundsen-Scott South Pole Station Ski Way,LineString,All 360 Meridians of Longitude,MultiLineString,"A plane taking off from the frozen runway flies in a tight arc that slices through every single meridian converging at the geographic pole.",topological,crosses,"A local transit LineString intersecting a planet-spanning MultiLineString network.",Level 4
International Date Line,LineString,Chukchi Sea Maritime Zone,Polygon,"The zig-zagging navigational path sweeps directly through the center of the frigid maritime zone to separate two distinct calendar days.",topological,crosses,"An abstract global line geometry traversing a large maritime polygon.",Level 4
Equator,LineString,Amazon River,LineString,"The invisible global latitude slices directly over the winding, massive South American waterway near the city of Macapa.",topological,crosses,"A planetary line geometry intersecting a physical river line geometry.",Level 4
Baarle-Hertog Municipality,MultiPolygon,Baarle-Nassau Municipality,MultiPolygon,"The incredibly fractured cadastral borders of the Belgian and Dutch towns result in a macro-regional footprint where both sovereign domains extensively interweave and mutually share a regional zone.",topological,overlaps,"An extreme anomaly where dozens of micro-enclaves cause two national MultiPolygons to heavily intersect in a shared zone.",Level 4
Argentine Antarctica Claim,Polygon,British Antarctic Territory,Polygon,"Under the frozen geopolitical realities of the South Pole, the pie-shaped sovereign territorial claim of the South American nation massively encroaches upon the wedge claimed by London.",topological,overlaps,"Two sovereign legal polygons mutually projecting over the exact same physical landmass.",Level 4
Falkland Islands EEZ,Polygon,Argentine Sea,Polygon,"The 200-nautical-mile economic projection extending outward from the British islands deeply intrudes into the sovereign maritime territory recognized by Buenos Aires.",topological,overlaps,"Two abstract legal maritime polygons that clash and intersect across a vast swath of ocean.",Level 4
Historical Roman Empire (AD 117),Polygon,Modern European Union,Polygon,"Geospatial mapping reveals that the maximum territorial extent of the ancient historical footprint heavily encroaches upon the vast majority of the modern sovereign boundaries of the political bloc.",topological,overlaps,"A temporal-geospatial overlap between an extinct historical polygon and a modern administrative polygon.",Level 4
Nine-Dash Line Claim,Polygon,Philippine Exclusive Economic Zone (EEZ),Polygon,"The massive, highly ambiguous maritime polygon claimed by Beijing heavily encroaches upon and shares waters with the internationally recognized zones of Manila.",topological,overlaps,"A geopolitical clash where two distinct maritime polygons claim the same space.",Level 4
Abyei Administrative Area,Polygon,Republic of Sudan,Polygon,"Acting as a geopolitical condominium, the region ensures the sovereign administrative claims of both Khartoum and Juba legally and spatially share a highly contested jurisdiction.",topological,overlaps,"A legal anomaly where an administrative polygon represents the legalized sharing of two sovereign nations.",Level 4
Spratly Islands Maritime Claims,MultiPolygon,Vietnamese Exclusive Economic Zone,Polygon,"The sweeping multi-layered geopolitical claims heavily clash with the internationally recognized economic zone, creating a vast area of dual jurisdiction in the sea.",topological,overlaps,"A highly fractured legal MultiPolygon heavily encroaching on a continuous national maritime Polygon.",Level 4
Kashmir Region,Polygon,Indian Territorial Claim,Polygon,"The intensely disputed military zones heavily share the exact same regional mapping as the sovereign claims broadcast by New Delhi.",topological,overlaps,"A contested regional polygon heavily sharing coordinates with a national claim.",Level 4
Kuril Islands,MultiPolygon,Japanese Territorial Claim,Polygon,"The competing diplomatic maps mutually project over the exact same frigid island chain in the northern Pacific.",topological,overlaps,"A physical multi-polygon sharing identical coordinates with a diplomatic claim.",Level 4
Rust Belt,Polygon,American Midwest,Polygon,"The historical industrial economic region heavily shares a massive geographic footprint with the central states of the country.",topological,overlaps,"An economic region polygon heavily intersecting a geographic regional polygon.",Level 4
Sahara Desert,Polygon,Sahel Region,Polygon,"The arid sands mutually blend and share a massive transition zone with the semi-arid regional band stretching across Africa.",topological,overlaps,"Two massive environmental polygons sharing a vast transitional intersection.",Level 4
Amazon Basin,Polygon,Andes Mountains Foothills,Polygon,"The dense jungle ecosystem heavily bleeds into and shares a geographic footprint with the lower mountainous elevations in South America.",topological,overlaps,"Two ecological/geological polygons intersecting over a massive regional transition.",Level 4
Kurdish Inhabited Region,Polygon,Republic of Turkey,Polygon,"The cultural and demographic zone heavily shares map space with the southeastern national borders of the transcontinental country.",topological,overlaps,"A cultural demographic polygon sharing space with a sovereign nation.",Level 4
Tornado Alley,Polygon,State of Oklahoma,Polygon,"The dangerous meteorological zone heavily encompasses the entire state while bleeding outward into the surrounding plains.",topological,overlaps,"A meteorological zone polygon intersecting heavily with a state polygon.",Level 4
Hala'ib Triangle,Polygon,Egyptian Territorial Claim,Polygon,"The contested desert boundary shares a significant geographic zone with the southern sovereign claims made by Cairo, leading to dual administration.",topological,overlaps,"A contested geographic polygon partially intersecting with a national claim polygon.",Level 4
Geographic South Pole,Point,90 Degrees South Latitude,Point,"The physical metallic marker on the ice sheet is continuously repositioned to remain perfectly synonymous with the absolute mathematical coordinate of the planetary axis.",topological,equals,"A physical infrastructure point geometry constantly updated to perfectly match an abstract mathematical point.",Level 4
City of London,Polygon,The Square Mile,Polygon,"The ancient, independently governed municipal enclave shares a rigidly exact and identical topological footprint with the financial district colloquially defined by its size.",topological,equals,"Two completely different semantic named entities that resolve to the exact same geospatial polygon.",Level 4
Null Island,Point,WGS84 Origin Coordinate,Point,"The physical Soul weather buoy moored in the Gulf of Guinea is mathematically forced to perfectly match the theoretical geodetic anchor point at zero degrees latitude and zero degrees longitude.",topological,equals,"A physical maritime object forced by human definition to geometrically equate perfectly with an anchor point.",Level 4
Historical Mount McKinley Summit,Point,Modern Denali Summit,Point,"Following the 2015 federal renaming, the colonial surveying coordinates were officially reverted to perfectly match the indigenous summit footprint down to the millimeter.",topological,equals,"Semantic equality requiring historical context resolving to the exact same physical node.",Level 4
Constantinople Walled City (1453),Polygon,Fatih District of Istanbul,Polygon,"The defensive geometric perimeter of the historical walled city is topologically identical to the modern administrative borders of the municipal district.",topological,equals,"A temporal and cartographic alignment where an ancient architectural polygon perfectly matches a modern municipal polygon.",Level 4
Svalbard Treaty Zone,Polygon,Spitsbergen Archipelago,MultiPolygon,"The international demilitarized legal polygon was drafted to map exactly 1:1 with the physical geographic multi-polygon of the frozen island chain.",topological,equals,"An abstract diplomatic treaty boundary designed to perfectly equate with the physical boundaries of an archipelago.",Level 4
Demilitarized Zone (DMZ),Polygon,1953 Korean Armistice Ceasefire Buffer,Polygon,"The heavily fortified physical perimeter seamlessly mirrors the theoretical boundaries drafted in the historical military agreement, creating a perfect mapping symmetry.",topological,equals,"A physically constructed military buffer zone perfectly matching a legally codified treaty polygon.",Level 4
Independent City of St. Louis,Polygon,St. Louis County Municipal Boundary,Polygon,"Because it operates entirely independently, the municipal limits represent the exact same geographical footprint as its county-level equivalent.",topological,equals,"Two distinct levels of civic administration mapping to a perfectly identical topological footprint.",Level 4
State of Rhode Island,Polygon,Providence Plantations,Polygon,"The modern geometric borders of the smallest US state map flawlessly to the historical colonial land-grant lines down to the final survey marker.",topological,equals,"A modern administrative polygon and a historical legal polygon resolving to the exact same coordinates.",Level 4
Eiffel Tower Spire Tip,Point,Highest Architectural Node of Paris,Point,"The physical lightning rod at the top of the iron lattice maps precisely to the coordinate legally designated as the highest municipal architectural point.",topological,equals,"Two separate semantic concepts resolving to the identical 0D node.",Level 4
Vatican City,Polygon,Holy See Jurisdiction,Polygon,"The physical masonry walls that define the microstate map flawlessly to the sovereign territorial limits recognized by international diplomatic law.",topological,equals,"A physical architectural polygon mapping exactly to a legal diplomatic polygon.",Level 4
Independent City of Baltimore,Polygon,City of Baltimore Municipal Limits,Polygon,"Operating completely outside the county system, the local municipality maps identically to its highest-level administrative tier.",topological,equals,"Two distinct legal definitions mapping perfectly to the same urban footprint.",Level 4
Borough of Brooklyn,Polygon,Kings County,Polygon,"The massive New York borough maps to an identical set of geometric coordinates as the state-level jurisdictional zone.",topological,equals,"A city borough and a state county mapping exactly to the same geographic footprint.",Level 4
City of Philadelphia,Polygon,Philadelphia County,Polygon,"Operating under a consolidated government, the municipal limits seamlessly mirror the county boundary lines, blending them into one entity.",topological,equals,"Two administrative entities covering the exact same topological footprint.",Level 4
City of Denver,Polygon,Denver County,Polygon,"The mile-high municipal limits completely and perfectly match the administrative footprint of the corresponding county.",topological,equals,"A consolidated city-county where the two distinct levels map exactly 1:1.",Level 4
Omani Exclave of Madha,Polygon,UAE Enclave of Nahwa,Polygon,"In a rare geographical anomaly known as a second-order enclave, the sovereign borders of the Omani territory completely envelop and trap the smaller United Arab Emirates jurisdiction.",topological,contains,"A complex real-world 'donut hole' where an exclave polygon acts as the geometric container for an enclave polygon.",Level 4
Main Crater Lake,Polygon,Vulcan Point Island,Polygon,"Demonstrating an extreme level of natural geographical recursion, the waters of the basin sit inside a volcano and completely lock in the tiny landmass at their center.",topological,contains,"Real-world recursive containment: a lake polygon entirely traps a smaller island polygon.",Level 4
Republic of Cyprus,Polygon,UN Buffer Zone in Cyprus,MultiPolygon,"While politically contested, the de jure sovereign territorial claim formally encompasses the entirety of the military strip cutting through its center.",topological,contains,"A sovereign national polygon acts as the absolute container for a legally distinct military MultiPolygon.",Level 4
Navajo Nation Reservation,Polygon,Hopi Reservation,Polygon,"In a rare display of domestic sovereign recursion, the massive tribal territory completely encircles and isolates the independently governed lands on all sides.",topological,contains,"A macro-administrative polygon acting as the absolute geometric container for a distinct micro-administrative polygon.",Level 4
Victoria Island Landmass,Polygon,Unnamed Third-Order Arctic Island (69.793 N 108.241 W),Polygon,"In a remarkable case of recursive geography, the massive Arctic landmass encompasses an interior lake, which cradles a smaller island, which shelters a sub-lake that entirely traps the unnamed landmass.",topological,contains,"Extreme geographic recursion where a macro-scale island acts as the ultimate top-level container for a deep sub-island.",Level 4
Yellowstone National Park,Polygon,Yellowstone Supervolcano Caldera,Polygon,"The square, human-drawn federal boundaries were established broadly enough to completely safeguard the sprawling, subterranean geological footprint of the active natural hazard.",topological,contains,"A man-made administrative surface polygon acting as the absolute geometric container for a subterranean volcanic polygon.",Level 4
South Africa,Polygon,Kingdom of Lesotho,Polygon,"The massive national boundaries entirely wrap around the independent, high-altitude kingdom, isolating it from any coastline or other neighbors.",topological,contains,"A massive nation polygon completely enveloping an independent sovereign nation.",Level 4
Republic of Italy,Polygon,San Marino,Polygon,"The sovereign Italian territory completely encircles the ancient microstate, locking it permanently inland away from the Mediterranean.",topological,contains,"A sovereign nation acting as an absolute geographic container for another sovereign nation.",Level 4
Senegal,Polygon,The Gambia,Polygon,"The francophone nation completely surrounds the slender borders of its neighbor on all terrestrial sides, leaving only the ocean exposed.",topological,contains,"A national polygon almost entirely enveloping another, acting as its primary container.",Level 4
Australia,Polygon,Australian Capital Territory,Polygon,"The massive continental bounds completely serve as the absolute container for the inland capital territory governing the nation.",topological,contains,"A massive continental polygon completely enclosing a specific administrative territory.",Level 4
Lake Superior,Polygon,Isle Royale,Polygon,"The massive fresh waters completely encircle the remote wilderness island, isolating it from the mainland shores.",topological,contains,"A massive freshwater lake polygon completely enveloping an island multi-polygon.",Level 4
State of Texas,Polygon,The Alamo Mission Footprint,Polygon,"The sprawling state lines completely serve as the absolute boundary box for the historical mission's architectural real estate.",topological,contains,"A massive state polygon acting as the absolute container for a historical architectural polygon.",Level 4
Switzerland,Polygon,Campione d'Italia,Polygon,"The Swiss cantons completely encircle the tiny Italian exclave situated near the waters of Lake Lugano, isolating it from the Italian mainland.",topological,contains,"A sovereign nation acting as the geographic container for a tiny foreign exclave.",Level 4
Republic of India,Polygon,New Delhi,Polygon,"The national borders completely wrap around the capital district, situating it deep in the country's interior away from the sea.",topological,contains,"A national polygon acting as the absolute container for a city polygon.",Level 4
Pacific Ocean,Polygon,State of Hawaii,MultiPolygon,"The vast oceanic waters act as a complete geometric container for the isolated volcanic island chain located thousands of miles from any continent.",topological,contains,"An ocean polygon fully enclosing a state multi-polygon.",Level 4
Sovereign Military Order of Malta HQ,Polygon,City of Rome,Polygon,"Despite its unique status as an internationally recognized sovereign entity without a traditional state, the physical architectural footprint sits strictly bound by the municipal borders of the Italian capital.",topological,within,"An extraterritorial legal polygon entirely trapped inside a standard city polygon.",Level 4
Camp David,Polygon,Catoctin Mountain Park,Polygon,"The highly secure, restricted perimeter of the Presidential retreat is completely hidden and enclosed deep inside the forested boundaries of the public federal preserve in Maryland.",topological,within,"A classified, restricted federal polygon fully bounded by a public federal park polygon.",Level 4
Loch Ness,Polygon,Great Glen Fault,Polygon,"The massive, deep freshwater body is situated strictly confined by the linear geological depression created by the active tectonic forces slicing through the Scottish Highlands.",topological,within,"A major aquatic polygon completely bounded by the tectonic confines of a geological polygon.",Level 4
Municipality of Llivia,Polygon,French Republic,Polygon,"The historic Spanish municipality operates as a fully detached sovereign exclave situated entirely in the interior territory of the host nation.",topological,within,"A complete geopolitical donut hole where a municipality is completely trapped in a foreign nation.",Level 4
Camp Zeist Legal Compound (1999),Polygon,Kingdom of the Netherlands,Polygon,"During the high-profile Lockerbie trial, the physical footprint was temporarily ceded to Scottish jurisdiction while remaining geographically embedded in the host nation's boundaries.",topological,within,"A temporal, second-order legal enclave fully enclosed by a host nation's polygon.",Level 4
Svalbard Global Seed Vault,Polygon,Spitsbergen Permafrost Zone,Polygon,"The secure physical subterranean architectural footprint is bored completely into the deep geological polygon of the freezing layer to preserve agricultural diversity.",topological,within,"An engineered architectural polygon fully confined inside a specialized environmental polygon.",Level 4
United Nations Headquarters,Polygon,Borough of Manhattan,Polygon,"Despite its international diplomatic status, the physical real estate sits entirely confined inside the municipal borders of the massive urban grid.",topological,within,"An international legal polygon physically completely confined inside a city borough polygon.",Level 4
London Underground Central Line,LineString,Greater London Authority,Polygon,"The complex subterranean transit route operates completely shut inside the administrative borders, never reaching the outer shires of the country.",topological,within,"A subterranean transport line completely bounded by a municipal polygon.",Level 4
Principality of Monaco,Polygon,French Riviera Coastline,Polygon,"The tiny sovereign principality sits fully encompassed by the broader geographic and cultural region of the southern coast.",topological,within,"A sovereign micro-state fully encompassed by a larger regional geography polygon.",Level 4
San Marino,Polygon,Italian Peninsula,Polygon,"The sovereign microstate operates entirely trapped inside the massive boots-shaped landmass extending into the Mediterranean Sea.",topological,within,"A sovereign micro-state completely bounded by a massive continental peninsula.",Level 4
Kingdom of Lesotho,Polygon,South African Borders,Polygon,"The independent kingdom sits strictly confined by the surrounding borders of the massive host nation, unable to access the ocean.",topological,within,"An independent nation polygon completely confined by another nation's polygon.",Level 4
The Pentagon,Polygon,Arlington County Boundaries,Polygon,"The massive military structure and its grounds sit squarely encapsulated by the local county lines of the state of Virginia.",topological,within,"A massive military building footprint completely bounded by a local county polygon.",Level 4
Busingen am Hochrhein,Polygon,Swiss Canton of Schaffhausen,Polygon,"The German municipal exclave operates entirely locked inside the Swiss regional borders, utilizing Swiss public services and currency.",topological,within,"A foreign municipal exclave completely trapped by a host nation's regional canton.",Level 4
Baarle-Hertog Micro-enclaves,MultiPolygon,Netherlands Territory,Polygon,"The tiny Belgian cadastral plots sit entirely trapped inside the Dutch regional boundaries, creating highly complex administrative zones.",topological,within,"Highly fractured micro-enclaves completely bounded by a foreign nation's polygon.",Level 4
Central Park,Polygon,New York City Municipal Grid,Polygon,"The massive green space is completely boxed in by the relentless urban masonry of the dense metropolitan island.",topological,within,"A massive park polygon completely bounded by a dense urban municipal grid.",Level 4
Bir Tawil,Polygon,Hala'ib Triangle,Polygon,"The universally unclaimed territory of Bir Tawil and the fiercely disputed Hala'ib Triangle converge exclusively at a single zero-dimensional vertex located at the intersection of the 22nd parallel north and the 34th meridian east.",topological,touches,"Two distinct administrative polygons that meet at exactly one mathematical coordinate without sharing any linear border.",Level 4
Mount Everest Summit,Point,Nepal-China Border,LineString,"The highest physical geographical point of Mount Everest sits exactly flush against the mathematical geodesic line defining the international border between Nepal and China.",topological,touches,"A physical extreme-elevation point geometry intersecting perfectly with an invisible geopolitical boundary line without traversing it.",Level 4
Northwest Angle,Polygon,Contiguous United States,MultiPolygon,"Although legally part of Minnesota, the Northwest Angle is completely severed from the lower 48 states by the waters of the Lake of the Woods, requiring travelers to drive through Canada to reach it.",topological,disjoint,"An exclave polygon and its parent MultiPolygon that share absolutely zero intersecting spatial coordinates due to an aquatic barrier.",Level 4
Point Nemo,Point,Ducie Island,Polygon,"The theoretical maritime coordinate known as Point Nemo is mathematically calculated to remain maximally distant and completely isolated from Ducie Island, its nearest physical landmass.",topological,disjoint,"A cartographic point geometry specifically defined by its absolute topological isolation from any terrestrial polygon.",Level 4
Channel Islands,MultiPolygon,United Kingdom,Polygon,"Despite being British Crown Dependencies, the Channel Islands are situated off the coast of Normandy, sharing no spatial coordinates with the sovereign footprint of the United Kingdom.",topological,disjoint,"Testing the difference between political affiliation and spatial geometry; the dependent MultiPolygon is totally separated from the sovereign Polygon.",Level 4
Magdeburg Water Bridge,LineString,Elbe River,LineString,"The navigable aqueduct of the Magdeburg Water Bridge physically carries the Elbe-Havel Canal directly over and completely perpendicular to the flowing waters of the Elbe River below.",topological,crosses,"Two distinct waterway line geometries that intersect in a 2D topological matrix but are completely separated by physical engineering in 3D space.",Level 4
Prime Meridian,LineString,The Equator,LineString,"The Prime Meridian and the Equator, two globally defining cartographic lines, converge at exactly one coordinate precisely located in the Gulf of Guinea, creating a singular topological node.",topological,crosses,"Two planet-spanning, invisible mathematical line geometries that intersect at exactly one fundamental point.",Level 4
PATH Train Tunnels,LineString,New York-New Jersey State Line,LineString,"The subterranean PATH train tunnels bore deeply through the bedrock of the Hudson River, piercing the invisible, vertically extruded geopolitical boundary separating New York and New Jersey.",topological,crosses,"A physical, subterranean transit line geometry cutting directly through an abstract, aquatic border line geometry.",Level 4
Baarle-Hertog Municipality,MultiPolygon,Baarle-Nassau Municipality,MultiPolygon,"The incredibly fractured cadastral borders of the Belgian Baarle-Hertog and the Dutch Baarle-Nassau result in a macro-regional footprint where both sovereign domains extensively interweave and mutually share a regional zone.",topological,overlaps,"An extreme real-world topological anomaly where dozens of micro-enclaves cause two national administrative MultiPolygons to heavily intersect in a shared zone.",Level 4
Argentine Antarctica Claim,Polygon,British Antarctic Territory,Polygon,"Under the frozen geopolitical realities of the South Pole, the pie-shaped sovereign territorial claim of Argentina massively encroaches upon the wedge claimed by the United Kingdom.",topological,overlaps,"Two sovereign legal polygons projecting over the exact same physical landmass, resulting in a massive zone of shared coordinates.",Level 4
Falkland Islands EEZ,Polygon,Argentine Sea,Polygon,"The 200-nautical-mile Exclusive Economic Zone projected outward from the Falkland Islands deeply intrudes into the sovereign maritime territory defined as the Argentine Sea.",topological,overlaps,"Two abstract legal maritime polygons that clash and intersect across a vast swath of the South Atlantic Ocean.",Level 4
Geographic South Pole,Point,90 Degrees South Latitude,Point,"The physical metallic marker designating the Geographic South Pole on the Antarctic ice sheet is continuously repositioned to remain perfectly synonymous with the absolute mathematical coordinate of 90 degrees south latitude.",topological,equals,"A physical infrastructure point geometry that is constantly updated to perfectly match an abstract mathematical point geometry.",Level 4
City of London,Polygon,The Square Mile,Polygon,"The ancient, independently governed municipal enclave officially known as the City of London shares a rigidly exact and identical topological footprint with the financial district colloquially defined as the Square Mile.",topological,equals,"Two completely different semantic named entities (one historical/administrative, one colloquial/financial) that resolve to the exact same geospatial polygon.",Level 4
Null Island,Point,WGS84 Origin Coordinate,Point,"The physical Soul weather buoy moored in the Gulf of Guinea is mathematically forced to perfectly match the theoretical WGS84 geodetic anchor point at zero degrees latitude and zero degrees longitude.",topological,equals,"A physical maritime object forced by human definition to geometrically equate perfectly with the anchor point of a global coordinate system.",Level 4
Omani Exclave of Madha,Polygon,UAE Enclave of Nahwa,Polygon,"In a rare geographical anomaly known as a second-order enclave, the sovereign borders of the Omani exclave of Madha completely envelop and trap the smaller United Arab Emirates territory of Nahwa.",topological,contains,"A complex real-world 'donut hole' where an exclave polygon acts as the geometric container for another nation's enclave polygon.",Level 4
Main Crater Lake,Polygon,Vulcan Point Island,Polygon,"Demonstrating an extreme level of natural geographical recursion, the waters of the Main Crater Lake sit inside a volcano and completely lock in the tiny landmass of Vulcan Point Island.",topological,contains,"Real-world recursive containment: a lake polygon (which is itself on an island in a lake) completely traps a smaller island polygon.",Level 4
Republic of Cyprus,Polygon,UN Buffer Zone in Cyprus,MultiPolygon,"While politically contested, the de jure sovereign territorial claim of the Republic of Cyprus formally encompasses the entirety of the United Nations-administered internal buffer zone that splits the island.",topological,contains,"A sovereign national polygon acts as the absolute container for a complex, legally distinct military MultiPolygon cutting through its center.",Level 4
Sovereign Military Order of Malta HQ,Polygon,City of Rome,Polygon,"Despite its unique status as an internationally recognized sovereign entity without a traditional state, the physical architectural footprint of the Order's headquarters sits strictly bound by the municipal borders of Rome.",topological,within,"An extraterritorial legal polygon representing a sovereign entity that is physically and topologically trapped inside a standard city polygon.",Level 4
Camp David,Polygon,Catoctin Mountain Park,Polygon,"The highly secure, restricted federal perimeter of the Presidential retreat known as Camp David is completely hidden and enclosed deep inside the forested boundaries of Catoctin Mountain Park in Maryland.",topological,within,"A highly classified, restricted federal polygon fully contained inside the exterior boundaries of a public federal park polygon.",Level 4
Loch Ness,Polygon,Great Glen Fault,Polygon,"The massive, deep freshwater body of Loch Ness is situated strictly confined by the linear geological depression created by the active Great Glen Fault slicing through the Scottish Highlands.",topological,within,"A major aquatic polygon completely bounded and enclosed by the tectonic confines of a larger geological polygon.",Level 4
Hoover Dam Concrete Face,Polygon,Lake Mead,Polygon,"The massive curved concrete wall of the Hoover Dam holds back the immense reservoir of Lake Mead, creating a continuous structural interface where the solid masonry meets the liquid body.",topological,touches,"The two structural geometries share a continuous 2D surface boundary interface without their internal volumes intruding into each other.",Level 5
Baarle-Nassau Border Monument 214,Point,Belgian-Dutch Sovereignty Line,LineString,"The stone marker designated as Border Monument 214 sits precisely on the exact boundary line separating Belgium and the Netherlands.",topological,touches,"A 0D point geometry intersects the 1D boundary line of the international border without traversing it.",Level 5
source_entity,source_geometry,target_entity,target_geometry,corpus,relation_type,relation_label,explanation,ambiguity_level
Republic of Botswana,Polygon,Republic of Zambia,Polygon,"Near the Kazungula transit hub, the sovereign territories converge at a highly specific 150-meter micro-boundary precisely in the middle of the Zambezi River.",topological,touches,"Two massive national polygons converging at an incredibly tiny linear abutment.",Level 5
Bir Tawil,Polygon,Hala'ib Triangle,Polygon,"The universally unclaimed territory and the fiercely disputed zone converge exclusively at a single zero-dimensional vertex located exactly at the 22nd parallel and 34th meridian.",topological,touches,"Two distinct administrative polygons meeting at exactly one mathematical coordinate without sharing any linear border.",Level 5
Mount Everest Summit,Point,Nepal-China Border,LineString,"The extreme physical geographical elevation point sits perfectly flush against the mathematical geodesic line defining the international border separating the two Asian nations.",topological,touches,"A physical extreme-elevation point geometry converging perfectly with an invisible boundary line.",Level 5
Hoover Dam Concrete Face,Polygon,Lake Mead Water Volume,Polygon,"The massive, rigid, concave structural masonry sits perfectly flush against the dynamic, fluid body of the sprawling reservoir.",topological,touches,"A physical 3D structural polygon sitting flush against a fluid environmental polygon.",Level 5
Baarle-Nassau Border Monument 214,Point,Belgian-Dutch Sovereignty Line,LineString,"The physical stone marker sits precisely on the exact invisible boundary line separating the sovereign domains of Belgium and the Netherlands.",topological,touches,"A zero-dimensional point geometry meeting the 1D boundary line of an international border.",Level 5
Eurotunnel Terminal Boundary,LineString,French Maritime Customs Zone,Polygon,"The final coordinate of the physical track architecture terminates right at the outer edge of the customs jurisdiction, matching its perimeter flawlessly without dropping a single meter deeper.",topological,touches,"The end node of a LineString geometry abutting the outer boundary of a Polygon.",Level 5
Four Corners Monument,Point,State of Utah,Polygon,"The physical bronze survey plaque converges precisely at the extreme southeastern tip of the desert state's geometric limits.",topological,touches,"A zero-dimensional node converging exactly at the extreme vertex of a massive state polygon.",Level 5
Diomede Islands Maritime Border,LineString,International Date Line,LineString,"The geopolitical boundary severing the US and Russia cleanly converges with the global navigational time barrier right in the middle of the Bering Strait.",topological,touches,"A geopolitical line geometry cleanly abutting a global navigational line geometry.",Level 5
Vatican City Masonry Walls,Polygon,City of Rome Streets,Polygon,"The ancient defensive fortifications stand right at the municipal edge of the Italian capital's modern thoroughfares, creating a hard stop to Italian jurisdiction.",topological,touches,"A sovereign microstate wall abutting a city municipal polygon.",Level 5
Panmunjom T2 Conference Table,Polygon,Military Demarcation Line,LineString,"The geopolitical demarcation barrier runs straight along the exact geometric midpoint of the wooden negotiating table located in the Joint Security Area.",topological,touches,"A macro geopolitical line slicing the exact geometric center of a micro furniture polygon.",Level 5
Niagara Falls Horseshoe,Polygon,Canada-US Border,LineString,"The plunging veil of water sits exactly upon the international divide severing the two North American nations.",topological,touches,"A natural feature polygon abutting an international boundary line.",Level 5
Point Roberts Exclave,Polygon,49th Parallel North,LineString,"The isolated Washington state community hangs right off the mathematical survey coordinate dividing the North American continent.",topological,touches,"An exclave polygon abutting a mathematical survey line.",Level 5
Golden Gate Bridge Northern Anchor,LineString,Marin Headlands,Polygon,"The suspended steel architecture connects directly onto the rocky landmass of the northern California coastline, ceasing its span.",topological,touches,"A bridge line geometry terminating at a landmass polygon boundary.",Level 5
State of Colorado,Polygon,State of New Mexico,Polygon,"A perfectly straight latitudinal survey boundary seamlessly unites the two southwestern jurisdictions along a shared edge.",topological,touches,"Two state administrative polygons meeting at a geometric edge.",Level 5
Trafalgar Square Base,Polygon,Nelson's Column,Point,"The massive stone paving of the square sits flush against the bottom coordinates of the towering monument honoring the naval commander.",topological,touches,"A massive flat polygon abutting the geometric base point of a vertical monument.",Level 5
Northwest Angle,Polygon,Contiguous United States,MultiPolygon,"Although legally part of Minnesota, the territory is completely severed from the lower 48 states by the waters of the Lake of the Woods, requiring travelers to drive through Canada to reach it.",topological,disjoint,"An exclave polygon and its parent MultiPolygon that share absolutely zero intersecting spatial coordinates due to an aquatic barrier.",Level 5
Point Nemo,Point,Ducie Island,Polygon,"The theoretical maritime coordinate is mathematically calculated to remain maximally distant and completely isolated from its nearest physical landmass.",topological,disjoint,"A cartographic point geometry specifically defined by its absolute isolation from any terrestrial polygon.",Level 5
Channel Islands,MultiPolygon,United Kingdom,Polygon,"Despite being British Crown Dependencies, the islands are situated off the coast of Normandy, sharing absolutely zero spatial coordinates with the sovereign footprint of the mainland.",topological,disjoint,"Political affiliation versus spatial geometry; a dependent MultiPolygon is totally separated from its sovereign Polygon.",Level 5
CERN Large Hadron Collider,LineString,City of Geneva,Polygon,"The 27-kilometer subterranean ring is buried 100 meters beneath the surface, ensuring the particle accelerator runs completely isolated from the municipal infrastructure directly above it.",topological,disjoint,"Two entities that heavily share space on a 2D map but have zero spatial coordinates in a true 3D volumetric model.",Level 5
Seikan Tunnel,LineString,Tsugaru Strait Water Volume,Polygon,"The transit tunnel is bored deep into solid bedrock beneath the ocean floor, allowing trains to travel completely isolated from the massive aquatic body directly overhead.",topological,disjoint,"A subterranean transport LineString separated vertically from an aquatic volumetric Polygon.",Level 5
Kingdom of Lesotho,Polygon,Indian Ocean Maritime Boundary,Polygon,"As a landlocked nation entirely surrounded by South African territory, the kingdom is completely cut off from the physical coastline of the ocean.",topological,disjoint,"Two distinct geographical polygons separated entirely by an intervening sovereign landmass.",Level 5
State of Georgia (USA),Polygon,Republic of Georgia (Country),Polygon,"Despite sharing identically spelled designations, the American territory and the Caucasian nation are completely severed by the vast Atlantic Ocean.",topological,disjoint,"A semantic deduplication trap where identically named entities have completely isolated geometries.",Level 5
Little Diomede Island,Polygon,Big Diomede Island,Polygon,"Sitting just 2.4 miles apart, the physical landmasses share no spatial coordinates and are further severed by a 21-hour temporal gap.",topological,disjoint,"Two physically proximate island polygons entirely isolated by water and temporal geography.",Level 5
Kaliningrad Oblast,Polygon,Mainland Russia,Polygon,"The strategic Baltic exclave is completely separated from the mainland by intervening independent European nations like Lithuania and Belarus.",topological,disjoint,"An exclave administrative polygon entirely severed from its mainland parent polygon.",Level 5
Brooklyn Bridge Roadway,LineString,East River Surface,Polygon,"The suspended steel roadway spans high in the air above the water's surface, ensuring the cars stay completely dry.",topological,disjoint,"A bridge line geometry and a river polygon geometry that are strictly separated in 3D space.",Level 5
PATH Train Tunnels,LineString,Hudson River Water Volume,Polygon,"The subterranean transit tubes bore deeply beneath the aquatic boundary, keeping commuters entirely isolated from the flowing river above.",topological,disjoint,"Subterranean transit lines completely separated vertically from a surface river.",Level 5
Bosphorus Bridge Roadway,LineString,Bosphorus Strait,Polygon,"Massive suspension pylons keep the transcontinental roadway completely elevated above the turbulent shipping lanes connecting the two seas.",topological,disjoint,"An elevated bridge line strictly separated from a maritime strait polygon.",Level 5
Gotthard Base Tunnel,LineString,Swiss Alps Surface,Polygon,"The multi-billion dollar transit tube runs exclusively through deep subterranean bedrock without interacting with the towering mountain peaks above.",topological,disjoint,"A deep subterranean line separated from complex geological surface polygons.",Level 5
Falkland Islands,MultiPolygon,United Kingdom Mainland,Polygon,"The contested territory sits completely isolated in the frigid South Atlantic, thousands of miles away from the sovereign capital in Europe.",topological,disjoint,"Overseas territories isolated globally from their parent nation.",Level 5
Svalbard Global Seed Vault Entrance,Point,Equator,LineString,"The secure subterranean entryway in the extreme Arctic is mathematically isolated from the planetary latitudinal line by thousands of miles.",topological,disjoint,"A point geometry and a planetary line completely severed by global distance.",Level 5
Magdeburg Water Bridge,LineString,Elbe River,LineString,"The navigable aqueduct physically carries the canal directly over and completely perpendicular to the flowing waters of the river below.",topological,crosses,"Two distinct waterway line geometries that intersect in a 2D matrix but are completely separated by physical engineering in 3D space.",Level 5
Prime Meridian,LineString,The Equator,LineString,"The two globally defining cartographic lines converge at exactly one coordinate precisely located in the Gulf of Guinea, creating a singular topological node.",topological,crosses,"Two planet-spanning mathematical line geometries intersecting at exactly one point.",Level 5
PATH Train Tunnels,LineString,New York-New Jersey State Line,LineString,"The subterranean transit tubes bore deeply through the bedrock, piercing the invisible, vertically extruded geopolitical boundary separating the two states.",topological,crosses,"A physical, subterranean transit line slicing directly through an abstract border line.",Level 5
Vennbahn Railway,LineString,Federal Republic of Germany,Polygon,"The Belgian-owned transit corridor violently carves up the landscape, piercing the international border multiple times and creating five sovereign enclaves.",topological,crosses,"A highly complex transport line geometry traversing an international border and structurally altering it.",Level 5
Tropic of Capricorn,LineString,Great Dividing Range,Polygon,"The purely mathematical planetary latitude silently slices the rugged, physical geological boundary of the Australian mountain peaks.",topological,crosses,"An abstract planetary boundary line traversing a physical geological polygon.",Level 5
Channel Tunnel,LineString,English Channel Maritime Zone,Polygon,"The subterranean transit line bores entirely beneath the seabed, charting a course from the French coastline straight through to the British side.",topological,crosses,"A subterranean line completely traversing a maritime polygon footprint.",Level 5
Panama Canal,LineString,Isthmus of Panama,Polygon,"The complex artificial waterway slices directly through the Central American landmass, bridging the gap between two global oceans.",topological,crosses,"An artificial canal line traversing a massive landmass polygon.",Level 5
Gotthard Base Tunnel,LineString,Swiss-Italian International Border,LineString,"The deep 3D transit line cuts a path through the vertical projection of the international boundary deep under the Alpine bedrock.",topological,crosses,"A subterranean tunnel line intersecting an international boundary line.",Level 5
Route 66,LineString,Mississippi River,LineString,"The historic American highway bridges a path completely over the flowing waters via the historic Chain of Rocks structure.",topological,crosses,"A highway line intersecting a major river line.",Level 5
Appalachian Trail,LineString,Mason-Dixon Line,LineString,"The legendary hiking path weaves a route directly over the historical survey boundary severing the northern and southern states.",topological,crosses,"A physical hiking trail line intersecting a historical boundary line.",Level 5
Suez Canal,LineString,Egypt,Polygon,"The massive engineering project cuts a continuous path right through the desert sands, breaking the national landmass to connect two seas.",topological,crosses,"An artificial canal traversing a national polygon.",Level 5
Trans-Alaska Pipeline,LineString,Arctic Circle,LineString,"The massive steel tube plunges straight over the imaginary global latitude on its route down to the southern ice-free port.",topological,crosses,"An infrastructure line intersecting a global latitudinal line.",Level 5
Amundsen-Scott South Pole Station Ski Way,LineString,All 360 Meridians of Longitude,MultiLineString,"A plane taking off from the frozen runway flies in a tight arc that slices through every single meridian converging at the geographic pole.",topological,crosses,"A local transit LineString intersecting a planet-spanning MultiLineString network.",Level 5
International Date Line,LineString,Chukchi Sea Maritime Zone,Polygon,"The zig-zagging navigational path sweeps directly through the center of the frigid maritime zone to sever two distinct calendar days.",topological,crosses,"An abstract global line geometry traversing a large maritime polygon.",Level 5
Baarle-Hertog Municipality,MultiPolygon,Baarle-Nassau Municipality,MultiPolygon,"The incredibly fractured cadastral borders of the Belgian and Dutch towns result in a macro-regional footprint where both sovereign domains extensively interweave and mutually share a regional zone.",topological,overlaps,"An extreme anomaly where dozens of micro-enclaves cause two national MultiPolygons to heavily intersect in a shared zone.",Level 5
Argentine Antarctica Claim,Polygon,British Antarctic Territory,Polygon,"Under the frozen geopolitical realities of the South Pole, the pie-shaped sovereign territorial claim of the South American nation massively encroaches upon the wedge claimed by London.",topological,overlaps,"Two sovereign legal polygons mutually projecting over the exact same physical landmass.",Level 5
Falkland Islands EEZ,Polygon,Argentine Sea,Polygon,"The 200-nautical-mile economic projection extending outward from the British islands deeply intrudes into the sovereign maritime territory recognized by Buenos Aires.",topological,overlaps,"Two abstract legal maritime polygons that clash and intersect mutually in a vast swath of ocean.",Level 5
Historical Roman Empire (AD 117),Polygon,Modern European Union,Polygon,"Geospatial mapping reveals that the maximum territorial extent of the ancient historical footprint heavily encroaches upon the vast majority of the modern sovereign boundaries of the political bloc.",topological,overlaps,"A temporal-geospatial mutual sharing between an extinct historical polygon and a modern administrative polygon.",Level 5
Nine-Dash Line Claim,Polygon,Philippine Exclusive Economic Zone (EEZ),Polygon,"The massive, highly ambiguous maritime polygon claimed by Beijing heavily encroaches upon and mutually shares waters with the internationally recognized zones of Manila.",topological,overlaps,"A geopolitical clash where two distinct maritime polygons claim the same space.",Level 5
Abyei Administrative Area,Polygon,Republic of Sudan,Polygon,"Acting as a geopolitical condominium, the region ensures the sovereign administrative claims of both Khartoum and Juba legally and spatially share a highly contested jurisdiction.",topological,overlaps,"A legal anomaly where an administrative polygon represents the legalized sharing of two sovereign nations.",Level 5
Spratly Islands Maritime Claims,MultiPolygon,Vietnamese Exclusive Economic Zone,Polygon,"The sweeping multi-layered geopolitical claims heavily clash with the internationally recognized economic zone, creating a vast area of dual jurisdiction in the sea.",topological,overlaps,"A highly fractured legal MultiPolygon heavily encroaching on a continuous national maritime Polygon.",Level 5
Kashmir Region,Polygon,Indian Territorial Claim,Polygon,"The intensely disputed military zones heavily share the exact same regional mapping as the sovereign claims broadcast by New Delhi.",topological,overlaps,"A contested regional polygon heavily sharing coordinates with a national claim.",Level 5
Kuril Islands,MultiPolygon,Japanese Territorial Claim,Polygon,"The competing diplomatic maps mutually project over the exact same frigid island chain in the northern Pacific.",topological,overlaps,"A physical multi-polygon sharing identical coordinates with a diplomatic claim.",Level 5
Rust Belt,Polygon,American Midwest,Polygon,"The historical industrial economic region heavily shares a massive geographic footprint with the central states of the country.",topological,overlaps,"An economic region polygon heavily intersecting a geographic regional polygon.",Level 5
Sahara Desert,Polygon,Sahel Region,Polygon,"The arid sands mutually blend and share a massive transition zone with the semi-arid regional band stretching across Africa.",topological,overlaps,"Two massive environmental polygons sharing a vast transitional intersection.",Level 5
Amazon Basin,Polygon,Andes Mountains Foothills,Polygon,"The dense jungle ecosystem heavily bleeds into and shares a geographic footprint with the lower mountainous elevations in South America.",topological,overlaps,"Two ecological/geological polygons intersecting over a massive regional transition.",Level 5
Kurdish Inhabited Region,Polygon,Republic of Turkey,Polygon,"The cultural and demographic zone heavily shares map space with the southeastern national borders of the transcontinental country.",topological,overlaps,"A cultural demographic polygon sharing space with a sovereign nation.",Level 5
Tornado Alley,Polygon,State of Oklahoma,Polygon,"The dangerous meteorological zone heavily encompasses the entire state while bleeding outward into the surrounding plains.",topological,overlaps,"A meteorological zone polygon intersecting heavily with a state polygon.",Level 5
Geographic South Pole,Point,90 Degrees South Latitude,Point,"The physical metallic marker on the ice sheet is continuously repositioned to remain perfectly synonymous with the absolute mathematical coordinate of the planetary axis.",topological,equals,"A physical infrastructure point geometry constantly updated to perfectly match an abstract mathematical point.",Level 5
City of London,Polygon,The Square Mile,Polygon,"The ancient, independently governed municipal enclave shares a rigidly exact and identical topological footprint with the financial district colloquially defined by its size.",topological,equals,"Two completely different semantic named entities that resolve to the exact same geospatial polygon.",Level 5
Null Island,Point,WGS84 Origin Coordinate,Point,"The physical Soul weather buoy moored in the Gulf of Guinea is mathematically forced to perfectly match the theoretical geodetic anchor point at zero degrees latitude and zero degrees longitude.",topological,equals,"A physical maritime object forced by human definition to geometrically equate perfectly with an anchor point.",Level 5
Historical Mount McKinley Summit,Point,Modern Denali Summit,Point,"Following the 2015 federal renaming, the colonial surveying coordinates were officially reverted to perfectly match the indigenous summit footprint down to the millimeter.",topological,equals,"Semantic identicalness requiring historical context resolving to the exact same physical node.",Level 5
Constantinople Walled City (1453),Polygon,Fatih District of Istanbul,Polygon,"The defensive geometric perimeter of the historical walled city is topologically identical to the modern administrative borders of the municipal district.",topological,equals,"A temporal and cartographic alignment where an ancient architectural polygon perfectly matches a modern municipal polygon.",Level 5
Svalbard Treaty Zone,Polygon,Spitsbergen Archipelago,MultiPolygon,"The international demilitarized legal polygon was drafted to map exactly 1:1 with the physical geographic multi-polygon of the frozen island chain.",topological,equals,"An abstract diplomatic treaty boundary designed to perfectly equate with the physical boundaries of an archipelago.",Level 5
Demilitarized Zone (DMZ),Polygon,1953 Korean Armistice Ceasefire Buffer,Polygon,"The heavily fortified physical perimeter seamlessly mirrors the theoretical boundaries drafted in the historical military agreement, creating a perfect mapping symmetry.",topological,equals,"A physically constructed military buffer zone perfectly matching a legally codified treaty polygon.",Level 5
Independent City of St. Louis,Polygon,St. Louis County Municipal Boundary,Polygon,"Because it operates entirely independently, the municipal limits represent the exact same geographical footprint as its county-level equivalent.",topological,equals,"Two distinct levels of civic administration mapping to a perfectly identical topological footprint.",Level 5
State of Rhode Island,Polygon,Providence Plantations,Polygon,"The modern geometric borders of the smallest US state map flawlessly to the historical colonial land-grant lines down to the final survey marker.",topological,equals,"A modern administrative polygon and a historical legal polygon resolving to the exact same coordinates.",Level 5
Eiffel Tower Spire Tip,Point,Highest Architectural Node of Paris,Point,"The physical lightning rod at the top of the iron lattice maps precisely to the coordinate legally designated as the highest municipal architectural point.",topological,equals,"Two separate semantic concepts resolving to the identical 0D node.",Level 5
Vatican City,Polygon,Holy See Jurisdiction,Polygon,"The physical masonry walls that define the microstate map flawlessly to the sovereign territorial limits recognized by international diplomatic law.",topological,equals,"A physical architectural polygon mapping exactly to a legal diplomatic polygon.",Level 5
Independent City of Baltimore,Polygon,City of Baltimore Municipal Limits,Polygon,"Operating completely outside the county system, the local municipality maps identically to its highest-level administrative tier.",topological,equals,"Two distinct legal definitions mapping perfectly to the same urban footprint.",Level 5
Borough of Brooklyn,Polygon,Kings County,Polygon,"The massive New York borough maps to an identical set of geometric coordinates as the state-level jurisdictional zone.",topological,equals,"A city borough and a state county mapping exactly to the same geographic footprint.",Level 5
City of Philadelphia,Polygon,Philadelphia County,Polygon,"Operating under a consolidated government, the municipal limits seamlessly mirror the county boundary lines, blending them into one entity.",topological,equals,"Two administrative entities covering the exact same topological footprint.",Level 5
Omani Exclave of Madha,Polygon,UAE Enclave of Nahwa,Polygon,"In a rare geographical anomaly known as a second-order enclave, the sovereign borders of the Omani territory completely envelop and trap the smaller United Arab Emirates jurisdiction.",topological,contains,"A complex real-world donut hole where an exclave polygon acts as the geometric container for an enclave polygon.",Level 5
Main Crater Lake,Polygon,Vulcan Point Island,Polygon,"Demonstrating an extreme level of natural geographical recursion, the waters of the basin sit completely wrapping a volcano and entirely lock in the tiny landmass at their center.",topological,contains,"Real-world recursive containment: a lake polygon entirely traps a smaller island polygon.",Level 5
Republic of Cyprus,Polygon,UN Buffer Zone in Cyprus,MultiPolygon,"While politically contested, the de jure sovereign territorial claim formally encompasses the entirety of the military strip slicing through its center.",topological,contains,"A sovereign national polygon acts as the absolute container for a legally distinct military MultiPolygon.",Level 5
Navajo Nation Reservation,Polygon,Hopi Reservation,Polygon,"In a rare display of domestic sovereign recursion, the massive tribal territory completely encircles and isolates the independently governed lands on all sides.",topological,contains,"A macro-administrative polygon acting as the absolute geometric container for a distinct micro-administrative polygon.",Level 5
Victoria Island Landmass,Polygon,Unnamed Third-Order Arctic Island (69.793 N 108.241 W),Polygon,"In a remarkable case of recursive geography, the massive Arctic landmass completely wraps an interior lake, which cradles a smaller island, which shelters a sub-lake that entirely traps the unnamed landmass.",topological,contains,"Extreme geographic recursion where a macro-scale island acts as the ultimate top-level container for a deep sub-island.",Level 5
Yellowstone National Park,Polygon,Yellowstone Supervolcano Caldera,Polygon,"The square, human-drawn federal boundaries were established broadly enough to completely safeguard the sprawling, subterranean geological footprint of the active natural hazard.",topological,contains,"A man-made administrative surface polygon acting as the absolute geometric container for a subterranean volcanic polygon.",Level 5
South Africa,Polygon,Kingdom of Lesotho,Polygon,"The massive national boundaries entirely wrap around the independent, high-altitude kingdom, isolating it from any coastline or other neighbors.",topological,contains,"A massive nation polygon completely enveloping an independent sovereign nation.",Level 5
Republic of Italy,Polygon,San Marino,Polygon,"The sovereign Italian territory completely encircles the ancient microstate, locking it permanently inland away from the Mediterranean.",topological,contains,"A sovereign nation acting as an absolute geographic container for another sovereign nation.",Level 5
Senegal,Polygon,The Gambia,Polygon,"The francophone nation completely surrounds the slender borders of its neighbor on all terrestrial sides, leaving only the ocean exposed.",topological,contains,"A national polygon almost entirely enveloping another, acting as its primary host.",Level 5
Australia,Polygon,Australian Capital Territory,Polygon,"The massive continental bounds completely serve as the absolute host for the inland capital territory governing the nation.",topological,contains,"A massive continental polygon completely enclosing a specific administrative territory.",Level 5
Lake Superior,Polygon,Isle Royale,Polygon,"The massive fresh waters completely encircle the remote wilderness island, isolating it from the mainland shores.",topological,contains,"A massive freshwater lake polygon completely enveloping an island multi-polygon.",Level 5
State of Texas,Polygon,The Alamo Mission Footprint,Polygon,"The sprawling state lines completely serve as the absolute boundary box for the historical mission's architectural real estate.",topological,contains,"A massive state polygon acting as the absolute container for a historical architectural polygon.",Level 5
Switzerland,Polygon,Campione d'Italia,Polygon,"The Swiss cantons completely encircle the tiny Italian exclave situated near the waters of Lake Lugano, isolating it from the Italian mainland.",topological,contains,"A sovereign nation acting as the geographic container for a tiny foreign exclave.",Level 5
Pacific Ocean,Polygon,State of Hawaii,MultiPolygon,"The vast oceanic waters act as a complete geometric host for the isolated volcanic island chain located thousands of miles from any continent.",topological,contains,"An ocean polygon fully enclosing a state multi-polygon.",Level 5
Sovereign Military Order of Malta HQ,Polygon,City of Rome,Polygon,"Despite its unique status as an internationally recognized sovereign entity without a traditional state, the physical architectural footprint sits strictly bound by the municipal borders of the Italian capital.",topological,within,"An extraterritorial legal polygon entirely trapped inside a standard city polygon.",Level 5
Camp David,Polygon,Catoctin Mountain Park,Polygon,"The highly secure, restricted perimeter of the Presidential retreat is completely hidden and locked deep inside the forested boundaries of the public federal preserve in Maryland.",topological,within,"A classified, restricted federal polygon fully bounded by a public federal park polygon.",Level 5
Loch Ness,Polygon,Great Glen Fault,Polygon,"The massive, deep freshwater body is situated strictly confined by the linear geological depression created by the active tectonic forces slicing through the Scottish Highlands.",topological,within,"A major aquatic polygon completely bounded by the tectonic confines of a geological polygon.",Level 5
Municipality of Llivia,Polygon,French Republic,Polygon,"The historic Spanish municipality operates as a fully detached sovereign exclave situated entirely in the interior territory of the host nation.",topological,within,"A complete geopolitical donut hole where a municipality is completely trapped in a foreign nation.",Level 5
Camp Zeist Legal Compound (1999),Polygon,Kingdom of the Netherlands,Polygon,"During the high-profile Lockerbie trial, the physical footprint was temporarily ceded to Scottish jurisdiction while remaining completely embedded in the host nation's boundaries.",topological,within,"A temporal, second-order legal enclave fully enclosed by a host nation's polygon.",Level 5
Svalbard Global Seed Vault,Polygon,Spitsbergen Permafrost Zone,Polygon,"The secure physical subterranean architectural footprint is bored completely into the deep geological polygon of the freezing layer to preserve agricultural diversity.",topological,within,"An engineered architectural polygon fully confined inside a specialized environmental polygon.",Level 5
United Nations Headquarters,Polygon,Borough of Manhattan,Polygon,"Despite its international diplomatic status, the physical real estate sits entirely confined inside the municipal borders of the massive urban grid.",topological,within,"An international legal polygon physically completely confined inside a city borough polygon.",Level 5
London Underground Central Line,LineString,Greater London Authority,Polygon,"The complex subterranean transit route operates completely shut inside the administrative borders, never reaching the outer shires of the country.",topological,within,"A subterranean transport line completely bounded by a municipal polygon.",Level 5
Principality of Monaco,Polygon,French Riviera Coastline,Polygon,"The tiny sovereign principality sits fully encompassed by the broader geographic and cultural region of the southern coast.",topological,within,"A sovereign micro-state fully encompassed by a larger regional geography polygon.",Level 5
San Marino,Polygon,Italian Peninsula,Polygon,"The sovereign microstate operates entirely trapped inside the massive boots-shaped landmass extending into the Mediterranean Sea.",topological,within,"A sovereign micro-state completely bounded by a massive continental peninsula.",Level 5
Kingdom of Lesotho,Polygon,South African Borders,Polygon,"The independent kingdom sits strictly confined by the surrounding borders of the massive host nation, unable to access the ocean.",topological,within,"An independent nation polygon completely confined by another nation's polygon.",Level 5
The Pentagon,Polygon,Arlington County Boundaries,Polygon,"The massive military structure and its grounds sit squarely encapsulated by the local county lines of the state of Virginia.",topological,within,"A massive military building footprint completely bounded by a local county polygon.",Level 5
Busingen am Hochrhein,Polygon,Swiss Canton of Schaffhausen,Polygon,"The German municipal exclave operates entirely locked inside the Swiss regional borders, utilizing Swiss public services and currency.",topological,within,"A foreign municipal exclave completely trapped by a host nation's regional canton.",Level 5
Central Park,Polygon,New York City Municipal Grid,Polygon,"The massive green space is completely boxed in by the relentless urban masonry of the dense metropolitan island.",topological,within,"A massive park polygon completely bounded by a dense urban municipal grid.",Level 5
Eurotunnel Terminal Boundary,LineString,French Maritime Customs Zone,Polygon,"The final coordinate of the Eurotunnel track architecture terminates right at the outer edge of the French Maritime Customs Zone, matching its perimeter flawlessly without dropping a single meter inside.",topological,touches,"The end node of a LineString geometry meets the outer boundary of a Polygon without any internal spatial intrusion.",Level 5
CERN Large Hadron Collider,LineString,City of Geneva,Polygon,"The 27-kilometer subterranean ring of the Large Hadron Collider is buried 100 meters beneath the surface, ensuring the particle accelerator runs completely isolated from the municipal infrastructure of Geneva directly above it.",topological,disjoint,"Two entities that heavily intersect when projected onto a standard 2D cartographic map, but share zero spatial coordinates in a true 3D volumetric model.",Level 5
Seikan Tunnel,LineString,Tsugaru Strait Water Volume,Polygon,"The Seikan Tunnel is bored deep into the solid bedrock beneath the ocean floor, allowing trains to transit completely isolated from the aquatic body of the Tsugaru Strait directly overhead.",topological,disjoint,"A subterranean transport LineString and an aquatic volumetric Polygon that are separated vertically by a bedrock layer, sharing no 3D points.",Level 5
Kingdom of Lesotho,Polygon,Indian Ocean Maritime Boundary,Polygon,"As a landlocked nation entirely surrounded by South African territory, Lesotho is completely cut off from the physical coastline of the Indian Ocean Maritime Boundary.",topological,disjoint,"Two distinct geographical polygons separated entirely by an intervening sovereign landmass, ensuring zero shared boundaries or interiors.",Level 5
Gotthard Base Tunnel,LineString,Swiss-Italian International Border,LineString,"Bored deep through the alpine bedrock, the multi-billion dollar Gotthard Base Tunnel pierces the underground projection of the Swiss-Italian international border line.",topological,crosses,"A 3D physical transit LineString cutting across the 3D vertical projection of an international border LineString.",Level 5
International Date Line,LineString,Chukchi Sea Maritime Zone,Polygon,"The zig-zagging navigational path of the International Date Line sweeps directly through the center of the Chukchi Sea Maritime Zone to separate two distinct calendar days.",topological,crosses,"An abstract global line geometry intersects both the exterior and interior coordinates of a large maritime polygon.",Level 5
Amundsen-Scott South Pole Station Ski Way,LineString,All 360 Meridians of Longitude,MultiLineString,"A plane taking off from the Amundsen-Scott South Pole Station ski way flies in a tight arc that slices through every single meridian of longitude converging at the geographic pole.",topological,crosses,"A local transit LineString intersects a planet-spanning MultiLineString network at a zero-dimensional topological point.",Level 5
Abyei Area,Polygon,Republic of South Sudan,Polygon,"Administered as a special geopolitical condominium, the Abyei Area shares its sovereign jurisdiction with both the Republic of Sudan and the Republic of South Sudan, leading to a severely contested shared territory.",topological,overlaps,"Two administrative polygons that share a massive interior region while maintaining exclusive external territories.",Level 5
Historical Ottoman Empire Footprint (1683),Polygon,Modern European Union Territory,Polygon,"Geospatial mapping reveals that the historical Ottoman Empire footprint at its peak territorial extent shares a massive geographic area with the modern European Union territory, though both possess vast exclusive lands.",topological,overlaps,"A temporal-geospatial overlap between an extinct historical polygon and a modern multi-state administrative polygon.",Level 5
Spratly Islands Maritime Claims,MultiPolygon,Philippine Exclusive Economic Zone,Polygon,"The sweeping multi-layered maritime claims over the Spratly Islands heavily clash with the internationally recognized Philippine Exclusive Economic Zone, creating a vast area of dual claimed jurisdiction in the South China Sea.",topological,overlaps,"A highly fractured legal MultiPolygon overlapping a continuous national maritime Polygon.",Level 5
Svalbard Treaty Zone,Polygon,Spitsbergen Archipelago,MultiPolygon,"The international legal framework established the Svalbard Treaty Zone to perfectly align with the physical geographic boundaries of the Spitsbergen Archipelago, ensuring their administrative perimeters are identical.",topological,equals,"An abstract treaty boundary polygon designed to match 1:1 with the irregular coordinates of a physical island chain MultiPolygon.",Level 5
Eiffel Tower Spire Tip,Point,Highest Architectural Node of Paris,Point,"The physical lightning rod at the top of the Eiffel Tower spire tip maps precisely to the coordinate designated as the Highest Architectural Node of Paris.",topological,equals,"Two separate semantic concepts—a physical landmark feature and a municipal architectural superlative—resolving to the identical 0D node.",Level 5
Demilitarized Zone (DMZ),Polygon,1953 Korean Armistice Ceasefire Buffer,Polygon,"The heavily fortified physical perimeter of the DMZ seamlessly mirrors the theoretical boundaries drafted in the 1953 Korean Armistice Ceasefire Buffer agreement, creating a perfect mapping symmetry.",topological,equals,"A physically constructed military buffer zone perfectly matching a legally codified treaty polygon down to the coordinate level.",Level 5
Navajo Nation Reservation,Polygon,Hopi Reservation,Polygon,"The sovereign tribal borders of the Navajo Nation Reservation completely encircle and isolate the independently governed Hopi Reservation on all sides.",topological,contains,"A domestic sovereign 'donut hole' topology where the source polygon fully encloses the target polygon's internal and external limits.",Level 5
Victoria Island Landmass,Polygon,Unnamed Third-Order Arctic Island (69.793 N 108.241 W),Polygon,"In a remarkable case of recursive geography, the massive Victoria Island landmass encompasses an interior lake, which cradles a smaller island, which shelters a sub-lake that entirely traps an unnamed third-order Arctic island.",topological,contains,"Extreme nested geographical recursion where a macro-scale island polygon acts as the ultimate top-level container for a deep sub-island polygon.",Level 5
Yellowstone National Park,Polygon,Yellowstone Supervolcano Caldera,Polygon,"The federal boundaries of Yellowstone National Park were drawn broadly enough to completely safeguard the sprawling, subterranean geological footprint of the active Yellowstone Supervolcano Caldera.",topological,contains,"A man-made administrative surface polygon acting as the absolute geometric container for a massive, naturally occurring subterranean volcanic polygon.",Level 5
Municipality of Llivia,Polygon,French Republic,Polygon,"The historic Spanish municipality of Llivia operates as a fully detached sovereign exclave situated entirely in the interior territory of the French Republic.",topological,within,"A complete geopolitical enclave scenario where the target municipal polygon is located strictly inside the interior coordinates of a host nation's polygon.",Level 5
Camp Zeist Legal Compound (1999),Polygon,Kingdom of the Netherlands,Polygon,"During the high-profile Lockerbie trial, the physical footprint of the Camp Zeist legal compound was temporarily ceded to Scottish jurisdiction while remaining geographically embedded in the Kingdom of the Netherlands.",topological,within,"A temporal and legal anomaly where a sovereign extraterritorial target polygon is situated completely within the boundary lines of a host national polygon.",Level 5
Svalbard Global Seed Vault Entry,Point,Platåberget Mountain Permafrost,Polygon,"The secure vault entryway of the Svalbard Global Seed Vault is bored deep into the heart of the Platåberget Mountain Permafrost layer to preserve agricultural diversity.",topological,within,"A human-engineered infrastructure Point geometry located strictly inside the interior 3D volume/coordinates of an environmental permafrost Polygon.",Level 5
source_entity,source_geometry,target_entity,target_geometry,corpus,relation_type,relation_label,explanation,ambiguity_level
State of Kansas,Polygon,United States,Polygon,"The landlocked midwestern state is completely encircled by the national boundaries on all sides.",topological,within,"The source state polygon is completely enveloped by the target country polygon.",Level 1
City of Paris,Polygon,France,Polygon,"The densely populated capital city is strictly bounded by the national frontiers of the European nation.",topological,within,"A city polygon entirely trapped by a nation polygon.",Level 1
City of Austin,Polygon,State of Texas,Polygon,"The municipal limits of the capital city are completely boxed in by the massive state borders.",topological,within,"A city polygon completely surrounded by a state polygon.",Level 1
City of Berlin,Polygon,Germany,Polygon,"The urban footprint of the historic metropolis is entirely surrounded by the sovereign limits of the country.",topological,within,"A city polygon completely enveloped by a country polygon.",Level 1
City of Denver,Polygon,State of Colorado,Polygon,"The mile-high city nestled near the mountains is entirely trapped by the rectangular state lines.",topological,within,"A city polygon acting as the interior object to a complete bounding box.",Level 1
Mount Fuji,Polygon,Japan,Polygon,"The iconic geological base is completely surrounded by the territory of the island nation.",topological,within,"The geological polygon is completely encircled by the national polygon.",Level 1
Uluru,Polygon,Australia,Polygon,"The ancient sandstone monolith located in the arid center is completely surrounded by the massive continental landmass.",topological,within,"A landmark polygon fully enclosed by a continental polygon.",Level 1
Island of Malta,Polygon,Mediterranean Sea,Polygon,"The rocky shores of the island are completely encircled by the salty waters on every side.",topological,within,"An island polygon strictly bounded by a sea polygon.",Level 1
Central Park,Polygon,State of New York,Polygon,"The massive green rectangle located in Manhattan is completely enclosed by the state lines.",topological,within,"A park polygon completely enveloped by a state polygon.",Level 1
City of Sacramento,Polygon,State of California,Polygon,"The central municipal grid is entirely surrounded by the sprawling borders of the massive state.",topological,within,"A city polygon completely encircled by a state polygon.",Level 1
Province of Alberta,Polygon,Canada,Polygon,"The landlocked province is completely wrapped by the national frontiers of the massive country.",topological,within,"A provincial polygon fully bounded by a country polygon.",Level 1
City of Orlando,Polygon,State of Florida,Polygon,"The inland municipal limits are completely trapped by the peninsular state borders.",topological,within,"An inland city boxed in by a state polygon.",Level 1
City of London,Polygon,United Kingdom,Polygon,"The urban borders of the historic capital are completely encompassed by the island nation.",topological,within,"A city polygon completely surrounded by a nation polygon.",Level 1
City of Columbus,Polygon,State of Ohio,Polygon,"The central municipal footprint is completely encircled by the midwestern state boundaries.",topological,within,"A city enveloped by an absolute perimeter.",Level 1
City of Rome,Polygon,Italy,Polygon,"The ancient municipal grid is entirely enveloped by the sovereign territory of the country.",topological,within,"A city polygon completely bounded by a national polygon.",Level 1
City of Phoenix,Polygon,State of Arizona,Polygon,"The sprawling urban footprint is perfectly boxed in by the desert state limits.",topological,within,"A city polygon fully enclosed by a state polygon.",Level 1
City of Madrid,Polygon,Spain,Polygon,"The central capital city is entirely encircled by the national borders.",topological,within,"A city trapped by a complete national boundary.",Level 1
City of Seattle,Polygon,State of Washington,Polygon,"The coastal municipal grid is completely wrapped by the state lines.",topological,within,"A city polygon fully surrounded by a state polygon.",Level 1
Island of Oahu,Polygon,Pacific Ocean,Polygon,"The volcanic shores are completely isolated and encircled by the vast oceanic waters.",topological,within,"An island polygon perfectly isolated by an absolute oceanic boundary.",Level 1
City of Springfield,Polygon,State of Illinois,Polygon,"The municipal footprint is perfectly surrounded by the midwestern state limits.",topological,within,"A city polygon completely enveloped by a state polygon.",Level 1
Kingdom of Lesotho,Polygon,South Africa,Polygon,"The independent, high-altitude kingdom is entirely wrapped by the massive national boundaries, isolating it from any coastline.",topological,within,"An independent sovereign nation completely enveloped by a massive nation polygon.",Level 2
San Marino,Polygon,Republic of Italy,Polygon,"The ancient microstate is completely encircled by the sovereign territory, locking it permanently inland.",topological,within,"A sovereign nation completely enveloped by an absolute geographic host.",Level 2
Isle Royale,Polygon,Lake Superior,Polygon,"The remote wilderness island is completely encircled by the massive fresh waters, isolating it perfectly from the mainland.",topological,within,"An island multi-polygon completely enveloped by a massive freshwater lake polygon.",Level 2
The Gambia,Polygon,Senegal,Polygon,"The slender borders of the anglophone nation are completely surrounded by the francophone country on all terrestrial sides.",topological,within,"A national polygon almost entirely enveloped by another on all land-based sides.",Level 2
Ssese Islands,MultiPolygon,Lake Victoria,Polygon,"The archipelago is completely encircled by the massive fresh waters, severing the islands entirely from the African shores.",topological,within,"A target MultiPolygon geometrically trapped by a lake perimeter.",Level 2
Grand Teton National Park,Polygon,State of Wyoming,Polygon,"The massive federal park lands preserving the jagged mountain peaks are perfectly boxed in by the straight survey lines.",topological,within,"A national park polygon entirely bound by a state perimeter.",Level 2
Yosemite National Park,Polygon,State of California,Polygon,"The massive granite cliffs and valleys of the federal preserve are completely enveloped by the sprawling state borders.",topological,within,"A national park completely bounded by a state polygon.",Level 2
Madagascar,Polygon,Indian Ocean,Polygon,"The massive island ecosystem is completely isolated from the mainland by the warm oceanic currents.",topological,within,"A massive island polygon completely encircled by an ocean polygon.",Level 2
Zion National Park,Polygon,State of Utah,Polygon,"The federal boundaries protecting the deep red rock canyons are completely surrounded by the desert state.",topological,within,"A national park polygon fully enclosed by a state polygon.",Level 2
Bermuda,MultiPolygon,Atlantic Ocean,Polygon,"The isolated archipelago is completely boxed in by the turbulent deep waters hundreds of miles from the nearest continent.",topological,within,"A remote island chain bound by an absolute oceanic boundary.",Level 2
Australian Capital Territory,Polygon,New South Wales,Polygon,"The inland territory governing the nation is completely bounded by the massive state borders.",topological,within,"A specific administrative territory completely enclosed by a massive regional polygon.",Level 2
Manitoulin Island,Polygon,Lake Huron,Polygon,"The massive freshwater island is completely encircled by the sprawling Great Lake, isolating its shores entirely.",topological,within,"A large island polygon entirely enveloped by a major lake polygon.",Level 2
Glacier National Park,Polygon,State of Montana,Polygon,"The jagged alpine terrain of the protected federal park is perfectly surrounded by the northern state limits.",topological,within,"A national park completely enclosed by a state polygon.",Level 2
New Delhi District,Polygon,Republic of India,Polygon,"The capital district is completely wrapped by the national borders, situating it deep in the country's interior.",topological,within,"A capital district polygon enveloped by an absolute national perimeter.",Level 2
Ometepe Island,Polygon,Lake Nicaragua,Polygon,"The twin-volcano island landmass is completely wrapped by the massive Central American freshwater basin.",topological,within,"A volcanic island polygon entirely bound by a lake polygon.",Level 2
White Sands National Park,Polygon,State of New Mexico,Polygon,"The sprawling gypsum dune fields preserved by the federal government are completely trapped by the southwestern state.",topological,within,"A national park fully bounded by a state polygon.",Level 2
Dahlak Archipelago,MultiPolygon,Red Sea,Polygon,"The small, arid island chain located off the coast of Eritrea is completely isolated by the narrow sea.",topological,within,"An island chain entirely encircled by a sea polygon.",Level 2
Badlands National Park,Polygon,State of South Dakota,Polygon,"The eroded buttes and pinnacles of the federal preserve are completely surrounded by the midwestern state boundaries.",topological,within,"A park trapped by a complete geometric host.",Level 2
Isla del Sol,Polygon,Lake Titicaca,Polygon,"The historical rocky island is completely encircled by the high-altitude Andean lake.",topological,within,"An island polygon entirely bounded by a lake polygon.",Level 2
Great Basin National Park,Polygon,State of Nevada,Polygon,"The high-altitude federal preserve protecting the ancient bristlecone pines is completely encircled by the arid state lines.",topological,within,"A national park completely enveloped by a state polygon.",Level 3
Vatican City,Polygon,City of Rome,Polygon,"The independent microstate is completely boxed in by the municipal limits of the Italian capital on all sides.",topological,within,"A sovereign micro-state completely bounded and surrounded by a major city polygon.",Level 3
Hopi Reservation,Polygon,Navajo Nation,Polygon,"The independently governed lands are completely isolated and bound by the massive tribal territory.",topological,within,"A micro-administrative tribal polygon entirely trapped by a macro-administrative one.",Level 3
Campione d'Italia,Polygon,Switzerland,Polygon,"The tiny Italian exclave is completely encircled by the cantons, entirely severing it from the mainland.",topological,within,"A tiny foreign exclave completely bound by a sovereign geographic perimeter.",Level 3
UN Buffer Zone in Cyprus,MultiPolygon,Republic of Cyprus,Polygon,"The military strip slicing through the center is formally enveloped by the de jure sovereign territorial claim.",topological,within,"A legally distinct military MultiPolygon trapped by an absolute national host.",Level 3
City of Beverly Hills,Polygon,City of Los Angeles,Polygon,"The independent luxury enclave is completely encircled by the sprawling municipal grid of the massive metropolis.",topological,within,"An independent smaller city polygon completely enveloped by a massive city polygon.",Level 3
City of Hamtramck,Polygon,City of Detroit,Polygon,"The smaller, independent municipality is perfectly trapped by the massive automotive hub, isolating it from the rest of the county.",topological,within,"A minor city completely surrounded by a major city donut hole.",Level 3
Alamo Mission Footprint,Polygon,State of Texas,Polygon,"The historical mission's architectural real estate is completely bounded by the sprawling state lines.",topological,within,"A historical architectural polygon entirely boxed in by an absolute state perimeter.",Level 3
City of London Corporation,Polygon,Greater London Authority,Polygon,"The ancient, independently governed financial core is completely wrapped by the sprawling metropolitan government.",topological,within,"A historical micro-municipal polygon entirely enveloped by a macro-municipal polygon.",Level 3
Volcano Island,Polygon,Lake Taal,Polygon,"The active volcanic landmass resting in the center is entirely encircled by the waters of the massive Philippine lake.",topological,within,"A volcanic island acting as a trapped interior object to a lake polygon.",Level 3
Yellowstone Caldera,Polygon,Yellowstone National Park,Polygon,"The sprawling, subterranean geological footprint of the active natural hazard is completely safeguarded by the human-drawn federal boundaries.",topological,within,"A subterranean volcanic polygon perfectly bounded by an administrative surface polygon.",Level 3
City of West Hollywood,Polygon,City of Los Angeles,Polygon,"The independent cultural municipality is completely boxed in by the sprawling grid of the major California city.",topological,within,"An independent city enclave completely bounded by a major city polygon.",Level 3
City of Piedmont,Polygon,City of Oakland,Polygon,"The small, affluent residential municipality is perfectly encircled on all sides by the borders of the massive port city.",topological,within,"An urban enclave scenario where one city is completely trapped by another.",Level 3
Abyei Demilitarized Box,Polygon,Republic of Sudan,Polygon,"The highly contested, jointly administered zone is strictly bound by the sovereign national borders.",topological,within,"A specialized demilitarized administrative zone completely encircled by a national polygon.",Level 3
City of Norwood,Polygon,City of Cincinnati,Polygon,"The independent municipal limits of the smaller residential enclave are completely enveloped by the Ohio metropolis.",topological,within,"A smaller city entirely bound by a larger city.",Level 3
University Endowment Lands,Polygon,City of Vancouver,Polygon,"The unincorporated educational jurisdiction is completely surrounded by the sprawling municipal limits.",topological,within,"A specific unincorporated administrative zone entirely enclosed by a city polygon.",Level 3
Royal Botanic Garden Sydney,Polygon,City of Sydney,Polygon,"The sprawling historical botanical reserve located near the harbor is completely wrapped by the urban center.",topological,within,"A specialized botanical park polygon entirely bounded by a city polygon.",Level 3
Denali Wilderness Area,Polygon,State of Alaska,Polygon,"The highly restricted core of the federal preserve is completely bounded by the massive frontier state.",topological,within,"A specialized wilderness area completely enveloped by a massive state polygon.",Level 3
United Nations Headquarters,Polygon,City of New York,Polygon,"The international diplomatic real estate is completely encircled by the relentless urban grid of Manhattan.",topological,within,"An international legal polygon completely bounded by a city polygon.",Level 3
Golden Gate Park,Polygon,City of San Francisco,Polygon,"The massive green rectangle stretching across the peninsula is completely boxed in by the dense urban masonry.",topological,within,"A massive park polygon trapped by a city polygon geometric host.",Level 3
O'Hare International Airport Bounds,Polygon,City of Chicago,Polygon,"The massive aviation transit hub is completely enveloped by the sprawling midwestern municipality.",topological,within,"An airport infrastructure polygon fully bounded by a city polygon.",Level 3
UAE Enclave of Nahwa,Polygon,Omani Exclave of Madha,Polygon,"In a rare geographical anomaly, the smaller United Arab Emirates jurisdiction is completely enveloped and trapped by the sovereign borders of the Omani territory.",topological,within,"An enclave polygon entirely trapped by the geometric perimeter of an exclave polygon.",Level 4
Baarle-Hertog Micro-enclave H1,Polygon,Netherlands Territory,Polygon,"The tiny, fractured Belgian cadastral plot is completely encircled by the sovereign Dutch lands, locking it entirely away from Belgium.",topological,within,"A foreign micro-enclave completely bounded by a sovereign nation host.",Level 4
Vulcan Point Island,Polygon,Main Crater Lake,Polygon,"Demonstrating an extreme level of natural recursion, the tiny landmass resting perfectly at the center is completely wrapped by the basin waters.",topological,within,"Real-world recursive geometry: a smaller island polygon entirely trapped by a lake polygon.",Level 4
Omani Exclave of Madha,Polygon,United Arab Emirates Mainland,Polygon,"The foreign exclave is completely encircled by the massive sovereign borders, isolating it completely from its parent nation.",topological,within,"A foreign exclave polygon completely bounded by a sovereign nation.",Level 4
Municipality of Llivia,Polygon,French Republic,Polygon,"The historic Spanish municipal exclave is completely surrounded by the host nation, totally isolating it from the Iberian peninsula.",topological,within,"A foreign municipal exclave entirely trapped by a host nation perimeter.",Level 4
Busingen am Hochrhein,Polygon,Swiss Canton of Schaffhausen,Polygon,"The German municipal exclave is perfectly encircled by the regional borders, ensuring it relies entirely on foreign infrastructure.",topological,within,"A foreign municipal polygon completely enveloped by a regional administrative polygon.",Level 4
Sovereign Military Order of Malta HQ,Polygon,City of Rome,Polygon,"The extraterritorial architectural footprint of the stateless sovereign entity is perfectly boxed in by the municipal limits of the Italian capital.",topological,within,"An extraterritorial legal polygon completely bounded by a city municipal polygon.",Level 4
Camp Zeist Legal Compound (1999),Polygon,Kingdom of the Netherlands,Polygon,"During the Lockerbie trial, the temporary Scottish legal jurisdiction was completely enveloped by the host nation on all sides.",topological,within,"A temporary, second-order legal enclave completely encircled by a host nation.",Level 4
Svalbard Global Seed Vault,Polygon,Spitsbergen Permafrost Zone,Polygon,"The secure subterranean architectural footprint engineered to preserve agriculture is completely encapsulated by the deep geological freezing layer.",topological,within,"An engineered architectural polygon fully bounded by a specialized environmental polygon.",Level 4
Camp David Restricted Perimeter,Polygon,Catoctin Mountain Park,Polygon,"The highly secure, classified Presidential retreat is entirely hidden and completely encircled by the public federal preserve.",topological,within,"A highly restricted federal polygon completely bounded by a public federal park polygon.",Level 4
Loch Ness Water Volume,Polygon,Great Glen Fault,Polygon,"The deep freshwater body slicing through the Scottish Highlands is completely trapped by the massive geological tectonic depression.",topological,within,"A major aquatic polygon completely bounded by a geological tectonic polygon.",Level 4
The Pentagon Grounds,Polygon,State of Virginia,Polygon,"The massive military structure and its sprawling parking infrastructure are completely encapsulated by the local county lines.",topological,within,"A massive military footprint completely bounded by a state-level administrative polygon.",Level 4
Prince Edward Islands,MultiPolygon,Republic of South Africa,Polygon,"The isolated, uninhabited sub-Antarctic island chain is completely boxed in by the sovereign maritime claims.",topological,within,"A remote island chain entirely trapped by a national maritime polygon.",Level 4
Central Park Reservoir,Polygon,New York City Municipal Grid,Polygon,"The deep artificial water basin is entirely encircled by the massive park, which in turn is completely surrounded by the massive urban masonry.",topological,within,"An artificial water basin completely trapped by a massive city municipal polygon.",Level 4
Lake Eyre Basin,Polygon,Australian Continent,Polygon,"The sprawling, internally draining endorheic basin is completely encapsulated by the massive terrestrial boundaries.",topological,within,"A massive endorheic drainage basin entirely bounded by a continental polygon.",Level 4
Mount Rainier Glacial Cap,Polygon,Mount Rainier National Park,Polygon,"The massive ice sheet resting on the volcanic peak is completely enveloped by the broad square federal boundaries.",topological,within,"A high-altitude glacial polygon completely bounded by a federal park polygon.",Level 4
Catacombs of Paris Subterranean Network,MultiPolygon,City of Paris,Polygon,"The massive, labyrinthine subterranean ossuary tunnels are completely boxed in by the sprawling surface municipal grid.",topological,within,"A complex subterranean infrastructure multi-polygon entirely bounded by a surface city polygon.",Level 4
Mauna Loa Magma Chamber,Polygon,State of Hawaii,Polygon,"The massive, active subterranean geological anomaly fueling the island's growth is perfectly encapsulated by the administrative state bounds.",topological,within,"A massive subterranean geological polygon completely enclosed by a state polygon.",Level 4
Sovereign Military Order of Malta Magistral Villa,Polygon,Republic of Italy,Polygon,"The extraterritorial estate located on the Aventine Hill is completely encircled by the sovereign borders.",topological,within,"An extraterritorial legal estate completely bounded by a sovereign nation.",Level 4
Diego Garcia,Polygon,Indian Ocean,Polygon,"The militarized atoll is completely isolated from any surrounding landmasses by the vast, remote waters.",topological,within,"A highly restricted atoll perfectly isolated by an absolute oceanic perimeter.",Level 4
Unnamed Third-Order Arctic Island (69.793 N 108.241 W),Polygon,Victoria Island Landmass,Polygon,"In a remarkable case of recursive geography, the unnamed landmass is trapped by a sub-lake, sheltered by a smaller island, cradled by an interior lake, all completely wrapped by the massive Arctic landmass.",topological,within,"Extreme geographic recursion where a deep sub-island is ultimately hosted by a macro-scale island.",Level 5
Unnamed Third-Order Arctic Island (69.793 N 108.241 W),Polygon,Unnamed Arctic Sub-Lake (69.793 N 108.241 W),Polygon,"The tiny rocky outcrop is perfectly encircled by the frigid waters of the deeply nested basin, completely isolating it from the parent island.",topological,within,"A third-order island polygon completely bounded by a highly recursive sub-lake polygon.",Level 5
Vulcan Point Inner Crater,Polygon,Vulcan Point Island,Polygon,"The minuscule volcanic depression located exactly at the center is completely surrounded by the tiny recursive landmass.",topological,within,"A micro-crater polygon completely bounded by a recursive micro-island polygon.",Level 5
Dutch Baarle-Nassau Enclave N8,Polygon,Belgian Baarle-Hertog Enclave H22,Polygon,"The smaller Dutch micro-territory is completely encircled by the complex cadastral borders of the Belgian micro-territory, isolating it entirely.",topological,within,"A second-order geopolitical anomaly where a sub-enclave is completely enveloped by an enclave.",Level 5
Dahala Khagrabari,Polygon,Cooch Behar District,Polygon,"Prior to the treaty, the infamous third-order enclave was completely hosted geometrically by the massive Indian district.",topological,within,"A third-order historical enclave entirely bound by a macro-administrative district.",Level 5
Mediterranean Deep Brine Pool,Polygon,Mediterranean Sea Volume,Polygon,"The hyper-saline, anoxic underwater lake resting perfectly at the bottom of the basin is completely encapsulated by the massive saltwater body.",topological,within,"An extreme underwater brine pool polygon completely bounded by a massive sea volumetric polygon.",Level 5
Inner Temple Legal Precinct,Polygon,City of London Corporation,Polygon,"The independently administered, extra-parochial legal area is completely enveloped by the ancient financial district.",topological,within,"An extra-parochial legal polygon entirely bounded by a historic municipal polygon.",Level 5
Vesuvius Main Crater,Polygon,Mount Vesuvius Volcanic Cone,Polygon,"The massive, steep-walled depression resting exactly at the summit is perfectly encircled by the towering geological structure.",topological,within,"A summit crater polygon completely bounded by a massive volcanic cone polygon.",Level 5
Challenger Deep,Polygon,Mariana Trench Geomorphic Bounds,Polygon,"The deepest known coordinate node on the planetary crust is completely trapped by the colossal oceanic trench.",topological,within,"The deepest oceanic depression polygon entirely enveloped by a massive geomorphic trench polygon.",Level 5
Lake Vostok Subglacial Volume,Polygon,Antarctic Ice Sheet,Polygon,"The massive, ancient freshwater body trapped deep under the ice is completely encapsulated by the miles-thick frozen mantle.",topological,within,"A subterranean subglacial lake polygon completely bounded by a massive glacial polygon.",Level 5
Mariana Trench,Polygon,Pacific Ocean,Polygon,"The massive, crescent-shaped geomorphic scar on the crust is completely blanketed and enveloped by the vast oceanic waters.",topological,within,"A deep oceanic trench entirely boxed in by a massive ocean polygon.",Level 5
Sovereign Borders of The Gambia,Polygon,Sovereign Borders of Senegal,Polygon,"The slender anglophone diplomatic footprint is completely surrounded on every terrestrial axis by the francophone diplomatic footprint.",topological,within,"A national legal polygon completely enveloped by another national legal polygon.",Level 5
Mount Titano Summit,Polygon,Republic of San Marino,Polygon,"The towering limestone peak that serves as the physical foundation is entirely encircled by the ancient microstate.",topological,within,"A towering geological peak polygon completely bounded by a sovereign micro-state polygon.",Level 5
St. Peter's Basilica Footprint,Polygon,Vatican City Jurisdiction,Polygon,"The massive architectural footprint of the iconic Renaissance church is completely boxed in by the sovereign legal limits of the microstate.",topological,within,"A massive architectural polygon completely enveloped by a sovereign legal polygon.",Level 5
Rub' al Khali Desert,Polygon,Kingdom of Saudi Arabia,Polygon,"The largest continuous sand desert in the world is completely bound by the massive national borders.",topological,within,"An extreme environmental desert polygon entirely enveloped by a massive nation polygon.",Level 5
Point Nemo Mathematical Isolation Zone,Polygon,Pacific Ocean Maritime Bounds,Polygon,"The theoretical mathematical area designated as the oceanic pole of inaccessibility is completely encircled by the massive oceanic coordinates.",topological,within,"An abstract mathematical isolation zone completely bounded by a massive oceanic polygon.",Level 5
Death Valley Below-Sea-Level Basin,Polygon,State of California,Polygon,"The extreme geological depression marking the lowest elevation on the continent is completely trapped by the massive state geometry.",topological,within,"An extreme below-sea-level geological polygon completely enclosed by a state polygon.",Level 5
Easter Island Landmass,Polygon,Republic of Chile Maritime Claims,Polygon,"The isolated volcanic rock located deep in the southeastern Pacific is completely wrapped by the sovereign maritime claims of the Andean nation.",topological,within,"A remote, isolated island polygon completely bounded by a national maritime claim.",Level 5
Ashmore and Cartier Islands,MultiPolygon,Commonwealth of Australia Maritime Bounds,Polygon,"The uninhabited external territories situated in the Indian Ocean are completely encircled by the massive national maritime borders.",topological,within,"A remote external territory entirely bounded by a national maritime polygon.",Level 5
King's Chamber Subterranean Volume,Polygon,Great Pyramid Perimeter,Polygon,"The architectural chamber engineered deep in the center is absolutely surrounded by the monumental square masonry footprint of the ancient wonder.",topological,within,"An interior 3D architectural polygon entirely enveloped by a monumental surface polygon.",Level 5
source_entity,source_geometry,target_entity,target_geometry,corpus,relation_type,relation_label,explanation,ambiguity_level
Interstate 80,LineString,State of Nebraska,Polygon,"The massive highway slices straight through the middle of the midwestern state from east to west.",topological,crosses,"A highway line geometry passing cleanly from one boundary of a state polygon to the other.",Level 1
Amazon River,LineString,Brazil,Polygon,"The massive waterway flows entirely through the northern half of the South American nation before emptying into the ocean.",topological,crosses,"A river line completely traversing a country polygon.",Level 1
Nile River,LineString,Egypt,Polygon,"The famous river navigates straight through the barren deserts of the African nation.",topological,crosses,"A river line intersecting the interior of a national polygon.",Level 1
Trans-Siberian Railway,LineString,Russia,Polygon,"The legendary train tracks run completely through the massive territory of the Eurasian nation.",topological,crosses,"A railway line passing completely through a massive country polygon.",Level 1
Interstate 5,LineString,State of Oregon,Polygon,"The major highway runs directly through the Pacific coast state from the northern border to the southern border.",topological,crosses,"A highway passing completely through a state polygon.",Level 1
Colorado River,LineString,Grand Canyon National Park,Polygon,"The rushing waters carve a deep path straight through the center of the federal preserve.",topological,crosses,"A river line entirely traversing a national park polygon.",Level 1
Broadway,LineString,5th Avenue,LineString,"The famous street intersects the iconic avenue right at 23rd Street in the heart of Manhattan.",topological,crosses,"Two street line geometries intersecting at a single node.",Level 1
Route 66,LineString,Mississippi River,LineString,"The historic highway bridges over the flowing waters via the Chain of Rocks structure.",topological,crosses,"A highway line intersecting a major river line.",Level 1
Panama Canal,LineString,Isthmus of Panama,Polygon,"The artificial waterway slices right through the Central American landmass.",topological,crosses,"A canal line traversing a landmass polygon.",Level 1
Suez Canal,LineString,Egypt,Polygon,"The engineered waterway cuts a path straight through the desert sands of the nation.",topological,crosses,"An artificial canal traversing a national polygon.",Level 1
Equator,LineString,Kenya,Polygon,"The imaginary planetary latitude line traverses the heart of the African nation.",topological,crosses,"A global latitude line traversing a national polygon.",Level 1
Prime Meridian,LineString,Spain,Polygon,"The imaginary global longitude line drops through the eastern edge of the Iberian nation.",topological,crosses,"An abstract mathematical line passing through a country polygon.",Level 1
Interstate 10,LineString,State of Texas,Polygon,"The massive highway drives right through the entire horizontal span of the southern state.",topological,crosses,"A highway passing completely through a massive state polygon.",Level 1
Appalachian Trail,LineString,State of Virginia,Polygon,"The famous hiking path weaves right through the mountain ridges spanning the length of the state.",topological,crosses,"A hiking trail line intersecting the interior of a state polygon.",Level 1
Mississippi River,LineString,State of Louisiana,Polygon,"The massive river flows straight through the southern state before hitting the Gulf of Mexico.",topological,crosses,"A river line traversing a state polygon.",Level 1
Eurostar Railway,LineString,France,Polygon,"The high-speed train line passes completely through the northern countryside on its way to Paris.",topological,crosses,"A railway line traversing a national polygon.",Level 1
Trans-Alaska Pipeline,LineString,State of Alaska,Polygon,"The massive oil tube runs from the northern freezing slope straight down through the territory to the southern shipping port.",topological,crosses,"An infrastructure line intersecting the interior of a state polygon.",Level 1
Interstate 90,LineString,State of South Dakota,Polygon,"The major interstate slices right through the Great Plains located in the midwestern state.",topological,crosses,"A highway line geometry passing cleanly through a state polygon.",Level 1
Channel Tunnel,LineString,English Channel,Polygon,"The subterranean transit line bores completely under the maritime waters separating Britain and France.",topological,crosses,"A tunnel line geometry passing through a maritime polygon.",Level 1
Rio Grande,LineString,State of New Mexico,Polygon,"The legendary river flows directly through the center of the southwestern state.",topological,crosses,"A natural river line entirely traversing a state polygon.",Level 1
Tropic of Cancer,LineString,Mexico,Polygon,"The planetary latitude line traverses the central desert regions of the North American nation.",topological,crosses,"A global latitude line traversing a national polygon.",Level 2
Chunnel,LineString,Strait of Dover,Polygon,"The subterranean transit line bores directly under the sea floor, linking the two European nations.",topological,crosses,"A tunnel line geometry passing through a maritime polygon.",Level 2
Route 66,LineString,Mojave Desert,Polygon,"The historic highway drives right through the arid, sun-baked sands of the California basin.",topological,crosses,"A highway traversing an environmental polygon.",Level 2
Colorado River,LineString,State of Utah,Polygon,"The rushing waters carve a continuous path right through the massive red rock desert canyons of the state.",topological,crosses,"A river line completely traversing a state polygon.",Level 2
Appalachian Trail,LineString,Great Smoky Mountains National Park,Polygon,"The famous hiking path winds completely through the dense, protected forest canopy of the federal park.",topological,crosses,"A hiking trail line intersecting the interior of a national park polygon.",Level 2
Prime Meridian,LineString,France,Polygon,"The imaginary longitudinal line drops straight through the western edge of the European nation.",topological,crosses,"An abstract mathematical line passing through a country polygon.",Level 2
Nile River,LineString,City of Khartoum,Polygon,"The famous waterway flows right through the heart of the Sudanese capital city, dividing its urban districts.",topological,crosses,"A river traversing a city polygon.",Level 2
Interstate 80,LineString,State of Wyoming,Polygon,"The highway geometry slices right through the high plains and mountainous terrain of the western state.",topological,crosses,"A highway line geometry passing cleanly through a state polygon.",Level 2
Orient Express Route,LineString,Europe,Polygon,"The historic railway line slices completely through multiple continental nations on its journey to Istanbul.",topological,crosses,"A railway line passing completely through a massive continental polygon.",Level 2
Erie Canal,LineString,State of New York,Polygon,"The artificial waterway threads directly through the upstate region, linking the Great Lakes to the Hudson River.",topological,crosses,"An artificial canal line traversing a state polygon.",Level 2
Arctic Circle,LineString,Canada,Polygon,"The global latitude line slices the freezing northern tundra regions of the massive North American nation.",topological,crosses,"A global latitude line traversing a national polygon.",Level 2
Interstate 70,LineString,State of Colorado,Polygon,"The massive highway bores directly through the towering mountain peaks of the western state.",topological,crosses,"A highway line intersecting the interior of a state polygon.",Level 2
Trans-Canada Highway,LineString,Province of Ontario,Polygon,"The massive road network threads entirely through the massive province from east to west.",topological,crosses,"A highway passing completely through a provincial polygon.",Level 2
River Thames,LineString,City of London,Polygon,"The historic waterway snakes right through the center of the massive British metropolis.",topological,crosses,"A river line traversing a city polygon.",Level 2
Great Rift Valley,Polygon,Kenya,Polygon,"The massive geological trench cuts a wide swath directly through the African nation.",topological,crosses,"A geological trench polygon traversing a national polygon.",Level 2
Danube River,LineString,Hungary,Polygon,"The massive European waterway flows directly through the heart of the nation, splitting its capital in two.",topological,crosses,"A major river line entirely traversing a national polygon.",Level 2
Interstate 40,LineString,State of Arizona,Polygon,"The highway slices right through the northern desert plateau of the southwestern state.",topological,crosses,"A highway line traversing a state polygon.",Level 2
Union Pacific Railroad,LineString,State of Nevada,Polygon,"The historic train tracks traverse the arid basin of the western state.",topological,crosses,"A railway line passing through a massive state polygon.",Level 2
Trans-Amazonian Highway,LineString,Amazon Rainforest,Polygon,"The dirt road cuts a brutal path straight through the dense South American jungle.",topological,crosses,"A highway traversing an environmental polygon.",Level 2
Tropic of Capricorn,LineString,Australia,Polygon,"The global latitudinal line traverses the arid red center of the massive continent.",topological,crosses,"An abstract planetary boundary line traversing a massive landmass polygon.",Level 2
Interstate 684,LineString,State of Connecticut,Polygon,"The New York highway briefly threads through a small section of the neighboring state before immediately heading back out.",topological,crosses,"A highway line geometry enters an exterior boundary, traverses the interior, and exits.",Level 3
Mont Blanc Tunnel,LineString,French-Italian Border,LineString,"The subterranean alpine tunnel bores a path straight through the vertical projection of the international boundary.",topological,crosses,"A subterranean transit line intersecting a vertical international border line.",Level 3
Prime Meridian,LineString,The Equator,LineString,"The imaginary global navigational lines meet and project straight through each other at zero degrees in the Gulf of Guinea.",topological,crosses,"Two planet-spanning mathematical line geometries intersecting at exactly one point.",Level 3
Trans-Siberian Railway,LineString,Ural Mountains,Polygon,"The world's longest railway makes its way completely through the massive geological barrier linking Europe to Asia.",topological,crosses,"A railway line passing through a massive mountain range polygon.",Level 3
Gotthard Base Tunnel,LineString,Swiss-Italian International Border,LineString,"The deep 3D transit line cuts a path through the vertical projection of the international boundary deep under the Alps.",topological,crosses,"A subterranean tunnel line intersecting an international boundary line.",Level 3
Vennbahn Railway,LineString,Federal Republic of Germany,Polygon,"The Belgian-owned transit corridor violently carves up the landscape, slicing the international border multiple times.",topological,crosses,"A transport line traversing an international border and structurally altering it.",Level 3
Trans-Alaska Pipeline,LineString,Arctic Circle,LineString,"The massive steel tube plunges straight over the imaginary global latitude on its route to the southern port.",topological,crosses,"An infrastructure line intersecting a global latitudinal line.",Level 3
Magellan Strait,LineString,Tierra del Fuego,Polygon,"The navigable maritime route weaves a complex path straight through the fragmented southern archipelago.",topological,crosses,"A maritime route traversing an archipelago polygon.",Level 3
Golden Gate Bridge,LineString,San Francisco Bay,Polygon,"The massive suspension structure bridges the gap directly over the turbulent tidal waters.",topological,crosses,"A bridge line traversing over a water polygon.",Level 3
Chesapeake Bay Bridge-Tunnel,LineString,Chesapeake Bay,Polygon,"The hybrid engineering marvel bridges over and tunnels under the massive estuarine waters.",topological,crosses,"A complex transit line geometry traversing a maritime polygon footprint.",Level 3
Panama Canal,LineString,Continental Divide of the Americas,LineString,"The artificial waterway completely pierces the massive geological ridge separating the global watersheds.",topological,crosses,"An artificial canal line intersecting a massive geological ridge line.",Level 3
International Date Line,LineString,Fiji,MultiPolygon,"The navigational meridian specifically diverts to slice right through the surrounding ocean to avoid splitting the islands.",topological,crosses,"A navigational line threading through a multi-polygon.",Level 3
Eurotunnel Subterranean Tube,LineString,English Channel Maritime Zone,Polygon,"The massive transit architecture bores deep in the bedrock, threading directly under the national maritime jurisdiction.",topological,crosses,"A subterranean line traversing a maritime polygon.",Level 3
Route 66,LineString,Continental Divide,LineString,"The historic highway drives directly over the massive hydrological spine of North America.",topological,crosses,"A highway line intersecting a major geographical line.",Level 3
Bosphorus Bridge,LineString,Bosphorus Strait,Polygon,"The massive suspension pylons hold the roadway directly over the turbulent shipping lanes connecting the two seas.",topological,crosses,"A bridge line traversing a maritime strait polygon.",Level 3
Seikan Tunnel,LineString,Tsugaru Strait,Polygon,"The massive Japanese rail transit tube bores deeply beneath the ocean floor, threading below the water volume.",topological,crosses,"A subterranean transport line traversing an aquatic volumetric polygon.",Level 3
PATH Train Tunnels,LineString,New York-New Jersey State Line,LineString,"The subterranean transit tubes bore deeply through the bedrock, piercing the invisible, vertically extruded geopolitical boundary.",topological,crosses,"A physical subterranean transit line cutting directly through an abstract border line.",Level 3
Channel Tunnel,LineString,Prime Meridian,LineString,"The subterranean transit line intersects the global longitude line deep beneath the ocean floor.",topological,crosses,"A subterranean transit line intersecting a global latitudinal line.",Level 3
Interstate 15,LineString,Mojave Desert,Polygon,"The massive highway weaves directly through the desolate, scorching arid basin.",topological,crosses,"A highway traversing an environmental polygon.",Level 3
Trans-Sahara Highway,LineString,Sahara Desert,Polygon,"The desolate road network plows a brutal path directly through the massive sea of sand.",topological,crosses,"A highway line completely traversing an environmental polygon.",Level 3
Magdeburg Water Bridge,LineString,Elbe River,LineString,"The navigable aqueduct physically carries the canal directly over and perfectly perpendicular to the flowing waters of the river below.",topological,crosses,"Two distinct waterway line geometries intersecting in 2D but entirely separated in 3D space.",Level 4
Amundsen-Scott South Pole Station Ski Way,LineString,All 360 Meridians of Longitude,MultiLineString,"A plane taking off from the frozen runway flies in a tight arc that slices through every single meridian converging at the pole.",topological,crosses,"A local transit LineString intersecting a planet-spanning MultiLineString network.",Level 4
International Date Line,LineString,Chukchi Sea Maritime Zone,Polygon,"The zig-zagging navigational path sweeps directly through the center of the frigid maritime zone to separate two distinct calendar days.",topological,crosses,"An abstract global line geometry traversing a large maritime polygon.",Level 4
Equator,LineString,Amazon River,LineString,"The invisible global latitude slices directly over the winding, massive South American waterway near Macapa.",topological,crosses,"A planetary line geometry intersecting a physical river line geometry.",Level 4
Trans-Siberian Railway,LineString,Ob River,LineString,"The massive rail line bridges directly over the freezing, massive Siberian waterway.",topological,crosses,"A massive industrial rail artery intersecting a freezing river line.",Level 4
Channel Tunnel,LineString,French Maritime Customs Zone,Polygon,"The subterranean transit line bores entirely beneath the seabed, charting a course directly through the 3D projection of the legal perimeter.",topological,crosses,"A subterranean line traversing a legal polygon footprint in 3D space.",Level 4
Interstate 95,LineString,Mason-Dixon Line,LineString,"The massive eastern highway drives directly over the historical survey boundary severing the northern and southern states.",topological,crosses,"A physical highway line intersecting a historical boundary line.",Level 4
Tropic of Capricorn,LineString,Great Dividing Range,Polygon,"The purely mathematical planetary latitude silently slices the rugged, physical geological boundary of the Australian mountain peaks.",topological,crosses,"An abstract planetary boundary line traversing a physical geological polygon.",Level 4
Trans-Alaska Pipeline,LineString,Yukon River,LineString,"The massive steel tube bridges directly over the rushing, icy waters of the massive northern waterway.",topological,crosses,"An infrastructure line intersecting a major river line.",Level 4
Suez Canal,LineString,Sinai Peninsula,Polygon,"The massive engineering project cuts a continuous path right through the desert sands, severing the landmass to connect two seas.",topological,crosses,"An artificial canal traversing a massive peninsula polygon.",Level 4
Prime Meridian,LineString,River Thames,LineString,"The imaginary global longitude drops exactly vertically, slicing right over the winding waters of the historic British river.",topological,crosses,"An abstract global line intersecting a physical river line.",Level 4
Gotthard Base Tunnel,LineString,Rhine River Watershed,Polygon,"The deep 3D transit line cuts a path through the subterranean bedrock, threading right beneath the massive hydrological drainage basin.",topological,crosses,"A subterranean tunnel traversing a massive hydrological drainage polygon.",Level 4
Route 66,LineString,Colorado River,LineString,"The historic American highway bridges a path completely over the flowing waters via a dedicated structural span.",topological,crosses,"A physical highway line intersecting a physical river line.",Level 4
Appalachian Trail,LineString,Potomac River,LineString,"The legendary hiking path weaves a route directly over the historical river via a dedicated footbridge.",topological,crosses,"A physical hiking trail line intersecting a physical river line.",Level 4
Trans-Canada Highway,LineString,Canadian Shield,Polygon,"The massive road network threads entirely through the exposed, ancient Precambrian geological bedrock.",topological,crosses,"A highway passing completely through a massive geological polygon.",Level 4
Interstate 80,LineString,Continental Divide,LineString,"The massive highway weaves directly over the massive hydrological spine of the North American continent.",topological,crosses,"A physical highway line intersecting a major geographical line.",Level 4
Trans-Amazonian Highway,LineString,Xingu River,LineString,"The dirt road cuts a brutal path straight through the dense jungle, bridging over the massive tributary.",topological,crosses,"A highway line intersecting a massive river line.",Level 4
Tropic of Cancer,LineString,Nile River,LineString,"The planetary latitudinal line intersects the northward flowing waters of the ancient African river.",topological,crosses,"A global latitudinal line intersecting a major river line.",Level 4
Equator,LineString,Lake Victoria,Polygon,"The invisible global latitude slices directly over the northern surface waters of the massive African freshwater basin.",topological,crosses,"A planetary line traversing a massive lake polygon.",Level 4
Prime Meridian,LineString,English Channel,Polygon,"The imaginary longitudinal line drops vertically right through the turbulent maritime waters separating Britain and France.",topological,crosses,"An abstract global line traversing a maritime polygon.",Level 4
Magdeburg Water Bridge Canal Flow,LineString,Elbe River Current,LineString,"The engineered aquatic trajectory is suspended in mid-air, slicing exactly perpendicular to the natural aquatic trajectory far below it.",topological,crosses,"Two distinct waterway line geometries intersecting in a 2D matrix but completely separated in 3D space.",Level 5
WGS84 Prime Meridian,LineString,WGS84 Equator,LineString,"The theoretical geodetic longitude plummets completely perpendicular to the geodetic latitude, intersecting at a singular mathematical zero-dimensional node.",topological,crosses,"Two planet-spanning mathematical line geometries intersecting at exactly one point.",Level 5
Subterranean PATH Train Trajectory,LineString,Geopolitical State Border Extrusion,LineString,"The steel transit tubes bore horizontally through the bedrock crust, piercing the invisible vertical geopolitical plane separating the two administrative domains.",topological,crosses,"A physical subterranean transit line slicing directly through an abstract vertical border line.",Level 5
Vennbahn Railway Legal Footprint,Polygon,German Sovereign Territory,Polygon,"The narrow, foreign-owned transit ribbon violently slices the landscape, severing the host nation's soil multiple times and spawning five isolated enclaves.",topological,crosses,"A highly complex transport polygon traversing an international border and structurally altering it.",Level 5
Abstract Tropic of Capricorn,LineString,Physical Great Dividing Range,Polygon,"The purely mathematical planetary plane silently penetrates the rugged, tangible geological ridges of the Australian topography.",topological,crosses,"An abstract planetary boundary line traversing a physical geological polygon.",Level 5
Sub-Seabed Chunnel Transit Line,LineString,French Maritime Legal Zone,Polygon,"The subterranean engineering marvel threads deep beneath the ocean floor, piercing the 3D vertical projection of the nation's customs perimeter.",topological,crosses,"A subterranean line completely traversing a maritime polygon footprint in 3D space.",Level 5
Artificial Panama Canal Trench,LineString,Continental Divide Geological Ridge,LineString,"The engineered maritime shortcut brutally pierces the massive, natural hydrological spine separating the watersheds of the Americas.",topological,crosses,"An artificial canal line intersecting a massive geological ridge line.",Level 5
Gotthard Base Rail Tube,LineString,Swiss-Italian Geopolitical Plane,LineString,"The ultra-deep subterranean transit trajectory cuts horizontally through the alpine bedrock, threading the invisible, extruded vertical boundary separating the two nations.",topological,crosses,"A subterranean tunnel line intersecting an extruded international boundary line.",Level 5
Historic Route 66 Asphalt,LineString,Mississippi River Hydrological Flow,LineString,"The iconic American pavement elevates via a steel truss structure, slicing cleanly over the rushing, massive water currents.",topological,crosses,"A physical highway line intersecting a physical river line in 3D space.",Level 5
Appalachian Footpath,LineString,Mason-Dixon Survey Line,LineString,"The legendary pedestrian trail weaves a meandering trajectory completely over the invisible historical survey vector that severed the republic.",topological,crosses,"A physical hiking trail line intersecting a historical boundary line.",Level 5
Artificial Suez Canal Trench,LineString,Sinai Desert Landmass,Polygon,"The colossal maritime engineering project carves a continuous gouge right through the arid sands, fracturing the massive peninsula to link the oceans.",topological,crosses,"An artificial canal traversing a massive peninsula polygon.",Level 5
Trans-Alaska Oil Pipeline,LineString,Abstract Arctic Circle Latitude,LineString,"The elevated steel petroleum artery plunges straight over the imaginary global planetary ring on its route to the ice-free port.",topological,crosses,"An infrastructure line intersecting a global latitudinal line.",Level 5
South Pole Station Flight Path,LineString,Convergence of 360 Meridians,MultiLineString,"The ascending aircraft banks in a tight arc, sequentially slicing through every single invisible global longitude line radiating from the planetary axis.",topological,crosses,"A local transit LineString intersecting a planet-spanning MultiLineString network.",Level 5
Navigational International Date Line,LineString,Chukchi Sea Legal Boundary,Polygon,"The jagged chronological demarcation path sweeps directly through the center of the frigid legal zone, severing two distinct calendar epochs.",topological,crosses,"An abstract global line geometry traversing a large maritime polygon.",Level 5
Abstract Geodetic Equator,LineString,Physical Amazon River Basin,Polygon,"The invisible global center-line slices completely over the massive, winding South American hydrological network near the coastal delta.",topological,crosses,"A planetary line geometry traversing a major river basin polygon.",Level 5
Trans-Siberian Steel Rail,LineString,Ob River Ice Flow,LineString,"The massive industrial rail artery bridges directly over the freezing, massive Siberian hydrological currents.",topological,crosses,"A massive industrial rail line intersecting a freezing river line.",Level 5
Abstract Geodetic Prime Meridian,LineString,Physical River Thames Current,LineString,"The imaginary global zero-longitude drops perfectly vertically, slicing exactly perpendicular over the winding waters of the historic British waterway.",topological,crosses,"An abstract global line intersecting a physical river line.",Level 5
Interstate 95 Asphalt,LineString,Mason-Dixon Historical Boundary,LineString,"The massive eastern automotive artery drives directly over the invisible colonial survey vector severing the northern and southern jurisdictions.",topological,crosses,"A physical highway line intersecting a historical boundary line.",Level 5
Trans-Canada Highway Ribbon,LineString,Precambrian Canadian Shield,Polygon,"The massive continental road network threads its asphalt trajectory entirely through the exposed, ancient geological bedrock of the north.",topological,crosses,"A highway passing completely through a massive geological polygon.",Level 5
Abstract Tropic of Cancer,LineString,Physical Nile River Flow,LineString,"The planetary latitudinal plane intersects the northward-flowing currents of the ancient African hydrological lifeline.",topological,crosses,"A global latitudinal line intersecting a major river line.",Level 5
source_entity,source_geometry,target_entity,target_geometry,corpus,relation_type,relation_label,explanation,ambiguity_level
Amazon Rainforest,Polygon,Brazil,Polygon,"The dense jungle ecosystem blankets much of northwestern Brazil but also extends its reach deep into neighboring countries like Peru and Colombia.",topological,overlaps,"Two large polygons sharing a significant interior area while retaining exclusive external areas.",Level 1
Sahara Desert,Polygon,Egypt,Polygon,"The massive arid expanse blankets the vast majority of Egypt's landmass, while also sprawling into several other North African nations.",topological,overlaps,"An environmental polygon partially intersecting a national administrative polygon.",Level 1
Appalachian Mountains,Polygon,State of Pennsylvania,Polygon,"The mountain range runs directly down the center of Pennsylvania, though the chain continues far past the state's limits.",topological,overlaps,"A geological polygon and a state polygon partially sharing coordinates.",Level 1
Yellowstone National Park,Polygon,State of Wyoming,Polygon,"The federal lands cover the northwest corner of Wyoming but also spill out into Montana and Idaho.",topological,overlaps,"A federal park polygon largely intersecting a state polygon, but continuing outside it.",Level 1
Andes Mountains,Polygon,Chile,Polygon,"The massive mountain range blankets the entire eastern edge of Chile while also sprawling deep into Argentina.",topological,overlaps,"A physical geological polygon and a political national polygon partially intersect.",Level 1
Mojave Desert,Polygon,State of California,Polygon,"The arid desert covers a large swath of southern California while also extending into Nevada and Arizona.",topological,overlaps,"A desert polygon intersecting a state polygon.",Level 1
The Alps,Polygon,Switzerland,Polygon,"The peaks dominate the landscape of Switzerland, though the range also stretches into Italy and France.",topological,overlaps,"A multinational geological polygon sharing space with a sovereign state polygon.",Level 1
Rocky Mountains,Polygon,State of Colorado,Polygon,"The mountain range covers a massive section of Colorado, continuing north into Wyoming and beyond.",topological,overlaps,"A mountain range polygon partially intersecting a state polygon.",Level 1
Navajo Nation,Polygon,State of Arizona,Polygon,"The tribal lands cover a large portion of northeastern Arizona while holding lands elsewhere.",topological,overlaps,"A tribal polygon and a state polygon sharing a massive interior area.",Level 1
Gobi Desert,Polygon,Mongolia,Polygon,"The sweeping sands cover the southern half of Mongolia and reach down into northern China.",topological,overlaps,"A desert polygon partially intersecting a national polygon.",Level 1
Himalaya Mountains,Polygon,Nepal,Polygon,"The massive mountain chain covers the northern half of Nepal while extending far across Asia.",topological,overlaps,"A massive mountain polygon intersecting a national polygon.",Level 1
Black Forest,Polygon,Baden-Württemberg,Polygon,"The dense trees blanket a large corner of the region while also stretching into surrounding areas.",topological,overlaps,"A forest polygon partially intersecting a regional administrative polygon.",Level 1
Great Victoria Desert,Polygon,Western Australia,Polygon,"The desert covers vast tracts of the state before bleeding over into the neighboring region.",topological,overlaps,"A desert polygon sharing space with a state polygon.",Level 1
Sonoran Desert,Polygon,Mexico,Polygon,"The scorching desert covers much of northwestern Mexico while extending upwards into the United States.",topological,overlaps,"An environmental polygon sharing space with a national polygon.",Level 1
Gulf Stream,LineString,North Atlantic,Polygon,"The warm current of water flows through a significant portion of the ocean while also interacting with the coastal shelves.",topological,overlaps,"A current line sharing coordinates with a maritime polygon.",Level 1
Congo Basin,Polygon,Democratic Republic of the Congo,Polygon,"The dense rainforest covers the bulk of the nation but continues into several neighboring central African countries.",topological,overlaps,"An ecological polygon sharing space with a national polygon.",Level 1
Great Barrier Reef,Polygon,Coral Sea,Polygon,"The massive living structure covers a significant portion of the maritime zone while continuing along the continental shelf.",topological,overlaps,"A natural feature polygon intersecting a maritime zone.",Level 1
Pampas Grassland,Polygon,Argentina,Polygon,"The fertile plains cover the center of the nation but also extend into Uruguay and Brazil.",topological,overlaps,"A grassland polygon sharing space with a national polygon.",Level 1
Iberian Peninsula,Polygon,Spain,Polygon,"The physical landmass shares most of its territory with the nation, but also leaves room for Portugal and Andorra.",topological,overlaps,"A physical peninsula polygon partially sharing coordinates with a nation.",Level 1
Scandinavia,Polygon,Norway,Polygon,"The northern cultural and geographic region covers all of the nation while extending to include Sweden and Denmark.",topological,overlaps,"A regional polygon partially sharing space with a national one.",Level 1
Navajo Nation,Polygon,Hopi Reservation,Polygon,"The tribal borders share specific, highly contested joint-use geographical zones in the American southwest.",topological,overlaps,"Two tribal administrative polygons featuring partially intersecting boundaries.",Level 2
Argentine Antarctica Claim,Polygon,British Antarctic Territory,Polygon,"The pie-shaped sovereign territorial claims heavily share the exact same physical wedge of the frozen southern continent.",topological,overlaps,"Two sovereign legal polygons mutually projecting over the exact same physical landmass.",Level 2
Falkland Islands EEZ,Polygon,Argentine Sea,Polygon,"The projected maritime boundaries clash and mutually share a vast swath of the turbulent South Atlantic ocean.",topological,overlaps,"Two abstract legal maritime polygons intersecting across a vast ocean.",Level 2
Nine-Dash Line Claim,Polygon,Philippine Exclusive Economic Zone,Polygon,"The massive, ambiguous maritime claim encroaches upon and shares waters with the internationally recognized zones of Manila.",topological,overlaps,"A geopolitical clash where two distinct maritime polygons claim the same space.",Level 2
Abyei Area,Polygon,Republic of Sudan,Polygon,"Operating as a geopolitical condominium, the region ensures the sovereign administrative claims of both nations mutually share jurisdiction.",topological,overlaps,"An administrative polygon representing the legalized sharing of two sovereign nations.",Level 2
Kashmir Region,Polygon,Indian Territorial Claim,Polygon,"The intensely disputed military zones share the exact same regional mapping on the subcontinent.",topological,overlaps,"A contested regional polygon sharing coordinates with a national claim.",Level 2
Kuril Islands,MultiPolygon,Japanese Territorial Claim,Polygon,"The competing diplomatic maps mutually project over the exact same island chain in the Pacific.",topological,overlaps,"A physical multi-polygon sharing identical coordinates with a diplomatic claim.",Level 2
Rust Belt,Polygon,State of Ohio,Polygon,"The industrial economic region shares a massive geographic footprint with the central states of the country.",topological,overlaps,"An economic region polygon intersecting a geographic regional polygon.",Level 2
Sahara Desert,Polygon,Sahel Region,Polygon,"The arid sands mutually blend and share a massive transition zone with the semi-arid regional band.",topological,overlaps,"Two massive environmental polygons sharing a vast transitional intersection.",Level 2
Amazon Basin,Polygon,Andes Mountains Foothills,Polygon,"The dense jungle ecosystem bleeds into and shares a geographic footprint with the lower mountainous elevations.",topological,overlaps,"Two ecological/geological polygons intersecting over a massive regional transition.",Level 2
Kurdish Inhabited Region,Polygon,Republic of Turkey,Polygon,"The cultural and demographic zone shares map space with the southeastern national borders of the country.",topological,overlaps,"A cultural demographic polygon sharing space with a sovereign nation.",Level 2
Tornado Alley,Polygon,State of Oklahoma,Polygon,"The dangerous meteorological zone encompasses the entire state while bleeding outward into the surrounding plains.",topological,overlaps,"A meteorological zone polygon intersecting heavily with a state polygon.",Level 2
Hala'ib Triangle,Polygon,Egyptian Territorial Claim,Polygon,"The contested desert boundary shares a significant geographic zone with the southern sovereign claims made by Cairo.",topological,overlaps,"A contested geographic polygon partially intersecting with a national claim polygon.",Level 2
Spratly Islands Maritime Claims,MultiPolygon,Vietnamese Exclusive Economic Zone,Polygon,"The sweeping geopolitical claims clash with the internationally recognized economic zone, creating an area of dual jurisdiction.",topological,overlaps,"A legal MultiPolygon encroaching on a continuous maritime Polygon.",Level 2
Baden-Württemberg,Polygon,Black Forest,Polygon,"The regional administrative boundary is largely covered by the forest, which also spreads into nearby areas.",topological,overlaps,"A forest polygon partially intersecting a regional administrative polygon.",Level 2
Gobi Desert,Polygon,China,Polygon,"The sweeping sands cover the northern tracts of the country while reaching into Mongolian territory.",topological,overlaps,"A desert polygon partially overlapping a national polygon.",Level 2
Great Victoria Desert,Polygon,South Australia,Polygon,"The arid sands cover the vast interior of the state before bleeding over into the adjacent territory.",topological,overlaps,"A desert polygon overlapping a state polygon.",Level 2
Mediterranean Basin,Polygon,European Union,Polygon,"The historical cultural region shares a massive geographic footprint with the member nations of the political bloc.",topological,overlaps,"A cultural polygon intersecting a political union polygon.",Level 2
Ring of Fire,Polygon,Pacific Plate,Polygon,"The active volcanic zone shares a massive geographic footprint with the tectonic boundaries of the oceanic plate.",topological,overlaps,"A geological zone polygon intersecting a tectonic plate polygon.",Level 2
Great Rift Valley,Polygon,Kenya,Polygon,"The massive geological trench cuts a wide swath through the nation, though its full length stretches from Lebanon to Mozambique.",topological,overlaps,"A geological trench polygon intersecting a national polygon.",Level 3
Baarle-Hertog Cadastral Plots,MultiPolygon,Baarle-Nassau Cadastral Plots,MultiPolygon,"The fractured Belgian and Dutch land parcels meet at infinitesimally complex junctions, sometimes dividing front doors in half.",topological,overlaps,"Highly fractured micro-borders sharing interior segments.",Level 3
Hala'ib Triangle,Polygon,Egyptian Territorial Claim,Polygon,"The contested desert boundary shares a significant geographic zone with the southern sovereign claims made by Cairo, leading to dual administration.",topological,overlaps,"A contested geographic polygon partially intersecting with a national claim polygon.",Level 3
Argentine Antarctica Claim,Polygon,British Antarctic Territory,Polygon,"The pie-shaped sovereign territorial claims heavily share the exact same physical wedge of the frozen southern continent.",topological,overlaps,"Two sovereign legal polygons mutually projecting over the exact same physical landmass.",Level 3
Falkland Islands EEZ,Polygon,Argentine Sea,Polygon,"The projected maritime boundaries heavily clash and mutually share a vast swath of the turbulent South Atlantic ocean.",topological,overlaps,"Two abstract legal maritime polygons intersecting across a vast ocean.",Level 3
Nine-Dash Line Claim,Polygon,Philippine Exclusive Economic Zone,Polygon,"The massive, ambiguous maritime claim heavily encroaches upon and shares waters with the internationally recognized zones of Manila.",topological,overlaps,"A geopolitical clash where two distinct maritime polygons claim the same space.",Level 3
Abyei Area,Polygon,Republic of Sudan,Polygon,"Operating as a geopolitical condominium, the region ensures the sovereign administrative claims of both Khartoum and Juba legally and spatially share a highly contested jurisdiction.",topological,overlaps,"An administrative polygon representing the legalized sharing of two sovereign nations.",Level 3
Kashmir Region,Polygon,Indian Territorial Claim,Polygon,"The intensely disputed military zones heavily share the exact same regional mapping on the subcontinent.",topological,overlaps,"A contested regional polygon heavily sharing coordinates with a national claim.",Level 3
Kuril Islands,MultiPolygon,Japanese Territorial Claim,Polygon,"The competing diplomatic maps mutually project over the exact same island chain in the Pacific.",topological,overlaps,"A physical multi-polygon sharing identical coordinates with a diplomatic claim.",Level 3
Rust Belt,Polygon,American Midwest,Polygon,"The industrial economic region heavily shares a massive geographic footprint with the central states of the country.",topological,overlaps,"An economic region polygon heavily intersecting a geographic regional polygon.",Level 3
Sahara Desert,Polygon,Sahel Region,Polygon,"The arid sands mutually blend and share a massive transition zone with the semi-arid regional band stretching across Africa.",topological,overlaps,"Two massive environmental polygons sharing a vast transitional intersection.",Level 3
Amazon Basin,Polygon,Andes Mountains Foothills,Polygon,"The dense jungle ecosystem heavily bleeds into and shares a geographic footprint with the lower mountainous elevations in South America.",topological,overlaps,"Two ecological/geological polygons intersecting over a massive regional transition.",Level 3
Kurdish Inhabited Region,Polygon,Republic of Turkey,Polygon,"The cultural and demographic zone heavily shares map space with the southeastern national borders of the transcontinental country.",topological,overlaps,"A cultural demographic polygon sharing space with a sovereign nation.",Level 3
Tornado Alley,Polygon,State of Oklahoma,Polygon,"The dangerous meteorological zone heavily encompasses the entire state while bleeding outward into the surrounding plains.",topological,overlaps,"A meteorological zone polygon intersecting heavily with a state polygon.",Level 3
Spratly Islands Maritime Claims,MultiPolygon,Vietnamese Exclusive Economic Zone,Polygon,"The sweeping multi-layered geopolitical claims heavily clash with the internationally recognized economic zone, creating a vast area of dual jurisdiction in the sea.",topological,overlaps,"A highly fractured legal MultiPolygon heavily encroaching on a continuous national maritime Polygon.",Level 3
Historical Roman Empire (AD 117),Polygon,Modern European Union,Polygon,"Geospatial mapping reveals that the maximum territorial extent of the ancient historical footprint heavily encroaches upon the vast majority of the modern sovereign boundaries of the political bloc.",topological,overlaps,"A temporal-geospatial mutual sharing between an extinct historical polygon and a modern administrative polygon.",Level 3
Navajo Nation,Polygon,Hopi Reservation,Polygon,"The complex tribal borders share specific, highly contested joint-use geographical zones in the American southwest.",topological,overlaps,"Two tribal administrative polygons featuring partially intersecting boundaries.",Level 3
The Alps,Polygon,Switzerland,Polygon,"The massive multinational geological footprint heavily shares space with the sovereign national territory of the Swiss.",topological,overlaps,"A massive multinational geological polygon sharing interior space with a nation.",Level 3
Rocky Mountains,Polygon,Canada,Polygon,"The geological peaks dominate British Columbia and Alberta while continuing their uninterrupted march south into the United States.",topological,overlaps,"A mountain range polygon partially sharing coordinates with a national polygon.",Level 3
Black Forest,Polygon,Baden-Württemberg,Polygon,"The dense trees blanket a large corner of the region while also stretching into surrounding areas.",topological,overlaps,"A forest polygon partially intersecting a regional administrative polygon.",Level 3
Baarle-Hertog Municipality,MultiPolygon,Baarle-Nassau Municipality,MultiPolygon,"The incredibly fractured cadastral borders of the Belgian and Dutch towns result in a macro-regional footprint where both sovereign domains extensively interweave and mutually share a regional zone.",topological,overlaps,"An extreme anomaly where dozens of micro-enclaves cause two national MultiPolygons to heavily intersect in a shared zone.",Level 4
Argentine Antarctica Claim,Polygon,British Antarctic Territory,Polygon,"Under the frozen geopolitical realities of the South Pole, the pie-shaped sovereign territorial claim of the South American nation massively encroaches upon the wedge claimed by London.",topological,overlaps,"Two sovereign legal polygons mutually projecting over the exact same physical landmass.",Level 4
Falkland Islands EEZ,Polygon,Argentine Sea,Polygon,"The 200-nautical-mile economic projection extending outward from the British islands deeply intrudes into the sovereign maritime territory recognized by Buenos Aires.",topological,overlaps,"Two abstract legal maritime polygons that clash and intersect mutually in a vast swath of ocean.",Level 4
Historical Roman Empire (AD 117),Polygon,Modern European Union,Polygon,"Geospatial mapping reveals that the maximum territorial extent of the ancient historical footprint heavily encroaches upon the vast majority of the modern sovereign boundaries of the political bloc.",topological,overlaps,"A temporal-geospatial mutual sharing between an extinct historical polygon and a modern administrative polygon.",Level 4
Nine-Dash Line Claim,Polygon,Philippine Exclusive Economic Zone (EEZ),Polygon,"The massive, highly ambiguous maritime polygon claimed by Beijing heavily encroaches upon and mutually shares waters with the internationally recognized zones of Manila.",topological,overlaps,"A geopolitical clash where two distinct maritime polygons claim the same space.",Level 4
Abyei Administrative Area,Polygon,Republic of Sudan,Polygon,"Acting as a geopolitical condominium, the region ensures the sovereign administrative claims of both Khartoum and Juba legally and spatially share a highly contested jurisdiction.",topological,overlaps,"A legal anomaly where an administrative polygon represents the legalized sharing of two sovereign nations.",Level 4
Spratly Islands Maritime Claims,MultiPolygon,Vietnamese Exclusive Economic Zone,Polygon,"The sweeping multi-layered geopolitical claims heavily clash with the internationally recognized economic zone, creating a vast area of dual jurisdiction in the sea.",topological,overlaps,"A highly fractured legal MultiPolygon heavily encroaching on a continuous national maritime Polygon.",Level 4
Kashmir Region,Polygon,Indian Territorial Claim,Polygon,"The intensely disputed military zones heavily share the exact same regional mapping as the sovereign claims broadcast by New Delhi.",topological,overlaps,"A contested regional polygon heavily sharing coordinates with a national claim.",Level 4
Kuril Islands,MultiPolygon,Japanese Territorial Claim,Polygon,"The competing diplomatic maps mutually project over the exact same frigid island chain in the northern Pacific.",topological,overlaps,"A physical multi-polygon sharing identical coordinates with a diplomatic claim.",Level 4
Rust Belt,Polygon,American Midwest,Polygon,"The historical industrial economic region heavily shares a massive geographic footprint with the central states of the country.",topological,overlaps,"An economic region polygon heavily intersecting a geographic regional polygon.",Level 4
Sahara Desert,Polygon,Sahel Region,Polygon,"The arid sands mutually blend and share a massive transition zone with the semi-arid regional band stretching across Africa.",topological,overlaps,"Two massive environmental polygons sharing a vast transitional intersection.",Level 4
Amazon Basin,Polygon,Andes Mountains Foothills,Polygon,"The dense jungle ecosystem heavily bleeds into and shares a geographic footprint with the lower mountainous elevations in South America.",topological,overlaps,"Two ecological/geological polygons intersecting over a massive regional transition.",Level 4
Kurdish Inhabited Region,Polygon,Republic of Turkey,Polygon,"The cultural and demographic zone heavily shares map space with the southeastern national borders of the transcontinental country.",topological,overlaps,"A cultural demographic polygon sharing space with a sovereign nation.",Level 4
Tornado Alley,Polygon,State of Oklahoma,Polygon,"The dangerous meteorological zone heavily encompasses the entire state while bleeding outward into the surrounding plains.",topological,overlaps,"A meteorological zone polygon intersecting heavily with a state polygon.",Level 4
Hala'ib Triangle,Polygon,Egyptian Territorial Claim,Polygon,"The contested desert boundary shares a significant geographic zone with the southern sovereign claims made by Cairo, leading to dual administration.",topological,overlaps,"A contested geographic polygon partially intersecting with a national claim polygon.",Level 4
Geographic South Pole,Point,90 Degrees South Latitude,Point,"The physical metallic marker on the ice sheet is continuously repositioned to remain perfectly synonymous with the absolute mathematical coordinate of the planetary axis.",topological,overlaps,"A physical infrastructure point geometry updated to share coordinates perfectly with an abstract mathematical point.",Level 4
City of London,Polygon,The Square Mile,Polygon,"The ancient, independently governed municipal enclave shares a rigidly exact and identical topological footprint with the financial district colloquially defined by its size.",topological,overlaps,"Two completely different semantic named entities that share the exact same geospatial polygon.",Level 4
Null Island,Point,WGS84 Origin Coordinate,Point,"The physical Soul weather buoy moored in the Gulf of Guinea is mathematically forced to perfectly match the theoretical geodetic anchor point at zero degrees latitude and zero degrees longitude.",topological,overlaps,"A physical maritime object forced by human definition to share a geometric coordinate perfectly with an anchor point.",Level 4
Historical Mount McKinley Summit,Point,Modern Denali Summit,Point,"Following the 2015 federal renaming, the colonial surveying coordinates were officially reverted to perfectly match the indigenous summit footprint down to the millimeter.",topological,overlaps,"Semantic identicalness requiring historical context sharing the exact same physical node.",Level 4
Constantinople Walled City (1453),Polygon,Fatih District of Istanbul,Polygon,"The defensive geometric perimeter of the historical walled city is topologically identical to the modern administrative borders of the municipal district.",topological,overlaps,"A temporal and cartographic alignment where an ancient architectural polygon perfectly shares a modern municipal polygon.",Level 4
Svalbard Treaty Zone,Polygon,Spitsbergen Archipelago,MultiPolygon,"The international demilitarized legal polygon was drafted to map exactly 1:1 with the physical geographic multi-polygon of the frozen island chain.",topological,overlaps,"An abstract diplomatic treaty boundary designed to share the physical boundaries of an archipelago.",Level 5
Baarle-Hertog Municipality,MultiPolygon,Baarle-Nassau Municipality,MultiPolygon,"The incredibly fractured cadastral borders of the Belgian and Dutch towns result in a macro-regional footprint where both sovereign domains extensively interweave and mutually share a regional zone.",topological,overlaps,"An extreme anomaly where dozens of micro-enclaves cause two national MultiPolygons to heavily intersect in a shared zone.",Level 5
Argentine Antarctica Claim,Polygon,British Antarctic Territory,Polygon,"Under the frozen geopolitical realities of the South Pole, the pie-shaped sovereign territorial claim of the South American nation massively encroaches upon the wedge claimed by London.",topological,overlaps,"Two sovereign legal polygons mutually projecting over the exact same physical landmass.",Level 5
Falkland Islands EEZ,Polygon,Argentine Sea,Polygon,"The 200-nautical-mile economic projection extending outward from the British islands deeply intrudes into the sovereign maritime territory recognized by Buenos Aires.",topological,overlaps,"Two abstract legal maritime polygons that clash and intersect mutually in a vast swath of ocean.",Level 5
Historical Roman Empire (AD 117),Polygon,Modern European Union,Polygon,"Geospatial mapping reveals that the maximum territorial extent of the ancient historical footprint heavily encroaches upon the vast majority of the modern sovereign boundaries of the political bloc.",topological,overlaps,"A temporal-geospatial mutual sharing between an extinct historical polygon and a modern administrative polygon.",Level 5
Nine-Dash Line Claim,Polygon,Philippine Exclusive Economic Zone (EEZ),Polygon,"The massive, highly ambiguous maritime polygon claimed by Beijing heavily encroaches upon and mutually shares waters with the internationally recognized zones of Manila.",topological,overlaps,"A geopolitical clash where two distinct maritime polygons claim the same space.",Level 5
Abyei Administrative Area,Polygon,Republic of Sudan,Polygon,"Acting as a geopolitical condominium, the region ensures the sovereign administrative claims of both Khartoum and Juba legally and spatially share a highly contested jurisdiction.",topological,overlaps,"A legal anomaly where an administrative polygon represents the legalized sharing of two sovereign nations.",Level 5
Spratly Islands Maritime Claims,MultiPolygon,Vietnamese Exclusive Economic Zone,Polygon,"The sweeping multi-layered geopolitical claims heavily clash with the internationally recognized economic zone, creating a vast area of dual jurisdiction in the sea.",topological,overlaps,"A highly fractured legal MultiPolygon heavily encroaching on a continuous national maritime Polygon.",Level 5
Kashmir Region,Polygon,Indian Territorial Claim,Polygon,"The intensely disputed military zones heavily share the exact same regional mapping as the sovereign claims broadcast by New Delhi.",topological,overlaps,"A contested regional polygon heavily sharing coordinates with a national claim.",Level 5
Kuril Islands,MultiPolygon,Japanese Territorial Claim,Polygon,"The competing diplomatic maps mutually project over the exact same frigid island chain in the northern Pacific.",topological,overlaps,"A physical multi-polygon sharing identical coordinates with a diplomatic claim.",Level 5
Rust Belt,Polygon,American Midwest,Polygon,"The historical industrial economic region heavily shares a massive geographic footprint with the central states of the country.",topological,overlaps,"An economic region polygon heavily intersecting a geographic regional polygon.",Level 5
Sahara Desert,Polygon,Sahel Region,Polygon,"The arid sands mutually blend and share a massive transition zone with the semi-arid regional band stretching across Africa.",topological,overlaps,"Two massive environmental polygons sharing a vast transitional intersection.",Level 5
Amazon Basin,Polygon,Andes Mountains Foothills,Polygon,"The dense jungle ecosystem heavily bleeds into and shares a geographic footprint with the lower mountainous elevations in South America.",topological,overlaps,"Two ecological/geological polygons intersecting over a massive regional transition.",Level 5
Kurdish Inhabited Region,Polygon,Republic of Turkey,Polygon,"The cultural and demographic zone heavily shares map space with the southeastern national borders of the transcontinental country.",topological,overlaps,"A cultural demographic polygon sharing space with a sovereign nation.",Level 5
Tornado Alley,Polygon,State of Oklahoma,Polygon,"The dangerous meteorological zone heavily encompasses the entire state while bleeding outward into the surrounding plains.",topological,overlaps,"A meteorological zone polygon intersecting heavily with a state polygon.",Level 5
Geographic South Pole,Point,90 Degrees South Latitude,Point,"The physical metallic marker on the ice sheet is continuously repositioned to remain perfectly synonymous with the absolute mathematical coordinate of the planetary axis.",topological,overlaps,"A physical infrastructure point geometry updated to share coordinates perfectly with an abstract mathematical point.",Level 5
City of London,Polygon,The Square Mile,Polygon,"The ancient, independently governed municipal enclave shares a rigidly exact and identical topological footprint with the financial district colloquially defined by its size.",topological,overlaps,"Two completely different semantic named entities that share the exact same geospatial polygon.",Level 5
Null Island,Point,WGS84 Origin Coordinate,Point,"The physical Soul weather buoy moored in the Gulf of Guinea is mathematically forced to perfectly match the theoretical geodetic anchor point at zero degrees latitude and zero degrees longitude.",topological,overlaps,"A physical maritime object forced by human definition to share a geometric coordinate perfectly with an anchor point.",Level 5
Historical Mount McKinley Summit,Point,Modern Denali Summit,Point,"Following the 2015 federal renaming, the colonial surveying coordinates were officially reverted to perfectly match the indigenous summit footprint down to the millimeter.",topological,overlaps,"Semantic identicalness requiring historical context sharing the exact same physical node.",Level 5
Constantinople Walled City (1453),Polygon,Fatih District of Istanbul,Polygon,"The defensive geometric perimeter of the historical walled city is topologically identical to the modern administrative borders of the municipal district.",topological,overlaps,"A temporal and cartographic alignment where an ancient architectural polygon perfectly shares a modern municipal polygon.",Level 5
City of Philadelphia,Polygon,Philadelphia County,Polygon,"The municipal boundary lines perfectly trace the county boundary lines, merging the two governments into one geographic space.",topological,equals,"Two administrative entities that cover the identical topological footprint.",Level 1
City of San Francisco,Polygon,San Francisco County,Polygon,"The city operates as a consolidated city-county, possessing matching municipal and county boundaries.",topological,equals,"The city polygon and the county polygon are geometrically identical.",Level 1
Borough of Brooklyn,Polygon,Kings County,Polygon,"The New York City borough of Brooklyn shares the exact same land area as the jurisdiction of Kings County.",topological,equals,"A borough and a county mapping to an identical set of geometric coordinates.",Level 1
City of Denver,Polygon,Denver County,Polygon,"The municipal limits of the City of Denver perfectly match the administrative footprint of Denver County.",topological,equals,"A consolidated city-county sharing the exact same footprint.",Level 1
Borough of Manhattan,Polygon,New York County,Polygon,"The island borough and the county share an identical jurisdictional map.",topological,equals,"A borough and a county with perfectly matching boundaries.",Level 1
Borough of Queens,Polygon,Queens County,Polygon,"The borders defining the Borough of Queens are completely synonymous with the borders of Queens County.",topological,equals,"Identical geometries for two different administrative titles.",Level 1
Borough of The Bronx,Polygon,Bronx County,Polygon,"The political map of the Borough of The Bronx is entirely synonymous with Bronx County.",topological,equals,"Two semantic labels resolving to the exact same polygon.",Level 1
Borough of Staten Island,Polygon,Richmond County,Polygon,"The island footprint of the Borough of Staten Island maps identically to the boundaries of Richmond County.",topological,equals,"A borough and a county sharing the precise same coordinates.",Level 1
City of Washington,Polygon,District of Columbia,Polygon,"The municipal government is geographically synonymous with the federal District of Columbia.",topological,equals,"The city polygon and the district polygon are legally and geometrically the same.",Level 1
City of Baltimore,Polygon,Independent City of Baltimore,Polygon,"Because it operates outside of any county, the city shares the exact same map footprint as the independent city legal entity.",topological,equals,"Two legal definitions for the exact same physical polygon.",Level 1
City of St. Louis,Polygon,Independent City of St. Louis,Polygon,"The municipal limits of St. Louis represent the exact same geographical footprint as its independent county-level equivalent.",topological,equals,"Identical mapping for city and independent-county status.",Level 1
City of Carson City,Polygon,Consolidated Municipality of Carson City,Polygon,"The borders drawn for Carson City perfectly mirror the borders of the consolidated municipality.",topological,equals,"Consolidated government footprints that match exactly.",Level 1
City of Alexandria,Polygon,Independent City of Alexandria,Polygon,"The geographic boundaries defining the city are identical to the independent municipal area.",topological,equals,"Two distinct levels of civic administration mapping to identical coordinates.",Level 1
Principality of Monaco,Polygon,City of Monaco,Polygon,"The sovereign microstate and its single integrated municipality are entirely synonymous in their territorial extent.",topological,equals,"A national polygon and a city polygon that are perfectly identical.",Level 1
City of Broomfield,Polygon,Broomfield County,Polygon,"The municipal incorporation acts as both the city and the county, possessing the exact same geographic perimeter.",topological,equals,"A consolidated jurisdiction where city and county are the same entity.",Level 1
City of Juneau,Polygon,Juneau Borough,Polygon,"The municipal government and the regional borough govern the identical landmass.",topological,equals,"Two administrative layers mapping to the exact same perimeter.",Level 1
City of Sitka,Polygon,Sitka Borough,Polygon,"The city-borough operates on an identical set of geographic coordinates for all its administrative functions.",topological,equals,"City and borough boundaries that mirror each other perfectly.",Level 1
City of Anchorage,Polygon,Anchorage Municipality,Polygon,"The municipal government and the unified city boundaries define the exact same space.",topological,equals,"Two titles for the same territorial extent.",Level 1
City of Jacksonville,Polygon,Duval County,Polygon,"The consolidated government covers the entire county area, creating a perfectly mirrored geographic map.",topological,equals,"A city and county that share a single territorial perimeter.",Level 1
City of Nashville,Polygon,Davidson County,Polygon,"The consolidated metropolitan government oversees the entire county territory as one single geographic entity.",topological,equals,"The metro government and county jurisdiction share a perfectly synonymous footprint.",Level 1
City of Washington,Polygon,District of Columbia,Polygon,"The municipal government is geographically synonymous with the federal district, maintaining a 1:1 mapping.",topological,equals,"The city polygon and the district polygon are legally and geometrically the same.",Level 2
Independent City of Baltimore,Polygon,Baltimore City Government Territory,Polygon,"Because it operates outside of any county, the city shares the exact same map footprint as the independent entity.",topological,equals,"Two legal definitions for the exact same physical polygon.",Level 2
City of St. Louis,Polygon,Independent City of St. Louis,Polygon,"The municipal limits represent the exact same geographical footprint as its independent county-level equivalent.",topological,equals,"Identical mapping for city and independent-county status.",Level 2
City of Carson City,Polygon,Consolidated Municipality of Carson City,Polygon,"The borders drawn for the local government perfectly mirror the borders of the consolidated administrative body.",topological,equals,"Consolidated government footprints that match exactly.",Level 2
City of Alexandria,Polygon,Independent City of Alexandria,Polygon,"The geographic boundaries defining the local city government are identical to the independent municipal area.",topological,equals,"Two distinct levels of civic administration mapping to identical coordinates.",Level 2
City of Philadelphia,Polygon,Philadelphia County,Polygon,"The municipal boundary lines perfectly trace the county boundary lines, merging the two governments into one space.",topological,equals,"Two administrative entities that cover the identical topological footprint.",Level 2
City of Denver,Polygon,Denver County,Polygon,"The mile-high municipal limits completely and perfectly match the administrative footprint of the corresponding county.",topological,equals,"A consolidated city-county where the two distinct levels map exactly 1:1.",Level 2
Principality of Monaco,Polygon,Municipality of Monaco,Polygon,"The sovereign European microstate and its single integrated municipality are entirely coextensive.",topological,equals,"A national polygon and a city polygon that are perfectly identical.",Level 2
Borough of Brooklyn,Polygon,Kings County,Polygon,"The borough and the county share the exact same geographical footprint down to the inch, covering identical neighborhoods.",topological,equals,"A borough and a county mapping to an identical set of geometric coordinates.",Level 2
City of San Francisco,Polygon,San Francisco County,Polygon,"San Francisco operates as a consolidated city-county, possessing matching municipal and county boundaries.",topological,equals,"The city polygon and the county polygon are geometrically identical.",Level 2
Borough of Manhattan,Polygon,New York County,Polygon,"The island's political boundaries are perfectly coextensive with the county lines established by the state.",topological,equals,"A borough and a county with perfectly matching boundaries.",Level 2
Borough of Staten Island,Polygon,Richmond County,Polygon,"Two different administrative titles mapped to the exact same island perimeter in the New York harbor.",topological,equals,"A borough and a county sharing the precise same coordinates.",Level 2
Borough of Queens,Polygon,Queens County,Polygon,"The geometric limits defining the massive borough are completely synonymous with the county limits.",topological,equals,"Identical geometries for two different administrative titles.",Level 2
City of London,Polygon,The Square Mile,Polygon,"The ancient, independently governed municipal enclave shares a rigidly exact and identical topological footprint with the financial district.",topological,equals,"Two completely different semantic named entities that resolve to the exact same geospatial polygon.",Level 2
Independent City of Baltimore,Polygon,City of Baltimore Municipal Limits,Polygon,"Operating completely outside the county system, the local municipality maps identically to its highest-level administrative tier.",topological,equals,"Two distinct legal definitions mapping perfectly to the same urban footprint.",Level 2
Vatican City,Polygon,Holy See Jurisdiction,Polygon,"The physical masonry walls that define the microstate map flawlessly to the sovereign territorial limits.",topological,equals,"A physical architectural polygon mapping exactly to a legal diplomatic polygon.",Level 2
State of Rhode Island,Polygon,Providence Plantations,Polygon,"The modern geometric borders of the smallest state map flawlessly to the historical colonial land-grant lines.",topological,equals,"A modern administrative polygon and a historical legal polygon resolving to the exact same coordinates.",Level 2
City of Juneau,Polygon,Juneau Borough,Polygon,"The municipal government and the regional borough govern the identical landmass in Alaska.",topological,equals,"Two administrative layers mapping to the exact same perimeter.",Level 2
City of Sitka,Polygon,Sitka Borough,Polygon,"The city-borough operates on an identical set of geographic coordinates for all its administrative functions.",topological,equals,"City and borough boundaries that mirror each other perfectly.",Level 2
City of Anchorage,Polygon,Anchorage Municipality,Polygon,"The municipal government and the unified city boundaries define the exact same space.",topological,equals,"Two titles for the same territorial extent.",Level 2
Geographic South Pole,Point,90 Degrees South Latitude,Point,"The physical metallic marker on the ice sheet is continuously repositioned to remain perfectly synonymous with the absolute mathematical coordinate of the planetary axis.",topological,equals,"A physical infrastructure point geometry constantly updated to perfectly match an abstract mathematical point.",Level 3
Null Island,Point,WGS84 Origin Coordinate,Point,"The physical weather buoy moored in the Gulf of Guinea is mathematically forced to perfectly match the theoretical geodetic anchor point at zero degrees latitude and zero degrees longitude.",topological,equals,"A physical maritime object forced by human definition to geometrically equate perfectly with an anchor point.",Level 3
Historical Mount McKinley Summit,Point,Modern Denali Summit,Point,"Following the 2015 federal renaming, the colonial surveying coordinates were officially reverted to perfectly match the indigenous summit footprint down to the millimeter.",topological,equals,"Semantic identicalness requiring historical context resolving to the exact same physical node.",Level 3
Constantinople Walled City (1453),Polygon,Fatih District of Istanbul,Polygon,"The defensive geometric perimeter of the historical walled city is topologically identical to the modern administrative borders of the municipal district.",topological,equals,"A temporal and cartographic alignment where an ancient architectural polygon perfectly matches a modern municipal polygon.",Level 3
Svalbard Treaty Zone,Polygon,Spitsbergen Archipelago,MultiPolygon,"The international demilitarized legal polygon was drafted to map exactly 1:1 with the physical geographic multi-polygon of the frozen island chain.",topological,equals,"An abstract diplomatic treaty boundary designed to perfectly equate with the physical boundaries of an archipelago.",Level 3
Demilitarized Zone (DMZ),Polygon,1953 Korean Armistice Ceasefire Buffer,Polygon,"The heavily fortified physical perimeter seamlessly mirrors the theoretical boundaries drafted in the historical military agreement.",topological,equals,"A physically constructed military buffer zone perfectly matching a legally codified treaty polygon.",Level 3
Eiffel Tower Spire Tip,Point,Highest Architectural Node of Paris,Point,"The physical lightning rod at the top of the iron lattice maps precisely to the coordinate legally designated as the highest municipal architectural point.",topological,equals,"Two separate semantic concepts resolving to the identical 0D node.",Level 3
North Pole,Point,90 Degrees North Latitude,Point,"The floating ice research station marker is periodically re-calibrated to ensure it holds the exact position of the planetary rotation axis.",topological,equals,"A moving physical point geometry matched to a fixed mathematical coordinate.",Level 3
International Date Line (Conceptual),LineString,180 Degrees Longitude,LineString,"While the legal navigational boundary zig-zags for convenience, the mathematical line of the 180th meridian serves as the backbone for the conceptual coordinate system.",topological,equals,"Two LineStrings that are defined as geometrically synonymous in the geodetic model.",Level 3
Zero Mile Marker (Washington DC),Point,Geographic Anchor of DC,Point,"The physical monument serves as the primary survey anchor for the entire district, occupying the exact same zero-coordinate.",topological,equals,"A physical survey monument acting as the absolute mathematical origin.",Level 3
Prime Meridian (Greenwich),LineString,0 Degrees Longitude,LineString,"The historic transit circle used for standard timekeeping maps flawlessly to the mathematical geodetic longitude of zero.",topological,equals,"An architectural transit line matching the mathematical longitudinal line.",Level 3
Geographic North Pole,Point,Convergence of All Longitude Lines,Point,"The physical pole sits precisely at the unique mathematical singularity where every single longitudinal meridian meets.",topological,equals,"A point geometry synonymous with the convergence of the meridian grid.",Level 3
WGS84 Ellipsoid Center,Point,Earth Center of Mass,Point,"The mathematical geodetic center for GPS systems is designed to resolve flawlessly to the physical center of mass of the planet.",topological,equals,"A model-based mathematical point matching the physical center of mass.",Level 3
State of Rhode Island,Polygon,Providence Plantations,Polygon,"The modern geometric borders of the smallest state map flawlessly to the historical colonial land-grant lines down to the final survey marker.",topological,equals,"A modern administrative polygon and a historical legal polygon resolving to the exact same coordinates.",Level 3
Independent City of Baltimore,Polygon,City of Baltimore Municipal Limits,Polygon,"Operating completely outside the county system, the local municipality maps identically to its highest-level administrative tier.",topological,equals,"Two distinct legal definitions mapping perfectly to the same urban footprint.",Level 3
Borough of Brooklyn,Polygon,Kings County,Polygon,"The massive New York borough maps to an identical set of geometric coordinates as the state-level jurisdictional zone.",topological,equals,"A city borough and a state county mapping exactly to the same geographic footprint.",Level 3
City of Philadelphia,Polygon,Philadelphia County,Polygon,"Operating under a consolidated government, the municipal limits seamlessly mirror the county boundary lines, blending them into one entity.",topological,equals,"Two administrative entities covering the exact same topological footprint.",Level 3
City of Denver,Polygon,Denver County,Polygon,"The mile-high municipal limits completely and perfectly match the administrative footprint of the corresponding county.",topological,equals,"A consolidated city-county where the two distinct levels map exactly 1:1.",Level 3
Principality of Monaco,Polygon,Municipality of Monaco,Polygon,"The sovereign European microstate and its single integrated municipality are entirely coextensive.",topological,equals,"A national polygon and a city polygon that are perfectly identical.",Level 3
City of San Francisco,Polygon,San Francisco County,Polygon,"San Francisco operates as a consolidated city-county, possessing matching municipal and county boundaries.",topological,equals,"The city polygon and the county polygon are geometrically identical.",Level 3
Geographic South Pole,Point,90 Degrees South Latitude,Point,"The physical metallic marker is continuously repositioned to remain perfectly synonymous with the absolute mathematical coordinate of the planetary axis.",topological,equals,"A physical infrastructure point geometry updated to match an abstract mathematical point.",Level 4
City of London,Polygon,The Square Mile,Polygon,"The ancient, independently governed municipal enclave shares a rigidly exact and identical topological footprint with the financial district colloquially defined by its size.",topological,equals,"Two completely different semantic named entities that resolve to the exact same geospatial polygon.",Level 4
Null Island,Point,WGS84 Origin Coordinate,Point,"The physical weather buoy moored in the Gulf of Guinea is mathematically forced to perfectly match the theoretical geodetic anchor point at zero degrees latitude and zero degrees longitude.",topological,equals,"A physical maritime object forced by human definition to geometrically equate perfectly with an anchor point.",Level 4
Historical Mount McKinley Summit,Point,Modern Denali Summit,Point,"Following the 2015 federal renaming, the colonial surveying coordinates were officially reverted to perfectly match the indigenous summit footprint down to the millimeter.",topological,equals,"Semantic identicalness requiring historical context resolving to the exact same physical node.",Level 4
Constantinople Walled City (1453),Polygon,Fatih District of Istanbul,Polygon,"The defensive geometric perimeter of the historical walled city is topologically identical to the modern administrative borders of the municipal district.",topological,equals,"A temporal and cartographic alignment where an ancient architectural polygon perfectly matches a modern municipal polygon.",Level 4
Svalbard Treaty Zone,Polygon,Spitsbergen Archipelago,MultiPolygon,"The international demilitarized legal polygon was drafted to map exactly 1:1 with the physical geographic multi-polygon of the frozen island chain.",topological,equals,"An abstract diplomatic treaty boundary designed to perfectly equate with the physical boundaries of an archipelago.",Level 4
Demilitarized Zone (DMZ),Polygon,1953 Korean Armistice Ceasefire Buffer,Polygon,"The heavily fortified physical perimeter seamlessly mirrors the theoretical boundaries drafted in the historical military agreement, creating a perfect mapping symmetry.",topological,equals,"A physically constructed military buffer zone perfectly matching a legally codified treaty polygon.",Level 4
Independent City of St. Louis,Polygon,St. Louis County Municipal Boundary,Polygon,"Because it operates entirely independently, the municipal limits represent the exact same geographical footprint as its county-level equivalent.",topological,equals,"Two distinct levels of civic administration mapping to a perfectly identical topological footprint.",Level 4
State of Rhode Island,Polygon,Providence Plantations,Polygon,"The modern geometric borders of the smallest US state map flawlessly to the historical colonial land-grant lines down to the final survey marker.",topological,equals,"A modern administrative polygon and a historical legal polygon resolving to the exact same coordinates.",Level 4
Eiffel Tower Spire Tip,Point,Highest Architectural Node of Paris,Point,"The physical lightning rod at the top of the iron lattice maps precisely to the coordinate legally designated as the highest municipal architectural point.",topological,equals,"Two separate semantic concepts resolving to the identical 0D node.",Level 4
Vatican City,Polygon,Holy See Jurisdiction,Polygon,"The physical masonry walls that define the microstate map flawlessly to the sovereign territorial limits recognized by international diplomatic law.",topological,equals,"A physical architectural polygon mapping exactly to a legal diplomatic polygon.",Level 4
Independent City of Baltimore,Polygon,City of Baltimore Municipal Limits,Polygon,"Operating completely outside the county system, the local municipality maps identically to its highest-level administrative tier.",topological,equals,"Two distinct legal definitions mapping perfectly to the same urban footprint.",Level 4
Borough of Brooklyn,Polygon,Kings County,Polygon,"The massive New York borough maps to an identical set of geometric coordinates as the state-level jurisdictional zone.",topological,equals,"A city borough and a state county mapping exactly to the same geographic footprint.",Level 4
City of Philadelphia,Polygon,Philadelphia County,Polygon,"Operating under a consolidated government, the municipal limits seamlessly mirror the county boundary lines, blending them into one entity.",topological,equals,"Two administrative entities covering the exact same topological footprint.",Level 4
City of Denver,Polygon,Denver County,Polygon,"The mile-high municipal limits completely and perfectly match the administrative footprint of the corresponding county.",topological,equals,"A consolidated city-county where the two distinct levels map exactly 1:1.",Level 4
Principality of Monaco,Polygon,Municipality of Monaco,Polygon,"The sovereign European microstate and its single integrated municipality are entirely coextensive.",topological,equals,"A national polygon and a city polygon that are perfectly identical.",Level 4
Borough of Manhattan,Polygon,New York County,Polygon,"The island's political boundaries are perfectly coextensive with the county lines established by the state.",topological,equals,"A borough and a county with perfectly matching boundaries.",Level 4
Borough of Staten Island,Polygon,Richmond County,Polygon,"Two different administrative titles mapped to the exact same island perimeter in the New York harbor.",topological,equals,"A borough and a county sharing the precise same coordinates.",Level 4
City of Carson City,Polygon,Consolidated Municipality of Carson City,Polygon,"The borders drawn for the local city government perfectly mirror the borders of the consolidated administrative body.",topological,equals,"Consolidated government footprints that match exactly.",Level 4
Borough of Queens,Polygon,Queens County,Polygon,"The geometric limits defining the massive borough are completely synonymous with the county limits.",topological,equals,"Identical geometries for two different administrative titles.",Level 4
Geographic South Pole,Point,90 Degrees South Latitude,Point,"The physical metallic marker is continuously repositioned to remain perfectly synonymous with the absolute mathematical coordinate of the planetary axis.",topological,equals,"A physical infrastructure point geometry constantly updated to match an abstract mathematical point.",Level 5
City of London,Polygon,The Square Mile,Polygon,"The ancient, independently governed municipal enclave shares a rigidly exact and identical topological footprint with the financial district colloquially defined by its size.",topological,equals,"Two completely different semantic named entities that share the exact same geospatial polygon.",Level 5
Null Island,Point,WGS84 Origin Coordinate,Point,"The physical Soul weather buoy moored in the Gulf of Guinea is mathematically forced to perfectly match the theoretical geodetic anchor point at zero degrees latitude and zero degrees longitude.",topological,equals,"A physical maritime object forced by human definition to share a geometric coordinate perfectly with an anchor point.",Level 5
Historical Mount McKinley Summit,Point,Modern Denali Summit,Point,"Following the 2015 federal renaming, the colonial surveying coordinates were officially reverted to perfectly match the indigenous summit footprint down to the millimeter.",topological,equals,"Semantic identicalness requiring historical context sharing the exact same physical node.",Level 5
Constantinople Walled City (1453),Polygon,Fatih District of Istanbul,Polygon,"The defensive geometric perimeter of the historical walled city is topologically identical to the modern administrative borders of the municipal district.",topological,equals,"A temporal and cartographic alignment where an ancient architectural polygon perfectly shares a modern municipal polygon.",Level 5
Svalbard Treaty Zone,Polygon,Spitsbergen Archipelago,MultiPolygon,"The international demilitarized legal polygon was drafted to map exactly 1:1 with the physical geographic multi-polygon of the frozen island chain.",topological,equals,"An abstract diplomatic treaty boundary designed to share the physical boundaries of an archipelago.",Level 5
Demilitarized Zone (DMZ),Polygon,1953 Korean Armistice Ceasefire Buffer,Polygon,"The heavily fortified physical perimeter seamlessly mirrors the theoretical boundaries drafted in the historical military agreement, creating a perfect mapping symmetry.",topological,equals,"A physically constructed military buffer zone perfectly matching a legally codified treaty polygon.",Level 5
Independent City of St. Louis,Polygon,St. Louis County Municipal Boundary,Polygon,"Because it operates entirely independently, the municipal limits represent the exact same geographical footprint as its county-level equivalent.",topological,equals,"Two distinct levels of civic administration mapping to a perfectly identical topological footprint.",Level 5
State of Rhode Island,Polygon,Providence Plantations,Polygon,"The modern geometric borders of the smallest US state map flawlessly to the historical colonial land-grant lines down to the final survey marker.",topological,equals,"A modern administrative polygon and a historical legal polygon resolving to the exact same coordinates.",Level 5
Eiffel Tower Spire Tip,Point,Highest Architectural Node of Paris,Point,"The physical lightning rod at the top of the iron lattice maps precisely to the coordinate legally designated as the highest municipal architectural point.",topological,equals,"Two separate semantic concepts resolving to the identical 0D node.",Level 5
Vatican City,Polygon,Holy See Jurisdiction,Polygon,"The physical masonry walls that define the microstate map flawlessly to the sovereign territorial limits recognized by international diplomatic law.",topological,equals,"A physical architectural polygon mapping exactly to a legal diplomatic polygon.",Level 5
Independent City of Baltimore,Polygon,City of Baltimore Municipal Limits,Polygon,"Operating completely outside the county system, the local municipality maps identically to its highest-level administrative tier.",topological,equals,"Two distinct legal definitions mapping perfectly to the same urban footprint.",Level 5
Borough of Brooklyn,Polygon,Kings County,Polygon,"The massive New York borough maps to an identical set of geometric coordinates as the state-level jurisdictional zone.",topological,equals,"A city borough and a state county mapping exactly to the same geographic footprint.",Level 5
City of Philadelphia,Polygon,Philadelphia County,Polygon,"Operating under a consolidated government, the municipal limits seamlessly mirror the county boundary lines, blending them into one entity.",topological,equals,"Two administrative entities covering the exact same topological footprint.",Level 5
City of Denver,Polygon,Denver County,Polygon,"The mile-high municipal limits completely and perfectly match the administrative footprint of the corresponding county.",topological,equals,"A consolidated city-county where the two distinct levels map exactly 1:1.",Level 5
Principality of Monaco,Polygon,Municipality of Monaco,Polygon,"The sovereign European microstate and its single integrated municipality are entirely coextensive.",topological,equals,"A national polygon and a city polygon that are perfectly identical.",Level 5
Borough of Manhattan,Polygon,New York County,Polygon,"The island's political boundaries are perfectly coextensive with the county lines established by the state.",topological,equals,"A borough and a county with perfectly matching boundaries.",Level 5
Borough of Staten Island,Polygon,Richmond County,Polygon,"Two different administrative titles mapped to the exact same island perimeter in the New York harbor.",topological,equals,"A borough and a county sharing the precise same coordinates.",Level 5
City of Carson City,Polygon,Consolidated Municipality of Carson City,Polygon,"The borders drawn for the local city government perfectly mirror the borders of the consolidated administrative body.",topological,equals,"Consolidated government footprints that match exactly.",Level 5
Borough of Queens,Polygon,Queens County,Polygon,"The geometric limits defining the massive borough are completely synonymous with the county limits.",topological,equals,"Identical geometries for two different administrative titles.",Level 5
